assertion_id,subject_id,predicate,object_id,start_year,end_year,who,confidence
acc88ad4-5edb-42fb-8482-12f451adfa42,ALB-CN-1870-10,isSameAs,ALB-CN-1880-24055,1870,1880,70-80,0.611
bf6e3d57-8298-484d-8c1b-4246ed6417ef,ALB-CN-1870-100,isSameAs,ALB-CN-1880-22155,1870,1880,70-80,0.982
16fa83a5-3173-4809-9d16-97743810fe95,ALB-CN-1870-10000,isSameAs,ALB-CN-1880-24917,1870,1880,70-80,0.964
890ba013-a1f3-4eb3-b8ac-e9a20de5d034,ALB-CN-1870-10001,isSameAs,ALB-CN-1880-24918,1870,1880,70-80,0.937
c9ece4bb-6e8e-4ac8-948e-b60ba783b418,ALB-CN-1870-10005,isSameAs,ALB-CN-1880-10727,1870,1880,70-80,0.622
76479d29-06b6-43d2-98fc-5023916559b5,ALB-CN-1870-10014,isSameAs,ALB-CN-1880-10076,1870,1880,70-80,0.832
072f4f1f-8829-4c25-8dc8-61c2299a76d6,ALB-CN-1870-10016,isSameAs,ALB-CN-1880-30281,1870,1880,70-80,0.846
e639d737-00e4-47b7-8796-fecf995cb05a,ALB-CN-1870-10020,isSameAs,ALB-CN-1880-32338,1870,1880,70-80,0.622
c9bcf6d1-2f07-4c0e-90b1-96fd38b40ffc,ALB-CN-1870-10022,isSameAs,ALB-CN-1880-1107,1870,1880,70-80,0.75
258042bc-9870-41f6-b7db-f098095647d4,ALB-CN-1870-10023,isSameAs,ALB-CN-1880-26580,1870,1880,70-80,0.891
837a9dfe-6116-4f94-a391-6533c34b1e3e,ALB-CN-1870-10024,isSameAs,ALB-CN-1880-10298,1870,1880,70-80,0.711
c9565257-e382-4034-96bd-ed7222760662,ALB-CN-1870-10026,isSameAs,ALB-CN-1880-22009,1870,1880,70-80,0.87
ae9f4403-e3ab-4424-8b31-8fd8b96d498f,ALB-CN-1870-10039,isSameAs,ALB-CN-1880-2687,1870,1880,70-80,0.825
5293dc28-19ae-4851-b56b-5323fc3a51dc,ALB-CN-1870-10042,isSameAs,ALB-CN-1880-15527,1870,1880,70-80,0.931
fd4f05fc-ad84-47ee-b898-b738ef074dc2,ALB-CN-1870-10043,isSameAs,ALB-CN-1880-28401,1870,1880,70-80,0.957
ba754539-d7e4-431e-9502-afbdfd9bbded,ALB-CN-1870-10044,isSameAs,ALB-CN-1880-12756,1870,1880,70-80,0.69
ea22d43f-629a-4a93-a6d3-8d3bcbee75bf,ALB-CN-1870-10045,isSameAs,ALB-CN-1880-6041,1870,1880,70-80,0.622
bebbe70b-ed74-4eb8-8d52-37160452fcfc,ALB-CN-1870-10050,isSameAs,ALB-CN-1880-30636,1870,1880,70-80,0.896
259aefe5-e303-4b01-97a7-1bb00af337e4,ALB-CN-1870-10054,isSameAs,ALB-CN-1880-31537,1870,1880,70-80,0.622
27b174bf-798e-42aa-ae1a-f7e110304f02,ALB-CN-1870-10057,isSameAs,ALB-CN-1880-21729,1870,1880,70-80,0.75
82eed16b-efa2-42c8-ba73-2eb43dcdde73,ALB-CN-1870-10062,isSameAs,ALB-CN-1880-16627,1870,1880,70-80,0.711
7f6deccd-38a2-40e3-b228-802636ae9276,ALB-CN-1870-10063,isSameAs,ALB-CN-1880-16628,1870,1880,70-80,0.668
ccb2a31c-77ff-46e6-a2d6-258b86d7e7fa,ALB-CN-1870-10067,isSameAs,ALB-CN-1880-16629,1870,1880,70-80,0.957
68c0550b-79c6-4a21-a2f9-011c49a0e545,ALB-CN-1870-10070,isSameAs,ALB-CN-1880-16630,1870,1880,70-80,0.711
5baf72a5-f328-4e79-90b3-1424753a04ae,ALB-CN-1870-10072,isSameAs,ALB-CN-1880-15169,1870,1880,70-80,0.971
1e27b08d-8285-44b0-8cd3-2fe9d9175bfb,ALB-CN-1870-1008,isSameAs,ALB-CN-1880-19593,1870,1880,70-80,0.896
c93e2066-7ed6-4ef8-b46c-3190fc8b8216,ALB-CN-1870-10082,isSameAs,ALB-CN-1880-25827,1870,1880,70-80,0.921
f746a3ae-c071-482b-9b40-08fda1e12746,ALB-CN-1870-10086,isSameAs,ALB-CN-1880-28095,1870,1880,70-80,0.917
6450d8c0-0009-462e-ab12-919495021928,ALB-CN-1870-10087,isSameAs,ALB-CN-1880-4993,1870,1880,70-80,0.94
d02de892-eb30-4c38-8059-9c99ec5c32bb,ALB-CN-1870-10088,isSameAs,ALB-CN-1880-22856,1870,1880,70-80,0.634
4b7f58bf-5173-4b92-9fd8-00b9a03ac66e,ALB-CN-1870-10089,isSameAs,ALB-CN-1880-25638,1870,1880,70-80,0.909
dd91d70f-01a7-4ace-96bd-6e30e635eb6e,ALB-CN-1870-1009,isSameAs,ALB-CN-1880-19594,1870,1880,70-80,0.924
f24dacf6-63fb-4e24-b6be-652d60fb1e2f,ALB-CN-1870-10092,isSameAs,ALB-CN-1880-30514,1870,1880,70-80,0.622
6a808aa1-ef66-4113-9ac9-1cd986831a07,ALB-CN-1870-101,isSameAs,ALB-CN-1880-22156,1870,1880,70-80,0.75
14ab1e7b-3330-4729-a4a6-9f9df9e19dd4,ALB-CN-1870-1010,isSameAs,ALB-CN-1880-19595,1870,1880,70-80,0.971
7fcfbbb9-824d-4fa5-8e7f-403d877eea4a,ALB-CN-1870-1011,isSameAs,ALB-CN-1880-19596,1870,1880,70-80,0.948
2249bfb5-9e11-426a-b094-85edfa183acf,ALB-CN-1870-10110,isSameAs,ALB-CN-1880-31342,1870,1880,70-80,0.968
f909b01c-4739-4378-bf10-308299417da8,ALB-CN-1870-10112,isSameAs,ALB-CN-1880-31343,1870,1880,70-80,0.968
77a1ff2c-5a6d-4059-be54-a4d0ac998ea9,ALB-CN-1870-10113,isSameAs,ALB-CN-1880-31344,1870,1880,70-80,0.968
2c1a875f-30c3-49cc-bff9-1c00379897de,ALB-CN-1870-10114,isSameAs,ALB-CN-1880-31345,1870,1880,70-80,0.953
fb694832-dc17-4004-92ed-24d3f170820c,ALB-CN-1870-10115,isSameAs,ALB-CN-1880-31346,1870,1880,70-80,0.622
fc656d7d-e142-4f4d-b8b8-d40fd66d7373,ALB-CN-1870-10119,isSameAs,ALB-CN-1880-31007,1870,1880,70-80,0.945
5f6450e8-2212-42e4-91f3-c5060f5983c3,ALB-CN-1870-1012,isSameAs,ALB-CN-1880-19597,1870,1880,70-80,0.98
9f5bb703-1d44-45d3-9fef-487c6ea3217b,ALB-CN-1870-10120,isSameAs,ALB-CN-1880-31008,1870,1880,70-80,0.741
9fb4cbe8-af83-4972-b1cd-f378223a16bb,ALB-CN-1870-10121,isSameAs,ALB-CN-1880-31009,1870,1880,70-80,0.769
fba1cc6d-6173-46ef-b970-4cb0d68f5214,ALB-CN-1870-10122,isSameAs,ALB-CN-1880-31010,1870,1880,70-80,0.886
ed7a1c62-fc18-4dda-b458-bfe4937c94ea,ALB-CN-1870-10125,isSameAs,ALB-CN-1880-32154,1870,1880,70-80,0.891
2f92076d-2dba-4d55-a792-f0a155a5d05c,ALB-CN-1870-10126,isSameAs,ALB-CN-1880-32150,1870,1880,70-80,0.81
1dac844f-3b21-4982-b485-31879319ff60,ALB-CN-1870-10127,isSameAs,ALB-CN-1880-27410,1870,1880,70-80,0.87
9528d409-e5bd-449e-9420-6fc676728c24,ALB-CN-1870-10128,isSameAs,ALB-CN-1880-32152,1870,1880,70-80,0.931
daaa4d14-8a90-4bd9-a617-2b277b0c2fe0,ALB-CN-1870-10129,isSameAs,ALB-CN-1880-27417,1870,1880,70-80,0.622
72e7650f-85d9-42ad-a213-04c36dc6f54b,ALB-CN-1870-1013,isSameAs,ALB-CN-1880-19598,1870,1880,70-80,0.622
5aafc857-8396-4f32-b388-36e72645c3b2,ALB-CN-1870-10134,isSameAs,ALB-CN-1880-19424,1870,1880,70-80,0.858
91cd8603-4027-42f7-8927-49db7d35f6af,ALB-CN-1870-10137,isSameAs,ALB-CN-1880-17844,1870,1880,70-80,0.818
422a376a-9aa3-4e85-bdb1-502aef3900b4,ALB-CN-1870-10145,isSameAs,ALB-CN-1880-30638,1870,1880,70-80,0.646
d38601db-88ef-4dc1-982b-d43539727533,ALB-CN-1870-10152,isSameAs,ALB-CN-1880-6551,1870,1880,70-80,0.622
1228d045-a85a-42ba-a8d6-73bbcc32a9c3,ALB-CN-1870-10156,isSameAs,ALB-CN-1880-758,1870,1880,70-80,0.957
059e2e5a-5831-443c-989f-3c9c8a5ff6e9,ALB-CN-1870-10161,isSameAs,ALB-CN-1880-31596,1870,1880,70-80,0.786
a479c23a-2b00-45d7-a02c-7a636339efb3,ALB-CN-1870-10163,isSameAs,ALB-CN-1880-30995,1870,1880,70-80,0.786
296f7649-0adc-4460-a0b0-25ea2cc2edf8,ALB-CN-1870-10167,isSameAs,ALB-CN-1880-24920,1870,1880,70-80,0.832
f8dd1bf7-709f-4c45-b9e7-fa2ce3f46c64,ALB-CN-1870-10168,isSameAs,ALB-CN-1880-24921,1870,1880,70-80,0.891
086f5532-315f-4a4e-813d-2bbbb6264b8f,ALB-CN-1870-10172,isSameAs,ALB-CN-1880-30317,1870,1880,70-80,0.794
b3aa72a4-ddf4-4d52-b453-3c392a1215ba,ALB-CN-1870-10189,isSameAs,ALB-CN-1880-30475,1870,1880,70-80,0.622
2c6867c7-9569-433c-8ca7-547c455c9bae,ALB-CN-1870-10205,isSameAs,ALB-CN-1880-26988,1870,1880,70-80,0.846
963d2548-fe4f-4313-811f-f981071750b4,ALB-CN-1870-10206,isSameAs,ALB-CN-1880-26989,1870,1880,70-80,0.794
22e9b974-a820-4033-bb14-ea0ad518c338,ALB-CN-1870-10208,isSameAs,ALB-CN-1880-24544,1870,1880,70-80,0.98
fc0ddddd-abc4-4887-b15d-0c20756f2b74,ALB-CN-1870-10209,isSameAs,ALB-CN-1880-24545,1870,1880,70-80,0.786
e731c7df-334f-4349-9475-92e8a5e47aa1,ALB-CN-1870-10210,isSameAs,ALB-CN-1880-24546,1870,1880,70-80,0.98
9ab043cf-76ce-47ca-a44d-6e10b990f528,ALB-CN-1870-10211,isSameAs,ALB-CN-1880-24547,1870,1880,70-80,0.959
7b574651-830b-4517-b688-1fd7b95bd863,ALB-CN-1870-10212,isSameAs,ALB-CN-1880-24548,1870,1880,70-80,0.989
fced51a3-c5b3-40c0-ae55-3e3ba4b50a16,ALB-CN-1870-10213,isSameAs,ALB-CN-1880-24549,1870,1880,70-80,0.99
41417dce-387d-407a-b258-1cf217a6355a,ALB-CN-1870-10222,isSameAs,ALB-CN-1880-30811,1870,1880,70-80,0.75
7c4313b5-34ec-4b85-bac3-126383fb52f2,ALB-CN-1870-10226,isSameAs,ALB-CN-1880-21026,1870,1880,70-80,0.76
5c55209f-a910-4d95-bcbe-8915948e1eba,ALB-CN-1870-10227,isSameAs,ALB-CN-1880-31704,1870,1880,70-80,0.984
1d8eed9f-fb7b-4bda-94be-60bbd2c77057,ALB-CN-1870-10228,isSameAs,ALB-CN-1880-31705,1870,1880,70-80,0.973
9b151daa-0cc0-43dc-89c6-547d590199ca,ALB-CN-1870-1023,isSameAs,ALB-CN-1880-23547,1870,1880,70-80,0.622
e45098c4-4a18-445d-aade-c186adb6048d,ALB-CN-1870-10231,isSameAs,ALB-CN-1880-31706,1870,1880,70-80,0.989
21ad9f8a-4279-4b2c-9fa0-1f7623e36cee,ALB-CN-1870-10233,isSameAs,ALB-CN-1880-31707,1870,1880,70-80,0.989
62e337c2-9f2e-4170-a4a6-ced5dab57031,ALB-CN-1870-10235,isSameAs,ALB-CN-1880-31708,1870,1880,70-80,0.99
9010b714-1c7d-4813-93a8-9fa0c3732139,ALB-CN-1870-10236,isSameAs,ALB-CN-1880-31709,1870,1880,70-80,0.818
0f0e2667-aeb6-4310-a9c6-0910f1478d9f,ALB-CN-1870-10237,isSameAs,ALB-CN-1880-13135,1870,1880,70-80,0.786
27a7d4b5-7de8-43de-a779-339e4d2eb825,ALB-CN-1870-10239,isSameAs,ALB-CN-1880-30052,1870,1880,70-80,0.924
acc1e8c1-61cc-451d-b462-cb2c408f27c9,ALB-CN-1870-1024,isSameAs,ALB-CN-1880-23448,1870,1880,70-80,0.909
f8a6b2a7-f65a-4eda-a780-52afef9cc023,ALB-CN-1870-10240,isSameAs,ALB-CN-1880-30053,1870,1880,70-80,0.646
ea02e131-79aa-45bd-9149-2dd755c9d63f,ALB-CN-1870-10241,isSameAs,ALB-CN-1880-30054,1870,1880,70-80,0.891
fd5f4f63-0f55-44c5-b04d-70f57de80bad,ALB-CN-1870-10242,isSameAs,ALB-CN-1880-30913,1870,1880,70-80,0.945
b0d63ba2-9e48-4433-9d82-7bc83a7c46b1,ALB-CN-1870-10243,isSameAs,ALB-CN-1880-31025,1870,1880,70-80,0.891
7db569df-ff6d-429f-92df-cf8138eb298e,ALB-CN-1870-1025,isSameAs,ALB-CN-1880-23449,1870,1880,70-80,0.818
e291b173-ba47-4977-b197-fcbc3488b69f,ALB-CN-1870-1026,isSameAs,ALB-CN-1880-23451,1870,1880,70-80,0.881
d9b6fa23-01b0-4e01-a22b-2fe358e863ee,ALB-CN-1870-10260,isSameAs,ALB-CN-1880-26251,1870,1880,70-80,0.948
11108a85-a7f6-4ac6-9460-89558c2d9f6c,ALB-CN-1870-10261,isSameAs,ALB-CN-1880-26252,1870,1880,70-80,0.964
97f6e6e7-b488-454e-91b8-6f41a5898b0a,ALB-CN-1870-10263,isSameAs,ALB-CN-1880-26254,1870,1880,70-80,0.948
2a98e5a3-1a35-4c47-863d-c2debb8f708a,ALB-CN-1870-10264,isSameAs,ALB-CN-1880-26255,1870,1880,70-80,0.948
0d1e270d-8143-4f4c-82c2-917c6d682cc1,ALB-CN-1870-10266,isSameAs,ALB-CN-1880-26258,1870,1880,70-80,0.786
9e1e5951-c6d4-4db7-bc0e-f62d908c02f7,ALB-CN-1870-1027,isSameAs,ALB-CN-1880-22839,1870,1880,70-80,0.75
ac4e7146-79f6-4fc7-82e5-8534a7bfeb55,ALB-CN-1870-10271,isSameAs,ALB-CN-1880-25268,1870,1880,70-80,0.81
02087535-a58d-425b-8ad7-186bd3d73f8a,ALB-CN-1870-10273,isSameAs,ALB-CN-1880-24690,1870,1880,70-80,0.937
e3f47255-340d-4e3b-85c9-10fa2331d4b4,ALB-CN-1870-10274,isSameAs,ALB-CN-1880-24691,1870,1880,70-80,0.881
dc32dfcf-add9-431f-af7c-a580d38bc531,ALB-CN-1870-10277,isSameAs,ALB-CN-1880-30045,1870,1880,70-80,0.976
ef51816a-c747-4f95-ba9e-37cd501dc2bd,ALB-CN-1870-10278,isSameAs,ALB-CN-1880-30046,1870,1880,70-80,0.984
1474949c-5cc2-4391-9176-1de95d271377,ALB-CN-1870-10279,isSameAs,ALB-CN-1880-30047,1870,1880,70-80,0.982
da185fcf-8770-4279-b412-d25f6ca73a10,ALB-CN-1870-10280,isSameAs,ALB-CN-1880-30048,1870,1880,70-80,0.984
921ffa9c-53b0-478f-915e-e85dc9ee30fb,ALB-CN-1870-10281,isSameAs,ALB-CN-1880-30049,1870,1880,70-80,0.75
2cc120c5-8932-4278-a994-365adcef2071,ALB-CN-1870-10284,isSameAs,ALB-CN-1880-15690,1870,1880,70-80,0.711
917e072d-525d-4d5d-9a11-60a33cc24d6d,ALB-CN-1870-10286,isSameAs,ALB-CN-1880-31738,1870,1880,70-80,0.953
01fc3c7f-e026-42db-87ee-2f1e115b61d9,ALB-CN-1870-10287,isSameAs,ALB-CN-1880-20233,1870,1880,70-80,0.9
71f8654b-49ad-4e76-9bd9-6dc6297d0839,ALB-CN-1870-10288,isSameAs,ALB-CN-1880-31740,1870,1880,70-80,0.971
c9ccfac2-9f86-497d-9cc0-fc08a8ce7b3c,ALB-CN-1870-10289,isSameAs,ALB-CN-1880-31741,1870,1880,70-80,0.913
fb6872ce-e0d6-4739-a785-fe5966fabbed,ALB-CN-1870-10290,isSameAs,ALB-CN-1880-14562,1870,1880,70-80,0.711
6fb82ed7-a06d-486d-a816-4cef292259c8,ALB-CN-1870-10292,isSameAs,ALB-CN-1880-31723,1870,1880,70-80,0.881
d7434263-7171-4a03-b7d9-af05465e1fb6,ALB-CN-1870-10293,isSameAs,ALB-CN-1880-31724,1870,1880,70-80,0.679
757fd07b-12f2-4ef4-bb01-42762ed2c2f5,ALB-CN-1870-10294,isSameAs,ALB-CN-1880-31729,1870,1880,70-80,0.622
26de88fa-f518-458e-ae12-dcbafd003385,ALB-CN-1870-10298,isSameAs,ALB-CN-1880-13273,1870,1880,70-80,0.701
258cf537-a451-404b-9456-32390fd3edf1,ALB-CN-1870-10299,isSameAs,ALB-CN-1880-13270,1870,1880,70-80,0.818
99f3dc99-6ef3-46ed-9225-7e237492734d,ALB-CN-1870-103,isSameAs,ALB-CN-1880-22159,1870,1880,70-80,0.943
128de9a6-4b9f-401d-b1aa-e70c3ba4b6e2,ALB-CN-1870-1030,isSameAs,ALB-CN-1880-13773,1870,1880,70-80,0.721
2d31a5bd-b211-4e46-8d97-125ecbaa5f7f,ALB-CN-1870-10301,isSameAs,ALB-CN-1880-13272,1870,1880,70-80,0.943
b6f109d9-3835-43dd-87e5-082f4e37ed98,ALB-CN-1870-10302,isSameAs,ALB-CN-1880-30958,1870,1880,70-80,0.971
2cc85b28-3e86-41ed-bdc1-f0a1efd354ef,ALB-CN-1870-10303,isSameAs,ALB-CN-1880-30960,1870,1880,70-80,0.971
843ecbf9-c35c-40b7-b78e-35e163139d0f,ALB-CN-1870-10304,isSameAs,ALB-CN-1880-30961,1870,1880,70-80,0.99
b37f6e2d-8555-41bb-9eba-7557956e21f3,ALB-CN-1870-10305,isSameAs,ALB-CN-1880-25001,1870,1880,70-80,0.786
90fb6349-0ad0-429c-b2ee-7bdd9cbf2ad3,ALB-CN-1870-10306,isSameAs,ALB-CN-1880-25007,1870,1880,70-80,0.786
238acd93-0aac-4bd6-89a1-40dade7afd2f,ALB-CN-1870-10308,isSameAs,ALB-CN-1880-11669,1870,1880,70-80,0.731
4b9e65cd-bf10-4d6e-b469-df483cdeab2f,ALB-CN-1870-1031,isSameAs,ALB-CN-1880-22900,1870,1880,70-80,0.959
245abeed-ffd0-46ea-96fc-d49d2cd262e9,ALB-CN-1870-10315,isSameAs,ALB-CN-1880-21173,1870,1880,70-80,0.87
1d64b114-39ff-4cd8-8b05-020eefddbacd,ALB-CN-1870-10319,isSameAs,ALB-CN-1880-30576,1870,1880,70-80,0.98
4e74bcc0-9260-4ba5-b90f-76ca98a54477,ALB-CN-1870-1032,isSameAs,ALB-CN-1880-22901,1870,1880,70-80,0.98
3a8c01fe-48b8-4e99-a96a-da6ce2f1a173,ALB-CN-1870-10320,isSameAs,ALB-CN-1880-30577,1870,1880,70-80,0.953
5c7c12e1-c35a-45e4-b780-440b8b03c79d,ALB-CN-1870-10323,isSameAs,ALB-CN-1880-30578,1870,1880,70-80,0.99
8e9a7f2f-9a25-41a7-9c81-ccd6ef7d9383,ALB-CN-1870-10324,isSameAs,ALB-CN-1880-30579,1870,1880,70-80,0.711
ad9af58a-198b-4382-8b13-c00da3d0d6e1,ALB-CN-1870-10325,isSameAs,ALB-CN-1880-30580,1870,1880,70-80,0.98
acd727f0-3e89-439a-9a04-6c6ca7c50d7c,ALB-CN-1870-10326,isSameAs,ALB-CN-1880-30581,1870,1880,70-80,0.98
9cbd01ad-0da4-4383-bc21-4ec2c301a24a,ALB-CN-1870-1033,isSameAs,ALB-CN-1880-3890,1870,1880,70-80,0.75
46562280-f644-40c5-9190-1c2f884323a5,ALB-CN-1870-10336,isSameAs,ALB-CN-1880-30288,1870,1880,70-80,0.87
75a6f419-a7cd-4579-b2d4-dd3731392df2,ALB-CN-1870-10337,isSameAs,ALB-CN-1880-30289,1870,1880,70-80,0.711
47817de8-a5ef-4ef8-9fdf-d10dbded5060,ALB-CN-1870-10338,isSameAs,ALB-CN-1880-30290,1870,1880,70-80,0.858
e4bb866c-a7e2-4f58-b314-b2c41dcc65a8,ALB-CN-1870-10347,isSameAs,ALB-CN-1880-706,1870,1880,70-80,0.825
6257e0b8-c219-4245-bee0-6a8d634ef98f,ALB-CN-1870-10348,isSameAs,ALB-CN-1880-705,1870,1880,70-80,0.668
afa3e31a-33e1-40cb-93a8-cce59338097c,ALB-CN-1870-10352,isSameAs,ALB-CN-1880-26591,1870,1880,70-80,0.786
f2dfd8db-8aad-4beb-8a1a-0d6972fdd318,ALB-CN-1870-1036,isSameAs,ALB-CN-1880-12041,1870,1880,70-80,0.818
c2ec6292-eaf9-4bc9-9c5a-e2af868e541c,ALB-CN-1870-10370,isSameAs,ALB-CN-1880-31207,1870,1880,70-80,0.818
2d406d83-2107-45ae-b544-afbb2dd35917,ALB-CN-1870-10371,isSameAs,ALB-CN-1880-31208,1870,1880,70-80,0.75
b21634e2-cf94-43b2-b9c5-f93445c73e37,ALB-CN-1870-1038,isSameAs,ALB-CN-1880-22902,1870,1880,70-80,0.94
0acd42be-1081-4b27-89d5-7aacfe77cc8c,ALB-CN-1870-10385,isSameAs,ALB-CN-1880-15556,1870,1880,70-80,0.622
9bcbd2e8-2e05-423b-b01a-37c482a4db86,ALB-CN-1870-10387,isSameAs,ALB-CN-1880-15551,1870,1880,70-80,0.622
70c5eb47-2d6b-469f-979f-6e7f83f587ce,ALB-CN-1870-10389,isSameAs,ALB-CN-1880-15553,1870,1880,70-80,0.953
0c47f9e2-6de7-4f1e-b40e-6ac0ac66646f,ALB-CN-1870-1039,isSameAs,ALB-CN-1880-22903,1870,1880,70-80,0.913
adf49c8d-77f4-4de6-a750-3a077ae4428e,ALB-CN-1870-10390,isSameAs,ALB-CN-1880-15554,1870,1880,70-80,0.622
16aee30c-eb00-47aa-be3d-2e1f829e254d,ALB-CN-1870-10396,isSameAs,ALB-CN-1880-4759,1870,1880,70-80,0.721
7d04f8c1-5c80-4314-84ec-f1f6d7e46be7,ALB-CN-1870-10398,isSameAs,ALB-CN-1880-29753,1870,1880,70-80,0.961
dcf82353-2ffd-46aa-94d8-36a5c25b6f07,ALB-CN-1870-10399,isSameAs,ALB-CN-1880-13290,1870,1880,70-80,0.711
0f93d4a3-1397-4d2e-b5a5-b06356b13303,ALB-CN-1870-104,isSameAs,ALB-CN-1880-22158,1870,1880,70-80,0.961
63555fee-66f7-4d03-99eb-480d57d98a13,ALB-CN-1870-1040,isSameAs,ALB-CN-1880-22904,1870,1880,70-80,0.957
806cb0ac-3107-4386-805f-0980d1ae3d24,ALB-CN-1870-10400,isSameAs,ALB-CN-1880-29755,1870,1880,70-80,0.989
090d2b82-65a5-4733-bc79-ca5e176e5e88,ALB-CN-1870-10401,isSameAs,ALB-CN-1880-29756,1870,1880,70-80,0.957
528405a6-451a-40a6-b94a-4fa368ce8fa0,ALB-CN-1870-10402,isSameAs,ALB-CN-1880-29757,1870,1880,70-80,0.957
cbb6650f-b633-4862-9dd1-12bc5392693d,ALB-CN-1870-10403,isSameAs,ALB-CN-1880-29758,1870,1880,70-80,0.989
c87b3c4a-c86a-4f7f-ae60-816dee34a90a,ALB-CN-1870-10404,isSameAs,ALB-CN-1880-29759,1870,1880,70-80,0.971
28429a34-0a50-4c55-b3a5-9b2260582457,ALB-CN-1870-1041,isSameAs,ALB-CN-1880-22905,1870,1880,70-80,0.9
79754358-eb25-4a57-a213-6944fcd763e2,ALB-CN-1870-10411,isSameAs,ALB-CN-1880-31638,1870,1880,70-80,0.937
edcf65fe-07cd-4f8d-a61e-b89f94f2992e,ALB-CN-1870-10412,isSameAs,ALB-CN-1880-31639,1870,1880,70-80,0.9
8919561b-87f5-4ba3-8012-822e2ea62e7d,ALB-CN-1870-10414,isSameAs,ALB-CN-1880-31640,1870,1880,70-80,0.802
adad7ad2-e35f-4482-9871-80436af18670,ALB-CN-1870-10419,isSameAs,ALB-CN-1880-2760,1870,1880,70-80,0.864
1ca48cb4-6fbc-414a-918d-e755705499ea,ALB-CN-1870-10421,isSameAs,ALB-CN-1880-31767,1870,1880,70-80,0.921
ad6d0363-f416-40aa-a8f7-dc7918152ac5,ALB-CN-1870-10422,isSameAs,ALB-CN-1880-29773,1870,1880,70-80,0.937
9560870a-0d24-46fd-8d88-ed7bf2601d35,ALB-CN-1870-10424,isSameAs,ALB-CN-1880-29770,1870,1880,70-80,0.769
4ee3af1d-0e12-4456-8f8c-0cec11e103c9,ALB-CN-1870-10425,isSameAs,ALB-CN-1880-29775,1870,1880,70-80,0.881
21b7f75b-63a0-431e-8483-dff16179bff7,ALB-CN-1870-10426,isSameAs,ALB-CN-1880-11927,1870,1880,70-80,0.832
31088eef-8179-49a4-8760-28c5005ae15f,ALB-CN-1870-10434,isSameAs,ALB-CN-1880-30820,1870,1880,70-80,0.69
5db910c9-463c-4ae1-878a-d6aebe7821a7,ALB-CN-1870-10437,isSameAs,ALB-CN-1880-29743,1870,1880,70-80,0.794
fad8b130-efc5-4f06-86a6-8f2d0887e058,ALB-CN-1870-10441,isSameAs,ALB-CN-1880-29745,1870,1880,70-80,0.721
e65041c5-97d4-4690-add5-fe2da55dcbeb,ALB-CN-1870-10445,isSameAs,ALB-CN-1880-20423,1870,1880,70-80,0.794
c8ff3e8c-772f-432e-96a2-2b77bd6b7b4a,ALB-CN-1870-10456,isSameAs,ALB-CN-1880-31733,1870,1880,70-80,0.981
9ab970d9-1883-4bc7-abde-f8c8340a86f1,ALB-CN-1870-10457,isSameAs,ALB-CN-1880-31734,1870,1880,70-80,0.966
aa424476-f6cf-466c-bf80-418858fd135a,ALB-CN-1870-10458,isSameAs,ALB-CN-1880-31735,1870,1880,70-80,0.646
29ffb169-6231-49bf-8394-c33a5588f53b,ALB-CN-1870-10459,isSameAs,ALB-CN-1880-519,1870,1880,70-80,0.711
54b546c1-ab02-40c7-899c-a235a841afa2,ALB-CN-1870-10460,isSameAs,ALB-CN-1880-31891,1870,1880,70-80,0.921
5f284683-d648-4014-9b63-d7493757b648,ALB-CN-1870-10461,isSameAs,ALB-CN-1880-31892,1870,1880,70-80,0.982
159c6ba8-6f36-42c1-b22f-fcc2adcf7067,ALB-CN-1870-10462,isSameAs,ALB-CN-1880-31893,1870,1880,70-80,0.982
ad931c3f-47b2-4e41-b1c9-dee314755e64,ALB-CN-1870-10463,isSameAs,ALB-CN-1880-31894,1870,1880,70-80,0.982
0548a732-fabe-4e99-bdaa-179855a588ea,ALB-CN-1870-10464,isSameAs,ALB-CN-1880-31895,1870,1880,70-80,0.984
06f54037-0b27-49bd-a654-1b09c97c676c,ALB-CN-1870-10466,isSameAs,ALB-CN-1880-31872,1870,1880,70-80,0.721
877424a3-967b-4b89-88fa-279b3f5323cd,ALB-CN-1870-10467,isSameAs,ALB-CN-1880-25446,1870,1880,70-80,0.611
98f5a2f1-f6b7-4957-a8a0-637f6f6d8a07,ALB-CN-1870-10476,isSameAs,ALB-CN-1880-24610,1870,1880,70-80,0.668
434d3131-84f1-4ebe-97ee-eabac6964c9a,ALB-CN-1870-10479,isSameAs,ALB-CN-1880-32158,1870,1880,70-80,0.948
5921ffb0-eb98-4e20-b88e-391bc2182768,ALB-CN-1870-10480,isSameAs,ALB-CN-1880-596,1870,1880,70-80,0.931
bdebe46e-5a10-4aa9-8e66-a2283a6c2468,ALB-CN-1870-10481,isSameAs,ALB-CN-1880-3941,1870,1880,70-80,0.731
f1c852cf-fa61-4a66-80f8-2730cfdb9048,ALB-CN-1870-10491,isSameAs,ALB-CN-1880-15197,1870,1880,70-80,0.955
502371b0-2284-4316-ba19-602e47d065fc,ALB-CN-1870-105,isSameAs,ALB-CN-1880-22160,1870,1880,70-80,0.937
d46fb569-94d8-4eeb-86f7-3f03552a19ad,ALB-CN-1870-1051,isSameAs,ALB-CN-1880-12001,1870,1880,70-80,0.87
74eaee27-9935-4fb0-aca2-5ed4b197e64b,ALB-CN-1870-10511,isSameAs,ALB-CN-1880-27245,1870,1880,70-80,0.846
bc1186a7-3bb6-4480-914e-b8fe095cb293,ALB-CN-1870-10512,isSameAs,ALB-CN-1880-27246,1870,1880,70-80,0.891
c7ad0cc1-c15e-40a5-8144-b2323d645f1f,ALB-CN-1870-10513,isSameAs,ALB-CN-1880-24596,1870,1880,70-80,0.657
38d72eaa-156a-4d64-b3d6-d8b3f3f1e567,ALB-CN-1870-10515,isSameAs,ALB-CN-1880-31937,1870,1880,70-80,0.786
5b627b61-3cb7-446d-aac3-0c230b8e33b9,ALB-CN-1870-10516,isSameAs,ALB-CN-1880-31938,1870,1880,70-80,0.786
93d5a858-b98c-4173-a2a8-73ac4ff96175,ALB-CN-1870-10518,isSameAs,ALB-CN-1880-31942,1870,1880,70-80,0.937
e9fff0ae-3f6f-47fc-912d-a8084d703fb2,ALB-CN-1870-10522,isSameAs,ALB-CN-1880-31954,1870,1880,70-80,0.953
e317a7f8-1b73-4581-8c67-5389bcb1a19e,ALB-CN-1870-10523,isSameAs,ALB-CN-1880-31948,1870,1880,70-80,0.9
cd192121-8fd2-4ee8-b6f0-b647a5d07f85,ALB-CN-1870-10524,isSameAs,ALB-CN-1880-31955,1870,1880,70-80,0.98
e3e85a13-5b8c-4ece-a9b4-a817e10d92c9,ALB-CN-1870-10525,isSameAs,ALB-CN-1880-31956,1870,1880,70-80,0.98
02db3302-d98c-4ad3-9c18-29227e7e4450,ALB-CN-1870-10526,isSameAs,ALB-CN-1880-31957,1870,1880,70-80,0.957
02e5d2e5-e562-43ba-b771-958b7126f51c,ALB-CN-1870-10528,isSameAs,ALB-CN-1880-31962,1870,1880,70-80,0.802
6b8a29bb-0ee4-4e0d-8541-f301ae366641,ALB-CN-1870-10530,isSameAs,ALB-CN-1880-32230,1870,1880,70-80,0.98
aea7c2dd-859a-4e34-85dc-3497f7d737ed,ALB-CN-1870-10531,isSameAs,ALB-CN-1880-32232,1870,1880,70-80,0.622
2e958098-6117-4bdb-8680-6c0132836e14,ALB-CN-1870-10532,isSameAs,ALB-CN-1880-32233,1870,1880,70-80,0.622
3f49b681-07bb-4f0d-aab9-89f5d5bdf064,ALB-CN-1870-10533,isSameAs,ALB-CN-1880-32234,1870,1880,70-80,0.957
8b5522b6-4c36-42bb-a625-b4d6ea45d222,ALB-CN-1870-10534,isSameAs,ALB-CN-1880-32235,1870,1880,70-80,0.98
75a868ae-6763-476a-94db-81a645c36a3f,ALB-CN-1870-10535,isSameAs,ALB-CN-1880-32236,1870,1880,70-80,0.98
c2a7be00-ee63-4d20-8889-505245bb8503,ALB-CN-1870-10537,isSameAs,ALB-CN-1880-30081,1870,1880,70-80,0.634
f68cda4b-473d-43a0-aed3-0a92ef948c3b,ALB-CN-1870-10545,isSameAs,ALB-CN-1880-26817,1870,1880,70-80,0.846
35a980c3-aef2-4cbb-a4d4-4db09518d2b0,ALB-CN-1870-10546,isSameAs,ALB-CN-1880-30631,1870,1880,70-80,0.976
9d86f0cc-cd90-4da2-ae91-e5e6022147b3,ALB-CN-1870-10547,isSameAs,ALB-CN-1880-30632,1870,1880,70-80,0.976
7ddc5e91-992d-455c-9646-0347bc67dfaf,ALB-CN-1870-1055,isSameAs,ALB-CN-1880-7931,1870,1880,70-80,0.818
68041b97-85d4-4e2b-b1fa-8158b22dc6df,ALB-CN-1870-10550,isSameAs,ALB-CN-1880-30634,1870,1880,70-80,0.968
ef6d5c57-44b7-49ad-a336-e23dfa27c9ef,ALB-CN-1870-10553,isSameAs,ALB-CN-1880-30635,1870,1880,70-80,0.985
9a8bfd55-5308-45ac-876f-6cbe8aab48c8,ALB-CN-1870-10565,isSameAs,ALB-CN-1880-16471,1870,1880,70-80,0.943
9bc70b1a-fb24-47b6-a518-782fd2f49631,ALB-CN-1870-10566,isSameAs,ALB-CN-1880-6159,1870,1880,70-80,0.646
7c95793a-d34e-4055-b936-cb1ad1672495,ALB-CN-1870-10567,isSameAs,ALB-CN-1880-16473,1870,1880,70-80,0.964
6b9dbcfc-67c3-4e36-8e72-da7a74ed21f7,ALB-CN-1870-10568,isSameAs,ALB-CN-1880-16474,1870,1880,70-80,0.917
05773561-9b82-495d-a2b5-4f242f414071,ALB-CN-1870-1057,isSameAs,ALB-CN-1880-12004,1870,1880,70-80,0.646
37078521-5bed-44be-b7cc-aa18c78eb351,ALB-CN-1870-10571,isSameAs,ALB-CN-1880-30978,1870,1880,70-80,0.987
37f23125-72bc-4d7d-957c-d3835143ed1f,ALB-CN-1870-10572,isSameAs,ALB-CN-1880-30979,1870,1880,70-80,0.98
60c33d1a-e124-4cf2-9e25-5fb300ccd6a9,ALB-CN-1870-10573,isSameAs,ALB-CN-1880-30980,1870,1880,70-80,0.978
12c324e5-e9a8-44d5-ab47-02b3d001d407,ALB-CN-1870-10575,isSameAs,ALB-CN-1880-30981,1870,1880,70-80,0.987
84431b39-c2c9-4666-ac12-da884d309f37,ALB-CN-1870-10576,isSameAs,ALB-CN-1880-30982,1870,1880,70-80,0.971
76781b4a-abc4-42ef-adfe-5149b19c3d08,ALB-CN-1870-10578,isSameAs,ALB-CN-1880-30983,1870,1880,70-80,0.953
8744d362-a027-4456-97bd-d83d9fe450ed,ALB-CN-1870-10579,isSameAs,ALB-CN-1880-26417,1870,1880,70-80,0.622
fe3bc980-ee9f-4d9f-9525-6f9e31e38295,ALB-CN-1870-1058,isSameAs,ALB-CN-1880-12005,1870,1880,70-80,0.646
757457c3-4881-41f6-8f8b-bf787160832e,ALB-CN-1870-10580,isSameAs,ALB-CN-1880-30985,1870,1880,70-80,0.968
44ce65de-197e-4b20-bb9d-6a4cba5508d7,ALB-CN-1870-10581,isSameAs,ALB-CN-1880-30986,1870,1880,70-80,0.968
179999fb-45b5-4c46-a464-f52ec1f412b6,ALB-CN-1870-10582,isSameAs,ALB-CN-1880-16386,1870,1880,70-80,0.741
991b5f20-b5d4-4837-a23a-c90dce8bf6ba,ALB-CN-1870-10585,isSameAs,ALB-CN-1880-944,1870,1880,70-80,0.886
316acadd-edee-491b-aef8-052c0d0b5837,ALB-CN-1870-10587,isSameAs,ALB-CN-1880-13730,1870,1880,70-80,0.769
39841d29-703d-43de-b86a-d136f49dd8fa,ALB-CN-1870-10588,isSameAs,ALB-CN-1880-30984,1870,1880,70-80,0.98
2a2ef300-f09d-45da-96ef-50b7b5fd0dbd,ALB-CN-1870-10592,isSameAs,ALB-CN-1880-30541,1870,1880,70-80,0.646
c714b949-d78f-4607-bb0b-474c5f8ba6b9,ALB-CN-1870-10597,isSameAs,ALB-CN-1880-325,1870,1880,70-80,0.976
25ef8acf-9f1b-4231-84df-9d2cb7557bac,ALB-CN-1870-10598,isSameAs,ALB-CN-1880-28006,1870,1880,70-80,0.634
77a9ec63-4902-4200-966b-36461740ddbd,ALB-CN-1870-106,isSameAs,ALB-CN-1880-14511,1870,1880,70-80,0.924
3654aac7-b2f3-4ec9-8a5d-08a7583f8d26,ALB-CN-1870-1060,isSameAs,ALB-CN-1880-22945,1870,1880,70-80,0.858
f73e1602-6665-43c2-b824-df86781d82b5,ALB-CN-1870-10600,isSameAs,ALB-CN-1880-29765,1870,1880,70-80,0.832
c3dbd263-51b1-419b-8c93-66244d843e03,ALB-CN-1870-10602,isSameAs,ALB-CN-1880-31281,1870,1880,70-80,0.846
5778b8f1-5165-4bda-b23b-e80e9f5b9f73,ALB-CN-1870-10603,isSameAs,ALB-CN-1880-11952,1870,1880,70-80,0.802
e1c2a953-a17f-47c9-a932-a28096b03f48,ALB-CN-1870-10611,isSameAs,ALB-CN-1880-30076,1870,1880,70-80,0.976
1251a0a3-e644-49dd-84a3-8a91363bb17a,ALB-CN-1870-10612,isSameAs,ALB-CN-1880-30080,1870,1880,70-80,0.909
a4dbbce5-2574-4067-8e8d-f4c056fcb806,ALB-CN-1870-10613,isSameAs,ALB-CN-1880-8836,1870,1880,70-80,0.721
8b1dac45-4594-4542-9aac-e29436570ebd,ALB-CN-1870-10614,isSameAs,ALB-CN-1880-30082,1870,1880,70-80,0.825
57d04a93-1250-4a6d-8851-d836de70b12c,ALB-CN-1870-10619,isSameAs,ALB-CN-1880-31349,1870,1880,70-80,0.989
b92aebfd-152d-4985-a4f4-2266f9a16dc7,ALB-CN-1870-10620,isSameAs,ALB-CN-1880-31350,1870,1880,70-80,0.983
033cefb5-dfb4-4a9e-976f-33b6e0b6331f,ALB-CN-1870-10621,isSameAs,ALB-CN-1880-31351,1870,1880,70-80,0.99
08bb040a-3bec-459d-afc8-c1d5bcb2eb72,ALB-CN-1870-10626,isSameAs,ALB-CN-1880-30679,1870,1880,70-80,0.75
fa3e602c-3f47-4f99-9618-55e53fe26c00,ALB-CN-1870-10640,isSameAs,ALB-CN-1880-31621,1870,1880,70-80,0.983
2c327f6e-577d-4ff9-9700-328a6062da9a,ALB-CN-1870-10641,isSameAs,ALB-CN-1880-31622,1870,1880,70-80,0.948
6f3bdafc-0fdb-4a19-af79-2cf94a3267ce,ALB-CN-1870-10647,isSameAs,ALB-CN-1880-2841,1870,1880,70-80,0.622
8ae95263-157b-4601-a83d-6d7f87570c68,ALB-CN-1870-10648,isSameAs,ALB-CN-1880-16387,1870,1880,70-80,0.852
c9ddc7e5-d61c-4a92-936c-de60c7d960e9,ALB-CN-1870-10649,isSameAs,ALB-CN-1880-30322,1870,1880,70-80,0.917
e9c3bd33-bd01-4c3a-9bd6-dd51f1b2d0d1,ALB-CN-1870-10650,isSameAs,ALB-CN-1880-30323,1870,1880,70-80,0.99
55ca06be-89dc-42e0-869f-46b913ced982,ALB-CN-1870-10651,isSameAs,ALB-CN-1880-30324,1870,1880,70-80,0.964
5959b2e5-5c7c-4cc8-8bb5-ed01ef615dd3,ALB-CN-1870-10652,isSameAs,ALB-CN-1880-30325,1870,1880,70-80,0.943
1c57c4f2-5a94-43c6-b6d1-fcb8af8f29e1,ALB-CN-1870-10655,isSameAs,ALB-CN-1880-26977,1870,1880,70-80,0.896
35750369-9368-4391-a81b-4ff95c4df807,ALB-CN-1870-10656,isSameAs,ALB-CN-1880-26978,1870,1880,70-80,0.858
b8b6dde0-480c-4927-9c3e-c3207b2049ed,ALB-CN-1870-10658,isSameAs,ALB-CN-1880-26980,1870,1880,70-80,0.924
430cd1e7-da3c-414f-8ca3-90e80358bdf0,ALB-CN-1870-10660,isSameAs,ALB-CN-1880-30990,1870,1880,70-80,0.668
c2d48d0a-95eb-4942-9b78-113fde58f817,ALB-CN-1870-10665,isSameAs,ALB-CN-1880-9216,1870,1880,70-80,0.87
cf145e83-8f7f-41ef-a10c-2483e7d219db,ALB-CN-1870-10667,isSameAs,ALB-CN-1880-13852,1870,1880,70-80,0.818
f1f4e55a-b379-46da-8f80-0309c07fa2f0,ALB-CN-1870-10668,isSameAs,ALB-CN-1880-19482,1870,1880,70-80,0.87
f981c7f8-8300-4726-a1fa-807b75c278ac,ALB-CN-1870-10669,isSameAs,ALB-CN-1880-31381,1870,1880,70-80,0.976
6d1e17af-d67d-4dac-8ee7-984390d29de8,ALB-CN-1870-10675,isSameAs,ALB-CN-1880-9587,1870,1880,70-80,0.769
817ae637-a30e-4c68-926a-28e9591c0506,ALB-CN-1870-10678,isSameAs,ALB-CN-1880-31582,1870,1880,70-80,0.966
ee9ba197-cbaa-4fe3-a9cd-4fbac302eaaa,ALB-CN-1870-10679,isSameAs,ALB-CN-1880-31583,1870,1880,70-80,0.968
f6b37754-83b6-4e2a-a96e-c88cd9f44ea3,ALB-CN-1870-10680,isSameAs,ALB-CN-1880-31584,1870,1880,70-80,0.982
f5003150-d797-4290-852e-f2c3cb15360a,ALB-CN-1870-10681,isSameAs,ALB-CN-1880-31586,1870,1880,70-80,0.966
e4347890-3915-4ae6-8d85-1bbc9b144dde,ALB-CN-1870-10682,isSameAs,ALB-CN-1880-31810,1870,1880,70-80,0.858
f612b68e-b456-4f5c-8a28-84c89c5ab0c9,ALB-CN-1870-10684,isSameAs,ALB-CN-1880-26964,1870,1880,70-80,0.731
fc26f4b4-d42a-4f67-a83b-8b3aeca7025e,ALB-CN-1870-10685,isSameAs,ALB-CN-1880-24502,1870,1880,70-80,0.948
3880c547-b47e-4dde-878c-121efc446e09,ALB-CN-1870-10686,isSameAs,ALB-CN-1880-24503,1870,1880,70-80,0.937
302c7606-3726-4d12-87a4-c82345f80a49,ALB-CN-1870-10688,isSameAs,ALB-CN-1880-30483,1870,1880,70-80,0.891
270bc74c-ef9e-4c5f-a7a8-c388cac4d19c,ALB-CN-1870-10689,isSameAs,ALB-CN-1880-31715,1870,1880,70-80,0.622
2b8a85b8-2555-4658-a975-dfba3305f78f,ALB-CN-1870-107,isSameAs,ALB-CN-1880-14512,1870,1880,70-80,0.87
265405c8-ad07-41a8-b4a9-59606c965369,ALB-CN-1870-10702,isSameAs,ALB-CN-1880-31633,1870,1880,70-80,0.945
fedf75f4-8c7d-4336-8ec9-acb22e80ca74,ALB-CN-1870-10703,isSameAs,ALB-CN-1880-16404,1870,1880,70-80,0.858
54c1a4a9-39f9-443f-bf55-637430a60432,ALB-CN-1870-10710,isSameAs,ALB-CN-1880-31643,1870,1880,70-80,0.982
3b214465-932a-4793-b46d-824ce92623c1,ALB-CN-1870-10711,isSameAs,ALB-CN-1880-31644,1870,1880,70-80,0.973
f9d1d17c-74a5-4607-8e48-55c4ae499789,ALB-CN-1870-10713,isSameAs,ALB-CN-1880-31645,1870,1880,70-80,0.99
81b11f8f-25ba-40e5-9531-4b867b3bc9ed,ALB-CN-1870-10715,isSameAs,ALB-CN-1880-31646,1870,1880,70-80,0.989
9eb71726-9b5d-4f03-b06e-8e3086309c68,ALB-CN-1870-10716,isSameAs,ALB-CN-1880-31647,1870,1880,70-80,0.989
aa38cb3e-0e5f-4666-9be5-1d72829fce4f,ALB-CN-1870-10717,isSameAs,ALB-CN-1880-31648,1870,1880,70-80,0.984
24c2d9e9-80ac-4b79-b708-a1814533dccd,ALB-CN-1870-10721,isSameAs,ALB-CN-1880-30122,1870,1880,70-80,0.76
257b2acc-264c-45af-bd0b-3f1a9abfdd11,ALB-CN-1870-10722,isSameAs,ALB-CN-1880-30123,1870,1880,70-80,0.909
cf64502a-8832-4528-9cdf-48994a2dc0d0,ALB-CN-1870-10729,isSameAs,ALB-CN-1880-1215,1870,1880,70-80,0.864
717b21eb-a64c-4984-a12c-6e79be8b5d30,ALB-CN-1870-10730,isSameAs,ALB-CN-1880-31336,1870,1880,70-80,0.786
aa65daf4-8e4e-450c-84c2-4c392040c8c1,ALB-CN-1870-10731,isSameAs,ALB-CN-1880-31847,1870,1880,70-80,0.928
fe2461e0-fc1d-4b49-ba53-2b3815016dc9,ALB-CN-1870-10734,isSameAs,ALB-CN-1880-28672,1870,1880,70-80,0.852
54b7a475-58aa-41b6-93b5-edf09e645981,ALB-CN-1870-10735,isSameAs,ALB-CN-1880-28673,1870,1880,70-80,0.937
32a03c33-2c1c-4145-8cdc-bdb88696e325,ALB-CN-1870-10736,isSameAs,ALB-CN-1880-31016,1870,1880,70-80,0.75
943665b7-bf58-40b4-9ef3-cecdf88c0fec,ALB-CN-1870-10739,isSameAs,ALB-CN-1880-28675,1870,1880,70-80,0.913
d87ab9a9-8dfb-4929-9edf-845645eec10c,ALB-CN-1870-10743,isSameAs,ALB-CN-1880-15855,1870,1880,70-80,0.786
3d2629c3-cd1a-4343-aecb-1b0bc5c75859,ALB-CN-1870-10744,isSameAs,ALB-CN-1880-31674,1870,1880,70-80,0.943
1c7e882a-cfb1-464a-967e-4c292a417df0,ALB-CN-1870-10748,isSameAs,ALB-CN-1880-31676,1870,1880,70-80,0.948
27e6eaf7-e4fb-4e6c-a93f-d52afd274cca,ALB-CN-1870-10749,isSameAs,ALB-CN-1880-29270,1870,1880,70-80,0.971
447c9d6c-ec96-4796-8a87-eb3499807447,ALB-CN-1870-10753,isSameAs,ALB-CN-1880-30836,1870,1880,70-80,0.957
8906e6e2-a41f-4e95-a065-7bc029e5e70f,ALB-CN-1870-10754,isSameAs,ALB-CN-1880-27508,1870,1880,70-80,0.802
37175486-3e30-45c0-a560-19e5a279ef4f,ALB-CN-1870-10756,isSameAs,ALB-CN-1880-30837,1870,1880,70-80,0.802
eeb0c797-6e48-479b-a80d-d34594041d60,ALB-CN-1870-10758,isSameAs,ALB-CN-1880-30839,1870,1880,70-80,0.622
2caa0ffa-daec-43c4-af93-ab465784efc5,ALB-CN-1870-10765,isSameAs,ALB-CN-1880-24488,1870,1880,70-80,0.953
7d6a4182-0113-438b-bee6-81b6ef850072,ALB-CN-1870-10770,isSameAs,ALB-CN-1880-30998,1870,1880,70-80,0.982
687df134-c4c6-4d64-9896-071f01216954,ALB-CN-1870-10772,isSameAs,ALB-CN-1880-24919,1870,1880,70-80,0.818
6a1ff5ba-091d-4de6-84db-e8c8a213e121,ALB-CN-1870-10773,isSameAs,ALB-CN-1880-31000,1870,1880,70-80,0.957
29c637d7-7893-4df2-9896-b0e2f7b7c77f,ALB-CN-1870-10774,isSameAs,ALB-CN-1880-31001,1870,1880,70-80,0.973
5b5078ec-fb60-4767-ada2-aa045c715725,ALB-CN-1870-10775,isSameAs,ALB-CN-1880-31002,1870,1880,70-80,0.973
69021deb-8d8b-44d7-ae6d-0a76697b3284,ALB-CN-1870-10784,isSameAs,ALB-CN-1880-32051,1870,1880,70-80,0.961
773645df-f66c-46c2-9bd2-d86b0c77360a,ALB-CN-1870-10786,isSameAs,ALB-CN-1880-32052,1870,1880,70-80,0.989
a4c6b4a0-6e3b-4053-b174-45d82462ed13,ALB-CN-1870-10787,isSameAs,ALB-CN-1880-32053,1870,1880,70-80,0.966
09330600-572e-45fc-9cf5-692b58bf9554,ALB-CN-1870-10788,isSameAs,ALB-CN-1880-32054,1870,1880,70-80,0.984
8ca8ea3a-13ff-4415-989b-e80e9cd9a9d2,ALB-CN-1870-10789,isSameAs,ALB-CN-1880-32128,1870,1880,70-80,0.769
5696150f-9c7a-4cb5-b5d1-86b14b53a7fc,ALB-CN-1870-10790,isSameAs,ALB-CN-1880-32056,1870,1880,70-80,0.989
640e26d0-51d6-4c88-8836-536c63195a2c,ALB-CN-1870-10800,isSameAs,ALB-CN-1880-31538,1870,1880,70-80,0.886
412c3cff-9671-476a-a9f5-77df0bae2f55,ALB-CN-1870-10801,isSameAs,ALB-CN-1880-32062,1870,1880,70-80,0.909
7bc28460-e997-4c6f-b6ea-57cab50f8474,ALB-CN-1870-10803,isSameAs,ALB-CN-1880-32064,1870,1880,70-80,0.731
b488ff7f-22ad-4a00-8654-f941b945c743,ALB-CN-1870-10804,isSameAs,ALB-CN-1880-32066,1870,1880,70-80,0.75
59cfef6b-7b43-4196-8040-8db24f30e6f6,ALB-CN-1870-10808,isSameAs,ALB-CN-1880-30110,1870,1880,70-80,0.777
f3908009-e406-46c4-9893-d02e73f81725,ALB-CN-1870-10809,isSameAs,ALB-CN-1880-30112,1870,1880,70-80,0.973
34f11993-2558-4aae-a2c0-9af639283a96,ALB-CN-1870-10810,isSameAs,ALB-CN-1880-32071,1870,1880,70-80,0.937
9708f377-6af3-45c0-94dd-f9bb93ee25b3,ALB-CN-1870-10811,isSameAs,ALB-CN-1880-25175,1870,1880,70-80,0.622
1eda40c4-e823-4bfe-96e4-0544e0f15085,ALB-CN-1870-10812,isSameAs,ALB-CN-1880-29732,1870,1880,70-80,0.622
534a075b-8108-4bef-971f-36a17a2609cf,ALB-CN-1870-10813,isSameAs,ALB-CN-1880-31964,1870,1880,70-80,0.984
ef500dda-2c0f-4065-8899-ff55c4ad021c,ALB-CN-1870-10814,isSameAs,ALB-CN-1880-31965,1870,1880,70-80,0.989
58cec710-e242-4ff9-8a28-c617427016dc,ALB-CN-1870-10815,isSameAs,ALB-CN-1880-31990,1870,1880,70-80,0.9
5d91a2ed-8eef-476b-8389-49cdb51e093d,ALB-CN-1870-10816,isSameAs,ALB-CN-1880-31966,1870,1880,70-80,0.984
d3fc7b9c-ffcd-425b-a238-4a2d7be4a7bb,ALB-CN-1870-10817,isSameAs,ALB-CN-1880-31967,1870,1880,70-80,0.95
6b4c5e52-0d15-4140-8b65-d2cd05e52bdf,ALB-CN-1870-10818,isSameAs,ALB-CN-1880-31968,1870,1880,70-80,0.984
ff533e1c-6d51-4f22-a8dc-ce9c40c4ba50,ALB-CN-1870-10823,isSameAs,ALB-CN-1880-30247,1870,1880,70-80,0.646
0ba9741a-f992-4d99-b1c7-5f7a8b31c698,ALB-CN-1870-10826,isSameAs,ALB-CN-1880-30812,1870,1880,70-80,0.731
42bdf43d-f736-44fe-a162-57400e8dfc0b,ALB-CN-1870-10837,isSameAs,ALB-CN-1880-32106,1870,1880,70-80,0.668
24badf18-6953-4eb7-95f9-e43fc25219e3,ALB-CN-1870-10845,isSameAs,ALB-CN-1880-29922,1870,1880,70-80,0.731
669e2c08-e107-4f3c-b653-0c8d6dc9234d,ALB-CN-1870-10846,isSameAs,ALB-CN-1880-31691,1870,1880,70-80,0.937
4c89fc34-e416-49c2-ab63-918bf42f5709,ALB-CN-1870-10848,isSameAs,ALB-CN-1880-31692,1870,1880,70-80,0.943
6f7308ac-09e7-471d-baaf-250ba265bcc1,ALB-CN-1870-10849,isSameAs,ALB-CN-1880-31693,1870,1880,70-80,0.769
800bf1de-f7a8-4562-a91f-c068cd36d4c7,ALB-CN-1870-10850,isSameAs,ALB-CN-1880-31694,1870,1880,70-80,0.921
9132bba8-3b0a-4fb9-b21b-85f88ced6ea5,ALB-CN-1870-10851,isSameAs,ALB-CN-1880-31695,1870,1880,70-80,0.985
a75f92be-4037-4f81-8e39-9607c9bb54e3,ALB-CN-1870-10852,isSameAs,ALB-CN-1880-31696,1870,1880,70-80,0.961
04476007-7828-48e0-bdb8-0eb7fe9d6c7f,ALB-CN-1870-10854,isSameAs,ALB-CN-1880-31773,1870,1880,70-80,0.961
262187a3-0ce9-4aa8-9502-1e635e066294,ALB-CN-1870-10855,isSameAs,ALB-CN-1880-31774,1870,1880,70-80,0.973
65318399-bdf7-45f2-89a4-639ac4499e1d,ALB-CN-1870-10857,isSameAs,ALB-CN-1880-31655,1870,1880,70-80,0.832
dcc5dba1-aabd-45e7-9396-6de942f0cc07,ALB-CN-1870-10858,isSameAs,ALB-CN-1880-31685,1870,1880,70-80,0.721
5e991264-69d8-4c6b-aa3c-4be9dd5e8344,ALB-CN-1870-10859,isSameAs,ALB-CN-1880-31776,1870,1880,70-80,0.977
e91009e3-c949-456c-a8e9-5e810162dd87,ALB-CN-1870-10860,isSameAs,ALB-CN-1880-31777,1870,1880,70-80,0.99
c278b485-8db5-4a56-b134-fd7882a987f4,ALB-CN-1870-10861,isSameAs,ALB-CN-1880-31778,1870,1880,70-80,0.989
71b93e04-c4cd-4f31-be80-d2a7faa0a575,ALB-CN-1870-10862,isSameAs,ALB-CN-1880-31775,1870,1880,70-80,0.989
c636aee0-e63c-4bf1-813b-3a28736ab55e,ALB-CN-1870-10867,isSameAs,ALB-CN-1880-31035,1870,1880,70-80,0.976
0668ff9b-5fea-4eea-80c4-d8b29a03177c,ALB-CN-1870-10873,isSameAs,ALB-CN-1880-19677,1870,1880,70-80,0.721
079777d3-4103-4d1c-99ba-5aff1a392c6b,ALB-CN-1870-1088,isSameAs,ALB-CN-1880-23414,1870,1880,70-80,0.928
8cb09bd7-221a-4ce5-9053-e473bd9078af,ALB-CN-1870-10886,isSameAs,ALB-CN-1880-30930,1870,1880,70-80,0.971
43563637-f584-4156-9dcb-74f4cd315c14,ALB-CN-1870-10888,isSameAs,ALB-CN-1880-30932,1870,1880,70-80,0.971
c5f15d72-857c-451f-8ca5-43370da35a6c,ALB-CN-1870-10889,isSameAs,ALB-CN-1880-30933,1870,1880,70-80,0.98
196907bd-fd14-455f-b056-d02ad3858b41,ALB-CN-1870-10894,isSameAs,ALB-CN-1880-23306,1870,1880,70-80,0.832
418a8037-865e-4d36-96f5-ac7557f41b0d,ALB-CN-1870-10895,isSameAs,ALB-CN-1880-30735,1870,1880,70-80,0.971
78a9d187-defa-4eb1-950e-7a68f745f269,ALB-CN-1870-10896,isSameAs,ALB-CN-1880-30736,1870,1880,70-80,0.971
cf1d20ff-e407-4e86-bbf4-ffea05d97c0b,ALB-CN-1870-10897,isSameAs,ALB-CN-1880-30737,1870,1880,70-80,0.971
f1b6da22-6133-4453-9e06-44e85c61e300,ALB-CN-1870-10898,isSameAs,ALB-CN-1880-30738,1870,1880,70-80,0.99
4ff8ee37-b7ab-4de0-8f4b-5368cf7e19b1,ALB-CN-1870-10899,isSameAs,ALB-CN-1880-30739,1870,1880,70-80,0.94
69675ba5-2952-4c9a-8ec4-fdd79d20d7ce,ALB-CN-1870-1090,isSameAs,ALB-CN-1880-23416,1870,1880,70-80,0.896
b5dc0ff8-8411-40df-b2d1-1968aec48b55,ALB-CN-1870-10900,isSameAs,ALB-CN-1880-30740,1870,1880,70-80,0.99
5ecb3367-7092-4909-80d2-d7d66c43e7cb,ALB-CN-1870-10903,isSameAs,ALB-CN-1880-19409,1870,1880,70-80,0.825
7563f127-5222-437b-af36-6787691c486e,ALB-CN-1870-10905,isSameAs,ALB-CN-1880-26207,1870,1880,70-80,0.622
352b8cee-47b5-4550-a8da-660ecb347a8c,ALB-CN-1870-1091,isSameAs,ALB-CN-1880-27639,1870,1880,70-80,0.909
8b88cd8f-9e9c-4199-b6d3-063b7a852e9c,ALB-CN-1870-10911,isSameAs,ALB-CN-1880-31843,1870,1880,70-80,0.731
e4bd88f7-a886-4aa9-8cd3-98e0edae4bde,ALB-CN-1870-10912,isSameAs,ALB-CN-1880-30611,1870,1880,70-80,0.711
901d7956-8022-4551-808b-96a2127249dc,ALB-CN-1870-10914,isSameAs,ALB-CN-1880-31823,1870,1880,70-80,0.99
3dfe0f46-5542-4404-bdfb-e21f82ae5169,ALB-CN-1870-10915,isSameAs,ALB-CN-1880-31824,1870,1880,70-80,0.95
2a462b1a-1a45-4a52-a959-67c6bf0e3127,ALB-CN-1870-10916,isSameAs,ALB-CN-1880-31825,1870,1880,70-80,0.99
8ed44908-0cb7-447a-98f8-0be40fe7276d,ALB-CN-1870-10917,isSameAs,ALB-CN-1880-31826,1870,1880,70-80,0.989
2b46999b-f17c-492e-b0c1-f42b2cacc147,ALB-CN-1870-10918,isSameAs,ALB-CN-1880-31827,1870,1880,70-80,0.984
46ad5f1a-14d3-419a-ac38-654963de6c69,ALB-CN-1870-10919,isSameAs,ALB-CN-1880-31828,1870,1880,70-80,0.668
f9973c18-de01-46e8-ab8e-188a90dc8a62,ALB-CN-1870-10922,isSameAs,ALB-CN-1880-14567,1870,1880,70-80,0.622
fad37022-3d34-4b3c-b41a-e3c93a3c14b2,ALB-CN-1870-10923,isSameAs,ALB-CN-1880-28343,1870,1880,70-80,0.69
02cab3a5-7a65-4453-8383-210f3cb64659,ALB-CN-1870-10924,isSameAs,ALB-CN-1880-14569,1870,1880,70-80,0.711
9f87f991-fa6b-44c6-996e-c7d050f352ed,ALB-CN-1870-10925,isSameAs,ALB-CN-1880-30612,1870,1880,70-80,0.622
6aedb4b9-4b07-480b-b917-edc23d60924e,ALB-CN-1870-10926,isSameAs,ALB-CN-1880-27056,1870,1880,70-80,0.943
533def5d-bd86-488d-b337-65daafdfe5ee,ALB-CN-1870-10927,isSameAs,ALB-CN-1880-30609,1870,1880,70-80,0.622
43a9bda5-ba9f-46cd-9505-4e2ca63e3b1b,ALB-CN-1870-10928,isSameAs,ALB-CN-1880-24910,1870,1880,70-80,0.917
6f3e9d0c-50ff-400f-a005-8b327ad9f8f7,ALB-CN-1870-10930,isSameAs,ALB-CN-1880-31836,1870,1880,70-80,0.957
121ce970-a1e3-47fa-bf68-d425aa3b2c80,ALB-CN-1870-10933,isSameAs,ALB-CN-1880-18901,1870,1880,70-80,0.971
cafa7335-d0ff-4453-9b28-60018bf982a5,ALB-CN-1870-10934,isSameAs,ALB-CN-1880-18902,1870,1880,70-80,0.943
7c235910-a791-4f6a-a8d2-d623ff6c2cf6,ALB-CN-1870-10935,isSameAs,ALB-CN-1880-18903,1870,1880,70-80,0.98
9316925e-fe76-40dc-b7e0-a2c9ed2005fd,ALB-CN-1870-10936,isSameAs,ALB-CN-1880-18904,1870,1880,70-80,0.98
d91202d9-ffc9-42d2-94ce-5170431a1d98,ALB-CN-1870-10946,isSameAs,ALB-CN-1880-6727,1870,1880,70-80,0.668
b201db71-60ea-401f-842a-1a99b7486b22,ALB-CN-1870-10948,isSameAs,ALB-CN-1880-6731,1870,1880,70-80,0.622
71d23895-0295-4d7a-9e94-dd2340ce5dc7,ALB-CN-1870-10949,isSameAs,ALB-CN-1880-6728,1870,1880,70-80,0.924
e17c7e65-7fde-4fce-9667-88ee144bafde,ALB-CN-1870-10950,isSameAs,ALB-CN-1880-31438,1870,1880,70-80,0.846
7e3cfbb9-948e-4dc1-8d13-53edca9b71f0,ALB-CN-1870-10953,isSameAs,ALB-CN-1880-32240,1870,1880,70-80,0.969
a1727e2f-382c-4e01-80f3-e6899107fc17,ALB-CN-1870-10954,isSameAs,ALB-CN-1880-32241,1870,1880,70-80,0.976
3eb112f0-d6d4-4957-937f-0ae0790b035d,ALB-CN-1870-10955,isSameAs,ALB-CN-1880-32242,1870,1880,70-80,0.99
cea4f46a-49bd-4948-acc6-6347a3100846,ALB-CN-1870-10958,isSameAs,ALB-CN-1880-27733,1870,1880,70-80,0.978
7389e610-a95f-43b6-ad64-916104d0889d,ALB-CN-1870-10959,isSameAs,ALB-CN-1880-27734,1870,1880,70-80,0.668
1f68070a-a2c9-4279-b380-3af1372306b4,ALB-CN-1870-10960,isSameAs,ALB-CN-1880-27735,1870,1880,70-80,0.711
cb2e4ffc-73b6-4cb1-954f-4782c06cdc28,ALB-CN-1870-10961,isSameAs,ALB-CN-1880-27736,1870,1880,70-80,0.968
478116ed-83e7-4f75-999b-5bd8e1048211,ALB-CN-1870-10965,isSameAs,ALB-CN-1880-31868,1870,1880,70-80,0.646
3c04d294-6301-453f-9a28-dbe54abaa736,ALB-CN-1870-10967,isSameAs,ALB-CN-1880-31882,1870,1880,70-80,0.917
4140a25a-aff0-4360-bec6-87dd80addf19,ALB-CN-1870-10969,isSameAs,ALB-CN-1880-31883,1870,1880,70-80,0.948
982de945-b3cb-4c50-8d84-8e5d52f4767b,ALB-CN-1870-10971,isSameAs,ALB-CN-1880-31884,1870,1880,70-80,0.943
32bbdf13-64c4-4e2f-8941-ae1c4406c2ba,ALB-CN-1870-10977,isSameAs,ALB-CN-1880-29277,1870,1880,70-80,0.948
ef542b36-e39e-45ac-a94a-2e6c9eb6b4fa,ALB-CN-1870-10979,isSameAs,ALB-CN-1880-12373,1870,1880,70-80,0.76
87d871fc-c07b-4d94-abc0-16efac73c87e,ALB-CN-1870-10981,isSameAs,ALB-CN-1880-31885,1870,1880,70-80,0.988
f09510ee-32ed-4c8a-9aa5-9595d6a443ac,ALB-CN-1870-10982,isSameAs,ALB-CN-1880-31886,1870,1880,70-80,0.934
e86aa928-2b5a-4244-af6b-fa726f8bf94e,ALB-CN-1870-10985,isSameAs,ALB-CN-1880-30549,1870,1880,70-80,0.668
6cf27ebd-9cdd-4fc8-9c77-803960fb1485,ALB-CN-1870-10999,isSameAs,ALB-CN-1880-29960,1870,1880,70-80,0.832
608cb24b-bd77-4944-bac6-2434c9ead510,ALB-CN-1870-11016,isSameAs,ALB-CN-1880-31662,1870,1880,70-80,0.98
a163cce2-80a0-4fa6-a355-5a75464d66ae,ALB-CN-1870-11018,isSameAs,ALB-CN-1880-31664,1870,1880,70-80,0.968
66aa0308-85c7-4da4-98d6-f9f853748e5e,ALB-CN-1870-11019,isSameAs,ALB-CN-1880-31665,1870,1880,70-80,0.711
16356a47-c5ac-4a2d-87b5-07d46b8d4aad,ALB-CN-1870-11021,isSameAs,ALB-CN-1880-31419,1870,1880,70-80,0.634
e6c729a9-f8a0-4ac5-a625-284f373cc3e1,ALB-CN-1870-11028,isSameAs,ALB-CN-1880-22995,1870,1880,70-80,0.905
3fd5bc93-bbac-4e63-ad8a-f667f767dcb7,ALB-CN-1870-11030,isSameAs,ALB-CN-1880-26806,1870,1880,70-80,0.858
f4431a2a-a26d-4108-ad7f-80df46945b79,ALB-CN-1870-11031,isSameAs,ALB-CN-1880-26807,1870,1880,70-80,0.909
1ecb8e63-e0ca-4ea1-9625-d5ff515926fd,ALB-CN-1870-11036,isSameAs,ALB-CN-1880-26809,1870,1880,70-80,0.769
8f9dcf17-8b65-4620-9ccd-25664d3b8eaa,ALB-CN-1870-11038,isSameAs,ALB-CN-1880-24867,1870,1880,70-80,0.711
3b8c8157-4e57-4133-a399-0f12f90de712,ALB-CN-1870-11041,isSameAs,ALB-CN-1880-30193,1870,1880,70-80,0.75
998c3941-88a3-4773-a563-9ffb74c0cd51,ALB-CN-1870-11042,isSameAs,ALB-CN-1880-31979,1870,1880,70-80,0.75
ba215a64-a27d-4d9d-8703-2728e47e9fe6,ALB-CN-1870-11044,isSameAs,ALB-CN-1880-32035,1870,1880,70-80,0.984
77943eea-2d72-4a2c-af6c-36e87419c1af,ALB-CN-1870-11045,isSameAs,ALB-CN-1880-32036,1870,1880,70-80,0.931
bb86fb99-2009-4e47-b29d-6ca2ea0b2024,ALB-CN-1870-11046,isSameAs,ALB-CN-1880-32037,1870,1880,70-80,0.818
b45a5de5-d01e-4ba7-953c-d71cb8df7cb1,ALB-CN-1870-11047,isSameAs,ALB-CN-1880-32038,1870,1880,70-80,0.989
335d8277-edad-427d-a278-8442259a4922,ALB-CN-1870-1105,isSameAs,ALB-CN-1880-23469,1870,1880,70-80,0.786
8451b14c-89a1-4266-8f05-356ad43a604d,ALB-CN-1870-11057,isSameAs,ALB-CN-1880-26842,1870,1880,70-80,0.957
1ce76600-2008-48c2-9abb-20ccc8b271e6,ALB-CN-1870-11058,isSameAs,ALB-CN-1880-26843,1870,1880,70-80,0.957
5ddc7602-e12e-4285-9b26-ad6d34a98cb2,ALB-CN-1870-11060,isSameAs,ALB-CN-1880-26844,1870,1880,70-80,0.971
4751f41b-068c-4020-97cf-a3618d7c953e,ALB-CN-1870-11061,isSameAs,ALB-CN-1880-26802,1870,1880,70-80,0.818
73e75cbb-32d9-4e75-a99c-a1a36262d0fc,ALB-CN-1870-11063,isSameAs,ALB-CN-1880-26845,1870,1880,70-80,0.984
c52b9be9-dab8-460a-96f2-cea99564ce71,ALB-CN-1870-11064,isSameAs,ALB-CN-1880-26846,1870,1880,70-80,0.94
6faad356-9c3a-4d91-9537-8b5caa423fc4,ALB-CN-1870-11065,isSameAs,ALB-CN-1880-26847,1870,1880,70-80,0.94
a44c0119-07be-4dbb-a22d-532f7df93cc9,ALB-CN-1870-11066,isSameAs,ALB-CN-1880-26848,1870,1880,70-80,0.75
05f7429e-b61f-49eb-8bfe-f6fe33b76520,ALB-CN-1870-11067,isSameAs,ALB-CN-1880-32016,1870,1880,70-80,0.973
2b7a5d9f-8849-4c99-ad8e-85d0ee474141,ALB-CN-1870-11068,isSameAs,ALB-CN-1880-32017,1870,1880,70-80,0.668
05da78d3-9e52-408c-bea8-fa75875ce907,ALB-CN-1870-11069,isSameAs,ALB-CN-1880-32019,1870,1880,70-80,0.976
ecbf0f2f-678d-4694-9b37-8e9f395d22e1,ALB-CN-1870-11071,isSameAs,ALB-CN-1880-32020,1870,1880,70-80,0.984
12b0af6d-14b4-47b5-ab4e-4b15d73431a6,ALB-CN-1870-11072,isSameAs,ALB-CN-1880-32021,1870,1880,70-80,0.989
61b16a46-c63f-4df8-a425-97f32f67b4e9,ALB-CN-1870-11073,isSameAs,ALB-CN-1880-16251,1870,1880,70-80,0.943
1362355a-e8dc-43f1-b6c6-d4def18bf8bf,ALB-CN-1870-11074,isSameAs,ALB-CN-1880-32075,1870,1880,70-80,0.634
2ee842e0-795b-4fb1-bb6b-5b8900d25135,ALB-CN-1870-11081,isSameAs,ALB-CN-1880-32077,1870,1880,70-80,0.94
352f9bc7-55d6-4e7d-9d6d-e6a74a0d3e53,ALB-CN-1870-11082,isSameAs,ALB-CN-1880-32078,1870,1880,70-80,0.81
cae9590f-83c2-445e-9a83-c1300f23e1dc,ALB-CN-1870-11086,isSameAs,ALB-CN-1880-32080,1870,1880,70-80,0.875
126b9a08-c605-4a87-aa31-611037993457,ALB-CN-1870-11087,isSameAs,ALB-CN-1880-32081,1870,1880,70-80,0.875
4ca9428f-4f37-4634-afc9-1669f6cc46fe,ALB-CN-1870-11088,isSameAs,ALB-CN-1880-32082,1870,1880,70-80,0.875
09ce7329-d3ed-4a0d-ae06-498cfb929c61,ALB-CN-1870-11089,isSameAs,ALB-CN-1880-32083,1870,1880,70-80,0.818
3345e16e-de69-402a-8e98-a3ebfa498014,ALB-CN-1870-11091,isSameAs,ALB-CN-1880-32084,1870,1880,70-80,0.913
ef0956a5-166b-460d-8fb4-63468d30e8e0,ALB-CN-1870-11092,isSameAs,ALB-CN-1880-18825,1870,1880,70-80,0.622
c3d043b9-d00f-4bd3-b186-2c6b263266d5,ALB-CN-1870-11102,isSameAs,ALB-CN-1880-30758,1870,1880,70-80,0.69
92dd19f4-2e4c-4bb4-932f-d7e50b0354d6,ALB-CN-1870-11103,isSameAs,ALB-CN-1880-30759,1870,1880,70-80,0.891
019e0266-e6e6-4abd-aa3b-83e3e8f7c23d,ALB-CN-1870-11105,isSameAs,ALB-CN-1880-27034,1870,1880,70-80,0.668
0a30aaea-7f78-4e7a-8df2-b79aaae3bfd2,ALB-CN-1870-1111,isSameAs,ALB-CN-1880-23471,1870,1880,70-80,0.989
81b04944-2d45-4384-9200-d21b817462aa,ALB-CN-1870-11110,isSameAs,ALB-CN-1880-27036,1870,1880,70-80,0.948
7d1efb22-7fd8-4b8b-8177-3f130cedd91a,ALB-CN-1870-1112,isSameAs,ALB-CN-1880-23472,1870,1880,70-80,0.968
b4b87b17-19c5-41fd-9eee-857e796ab475,ALB-CN-1870-11121,isSameAs,ALB-CN-1880-2698,1870,1880,70-80,0.818
1b66e66b-de5b-4ff1-9ddc-27b59f0f4b85,ALB-CN-1870-11125,isSameAs,ALB-CN-1880-9224,1870,1880,70-80,0.802
567bdeb3-a3ad-4bee-a79a-6296134f533f,ALB-CN-1870-11126,isSameAs,ALB-CN-1880-11232,1870,1880,70-80,0.731
60f9b651-64bc-4b34-b9e7-e6be862c2820,ALB-CN-1870-11127,isSameAs,ALB-CN-1880-28457,1870,1880,70-80,0.769
e9b16416-f249-4da9-a8f0-d61d7eb67d27,ALB-CN-1870-1113,isSameAs,ALB-CN-1880-23474,1870,1880,70-80,0.75
adf04f3a-786f-4db0-a8ac-e833758a2d22,ALB-CN-1870-11130,isSameAs,ALB-CN-1880-29813,1870,1880,70-80,0.948
f21c0fe5-98a5-45ff-a475-236a5192ce10,ALB-CN-1870-11131,isSameAs,ALB-CN-1880-29814,1870,1880,70-80,0.832
53a63f03-012d-49b3-bf1a-453200ef0538,ALB-CN-1870-11134,isSameAs,ALB-CN-1880-29815,1870,1880,70-80,0.99
5369dea5-b554-4d84-b338-e8f7ec20917b,ALB-CN-1870-11135,isSameAs,ALB-CN-1880-29816,1870,1880,70-80,0.978
b57e3e13-4c56-47de-b17a-36b11039cb0a,ALB-CN-1870-11136,isSameAs,ALB-CN-1880-29817,1870,1880,70-80,0.978
1bedb778-7324-4d6f-bcc1-f9f35e647247,ALB-CN-1870-11137,isSameAs,ALB-CN-1880-29818,1870,1880,70-80,0.964
8b4eaa2d-89f6-4b54-a3f0-0dfc721e0f8d,ALB-CN-1870-11138,isSameAs,ALB-CN-1880-29819,1870,1880,70-80,0.978
8e4ecc0f-b21f-4110-ac49-7b10cb19b800,ALB-CN-1870-11139,isSameAs,ALB-CN-1880-29820,1870,1880,70-80,0.978
f01699b5-6345-4a2a-a9fd-16ab2ae5ea4d,ALB-CN-1870-1114,isSameAs,ALB-CN-1880-23473,1870,1880,70-80,0.913
870e86c1-84d3-4155-a2ed-136eaaddfc9e,ALB-CN-1870-11141,isSameAs,ALB-CN-1880-3951,1870,1880,70-80,0.832
6c1f3629-2d54-421e-b133-9bf5e08d907e,ALB-CN-1870-11142,isSameAs,ALB-CN-1880-2889,1870,1880,70-80,0.721
a1f5df17-3696-43d8-92d1-98a9fd7c3138,ALB-CN-1870-11143,isSameAs,ALB-CN-1880-14053,1870,1880,70-80,0.622
09fa3171-4b37-4b62-996b-bdb6a7b13c39,ALB-CN-1870-1115,isSameAs,ALB-CN-1880-23475,1870,1880,70-80,0.971
a598e655-7426-466c-a9ad-5b80e1dd2118,ALB-CN-1870-11156,isSameAs,ALB-CN-1880-31392,1870,1880,70-80,0.668
cb723272-f6ff-44c6-b869-c0fa480f2ca1,ALB-CN-1870-1116,isSameAs,ALB-CN-1880-23476,1870,1880,70-80,0.75
4746aaeb-e323-4702-a2d7-feab1fc25cec,ALB-CN-1870-11161,isSameAs,ALB-CN-1880-28174,1870,1880,70-80,0.786
290ec54f-9788-42ce-be24-cf822b0e88c4,ALB-CN-1870-11165,isSameAs,ALB-CN-1880-28173,1870,1880,70-80,0.69
6e83a0e1-dfe4-447a-928a-54567b1318ee,ALB-CN-1870-11172,isSameAs,ALB-CN-1880-25502,1870,1880,70-80,0.891
6bf848ce-95d2-4998-8218-89c6f34f8e65,ALB-CN-1870-11173,isSameAs,ALB-CN-1880-25503,1870,1880,70-80,0.846
c9ebd58e-a841-485c-8960-0ef8c4e7ed80,ALB-CN-1870-11174,isSameAs,ALB-CN-1880-25504,1870,1880,70-80,0.711
4646228d-a17c-471d-9cac-3f5bd28bfc07,ALB-CN-1870-11175,isSameAs,ALB-CN-1880-29869,1870,1880,70-80,0.846
a93708dd-3c76-4802-abcc-38c5a58867a0,ALB-CN-1870-11177,isSameAs,ALB-CN-1880-25726,1870,1880,70-80,0.937
8414ba52-63d3-4670-8c3c-a3fa30877035,ALB-CN-1870-11178,isSameAs,ALB-CN-1880-25727,1870,1880,70-80,0.964
c1c70dc8-e8c9-4d3d-a0a7-482859a17b95,ALB-CN-1870-11179,isSameAs,ALB-CN-1880-25728,1870,1880,70-80,0.731
5c64fa56-dedd-41f2-aa76-9e48f49737e3,ALB-CN-1870-11180,isSameAs,ALB-CN-1880-25729,1870,1880,70-80,0.924
937343a5-0d02-4ed0-bd0a-d0d3d7529383,ALB-CN-1870-11185,isSameAs,ALB-CN-1880-28164,1870,1880,70-80,0.634
91449366-a88b-4119-9266-398b86aa8158,ALB-CN-1870-11188,isSameAs,ALB-CN-1880-28158,1870,1880,70-80,0.881
45924f84-0edd-436e-a643-22897efbb730,ALB-CN-1870-11190,isSameAs,ALB-CN-1880-28160,1870,1880,70-80,0.832
3bb1591b-a982-4316-a7cc-aaff990cd198,ALB-CN-1870-11195,isSameAs,ALB-CN-1880-27093,1870,1880,70-80,0.69
f7938a52-6b86-4e7c-971d-47ef59099243,ALB-CN-1870-112,isSameAs,ALB-CN-1880-14513,1870,1880,70-80,0.711
db5e9358-46ce-4a3f-9e26-f820e23007cc,ALB-CN-1870-1120,isSameAs,ALB-CN-1880-12482,1870,1880,70-80,0.646
aaef1388-dcf7-4087-8fda-f2371f220f05,ALB-CN-1870-11204,isSameAs,ALB-CN-1880-31837,1870,1880,70-80,0.646
1cf8a934-9ffb-4867-8d54-cac1c1f61d97,ALB-CN-1870-11212,isSameAs,ALB-CN-1880-28159,1870,1880,70-80,0.679
56f518ed-ed76-47b4-9d09-b874601e1438,ALB-CN-1870-11216,isSameAs,ALB-CN-1880-3822,1870,1880,70-80,0.711
dbd2c932-ea51-4787-8c14-a68fa6863545,ALB-CN-1870-11219,isSameAs,ALB-CN-1880-14550,1870,1880,70-80,0.881
fe20e3c3-1b4c-4756-9157-6f71f10a8aee,ALB-CN-1870-1123,isSameAs,ALB-CN-1880-30447,1870,1880,70-80,0.794
ef95bb7c-eccf-4400-988e-5bec3a481903,ALB-CN-1870-11232,isSameAs,ALB-CN-1880-16335,1870,1880,70-80,0.891
2832fc4a-8768-43f0-8e60-4c05cb9312aa,ALB-CN-1870-11238,isSameAs,ALB-CN-1880-30718,1870,1880,70-80,0.959
3c022072-3fcf-41b2-8940-c7976fef9d35,ALB-CN-1870-11239,isSameAs,ALB-CN-1880-30719,1870,1880,70-80,0.94
529bde2b-6d83-4299-97c4-37cd9ca51f45,ALB-CN-1870-11240,isSameAs,ALB-CN-1880-30720,1870,1880,70-80,0.913
4c503e1a-00e1-49a8-b7ce-05f60e7362b2,ALB-CN-1870-11241,isSameAs,ALB-CN-1880-30721,1870,1880,70-80,0.913
cd9f29a0-b64e-4c02-82ef-f5461252a16c,ALB-CN-1870-11242,isSameAs,ALB-CN-1880-7282,1870,1880,70-80,0.668
f318f276-7437-4945-a70a-64a9c35db2eb,ALB-CN-1870-11243,isSameAs,ALB-CN-1880-30722,1870,1880,70-80,0.94
3562a0e2-d2c5-4b7c-b795-b27e1957f175,ALB-CN-1870-11245,isSameAs,ALB-CN-1880-30723,1870,1880,70-80,0.913
93011fb6-d236-468e-ae99-c80de447492b,ALB-CN-1870-1125,isSameAs,ALB-CN-1880-23488,1870,1880,70-80,0.953
9ff789df-8978-4c2d-87c4-3e7faba7ec0f,ALB-CN-1870-11250,isSameAs,ALB-CN-1880-30713,1870,1880,70-80,0.948
88088248-44c1-4934-88a3-7530b8696aef,ALB-CN-1870-11251,isSameAs,ALB-CN-1880-311,1870,1880,70-80,0.668
cc3efb2b-dbc9-4b36-ae84-3a0b61c12591,ALB-CN-1870-11252,isSameAs,ALB-CN-1880-30714,1870,1880,70-80,0.924
08c25484-afec-4cc9-9906-48345ca87408,ALB-CN-1870-11253,isSameAs,ALB-CN-1880-12347,1870,1880,70-80,0.98
d1f3a5dc-768d-4f6c-a8fe-265ef11108ab,ALB-CN-1870-11255,isSameAs,ALB-CN-1880-30768,1870,1880,70-80,0.634
ca1fd0bf-a799-4bde-9d32-9b95c7297513,ALB-CN-1870-11265,isSameAs,ALB-CN-1880-29543,1870,1880,70-80,0.978
ef59ff96-af9d-4d23-8f1b-8c405f460e1b,ALB-CN-1870-11266,isSameAs,ALB-CN-1880-29544,1870,1880,70-80,0.964
4b7dbdae-d320-46fc-88bb-0c35b531ccfb,ALB-CN-1870-11268,isSameAs,ALB-CN-1880-29545,1870,1880,70-80,0.98
808c79f2-02cc-4e8e-b984-0d1b7ef59faa,ALB-CN-1870-11269,isSameAs,ALB-CN-1880-29546,1870,1880,70-80,0.98
ac561f8a-2048-400c-a79f-c73ebd0642fe,ALB-CN-1870-11273,isSameAs,ALB-CN-1880-30274,1870,1880,70-80,0.99
bd1a0684-c7d4-4fb2-a0ee-0e78dd828e12,ALB-CN-1870-11274,isSameAs,ALB-CN-1880-30550,1870,1880,70-80,0.769
c946cb5a-b1e9-4060-a10b-6d5e3363233c,ALB-CN-1870-11275,isSameAs,ALB-CN-1880-30276,1870,1880,70-80,0.953
516d5558-44b0-40e7-bdeb-91d8d51f7eb7,ALB-CN-1870-11276,isSameAs,ALB-CN-1880-30277,1870,1880,70-80,0.953
4aff68af-9ee7-4b5a-a087-8d057a96fd53,ALB-CN-1870-11277,isSameAs,ALB-CN-1880-30280,1870,1880,70-80,0.948
29f4955c-75b1-4e6e-a988-8167e19011ab,ALB-CN-1870-1128,isSameAs,ALB-CN-1880-23489,1870,1880,70-80,0.931
bf792d10-bf55-40a5-b70b-3b6a75ea3964,ALB-CN-1870-11280,isSameAs,ALB-CN-1880-30699,1870,1880,70-80,0.987
341748f4-e4af-4498-a324-0dcc00ca6808,ALB-CN-1870-11284,isSameAs,ALB-CN-1880-30133,1870,1880,70-80,0.909
e9dcac66-1084-4753-a607-85cb3d384792,ALB-CN-1870-11285,isSameAs,ALB-CN-1880-30134,1870,1880,70-80,0.989
218f856a-95c8-43c5-95d8-fb498b88a553,ALB-CN-1870-11287,isSameAs,ALB-CN-1880-30136,1870,1880,70-80,0.948
4afdbb0f-d118-4647-810e-1f90d948387c,ALB-CN-1870-11289,isSameAs,ALB-CN-1880-30595,1870,1880,70-80,0.87
6f8e16e9-2f26-4e88-9872-406d1e19f38d,ALB-CN-1870-1129,isSameAs,ALB-CN-1880-23490,1870,1880,70-80,0.98
ef744825-9ab7-4a8a-bb2e-bfdaaf7656a6,ALB-CN-1870-11305,isSameAs,ALB-CN-1880-4681,1870,1880,70-80,0.634
36243b81-ff69-40c4-9f1f-27e855faf0ed,ALB-CN-1870-11310,isSameAs,ALB-CN-1880-31130,1870,1880,70-80,0.818
39edfd29-2535-470b-a235-09cd1eea2fdd,ALB-CN-1870-11312,isSameAs,ALB-CN-1880-31132,1870,1880,70-80,0.818
80ea0d0f-8073-4b88-8ff0-d9a157d81aea,ALB-CN-1870-11315,isSameAs,ALB-CN-1880-24605,1870,1880,70-80,0.968
de510aa8-99e4-446c-9fb2-d136592d195a,ALB-CN-1870-11316,isSameAs,ALB-CN-1880-24606,1870,1880,70-80,0.948
a6390a8c-421e-47b1-a5c5-e0ea0cfbaa62,ALB-CN-1870-11317,isSameAs,ALB-CN-1880-24607,1870,1880,70-80,0.98
872001f3-1481-4f2d-a5c7-31234680af69,ALB-CN-1870-11318,isSameAs,ALB-CN-1880-24608,1870,1880,70-80,0.98
83849114-1511-4dcb-8440-4268058c573c,ALB-CN-1870-11331,isSameAs,ALB-CN-1880-1575,1870,1880,70-80,0.622
d246ece9-3c3b-414a-82b9-0a1a0dcb82db,ALB-CN-1870-11333,isSameAs,ALB-CN-1880-31296,1870,1880,70-80,0.957
27e96b71-c362-4e91-b9d1-6002e9b309da,ALB-CN-1870-11334,isSameAs,ALB-CN-1880-31297,1870,1880,70-80,0.924
53adb214-fd99-450d-9956-97a81b873f7f,ALB-CN-1870-11335,isSameAs,ALB-CN-1880-31298,1870,1880,70-80,0.971
a84d3e75-1540-46fb-b1c2-1d19a08f4420,ALB-CN-1870-11336,isSameAs,ALB-CN-1880-31299,1870,1880,70-80,0.957
4ecbfda5-196e-48d5-b6b7-258266dc3ca8,ALB-CN-1870-11337,isSameAs,ALB-CN-1880-32303,1870,1880,70-80,0.622
38fa9e74-ad69-4c06-8806-be903009a62f,ALB-CN-1870-1134,isSameAs,ALB-CN-1880-23336,1870,1880,70-80,0.909
b488a0ac-2ca1-4474-8da0-e49bd3e0d3c4,ALB-CN-1870-11344,isSameAs,ALB-CN-1880-29953,1870,1880,70-80,0.668
da2448c8-f55f-439d-ac62-591a17d3575c,ALB-CN-1870-11347,isSameAs,ALB-CN-1880-27198,1870,1880,70-80,0.818
c76c147f-86b2-4f2f-bad3-4709a20ca4a5,ALB-CN-1870-11348,isSameAs,ALB-CN-1880-28772,1870,1880,70-80,0.622
d3517f1d-bfcd-402c-a10f-8da96535cef6,ALB-CN-1870-1135,isSameAs,ALB-CN-1880-24633,1870,1880,70-80,0.668
8a50f294-4c03-4bda-9d18-418e14b96fd1,ALB-CN-1870-11353,isSameAs,ALB-CN-1880-30361,1870,1880,70-80,0.968
b9921431-00c2-43cb-b67b-f0f7b875a3e4,ALB-CN-1870-11354,isSameAs,ALB-CN-1880-30362,1870,1880,70-80,0.964
c649f7d4-4e87-471d-a1f4-3b5ca835fbb3,ALB-CN-1870-11355,isSameAs,ALB-CN-1880-30617,1870,1880,70-80,0.953
a704c1eb-9c1e-4112-a360-f4cf65a53db3,ALB-CN-1870-11356,isSameAs,ALB-CN-1880-30618,1870,1880,70-80,0.931
090a6526-9443-4ef7-8a3a-0ba3ae0eea51,ALB-CN-1870-11357,isSameAs,ALB-CN-1880-30619,1870,1880,70-80,0.98
bc32b1f1-4052-4043-adc4-5628d667f7a6,ALB-CN-1870-11358,isSameAs,ALB-CN-1880-30620,1870,1880,70-80,0.968
6c1eef73-8810-4e90-ac6f-598d4a2638df,ALB-CN-1870-1136,isSameAs,ALB-CN-1880-23338,1870,1880,70-80,0.87
4117cfee-f436-466f-9ef7-33dbdc5a1740,ALB-CN-1870-11360,isSameAs,ALB-CN-1880-4697,1870,1880,70-80,0.668
86db7d91-31ed-49f2-908b-0bc8c4168deb,ALB-CN-1870-11365,isSameAs,ALB-CN-1880-31276,1870,1880,70-80,0.948
6fa8c4de-66f9-4e3c-86e0-0570abf584c3,ALB-CN-1870-11366,isSameAs,ALB-CN-1880-31278,1870,1880,70-80,0.968
8340e4ab-139d-47e4-ae29-541981e2d1b4,ALB-CN-1870-11367,isSameAs,ALB-CN-1880-31279,1870,1880,70-80,0.971
e8942388-d88b-4383-9a8a-418f1b2df4a1,ALB-CN-1870-1137,isSameAs,ALB-CN-1880-23339,1870,1880,70-80,0.818
b086aee4-496f-4648-850b-b722d172f1fa,ALB-CN-1870-11389,isSameAs,ALB-CN-1880-30283,1870,1880,70-80,0.846
968c35c0-8a21-4924-941c-a028e9525e04,ALB-CN-1870-11396,isSameAs,ALB-CN-1880-30439,1870,1880,70-80,0.881
d64a70db-cd37-4b02-b0fe-ff95c0cbf946,ALB-CN-1870-11398,isSameAs,ALB-CN-1880-30441,1870,1880,70-80,0.976
7eb562c2-af2e-4013-8410-a93b9da10ad5,ALB-CN-1870-1140,isSameAs,ALB-CN-1880-24059,1870,1880,70-80,0.971
8adbacf0-2056-47d5-87a7-f71827c784c2,ALB-CN-1870-11406,isSameAs,ALB-CN-1880-24712,1870,1880,70-80,0.75
f16b53b2-4d33-47a3-8883-0ebdfb6a8e42,ALB-CN-1870-11407,isSameAs,ALB-CN-1880-29705,1870,1880,70-80,0.846
fc8614d5-3611-471e-a00e-2a2d94521d60,ALB-CN-1870-1141,isSameAs,ALB-CN-1880-24060,1870,1880,70-80,0.943
c9d796d3-976c-4723-b6f3-f2b537aedb38,ALB-CN-1870-11415,isSameAs,ALB-CN-1880-30454,1870,1880,70-80,0.87
27b8e3c4-6e73-4bfd-9859-50d0d6450e54,ALB-CN-1870-11416,isSameAs,ALB-CN-1880-30455,1870,1880,70-80,0.9
b5dd30b7-da75-4000-ab0e-02515e8d57e7,ALB-CN-1870-11419,isSameAs,ALB-CN-1880-30458,1870,1880,70-80,0.846
d902a70d-b060-497c-b9cf-9fec386b3657,ALB-CN-1870-1142,isSameAs,ALB-CN-1880-24061,1870,1880,70-80,0.622
9313d3fa-e1e8-4a64-a8f5-982d9a175ae2,ALB-CN-1870-11422,isSameAs,ALB-CN-1880-12557,1870,1880,70-80,0.964
3cbf2306-af22-46a0-a6e7-05e8ce4f7365,ALB-CN-1870-11424,isSameAs,ALB-CN-1880-12559,1870,1880,70-80,0.948
0232605b-889d-4129-87af-520143496a4c,ALB-CN-1870-11425,isSameAs,ALB-CN-1880-12560,1870,1880,70-80,0.839
6708524f-872e-41db-9de2-64e48631e3b7,ALB-CN-1870-11426,isSameAs,ALB-CN-1880-12561,1870,1880,70-80,0.948
d3c99676-1efa-4d00-a373-d6a5cafc3918,ALB-CN-1870-11427,isSameAs,ALB-CN-1880-12562,1870,1880,70-80,0.948
9003adc6-4ef4-4146-933d-bf9866fd03ba,ALB-CN-1870-1143,isSameAs,ALB-CN-1880-24062,1870,1880,70-80,0.953
a425025d-7c4a-4bb1-8b2a-b1843a80bbff,ALB-CN-1870-11433,isSameAs,ALB-CN-1880-26824,1870,1880,70-80,0.94
8e97ee47-3d65-453a-9966-33f396af0230,ALB-CN-1870-11434,isSameAs,ALB-CN-1880-26825,1870,1880,70-80,0.75
a1793b0a-7642-473e-8a0f-d140c372c733,ALB-CN-1870-11435,isSameAs,ALB-CN-1880-26826,1870,1880,70-80,0.964
fdb389c7-1e6a-4083-b064-d22a47ea3a3a,ALB-CN-1870-11439,isSameAs,ALB-CN-1880-12927,1870,1880,70-80,0.846
6fafe364-7961-4073-a4e9-52e170eaa664,ALB-CN-1870-11442,isSameAs,ALB-CN-1880-18820,1870,1880,70-80,0.75
5f67f887-ebd4-467c-a50c-2c7835d2b1b4,ALB-CN-1870-11445,isSameAs,ALB-CN-1880-27911,1870,1880,70-80,0.891
ff5c0b8e-b84d-4653-b49e-4614fe7930ca,ALB-CN-1870-11447,isSameAs,ALB-CN-1880-2598,1870,1880,70-80,0.646
20dce3bb-ecd6-478d-b3bb-f3f236d0a7a1,ALB-CN-1870-11450,isSameAs,ALB-CN-1880-27913,1870,1880,70-80,0.701
b56b4dcf-eef3-414b-8173-6b836b64ec5f,ALB-CN-1870-11460,isSameAs,ALB-CN-1880-2544,1870,1880,70-80,0.711
12be48dd-8b47-4710-b076-04244a036c0b,ALB-CN-1870-11464,isSameAs,ALB-CN-1880-1569,1870,1880,70-80,0.668
05b53e9c-267a-47cf-a850-c4019af56554,ALB-CN-1870-11466,isSameAs,ALB-CN-1880-13759,1870,1880,70-80,0.818
c1ce58e5-01b8-4c6d-aa71-9f7b2ffd7bcc,ALB-CN-1870-11468,isSameAs,ALB-CN-1880-10031,1870,1880,70-80,0.909
3e5f9c3d-7d41-4d00-b917-3291e11cd2ff,ALB-CN-1870-11471,isSameAs,ALB-CN-1880-10033,1870,1880,70-80,0.909
76912d3e-b81a-40dc-8222-6c8cfc731987,ALB-CN-1870-11472,isSameAs,ALB-CN-1880-9034,1870,1880,70-80,0.622
4f88c422-d39d-4280-897e-596ab88537de,ALB-CN-1870-11473,isSameAs,ALB-CN-1880-10034,1870,1880,70-80,0.818
59d914f2-23d7-4243-977d-7fb529dbc497,ALB-CN-1870-11475,isSameAs,ALB-CN-1880-10035,1870,1880,70-80,0.87
446d213b-87fb-4072-baed-c7c9f83b4424,ALB-CN-1870-11476,isSameAs,ALB-CN-1880-9318,1870,1880,70-80,0.832
cac28c49-032a-459e-9a67-3b856a71bcea,ALB-CN-1870-11481,isSameAs,ALB-CN-1880-29799,1870,1880,70-80,0.786
13999b24-8dac-418e-a204-43a82ee2cf59,ALB-CN-1870-11482,isSameAs,ALB-CN-1880-29800,1870,1880,70-80,0.622
87559642-03b1-4cf3-89fc-439b4918d26f,ALB-CN-1870-11484,isSameAs,ALB-CN-1880-29801,1870,1880,70-80,0.924
5c522534-8ba6-4243-992e-0123e8654df8,ALB-CN-1870-11485,isSameAs,ALB-CN-1880-29802,1870,1880,70-80,0.711
943746c0-9691-434a-a782-074350e07a42,ALB-CN-1870-11486,isSameAs,ALB-CN-1880-29803,1870,1880,70-80,0.948
5178654e-3de9-4c07-89f1-2106da0ac36f,ALB-CN-1870-11487,isSameAs,ALB-CN-1880-13018,1870,1880,70-80,0.731
107acbc3-56ad-4d5f-aed4-166cce947e6b,ALB-CN-1870-11490,isSameAs,ALB-CN-1880-29809,1870,1880,70-80,0.818
db9cedfe-333f-449a-926a-a49d12a1441e,ALB-CN-1870-11492,isSameAs,ALB-CN-1880-30710,1870,1880,70-80,0.891
0ea195bc-5056-4db3-8706-38e9d38a4195,ALB-CN-1870-11493,isSameAs,ALB-CN-1880-30711,1870,1880,70-80,0.846
e2efc9dd-975e-4b40-99bc-3e3493200c0c,ALB-CN-1870-11494,isSameAs,ALB-CN-1880-30490,1870,1880,70-80,0.832
0981333f-904c-4499-b777-56871a7b099c,ALB-CN-1870-11498,isSameAs,ALB-CN-1880-25610,1870,1880,70-80,0.679
8d1eed49-62bd-44b1-b27d-89d885c0e8d5,ALB-CN-1870-115,isSameAs,ALB-CN-1880-29453,1870,1880,70-80,0.846
1a6a2265-5216-4b7c-8c81-77f3d7ef2f3f,ALB-CN-1870-11502,isSameAs,ALB-CN-1880-31925,1870,1880,70-80,0.87
e8fd8983-e280-4b08-8c21-0275435ad60e,ALB-CN-1870-11503,isSameAs,ALB-CN-1880-31924,1870,1880,70-80,0.87
eb73610f-4d78-453a-9809-f4708be264fd,ALB-CN-1870-11504,isSameAs,ALB-CN-1880-31926,1870,1880,70-80,0.818
73f4eb82-6192-4448-bb76-b69fe6395605,ALB-CN-1870-11509,isSameAs,ALB-CN-1880-30908,1870,1880,70-80,0.721
e7b09b2b-e3e8-42ff-a964-bf13eb008fc2,ALB-CN-1870-1151,isSameAs,ALB-CN-1880-23525,1870,1880,70-80,0.825
f577de80-c5b0-46e3-9cc1-cecd055501d4,ALB-CN-1870-11510,isSameAs,ALB-CN-1880-30912,1870,1880,70-80,0.611
3c5eaf3a-08d2-4fce-a2b5-408c64cf3fe7,ALB-CN-1870-11528,isSameAs,ALB-CN-1880-18852,1870,1880,70-80,0.731
2ba87b3f-5d57-412e-8845-b760a3eb49d2,ALB-CN-1870-1153,isSameAs,ALB-CN-1880-23527,1870,1880,70-80,0.825
51b005eb-04ad-42d4-ba4f-c8038c0e7b4c,ALB-CN-1870-11530,isSameAs,ALB-CN-1880-31851,1870,1880,70-80,0.924
bde69056-6075-440c-8b8f-e97079d2f709,ALB-CN-1870-11532,isSameAs,ALB-CN-1880-31853,1870,1880,70-80,0.924
a63d01ca-eb0f-4805-96c7-65e501b1634b,ALB-CN-1870-11533,isSameAs,ALB-CN-1880-31854,1870,1880,70-80,0.98
dfdac775-cc09-4287-b139-6ae881aaa8a0,ALB-CN-1870-11534,isSameAs,ALB-CN-1880-31855,1870,1880,70-80,0.924
1b58e64d-8586-4569-b271-ac97ed750cc8,ALB-CN-1870-11535,isSameAs,ALB-CN-1880-18853,1870,1880,70-80,0.731
41917b4b-77e7-4343-b880-f96a02c5f941,ALB-CN-1870-1154,isSameAs,ALB-CN-1880-23528,1870,1880,70-80,0.825
f984edd5-cb50-4693-b724-789d83abc014,ALB-CN-1870-11540,isSameAs,ALB-CN-1880-30991,1870,1880,70-80,0.711
0ae8cb78-81b7-45f6-9452-b8ca6b5ad9c5,ALB-CN-1870-11542,isSameAs,ALB-CN-1880-26335,1870,1880,70-80,0.948
62d11ac5-4b51-4d79-86f0-d2e8dccd9cfc,ALB-CN-1870-11543,isSameAs,ALB-CN-1880-26336,1870,1880,70-80,0.75
f8503470-8265-4cb2-b389-17224fd308ab,ALB-CN-1870-11544,isSameAs,ALB-CN-1880-26339,1870,1880,70-80,0.891
9e080455-e4f5-4142-ac1e-e1193d7a8118,ALB-CN-1870-11547,isSameAs,ALB-CN-1880-718,1870,1880,70-80,0.943
930aa1bc-51d5-4f3b-b11f-0ceb9d453415,ALB-CN-1870-11557,isSameAs,ALB-CN-1880-24508,1870,1880,70-80,0.846
bc07bfbc-a728-4bd0-a3e2-652a7bd21ed9,ALB-CN-1870-11558,isSameAs,ALB-CN-1880-24509,1870,1880,70-80,0.825
5d3af5e0-46ff-4af4-b866-a1bbc902fc13,ALB-CN-1870-11559,isSameAs,ALB-CN-1880-28577,1870,1880,70-80,0.731
4ef0d00e-e508-4531-8b5d-11a4431d7325,ALB-CN-1870-11562,isSameAs,ALB-CN-1880-32171,1870,1880,70-80,0.75
11a7dfc7-7deb-43fb-9845-cdd462805a05,ALB-CN-1870-11568,isSameAs,ALB-CN-1880-30875,1870,1880,70-80,0.75
cacf8ec1-6d10-40ba-a35c-a5b52a7d1823,ALB-CN-1870-11571,isSameAs,ALB-CN-1880-30590,1870,1880,70-80,0.982
0c7f713f-e908-4da9-8727-77e3abac707b,ALB-CN-1870-11572,isSameAs,ALB-CN-1880-30591,1870,1880,70-80,0.931
b24e7e88-25e7-4bbd-994f-0e80de157a46,ALB-CN-1870-11573,isSameAs,ALB-CN-1880-30592,1870,1880,70-80,0.973
0a240cef-b81e-4366-95a1-550286638879,ALB-CN-1870-11574,isSameAs,ALB-CN-1880-30593,1870,1880,70-80,0.973
5e22a68e-c0df-4d12-9897-4f05b2b3fd74,ALB-CN-1870-11576,isSameAs,ALB-CN-1880-30951,1870,1880,70-80,0.87
79717b8b-7aca-40ae-998b-9735eb294705,ALB-CN-1870-11578,isSameAs,ALB-CN-1880-30952,1870,1880,70-80,0.909
80057d5f-bba2-49d5-a452-577c6547de76,ALB-CN-1870-11579,isSameAs,ALB-CN-1880-30953,1870,1880,70-80,0.909
558415c9-e545-4664-ae8d-e5a6e7faad26,ALB-CN-1870-11580,isSameAs,ALB-CN-1880-30954,1870,1880,70-80,0.87
bacc25e4-d1bb-42f8-930e-529b1114a2dd,ALB-CN-1870-11586,isSameAs,ALB-CN-1880-30426,1870,1880,70-80,0.846
b2938d8a-fcc6-4def-a72b-ad058bf655e8,ALB-CN-1870-1159,isSameAs,ALB-CN-1880-23299,1870,1880,70-80,0.881
f4092913-e0c0-44d6-9b0c-7ba36cd6ab0d,ALB-CN-1870-11599,isSameAs,ALB-CN-1880-31420,1870,1880,70-80,0.75
2780a8a0-a1c5-4112-8ce5-b980979f44aa,ALB-CN-1870-11605,isSameAs,ALB-CN-1880-20266,1870,1880,70-80,0.832
1583c9c9-5568-4e42-af98-da3f7ccf4d54,ALB-CN-1870-11606,isSameAs,ALB-CN-1880-3368,1870,1880,70-80,0.769
e109bb2b-0344-4a13-bee3-9bfa3b16ae0c,ALB-CN-1870-1161,isSameAs,ALB-CN-1880-23300,1870,1880,70-80,0.668
ca98e412-1dea-4045-a114-e9229cd28374,ALB-CN-1870-1162,isSameAs,ALB-CN-1880-23301,1870,1880,70-80,0.9
5c7c65a5-abb7-4906-925b-dfecfa2dfcc6,ALB-CN-1870-11625,isSameAs,ALB-CN-1880-16311,1870,1880,70-80,0.711
23cb1be9-2a6b-41a9-b1e5-610bc06f56ec,ALB-CN-1870-11629,isSameAs,ALB-CN-1880-30551,1870,1880,70-80,0.948
05fc17f0-6404-4b73-9d4a-a0cd97e7cba9,ALB-CN-1870-1163,isSameAs,ALB-CN-1880-23302,1870,1880,70-80,0.924
708bf52d-6b8a-4c11-893a-2665f0cbf66a,ALB-CN-1870-11630,isSameAs,ALB-CN-1880-30552,1870,1880,70-80,0.87
69daafdd-260c-4dd8-a0ef-5647d01ae54a,ALB-CN-1870-11631,isSameAs,ALB-CN-1880-30553,1870,1880,70-80,0.948
f80a8fa5-2e68-43f6-9478-d4d64c438116,ALB-CN-1870-11634,isSameAs,ALB-CN-1880-14322,1870,1880,70-80,0.802
a976d53e-61e2-4739-b9e8-b0c49137bbf8,ALB-CN-1870-11639,isSameAs,ALB-CN-1880-28861,1870,1880,70-80,0.839
3c8c8047-1fe2-4e87-8bf5-41ab406d1fd8,ALB-CN-1870-11640,isSameAs,ALB-CN-1880-18827,1870,1880,70-80,0.937
f475d4ac-8ba2-4ff3-9938-14c9885130f9,ALB-CN-1870-11641,isSameAs,ALB-CN-1880-18828,1870,1880,70-80,0.909
83a6a33b-f9a9-496c-b6cc-eb6a171bad66,ALB-CN-1870-11644,isSameAs,ALB-CN-1880-25433,1870,1880,70-80,0.987
519799f8-4dd5-4883-91fb-43a574212b51,ALB-CN-1870-11645,isSameAs,ALB-CN-1880-25434,1870,1880,70-80,0.987
a25a9bfa-7e61-4dc1-9964-a74c459d40c2,ALB-CN-1870-11646,isSameAs,ALB-CN-1880-25435,1870,1880,70-80,0.971
6d5d34ed-3c73-4882-b08f-9165f5d54bb0,ALB-CN-1870-11648,isSameAs,ALB-CN-1880-25436,1870,1880,70-80,0.957
c1a85535-f9e3-437f-ac67-e7c642b4b41e,ALB-CN-1870-11649,isSameAs,ALB-CN-1880-25310,1870,1880,70-80,0.858
821a7985-fa8e-419f-a3c8-5928db36ed4c,ALB-CN-1870-11650,isSameAs,ALB-CN-1880-25437,1870,1880,70-80,0.971
c7d5c723-8fc7-40dc-9cc1-45eac50e23e8,ALB-CN-1870-11651,isSameAs,ALB-CN-1880-25438,1870,1880,70-80,0.98
f95e7302-59a3-44f7-bc54-45fff55f26de,ALB-CN-1870-11652,isSameAs,ALB-CN-1880-25311,1870,1880,70-80,0.937
ac48d972-51b7-4043-ac55-f8c995de12b3,ALB-CN-1870-11653,isSameAs,ALB-CN-1880-25312,1870,1880,70-80,0.937
700d72ac-fa09-410f-9212-527499c0879c,ALB-CN-1870-11656,isSameAs,ALB-CN-1880-31070,1870,1880,70-80,0.832
aa96d5b0-cc20-4138-a36e-50a915f17c5b,ALB-CN-1870-11657,isSameAs,ALB-CN-1880-31071,1870,1880,70-80,0.846
10620293-e7ac-4d1f-acfb-5d3a860a0272,ALB-CN-1870-11662,isSameAs,ALB-CN-1880-30854,1870,1880,70-80,0.943
f17446a0-0b48-4914-8a51-f4c6a8c1cef6,ALB-CN-1870-11664,isSameAs,ALB-CN-1880-30855,1870,1880,70-80,0.87
523ce07b-1e5d-4bbd-b97a-eeab29b9e13b,ALB-CN-1870-11667,isSameAs,ALB-CN-1880-31617,1870,1880,70-80,0.731
c78ad854-424c-4943-b8ba-2099dc14162b,ALB-CN-1870-11669,isSameAs,ALB-CN-1880-25093,1870,1880,70-80,0.832
40cb6392-3ae2-4654-a19b-bed29d604c6b,ALB-CN-1870-11672,isSameAs,ALB-CN-1880-25095,1870,1880,70-80,0.832
3b26234b-fb3d-4296-8827-65e47325fa4e,ALB-CN-1870-11673,isSameAs,ALB-CN-1880-25096,1870,1880,70-80,0.924
c02eeff1-52fa-4e52-8c62-ccecaf2ade90,ALB-CN-1870-11676,isSameAs,ALB-CN-1880-30886,1870,1880,70-80,0.891
eaa44e1a-ce8b-430a-9814-3b7ed2450bf0,ALB-CN-1870-11687,isSameAs,ALB-CN-1880-3132,1870,1880,70-80,0.769
f23eeac2-4389-4a90-b0e4-d5764c653845,ALB-CN-1870-11688,isSameAs,ALB-CN-1880-16710,1870,1880,70-80,0.858
d744de35-194d-436f-9d17-f4991a7b731e,ALB-CN-1870-1169,isSameAs,ALB-CN-1880-23257,1870,1880,70-80,0.917
ac185339-100a-44fa-8c9e-88ce60e55d60,ALB-CN-1870-11691,isSameAs,ALB-CN-1880-30693,1870,1880,70-80,0.961
0d061194-b98d-45e3-a515-36baf91a8752,ALB-CN-1870-11692,isSameAs,ALB-CN-1880-30370,1870,1880,70-80,0.668
aa31b13a-dd1d-4c23-ad6d-4a7440c69583,ALB-CN-1870-11693,isSameAs,ALB-CN-1880-31736,1870,1880,70-80,0.721
16a8a31e-ec3f-4ad3-aa63-fa9e8f6ad41d,ALB-CN-1870-11696,isSameAs,ALB-CN-1880-26037,1870,1880,70-80,0.989
72312c7c-de44-415c-a76e-5f1d05108f4b,ALB-CN-1870-11697,isSameAs,ALB-CN-1880-26038,1870,1880,70-80,0.937
b1b707d3-89d0-4895-975a-6020a7c6c53e,ALB-CN-1870-11698,isSameAs,ALB-CN-1880-26039,1870,1880,70-80,0.917
687c67bd-7425-42ea-9412-6f2e8ca01911,ALB-CN-1870-11699,isSameAs,ALB-CN-1880-26040,1870,1880,70-80,0.98
7a9bb7c7-b7c0-43dc-b867-0943d76b8d1d,ALB-CN-1870-11701,isSameAs,ALB-CN-1880-3208,1870,1880,70-80,0.646
bd2d6849-4e1a-4d7f-918a-d90042c5c1de,ALB-CN-1870-1171,isSameAs,ALB-CN-1880-23258,1870,1880,70-80,0.99
dd8a28ee-692f-427d-994e-2ac7ca2d1e49,ALB-CN-1870-11711,isSameAs,ALB-CN-1880-30554,1870,1880,70-80,0.971
e47fa341-014c-4acb-9390-a915009b4893,ALB-CN-1870-11712,isSameAs,ALB-CN-1880-30555,1870,1880,70-80,0.913
cb09aaf9-d124-4afa-8699-82ecff79b91a,ALB-CN-1870-11714,isSameAs,ALB-CN-1880-30556,1870,1880,70-80,0.858
54d44ab4-f90c-408e-8b6c-d50e75cc75e7,ALB-CN-1870-11715,isSameAs,ALB-CN-1880-30557,1870,1880,70-80,0.937
6132fe20-5e95-44e0-9a03-809f150acc5a,ALB-CN-1870-11716,isSameAs,ALB-CN-1880-30558,1870,1880,70-80,0.971
17cdfc0b-8975-4502-80d7-e030259df748,ALB-CN-1870-11717,isSameAs,ALB-CN-1880-30559,1870,1880,70-80,0.957
fa0f8b3d-728b-42f5-bb67-4b5da52ae179,ALB-CN-1870-1172,isSameAs,ALB-CN-1880-23259,1870,1880,70-80,0.964
a7298ff4-4d1e-4e2e-9c2f-34c449a8ab6d,ALB-CN-1870-11720,isSameAs,ALB-CN-1880-30764,1870,1880,70-80,0.721
2a18cbaf-7cd0-48a8-a9fc-b4ee0dedbf77,ALB-CN-1870-11723,isSameAs,ALB-CN-1880-30520,1870,1880,70-80,0.9
b9bc34bd-82e7-4783-a22d-2810c9dea335,ALB-CN-1870-1173,isSameAs,ALB-CN-1880-23108,1870,1880,70-80,0.948
b79759e2-6119-44c1-8763-e9d3ec11410d,ALB-CN-1870-11730,isSameAs,ALB-CN-1880-28862,1870,1880,70-80,0.81
893cca24-73f2-4baf-aeb1-f8ae3bb974b1,ALB-CN-1870-11739,isSameAs,ALB-CN-1880-30531,1870,1880,70-80,0.98
b1b7277a-1c47-4e5c-9fd7-7eefd76edd95,ALB-CN-1870-1174,isSameAs,ALB-CN-1880-23109,1870,1880,70-80,0.948
d4b9f1c6-1aa0-44fb-946e-354c08f5fd97,ALB-CN-1870-11741,isSameAs,ALB-CN-1880-30532,1870,1880,70-80,0.968
6a30573c-5632-4af3-8853-f3e9865d4065,ALB-CN-1870-11742,isSameAs,ALB-CN-1880-83,1870,1880,70-80,0.657
e1ca3da0-82da-4a8e-ba5e-821f3c198a4f,ALB-CN-1870-11745,isSameAs,ALB-CN-1880-30534,1870,1880,70-80,0.9
96a61d64-3deb-4754-b5c9-ca38b50c9bc2,ALB-CN-1870-11748,isSameAs,ALB-CN-1880-30535,1870,1880,70-80,0.711
1c4179db-95e2-473f-b043-fa19115772d1,ALB-CN-1870-1175,isSameAs,ALB-CN-1880-16297,1870,1880,70-80,0.825
d815e69d-566a-45fc-ab00-5b60ead1962f,ALB-CN-1870-11753,isSameAs,ALB-CN-1880-27504,1870,1880,70-80,0.69
c47ca4d7-3365-40e0-9ec8-f537d4331d94,ALB-CN-1870-11759,isSameAs,ALB-CN-1880-755,1870,1880,70-80,0.976
2e0e3bf2-f7e5-47e7-9784-1d7fe93d8800,ALB-CN-1870-1176,isSameAs,ALB-CN-1880-23111,1870,1880,70-80,0.948
5bfd00b2-debd-407b-80cb-f2d88811bb4b,ALB-CN-1870-11760,isSameAs,ALB-CN-1880-756,1870,1880,70-80,0.846
7c2577d8-027e-4419-904e-0689e98d66d1,ALB-CN-1870-11761,isSameAs,ALB-CN-1880-22305,1870,1880,70-80,0.657
6b028585-687b-44db-bbfd-1ae65303d141,ALB-CN-1870-11763,isSameAs,ALB-CN-1880-11035,1870,1880,70-80,0.622
82ff485f-5db4-4915-b228-e30a1fe78d4a,ALB-CN-1870-11765,isSameAs,ALB-CN-1880-757,1870,1880,70-80,0.909
225e17b5-aa02-450a-a8da-415220d1398a,ALB-CN-1870-11768,isSameAs,ALB-CN-1880-28730,1870,1880,70-80,0.611
51bef4f5-2c95-479b-97d4-543c9eb7dc21,ALB-CN-1870-1177,isSameAs,ALB-CN-1880-23112,1870,1880,70-80,0.976
980b33bb-ce76-4fdd-ade9-6fe8e7598025,ALB-CN-1870-1178,isSameAs,ALB-CN-1880-23290,1870,1880,70-80,0.984
5d5d837b-cafa-4e76-8178-3af445f95c38,ALB-CN-1870-11781,isSameAs,ALB-CN-1880-24242,1870,1880,70-80,0.769
296a39dd-0502-4ef4-9ab7-cd9531386c74,ALB-CN-1870-11782,isSameAs,ALB-CN-1880-30561,1870,1880,70-80,0.9
4eec4815-3091-415d-8561-abc4f51f43b5,ALB-CN-1870-1179,isSameAs,ALB-CN-1880-23291,1870,1880,70-80,0.953
9adc291d-2261-4cea-8cea-0d7272d7fac7,ALB-CN-1870-11790,isSameAs,ALB-CN-1880-25028,1870,1880,70-80,0.978
74c95c6b-07c4-4f4a-b8f0-32a2325f4d5b,ALB-CN-1870-11791,isSameAs,ALB-CN-1880-30101,1870,1880,70-80,0.832
da9d7415-09db-4a99-92c0-527a5fdd021c,ALB-CN-1870-11793,isSameAs,ALB-CN-1880-25030,1870,1880,70-80,0.881
85715598-dd08-4a1b-a794-76e4b04a37ad,ALB-CN-1870-11795,isSameAs,ALB-CN-1880-25029,1870,1880,70-80,0.94
37531ff0-c793-4352-9525-f88c2a4c0a87,ALB-CN-1870-11796,isSameAs,ALB-CN-1880-30476,1870,1880,70-80,0.987
1dd1c3b0-e538-45c4-a337-eea46f851e9b,ALB-CN-1870-11797,isSameAs,ALB-CN-1880-30477,1870,1880,70-80,0.964
f15abd80-e6f0-4d8c-b5fe-ab6c681c9f03,ALB-CN-1870-11798,isSameAs,ALB-CN-1880-30478,1870,1880,70-80,0.971
7c850002-4984-4ff0-90d5-7ba5bf75d746,ALB-CN-1870-1180,isSameAs,ALB-CN-1880-23292,1870,1880,70-80,0.984
6b7763af-7278-4e72-a352-290ee39cc874,ALB-CN-1870-11801,isSameAs,ALB-CN-1880-30034,1870,1880,70-80,0.984
a1085ddd-62bd-435e-b9af-e7bbf87128f6,ALB-CN-1870-11802,isSameAs,ALB-CN-1880-30035,1870,1880,70-80,0.961
a0de8f2a-2fdc-4413-b66b-42c742b3ba9b,ALB-CN-1870-11803,isSameAs,ALB-CN-1880-30036,1870,1880,70-80,0.978
066e36ad-44ba-4447-ac7b-23a1d49a5dbf,ALB-CN-1870-11804,isSameAs,ALB-CN-1880-30037,1870,1880,70-80,0.964
aa09f8cd-570c-4d55-9c1c-29da8d2415ad,ALB-CN-1870-11809,isSameAs,ALB-CN-1880-30688,1870,1880,70-80,0.989
8b6d50ba-3d37-4826-bf86-08c24306d457,ALB-CN-1870-1181,isSameAs,ALB-CN-1880-23293,1870,1880,70-80,0.989
08dbf0f8-109c-432f-855b-c8e79f53b7ef,ALB-CN-1870-11810,isSameAs,ALB-CN-1880-30689,1870,1880,70-80,0.973
914143b9-fa9e-49d3-9ca0-49337d8b4444,ALB-CN-1870-11811,isSameAs,ALB-CN-1880-30690,1870,1880,70-80,0.75
61cb12cf-a147-49e8-b928-99c37e648c9b,ALB-CN-1870-11812,isSameAs,ALB-CN-1880-30691,1870,1880,70-80,0.984
866bb0e5-7aeb-4fec-bc34-ffa9ec99c6db,ALB-CN-1870-11813,isSameAs,ALB-CN-1880-30692,1870,1880,70-80,0.99
2c829353-c3c0-4dde-a5d7-a2cd3d2317c9,ALB-CN-1870-11814,isSameAs,ALB-CN-1880-30687,1870,1880,70-80,0.976
4937ddee-0bb4-4260-8337-21ebab5b82f3,ALB-CN-1870-11816,isSameAs,ALB-CN-1880-31711,1870,1880,70-80,0.777
184ff4ac-7cf0-4709-9aef-5ebbf54e7c4f,ALB-CN-1870-11817,isSameAs,ALB-CN-1880-30696,1870,1880,70-80,0.984
b8df9df9-5bf3-4f3c-945c-a111c46a56e7,ALB-CN-1870-11818,isSameAs,ALB-CN-1880-31713,1870,1880,70-80,0.87
b75c4386-7499-4a44-8aa3-7d5ce95c0464,ALB-CN-1870-11821,isSameAs,ALB-CN-1880-31813,1870,1880,70-80,0.802
1a54687a-3a2f-4d74-b1f8-a5f66450b338,ALB-CN-1870-11823,isSameAs,ALB-CN-1880-30526,1870,1880,70-80,0.971
2ad453f0-c7c1-4699-8ffb-a6af392981da,ALB-CN-1870-11824,isSameAs,ALB-CN-1880-30527,1870,1880,70-80,0.917
e51a7719-1b61-4ec2-a010-e6bd1f2f01fa,ALB-CN-1870-11826,isSameAs,ALB-CN-1880-30528,1870,1880,70-80,0.9
0df04eee-995d-4235-8d4f-2dfd2aaa0a22,ALB-CN-1870-11829,isSameAs,ALB-CN-1880-24514,1870,1880,70-80,0.711
42d74a63-adb7-4dad-8f07-e9a50b1a4c15,ALB-CN-1870-11830,isSameAs,ALB-CN-1880-31378,1870,1880,70-80,0.937
d0da3095-35aa-4000-9a0c-93dc741689d1,ALB-CN-1870-11831,isSameAs,ALB-CN-1880-31379,1870,1880,70-80,0.711
b09e67ff-f143-440e-ad79-cd37dd2c8d38,ALB-CN-1870-11833,isSameAs,ALB-CN-1880-24513,1870,1880,70-80,0.852
1a4463e2-1190-43f1-9476-7a7b618b06b1,ALB-CN-1870-11843,isSameAs,ALB-CN-1880-27231,1870,1880,70-80,0.731
cef0406c-205d-4a3c-9d4f-29e8aa67322a,ALB-CN-1870-11844,isSameAs,ALB-CN-1880-27232,1870,1880,70-80,0.964
186f7c63-bcea-4879-84e3-1cd10f822668,ALB-CN-1870-11846,isSameAs,ALB-CN-1880-24573,1870,1880,70-80,0.937
571f4d03-175e-4e2b-b82b-3da8517353fd,ALB-CN-1870-11847,isSameAs,ALB-CN-1880-24575,1870,1880,70-80,0.99
7a29ab91-c7a4-49fe-8a7d-6be4332bb53a,ALB-CN-1870-11848,isSameAs,ALB-CN-1880-30500,1870,1880,70-80,0.858
e6a5a77d-0c92-4bf8-9afb-d26683ef43ef,ALB-CN-1870-11849,isSameAs,ALB-CN-1880-29828,1870,1880,70-80,0.87
a6e0066c-e3ed-4046-9fec-cd7603609878,ALB-CN-1870-11857,isSameAs,ALB-CN-1880-25244,1870,1880,70-80,0.646
dd4f168e-ce7c-4df4-bf2e-803b78b5d844,ALB-CN-1870-11858,isSameAs,ALB-CN-1880-31481,1870,1880,70-80,0.917
2691e328-3d5a-49b8-97ee-c2f4809a0dd4,ALB-CN-1870-11862,isSameAs,ALB-CN-1880-26952,1870,1880,70-80,0.881
9853a420-edcb-42a8-98ff-b57a35035161,ALB-CN-1870-11863,isSameAs,ALB-CN-1880-30663,1870,1880,70-80,0.87
5fb2e26c-b991-4a25-9be8-0f3e6471fba0,ALB-CN-1870-11864,isSameAs,ALB-CN-1880-30664,1870,1880,70-80,0.937
76e5a575-aa7b-47d1-b7c3-3aab36138fc8,ALB-CN-1870-11865,isSameAs,ALB-CN-1880-30665,1870,1880,70-80,0.9
5096ce9f-3eda-4823-828c-8770bd3d4b31,ALB-CN-1870-11867,isSameAs,ALB-CN-1880-30667,1870,1880,70-80,0.9
e64d11eb-4b19-4fd3-a4f0-94d09c9beb86,ALB-CN-1870-11868,isSameAs,ALB-CN-1880-30668,1870,1880,70-80,0.937
68189da2-c5cd-4551-978a-afe04ca8e4ec,ALB-CN-1870-11873,isSameAs,ALB-CN-1880-30627,1870,1880,70-80,0.924
3787f43f-9e9a-4c86-a081-42f9ac4f108f,ALB-CN-1870-11874,isSameAs,ALB-CN-1880-30628,1870,1880,70-80,0.891
75fec6b2-661e-4729-b6d5-28612d294f64,ALB-CN-1870-11876,isSameAs,ALB-CN-1880-22304,1870,1880,70-80,0.76
5f761bc2-3468-43a4-ac4e-92710f05a53f,ALB-CN-1870-11878,isSameAs,ALB-CN-1880-30624,1870,1880,70-80,0.622
3d520e0c-6883-4a42-94fe-61113f03d34a,ALB-CN-1870-11879,isSameAs,ALB-CN-1880-26891,1870,1880,70-80,0.881
8c336c0f-efa3-4253-8e91-b96f460556d2,ALB-CN-1870-11880,isSameAs,ALB-CN-1880-26892,1870,1880,70-80,0.701
8ee1c0fc-028e-4c96-ac18-11dbb694a971,ALB-CN-1870-11881,isSameAs,ALB-CN-1880-26893,1870,1880,70-80,0.832
2c1fb7da-c4f0-4be8-a67e-c9a231092147,ALB-CN-1870-11885,isSameAs,ALB-CN-1880-30900,1870,1880,70-80,0.987
31c877ea-be9a-42f0-bbe4-db968a7c699e,ALB-CN-1870-11886,isSameAs,ALB-CN-1880-30901,1870,1880,70-80,0.87
cc30ad67-4087-4190-bd1b-0dfe7a177cf6,ALB-CN-1870-11889,isSameAs,ALB-CN-1880-30903,1870,1880,70-80,0.948
a603575e-58a7-417c-ab7a-3c46ed51692f,ALB-CN-1870-11891,isSameAs,ALB-CN-1880-30904,1870,1880,70-80,0.948
32ecf219-6736-4693-8bf4-a4905dc72598,ALB-CN-1870-11895,isSameAs,ALB-CN-1880-27228,1870,1880,70-80,0.75
9daaa568-57a6-468d-8275-03faac0f2afc,ALB-CN-1870-11900,isSameAs,ALB-CN-1880-30417,1870,1880,70-80,0.75
fcb75f0b-9ecf-41f4-8ba3-0a7c537ab09b,ALB-CN-1870-11901,isSameAs,ALB-CN-1880-30418,1870,1880,70-80,0.989
971f268c-796c-4fda-a859-254ba85fc06e,ALB-CN-1870-11903,isSameAs,ALB-CN-1880-30419,1870,1880,70-80,0.976
b5d6bcca-2bf3-4025-9c7f-0d4a42466556,ALB-CN-1870-11904,isSameAs,ALB-CN-1880-30420,1870,1880,70-80,0.976
c5f84d8e-7a0a-4d21-979e-cfe2e713fe3f,ALB-CN-1870-11905,isSameAs,ALB-CN-1880-30421,1870,1880,70-80,0.976
14b827cf-8b79-4211-a1bc-6d8ae2de5345,ALB-CN-1870-11906,isSameAs,ALB-CN-1880-2613,1870,1880,70-80,0.917
5564ca6a-00f0-4d82-bd6e-45c2304d4cc1,ALB-CN-1870-11907,isSameAs,ALB-CN-1880-30423,1870,1880,70-80,0.989
8723435d-e7e2-46e6-b922-3d4f3d13be1f,ALB-CN-1870-1191,isSameAs,ALB-CN-1880-2596,1870,1880,70-80,0.786
c113240c-d24f-406c-9ba9-0e27c6393c7e,ALB-CN-1870-11916,isSameAs,ALB-CN-1880-30603,1870,1880,70-80,0.786
f8b73bec-46a8-4b19-8b8c-37e2324187b3,ALB-CN-1870-11917,isSameAs,ALB-CN-1880-30604,1870,1880,70-80,0.69
3ffd0764-3d92-48bf-af01-7b8b5c14c7b9,ALB-CN-1870-11918,isSameAs,ALB-CN-1880-30390,1870,1880,70-80,0.832
521543b5-aefb-46aa-9147-2f0180191a7f,ALB-CN-1870-11922,isSameAs,ALB-CN-1880-31772,1870,1880,70-80,0.846
4fff95a6-db4d-4674-8b8c-7d63df511e35,ALB-CN-1870-11927,isSameAs,ALB-CN-1880-359,1870,1880,70-80,0.846
1189076e-0801-42d5-9613-ffc3f7e284cd,ALB-CN-1870-11930,isSameAs,ALB-CN-1880-25017,1870,1880,70-80,0.909
fdf411e9-0064-44b8-8f22-7889e45da680,ALB-CN-1870-1194,isSameAs,ALB-CN-1880-23465,1870,1880,70-80,0.858
8b5e0298-6bd8-477a-a96d-87caeaad7991,ALB-CN-1870-11941,isSameAs,ALB-CN-1880-16762,1870,1880,70-80,0.679
de5396e1-d834-41c8-985f-ad6d0abe46fa,ALB-CN-1870-11943,isSameAs,ALB-CN-1880-30791,1870,1880,70-80,0.909
c57e7b4a-f3ea-4f5c-979e-d4f0650eac5b,ALB-CN-1870-11944,isSameAs,ALB-CN-1880-24929,1870,1880,70-80,0.858
e103d7b3-4b66-42c8-8fc0-f5787969a5eb,ALB-CN-1870-11945,isSameAs,ALB-CN-1880-24930,1870,1880,70-80,0.973
648868f7-0b01-4e0d-8145-5c3aa5c4cd0c,ALB-CN-1870-11946,isSameAs,ALB-CN-1880-24931,1870,1880,70-80,0.961
1f3b0e65-b7bd-4778-9e24-3dba55054ca7,ALB-CN-1870-11947,isSameAs,ALB-CN-1880-30976,1870,1880,70-80,0.646
ffd21a99-2777-45cb-bfd5-5581a81aa712,ALB-CN-1870-11949,isSameAs,ALB-CN-1880-24933,1870,1880,70-80,0.973
4045c4d2-b644-472f-939c-2c1d01d2eaf8,ALB-CN-1870-11958,isSameAs,ALB-CN-1880-3946,1870,1880,70-80,0.87
d1508a90-92d1-4916-a52e-72f01e27cac2,ALB-CN-1870-11959,isSameAs,ALB-CN-1880-3947,1870,1880,70-80,0.721
2990d918-b226-4177-9e82-bd02b75cbcc1,ALB-CN-1870-1196,isSameAs,ALB-CN-1880-23171,1870,1880,70-80,0.917
ac8bf0a9-47ae-4b5c-9db6-a99f344aba2e,ALB-CN-1870-11960,isSameAs,ALB-CN-1880-3948,1870,1880,70-80,0.825
dc3ba2ab-4f4f-4002-961e-3d32a47ea614,ALB-CN-1870-11965,isSameAs,ALB-CN-1880-31439,1870,1880,70-80,0.75
eb6539b6-9d37-4620-85b3-70244e81c909,ALB-CN-1870-11967,isSameAs,ALB-CN-1880-32249,1870,1880,70-80,0.937
0f8f1ba2-3939-4977-acfa-23a83377484c,ALB-CN-1870-11969,isSameAs,ALB-CN-1880-32250,1870,1880,70-80,0.825
3e652f39-c2bd-4434-b1bc-c753425f4696,ALB-CN-1870-11970,isSameAs,ALB-CN-1880-32251,1870,1880,70-80,0.87
6afb948d-c685-421d-8a96-101b0f070a94,ALB-CN-1870-11971,isSameAs,ALB-CN-1880-32252,1870,1880,70-80,0.909
9a967d64-e6a3-42cc-a3e0-8187d6fd0793,ALB-CN-1870-11973,isSameAs,ALB-CN-1880-27094,1870,1880,70-80,0.646
36dd4699-2a9e-4167-b343-df6d7116d899,ALB-CN-1870-11974,isSameAs,ALB-CN-1880-5516,1870,1880,70-80,0.679
53465aac-b6bf-4116-b12e-d62358ad3145,ALB-CN-1870-11975,isSameAs,ALB-CN-1880-31440,1870,1880,70-80,0.846
3b8bd361-492c-4ab5-be8f-3b0d9e61e783,ALB-CN-1870-11976,isSameAs,ALB-CN-1880-10041,1870,1880,70-80,0.634
d49f8947-6e3c-4652-946c-3d0fc3149d0e,ALB-CN-1870-1198,isSameAs,ALB-CN-1880-23463,1870,1880,70-80,0.858
a1921b00-26ad-45fd-92d5-b1eb06481953,ALB-CN-1870-11981,isSameAs,ALB-CN-1880-25027,1870,1880,70-80,0.622
cf384399-5e08-4544-a01f-8c303db6f866,ALB-CN-1870-11982,isSameAs,ALB-CN-1880-22562,1870,1880,70-80,0.731
e400da2d-e157-4609-af71-dc600ae1e666,ALB-CN-1870-11991,isSameAs,ALB-CN-1880-25439,1870,1880,70-80,0.984
25a1bc6d-9675-4273-988b-be1b5dba855e,ALB-CN-1870-11992,isSameAs,ALB-CN-1880-25440,1870,1880,70-80,0.99
821946e0-8562-40c2-93b5-0d3c9857f5b2,ALB-CN-1870-11993,isSameAs,ALB-CN-1880-25441,1870,1880,70-80,0.985
87a99c90-360b-41f7-a609-f7f0cc8bfd22,ALB-CN-1870-11994,isSameAs,ALB-CN-1880-25452,1870,1880,70-80,0.875
9b97fe0b-bee0-43d6-8157-13480ee525eb,ALB-CN-1870-11995,isSameAs,ALB-CN-1880-5424,1870,1880,70-80,0.891
9971f54b-1b7b-45f9-b27c-8dbf4a629aaf,ALB-CN-1870-11996,isSameAs,ALB-CN-1880-28495,1870,1880,70-80,0.69
5a9677a2-320b-4502-8071-a0adeb63ca85,ALB-CN-1870-11997,isSameAs,ALB-CN-1880-25442,1870,1880,70-80,0.985
9dd9da41-e41b-447c-adcf-56fec877a2b6,ALB-CN-1870-11998,isSameAs,ALB-CN-1880-26533,1870,1880,70-80,0.909
94085bec-3b60-4ae8-a5e8-e59b02653fdc,ALB-CN-1870-12,isSameAs,ALB-CN-1880-31233,1870,1880,70-80,0.818
626fc505-3fd6-446c-aa7b-435df253aff0,ALB-CN-1870-120,isSameAs,ALB-CN-1880-14462,1870,1880,70-80,0.69
31f2d859-8777-4799-8551-cf1f2df12db3,ALB-CN-1870-12001,isSameAs,ALB-CN-1880-25443,1870,1880,70-80,0.99
67887e70-0b92-48ff-8719-a36ea3305748,ALB-CN-1870-12002,isSameAs,ALB-CN-1880-27067,1870,1880,70-80,0.846
b5b2c182-e9d9-4b67-a87d-8cff35329083,ALB-CN-1870-12004,isSameAs,ALB-CN-1880-15140,1870,1880,70-80,0.646
fba28a22-5901-4db7-8074-434f24ef7047,ALB-CN-1870-12007,isSameAs,ALB-CN-1880-26537,1870,1880,70-80,0.948
6a3032cf-84de-4905-9378-df5c0d13f581,ALB-CN-1870-12017,isSameAs,ALB-CN-1880-30546,1870,1880,70-80,0.971
07d174e8-de47-47ca-a8c3-94b1f7ac4d33,ALB-CN-1870-12018,isSameAs,ALB-CN-1880-30547,1870,1880,70-80,0.971
5df6624b-aa38-45b7-9011-159412d8bf26,ALB-CN-1870-12019,isSameAs,ALB-CN-1880-30548,1870,1880,70-80,0.984
56c3cad4-24b7-41d7-8789-09b927eb24cc,ALB-CN-1870-1202,isSameAs,ALB-CN-1880-2594,1870,1880,70-80,0.769
17babe59-6776-4fc2-b7be-7a0fabff900c,ALB-CN-1870-12023,isSameAs,ALB-CN-1880-10665,1870,1880,70-80,0.646
7ca30fcc-b694-4056-b701-9ac809b2d359,ALB-CN-1870-1203,isSameAs,ALB-CN-1880-22825,1870,1880,70-80,0.75
64b794e5-1387-4fca-bfc3-851cf5eb21aa,ALB-CN-1870-12037,isSameAs,ALB-CN-1880-24944,1870,1880,70-80,0.858
511d9b72-0119-49c0-8cfd-a218410efc3c,ALB-CN-1870-12039,isSameAs,ALB-CN-1880-28362,1870,1880,70-80,0.971
134c900e-2732-4a13-942d-29b025f98114,ALB-CN-1870-12040,isSameAs,ALB-CN-1880-28363,1870,1880,70-80,0.976
cb98932b-b148-4d6d-a0c0-455066e3e76c,ALB-CN-1870-12043,isSameAs,ALB-CN-1880-28364,1870,1880,70-80,0.657
d99ce457-9dd6-4514-ac5f-0c3430ad621d,ALB-CN-1870-12045,isSameAs,ALB-CN-1880-25380,1870,1880,70-80,0.891
ea6b43fa-ee15-4b36-8f61-91267bded8c9,ALB-CN-1870-12048,isSameAs,ALB-CN-1880-24452,1870,1880,70-80,0.94
e3b14e74-cfac-48e7-ad61-ef6e36da897e,ALB-CN-1870-12049,isSameAs,ALB-CN-1880-24453,1870,1880,70-80,0.98
35a59c2b-b4b3-4e4c-b741-47ba667641fa,ALB-CN-1870-1205,isSameAs,ALB-CN-1880-22311,1870,1880,70-80,0.846
d5f50262-e63f-4348-a801-cd2a6aae7865,ALB-CN-1870-12050,isSameAs,ALB-CN-1880-24454,1870,1880,70-80,0.818
6dcb7c15-7141-45e4-8806-44b3ab27b917,ALB-CN-1870-12052,isSameAs,ALB-CN-1880-24455,1870,1880,70-80,0.971
5329e29b-ed7d-4fcf-b244-14c72c805ade,ALB-CN-1870-12053,isSameAs,ALB-CN-1880-24457,1870,1880,70-80,0.957
710b03ab-048d-4282-a25a-e5fed02442f6,ALB-CN-1870-12060,isSameAs,ALB-CN-1880-30512,1870,1880,70-80,0.721
8a6dde0b-4b8d-4806-b78a-16ecd5401345,ALB-CN-1870-12067,isSameAs,ALB-CN-1880-10724,1870,1880,70-80,0.769
f0e7abe0-e76c-46c0-a2da-a75bc034833f,ALB-CN-1870-12068,isSameAs,ALB-CN-1880-28919,1870,1880,70-80,0.75
44756676-61c3-441e-8de2-767409c41819,ALB-CN-1870-12069,isSameAs,ALB-CN-1880-25119,1870,1880,70-80,0.846
5aa8c72c-6031-4baf-a73e-b67efd193f2e,ALB-CN-1870-12076,isSameAs,ALB-CN-1880-21730,1870,1880,70-80,0.846
8421401c-187c-4a2b-8169-7a4a44792c12,ALB-CN-1870-12077,isSameAs,ALB-CN-1880-31178,1870,1880,70-80,0.957
778b6643-a81b-4a24-aa64-b59c95859250,ALB-CN-1870-12078,isSameAs,ALB-CN-1880-31179,1870,1880,70-80,0.99
3e2adddf-f470-46bc-a891-97ae65221d4a,ALB-CN-1870-12079,isSameAs,ALB-CN-1880-31180,1870,1880,70-80,0.957
06bd3e33-b65f-4869-830b-78d6f0b66752,ALB-CN-1870-12084,isSameAs,ALB-CN-1880-31174,1870,1880,70-80,0.937
242c582a-bb00-4cc6-8363-02f89694b411,ALB-CN-1870-12086,isSameAs,ALB-CN-1880-24493,1870,1880,70-80,0.924
613cf0b0-63e6-4b31-b157-aa9229050199,ALB-CN-1870-12087,isSameAs,ALB-CN-1880-24494,1870,1880,70-80,0.668
d5568803-2cea-47e6-bf25-338165a2ceac,ALB-CN-1870-12089,isSameAs,ALB-CN-1880-24495,1870,1880,70-80,0.984
9da6b045-0d7f-4ee9-bfdd-b33582d00411,ALB-CN-1870-1209,isSameAs,ALB-CN-1880-9777,1870,1880,70-80,0.786
640943bf-2f84-43f9-95ca-3b0bf196c7df,ALB-CN-1870-12092,isSameAs,ALB-CN-1880-30509,1870,1880,70-80,0.964
4564d6e8-c3b4-440e-bb95-8ad0b3839b91,ALB-CN-1870-12093,isSameAs,ALB-CN-1880-30510,1870,1880,70-80,0.99
f88036f3-a76f-487a-9860-1636f8bba433,ALB-CN-1870-12094,isSameAs,ALB-CN-1880-30511,1870,1880,70-80,0.99
8d635091-0db4-4008-81cd-1eeacd7427bd,ALB-CN-1870-12101,isSameAs,ALB-CN-1880-25543,1870,1880,70-80,0.69
b44ae4cd-e01f-4d6f-a36c-3e6cbca37f45,ALB-CN-1870-12106,isSameAs,ALB-CN-1880-10710,1870,1880,70-80,0.964
86d6912b-d48a-431a-9a6e-970931d15458,ALB-CN-1870-12113,isSameAs,ALB-CN-1880-31135,1870,1880,70-80,0.937
daaa43aa-d9ab-433e-b8b0-014cd4d90a7a,ALB-CN-1870-12114,isSameAs,ALB-CN-1880-31136,1870,1880,70-80,0.75
7ee1e890-709c-45ca-86b5-b083a8cd51eb,ALB-CN-1870-12115,isSameAs,ALB-CN-1880-31137,1870,1880,70-80,0.977
5da3e830-53b4-4181-9f8e-8058423edaeb,ALB-CN-1870-12116,isSameAs,ALB-CN-1880-31138,1870,1880,70-80,0.94
3834fda1-cb48-4848-b78d-1982446c42ad,ALB-CN-1870-12117,isSameAs,ALB-CN-1880-31140,1870,1880,70-80,0.75
ede8399e-3a56-4785-9c8a-d9d5f3fe5eee,ALB-CN-1870-12118,isSameAs,ALB-CN-1880-30315,1870,1880,70-80,0.87
5e8c4b9a-4674-4331-bc54-3b7e4c1bc68c,ALB-CN-1870-12120,isSameAs,ALB-CN-1880-24425,1870,1880,70-80,0.959
20c168f8-efb7-4862-9dda-f57f6c94bf7f,ALB-CN-1870-12121,isSameAs,ALB-CN-1880-24426,1870,1880,70-80,0.98
a6578856-b987-4c78-8704-76464a8c418b,ALB-CN-1870-12122,isSameAs,ALB-CN-1880-24427,1870,1880,70-80,0.953
8b4e74a3-8509-4303-956e-0d413143c754,ALB-CN-1870-12123,isSameAs,ALB-CN-1880-13969,1870,1880,70-80,0.741
d619c1fa-2b1a-49be-84da-7e9be4909c42,ALB-CN-1870-12124,isSameAs,ALB-CN-1880-9335,1870,1880,70-80,0.634
a5e0c857-5350-443b-af6f-2ed2e62daa33,ALB-CN-1870-12125,isSameAs,ALB-CN-1880-15349,1870,1880,70-80,0.909
e9c2d8c8-d8f0-4c3c-8288-1ee2e2e454fc,ALB-CN-1870-12126,isSameAs,ALB-CN-1880-24428,1870,1880,70-80,0.98
0701fad5-1157-4cbb-95cd-b4896ce1ebec,ALB-CN-1870-12127,isSameAs,ALB-CN-1880-24429,1870,1880,70-80,0.94
b196f754-c1ff-4db2-90bb-6beee01820c0,ALB-CN-1870-12128,isSameAs,ALB-CN-1880-24430,1870,1880,70-80,0.971
f65a2ffb-f4fe-42ca-b1ab-244f396fb711,ALB-CN-1870-12129,isSameAs,ALB-CN-1880-24431,1870,1880,70-80,0.971
760ee886-814b-4b5f-b021-b9f828f90ec4,ALB-CN-1870-1213,isSameAs,ALB-CN-1880-23558,1870,1880,70-80,0.99
0cd55c42-1b09-4111-80cc-92310b1cd34f,ALB-CN-1870-12130,isSameAs,ALB-CN-1880-24432,1870,1880,70-80,0.94
2d0b576d-28a2-4f3b-af7f-c0fdb8a037e7,ALB-CN-1870-12131,isSameAs,ALB-CN-1880-24435,1870,1880,70-80,0.971
cb2da85d-0e76-4fa9-88a2-53904c24e51c,ALB-CN-1870-12132,isSameAs,ALB-CN-1880-24438,1870,1880,70-80,0.75
a7cbf02f-738e-49b9-9c1c-849f18a28285,ALB-CN-1870-12135,isSameAs,ALB-CN-1880-28471,1870,1880,70-80,0.75
c7e31757-cdb7-4f44-8e0d-713fab176c7a,ALB-CN-1870-12136,isSameAs,ALB-CN-1880-28472,1870,1880,70-80,0.75
a0f52cad-14cd-4af5-80e8-ca3abe58e585,ALB-CN-1870-1214,isSameAs,ALB-CN-1880-23559,1870,1880,70-80,0.99
3242bc6a-7326-4278-a4a5-7f9a1e715488,ALB-CN-1870-12141,isSameAs,ALB-CN-1880-24440,1870,1880,70-80,0.977
4714294a-6bcf-4481-8b64-b41a79b5bdda,ALB-CN-1870-12142,isSameAs,ALB-CN-1880-24441,1870,1880,70-80,0.989
cc54bcc9-1f33-4258-af87-9c9ffb329acd,ALB-CN-1870-12143,isSameAs,ALB-CN-1880-24442,1870,1880,70-80,0.99
69b51670-ac4f-4393-91e6-254827477008,ALB-CN-1870-12146,isSameAs,ALB-CN-1880-24443,1870,1880,70-80,0.984
fe883d15-2476-4c5c-9244-b33685cdd999,ALB-CN-1870-12147,isSameAs,ALB-CN-1880-24444,1870,1880,70-80,0.984
c2844e5f-fdf4-4229-8197-115b32b2de6d,ALB-CN-1870-12148,isSameAs,ALB-CN-1880-24446,1870,1880,70-80,0.989
0948f0aa-98cc-49a2-8d81-2eef6ed50447,ALB-CN-1870-12149,isSameAs,ALB-CN-1880-24447,1870,1880,70-80,0.99
7e1e6704-10bc-4136-bfcd-add6c2c013b6,ALB-CN-1870-1215,isSameAs,ALB-CN-1880-22720,1870,1880,70-80,0.802
07fb83fb-fc20-4745-b60d-2c50456b8e88,ALB-CN-1870-12151,isSameAs,ALB-CN-1880-11177,1870,1880,70-80,0.858
24d2565c-07fe-43b2-ac29-e5adb00f6739,ALB-CN-1870-12152,isSameAs,ALB-CN-1880-24449,1870,1880,70-80,0.984
6d96bf40-3793-4c61-b8b0-c51adf2d185b,ALB-CN-1870-12158,isSameAs,ALB-CN-1880-24445,1870,1880,70-80,0.891
45b98d3c-d556-4b06-906f-a139e16c4d4b,ALB-CN-1870-1216,isSameAs,ALB-CN-1880-23560,1870,1880,70-80,0.982
0daae3c5-26e8-4365-ae3a-b7ededeecd49,ALB-CN-1870-1217,isSameAs,ALB-CN-1880-23561,1870,1880,70-80,0.99
1e1a676f-2475-4f29-9fec-f2deeb5e659f,ALB-CN-1870-12175,isSameAs,ALB-CN-1880-32026,1870,1880,70-80,0.769
f4bb80dc-85f2-47a8-a9a4-4b103124f734,ALB-CN-1870-1218,isSameAs,ALB-CN-1880-21305,1870,1880,70-80,0.858
3608aaf6-3276-4573-888a-d0ac0b292bbb,ALB-CN-1870-12181,isSameAs,ALB-CN-1880-25389,1870,1880,70-80,0.976
1fb43de7-7821-4baa-a60f-3979007f97fe,ALB-CN-1870-12182,isSameAs,ALB-CN-1880-25390,1870,1880,70-80,0.985
9f6e8f9f-d3ac-4107-a603-9cc1e1d437ad,ALB-CN-1870-12183,isSameAs,ALB-CN-1880-25451,1870,1880,70-80,0.99
72b1604d-a6b1-4a22-b212-fd6f781b1e49,ALB-CN-1870-12184,isSameAs,ALB-CN-1880-25391,1870,1880,70-80,0.985
07f08197-c71e-45e9-b662-224dfa31b194,ALB-CN-1870-12185,isSameAs,ALB-CN-1880-25843,1870,1880,70-80,0.802
79c4bb60-f051-4f92-9b6c-15dd138bb868,ALB-CN-1870-12190,isSameAs,ALB-CN-1880-28993,1870,1880,70-80,0.818
802b561e-1933-4ffb-a7f4-6dd31299db51,ALB-CN-1870-12192,isSameAs,ALB-CN-1880-25397,1870,1880,70-80,0.937
8b128cbb-c356-4f53-b827-f5419407fc67,ALB-CN-1870-12196,isSameAs,ALB-CN-1880-25400,1870,1880,70-80,0.76
b82723c7-f005-4805-aeb1-065321f21fbd,ALB-CN-1870-12200,isSameAs,ALB-CN-1880-26753,1870,1880,70-80,0.69
4729179e-b021-4ac5-b245-dedc681dbe5e,ALB-CN-1870-12202,isSameAs,ALB-CN-1880-17841,1870,1880,70-80,0.9
9d6b3cfd-645d-4429-9802-bd32923cb784,ALB-CN-1870-12203,isSameAs,ALB-CN-1880-17842,1870,1880,70-80,0.846
355eb726-953b-432f-b2d7-07c61568eec9,ALB-CN-1870-12204,isSameAs,ALB-CN-1880-25844,1870,1880,70-80,0.668
e8c54adf-c191-4229-99b2-cfb835680f83,ALB-CN-1870-12206,isSameAs,ALB-CN-1880-5576,1870,1880,70-80,0.731
863d82c1-dbf5-4148-8619-7834986482ba,ALB-CN-1870-12207,isSameAs,ALB-CN-1880-26072,1870,1880,70-80,0.99
7c498fa3-0d5e-453c-a0f1-b99132cef424,ALB-CN-1870-12208,isSameAs,ALB-CN-1880-26073,1870,1880,70-80,0.99
05baf6ef-ec06-462d-bd2c-b4a0a6b38540,ALB-CN-1870-12209,isSameAs,ALB-CN-1880-26074,1870,1880,70-80,0.989
9d707f00-6c48-404e-877a-60278bdbf231,ALB-CN-1870-1221,isSameAs,ALB-CN-1880-22568,1870,1880,70-80,0.909
95d59f25-aec3-4b7a-a99d-f4b87f9503b7,ALB-CN-1870-12210,isSameAs,ALB-CN-1880-26075,1870,1880,70-80,0.984
2ddc0de1-862b-4a5b-ad5a-18a022cd779f,ALB-CN-1870-12211,isSameAs,ALB-CN-1880-26076,1870,1880,70-80,0.984
789de08c-cc61-413d-865b-c039d4fd839b,ALB-CN-1870-12212,isSameAs,ALB-CN-1880-26077,1870,1880,70-80,0.818
7fc955ff-be04-4458-8fd2-15e9929b33c1,ALB-CN-1870-12217,isSameAs,ALB-CN-1880-24510,1870,1880,70-80,0.81
6fb7f306-983e-4f6f-a295-53c8dd868351,ALB-CN-1870-12218,isSameAs,ALB-CN-1880-24511,1870,1880,70-80,0.75
9d26f7dc-f534-4fa2-9cc0-4e531eb036af,ALB-CN-1870-12219,isSameAs,ALB-CN-1880-25644,1870,1880,70-80,0.75
f03b2f64-189e-4ea4-b0a1-abe19768ec59,ALB-CN-1870-1222,isSameAs,ALB-CN-1880-22569,1870,1880,70-80,0.721
5ba0ee14-8d39-49e9-8dcd-c968b51e02e2,ALB-CN-1870-12222,isSameAs,ALB-CN-1880-26057,1870,1880,70-80,0.968
0a42a7f2-c08a-486d-871b-8768b9be959f,ALB-CN-1870-12223,isSameAs,ALB-CN-1880-26058,1870,1880,70-80,0.961
d7dfbf01-1e0d-4d20-a7c7-7f3d1e69558e,ALB-CN-1870-12224,isSameAs,ALB-CN-1880-17364,1870,1880,70-80,0.818
2ef6b96d-4b12-4c5b-a7ce-77ab7458f62a,ALB-CN-1870-12225,isSameAs,ALB-CN-1880-26059,1870,1880,70-80,0.978
521703e9-1b41-4518-a717-1d4266cf934b,ALB-CN-1870-12226,isSameAs,ALB-CN-1880-15526,1870,1880,70-80,0.711
95126eb5-b241-43ef-bbec-99b3068cad56,ALB-CN-1870-12227,isSameAs,ALB-CN-1880-6372,1870,1880,70-80,0.701
15a301eb-b99c-4289-8689-17f9d2c80db0,ALB-CN-1870-12229,isSameAs,ALB-CN-1880-2510,1870,1880,70-80,0.909
3ba47848-c369-4e3e-bce7-162d38b18b2f,ALB-CN-1870-1223,isSameAs,ALB-CN-1880-22571,1870,1880,70-80,0.87
eab6b5ed-a16b-4daf-87d7-1fa292a7ca71,ALB-CN-1870-12231,isSameAs,ALB-CN-1880-20678,1870,1880,70-80,0.622
4d73a96a-b792-4974-aaa1-c3dce3a561e8,ALB-CN-1870-12233,isSameAs,ALB-CN-1880-18341,1870,1880,70-80,0.711
bbd6feef-1abf-4d3f-8b4f-625a8fd9ccc2,ALB-CN-1870-12237,isSameAs,ALB-CN-1880-30179,1870,1880,70-80,0.846
80bfbee4-0275-4dbc-8305-a8aa82a4a060,ALB-CN-1870-12238,isSameAs,ALB-CN-1880-30178,1870,1880,70-80,0.846
390b9ce0-48fc-4e39-a9eb-b64662666e1b,ALB-CN-1870-12243,isSameAs,ALB-CN-1880-24538,1870,1880,70-80,0.928
28444479-0602-4590-ab17-e085fe31c250,ALB-CN-1870-12245,isSameAs,ALB-CN-1880-24539,1870,1880,70-80,0.832
3f363189-01b2-4b56-b2ab-3163a13a50be,ALB-CN-1870-12247,isSameAs,ALB-CN-1880-24540,1870,1880,70-80,0.832
f32d8993-4ffc-4461-83f0-34faa863b9db,ALB-CN-1870-12248,isSameAs,ALB-CN-1880-24541,1870,1880,70-80,0.98
d172fa0c-c9f6-4a0b-abb2-67633a0efde1,ALB-CN-1870-12257,isSameAs,ALB-CN-1880-27089,1870,1880,70-80,0.711
e3b7a015-2442-4170-99a8-a902cba26e25,ALB-CN-1870-12258,isSameAs,ALB-CN-1880-27090,1870,1880,70-80,0.971
543c48da-bb42-4ffc-ba9c-d36dd6f1ce25,ALB-CN-1870-12259,isSameAs,ALB-CN-1880-27091,1870,1880,70-80,0.968
205b0bdb-e56c-4579-a8f8-6c7f8041dd86,ALB-CN-1870-12260,isSameAs,ALB-CN-1880-27092,1870,1880,70-80,0.971
2231671c-d7ad-414b-ac11-bd6f86040f32,ALB-CN-1870-12261,isSameAs,ALB-CN-1880-28321,1870,1880,70-80,0.881
b85f0fa3-d37b-492f-bdb2-a5f3c9fe6ba8,ALB-CN-1870-12262,isSameAs,ALB-CN-1880-24517,1870,1880,70-80,0.984
f55c2f96-b3bf-4b90-8c49-56ce9e1335c2,ALB-CN-1870-12263,isSameAs,ALB-CN-1880-24518,1870,1880,70-80,0.984
02afbb93-bc68-46aa-b3fe-bdbff6a55df3,ALB-CN-1870-12264,isSameAs,ALB-CN-1880-24519,1870,1880,70-80,0.982
9ee88250-b77c-449e-b666-9797a2028f9d,ALB-CN-1870-12265,isSameAs,ALB-CN-1880-24520,1870,1880,70-80,0.977
eb552592-7b29-47bb-add4-d4653d18c63c,ALB-CN-1870-12266,isSameAs,ALB-CN-1880-24521,1870,1880,70-80,0.966
910f2b83-f046-4bad-b71c-eb607b3e1178,ALB-CN-1870-12267,isSameAs,ALB-CN-1880-24516,1870,1880,70-80,0.984
03ccd0cf-6582-4924-9874-cddd9d1e68cb,ALB-CN-1870-12268,isSameAs,ALB-CN-1880-24522,1870,1880,70-80,0.984
d53e63ab-ae4f-456f-9d8d-a0ebf9b1b4b0,ALB-CN-1870-12269,isSameAs,ALB-CN-1880-24436,1870,1880,70-80,0.976
61e4cd9e-d2a3-4297-a3c7-4ff3806cf635,ALB-CN-1870-12272,isSameAs,ALB-CN-1880-12146,1870,1880,70-80,0.622
390b631e-988f-4869-9a69-47f2c8249e6e,ALB-CN-1870-12274,isSameAs,ALB-CN-1880-12147,1870,1880,70-80,0.622
0a1954ed-f416-4021-8d11-278b98d289b1,ALB-CN-1870-12275,isSameAs,ALB-CN-1880-12149,1870,1880,70-80,0.896
e4750877-5aae-42ca-90a0-5759a62d0d7e,ALB-CN-1870-12276,isSameAs,ALB-CN-1880-12148,1870,1880,70-80,0.711
fb935794-1073-4ceb-b3f5-fed12425eb4d,ALB-CN-1870-12278,isSameAs,ALB-CN-1880-12150,1870,1880,70-80,0.896
c5905e85-992e-4380-a662-f7716e1cb5e6,ALB-CN-1870-1228,isSameAs,ALB-CN-1880-22823,1870,1880,70-80,0.634
e9bee9a7-dad4-447b-9371-558dc7bb89a9,ALB-CN-1870-12280,isSameAs,ALB-CN-1880-28289,1870,1880,70-80,0.75
2b9d0022-1d7c-48ff-873e-e494b176a9d5,ALB-CN-1870-12290,isSameAs,ALB-CN-1880-29855,1870,1880,70-80,0.909
7a543a83-f2cc-4985-985d-ce7f373a39eb,ALB-CN-1870-12291,isSameAs,ALB-CN-1880-29856,1870,1880,70-80,0.875
6914cfd2-6893-4313-9218-978db1280754,ALB-CN-1870-12294,isSameAs,ALB-CN-1880-25447,1870,1880,70-80,0.76
75643be5-ccfc-414c-a405-4e59b6e3e647,ALB-CN-1870-12296,isSameAs,ALB-CN-1880-29857,1870,1880,70-80,0.87
06b45169-e60d-46a6-9524-9aaee148e7a6,ALB-CN-1870-12300,isSameAs,ALB-CN-1880-11752,1870,1880,70-80,0.881
78e77bed-8eda-4e31-b725-bfc71ff7a740,ALB-CN-1870-12301,isSameAs,ALB-CN-1880-25081,1870,1880,70-80,0.622
edc8555f-4b6b-4c7c-b228-4625eaa39a1e,ALB-CN-1870-12303,isSameAs,ALB-CN-1880-25076,1870,1880,70-80,0.98
ea338cb0-cbae-48f2-ad91-8812ea83bb4a,ALB-CN-1870-12304,isSameAs,ALB-CN-1880-25077,1870,1880,70-80,0.971
65f0ac82-9e5a-45a7-9cb5-c1fbbb3b035f,ALB-CN-1870-12305,isSameAs,ALB-CN-1880-25078,1870,1880,70-80,0.971
86ff8ab6-c6eb-4d15-8ba6-8223948fc952,ALB-CN-1870-12308,isSameAs,ALB-CN-1880-25085,1870,1880,70-80,0.846
ea251429-03c3-46c3-9eeb-eb88fe3f7887,ALB-CN-1870-12309,isSameAs,ALB-CN-1880-4522,1870,1880,70-80,0.711
75aff803-cc51-466f-a5a2-cf6d189dbf5b,ALB-CN-1870-12310,isSameAs,ALB-CN-1880-21632,1870,1880,70-80,0.711
11069064-49b4-4d34-822d-cea565e36577,ALB-CN-1870-12312,isSameAs,ALB-CN-1880-26607,1870,1880,70-80,0.846
a5b00255-236e-4a4c-8b88-996c56921493,ALB-CN-1870-1232,isSameAs,ALB-CN-1880-22820,1870,1880,70-80,0.611
0c7ffaa8-cfa3-46af-b9b1-129f31b0081b,ALB-CN-1870-12322,isSameAs,ALB-CN-1880-25057,1870,1880,70-80,0.987
f04ff12e-db41-4242-bb1b-e3c62e79f3d2,ALB-CN-1870-12325,isSameAs,ALB-CN-1880-25059,1870,1880,70-80,0.98
61330ffe-b699-430a-8627-f42c0f1184bd,ALB-CN-1870-12327,isSameAs,ALB-CN-1880-25060,1870,1880,70-80,0.9
f77353cf-bce4-4a7b-a385-cb2ff7a674df,ALB-CN-1870-12328,isSameAs,ALB-CN-1880-25062,1870,1880,70-80,0.971
5441f328-d285-476e-b26e-aabc9fd554a1,ALB-CN-1870-12332,isSameAs,ALB-CN-1880-24585,1870,1880,70-80,0.98
d4422ac7-12d7-45e7-a39d-482055ff414f,ALB-CN-1870-12333,isSameAs,ALB-CN-1880-24586,1870,1880,70-80,0.881
87eb1039-77ef-4511-842e-13269661ba52,ALB-CN-1870-12336,isSameAs,ALB-CN-1880-30697,1870,1880,70-80,0.622
de47a005-e8da-4513-a4fa-783c0208e627,ALB-CN-1870-12338,isSameAs,ALB-CN-1880-30026,1870,1880,70-80,0.846
5458d23e-5110-4ee8-8c52-c7ecffb7f84f,ALB-CN-1870-12340,isSameAs,ALB-CN-1880-3708,1870,1880,70-80,0.721
048373c3-ea1d-41ec-8c77-12310fb05bbd,ALB-CN-1870-12341,isSameAs,ALB-CN-1880-941,1870,1880,70-80,0.711
4d354efb-200f-444e-a1a9-c212db629470,ALB-CN-1870-12343,isSameAs,ALB-CN-1880-30029,1870,1880,70-80,0.846
4b85c7c7-5b7f-4fb0-985e-852e01c04470,ALB-CN-1870-12344,isSameAs,ALB-CN-1880-30027,1870,1880,70-80,0.711
0ab2f651-2cc1-43c4-8968-dd419a30cb21,ALB-CN-1870-12345,isSameAs,ALB-CN-1880-945,1870,1880,70-80,0.711
0d0f62a6-3256-4cdf-9a10-44255f3f372a,ALB-CN-1870-12348,isSameAs,ALB-CN-1880-25148,1870,1880,70-80,0.858
1a289186-e334-46dd-b496-7d2b284234f2,ALB-CN-1870-12349,isSameAs,ALB-CN-1880-25149,1870,1880,70-80,0.964
cd81d4ff-bb77-4865-a1dd-743fd2f6e297,ALB-CN-1870-12350,isSameAs,ALB-CN-1880-25150,1870,1880,70-80,0.957
79e5a4d3-1c4d-4850-8ca7-e36891cb61fb,ALB-CN-1870-12351,isSameAs,ALB-CN-1880-25151,1870,1880,70-80,0.957
fe58d52b-c955-41a9-862e-e9a02cb3b21d,ALB-CN-1870-12361,isSameAs,ALB-CN-1880-25109,1870,1880,70-80,0.913
2a636e6f-7a07-4d00-af46-17d51a8f52bc,ALB-CN-1870-12362,isSameAs,ALB-CN-1880-25110,1870,1880,70-80,0.966
7e6bf07e-13f4-4032-bc4f-dfb4aa145323,ALB-CN-1870-12363,isSameAs,ALB-CN-1880-25202,1870,1880,70-80,0.846
b9c8f175-27e0-4b4f-8e05-26ce72672616,ALB-CN-1870-12364,isSameAs,ALB-CN-1880-27033,1870,1880,70-80,0.657
aae01b51-ef23-4f35-ac18-244fe8d58460,ALB-CN-1870-12366,isSameAs,ALB-CN-1880-25111,1870,1880,70-80,0.971
c6f61fa7-f364-4658-96a8-679c42f3dda4,ALB-CN-1870-12367,isSameAs,ALB-CN-1880-25112,1870,1880,70-80,0.971
2918322a-fe97-4cec-ba7f-f11ae0ed157c,ALB-CN-1870-12368,isSameAs,ALB-CN-1880-25113,1870,1880,70-80,0.989
41941a72-46b7-41b9-8aba-3d3690880548,ALB-CN-1870-12369,isSameAs,ALB-CN-1880-25203,1870,1880,70-80,0.959
9ac6bbe0-a4fd-4b02-b005-a095be25d874,ALB-CN-1870-1237,isSameAs,ALB-CN-1880-25279,1870,1880,70-80,0.721
51afce25-bfde-410e-a0c6-e958e607c299,ALB-CN-1870-12370,isSameAs,ALB-CN-1880-25204,1870,1880,70-80,0.964
92d623da-6000-4c9e-a32d-11ff730949f3,ALB-CN-1870-12371,isSameAs,ALB-CN-1880-25205,1870,1880,70-80,0.864
4363c672-d777-43fc-81f0-933418f6cf55,ALB-CN-1870-12372,isSameAs,ALB-CN-1880-15873,1870,1880,70-80,0.611
2d73be7a-f2aa-4beb-9c1e-640a52433ba4,ALB-CN-1870-12373,isSameAs,ALB-CN-1880-25206,1870,1880,70-80,0.818
40cf430b-5e20-4a51-a75c-7f0aca1383d2,ALB-CN-1870-12377,isSameAs,ALB-CN-1880-24466,1870,1880,70-80,0.987
435f00aa-bdc9-412a-b04f-06be33927e87,ALB-CN-1870-12378,isSameAs,ALB-CN-1880-24467,1870,1880,70-80,0.964
993b98cc-a56f-41ce-bd6d-8275c2312dbc,ALB-CN-1870-12379,isSameAs,ALB-CN-1880-24468,1870,1880,70-80,0.948
8eef3756-10c6-4a97-9865-26736996b848,ALB-CN-1870-12380,isSameAs,ALB-CN-1880-24469,1870,1880,70-80,0.948
490f727c-4806-41c4-9d31-03e7037ad377,ALB-CN-1870-12381,isSameAs,ALB-CN-1880-24471,1870,1880,70-80,0.917
b51e1bc4-0115-441a-b190-010c1f9f45d2,ALB-CN-1870-12382,isSameAs,ALB-CN-1880-7230,1870,1880,70-80,0.668
24a94e8f-79d2-47a3-8f27-b80f9f288762,ALB-CN-1870-12383,isSameAs,ALB-CN-1880-24473,1870,1880,70-80,0.711
8b1241ab-9e64-41ff-b435-24cef98a23ed,ALB-CN-1870-12384,isSameAs,ALB-CN-1880-26090,1870,1880,70-80,0.891
e776ba07-610a-4416-a8ed-b057260e4417,ALB-CN-1870-12385,isSameAs,ALB-CN-1880-25453,1870,1880,70-80,0.957
58ae6737-85ad-4135-ba54-1f01f1d6826d,ALB-CN-1870-12386,isSameAs,ALB-CN-1880-10768,1870,1880,70-80,0.75
2df21d93-95b7-4868-b2f3-655e0adb5c43,ALB-CN-1870-12388,isSameAs,ALB-CN-1880-14755,1870,1880,70-80,0.679
5f02402e-c8be-494c-92df-ce276be0467b,ALB-CN-1870-1239,isSameAs,ALB-CN-1880-16290,1870,1880,70-80,0.622
0f8596e4-6678-4208-9400-f71652738d36,ALB-CN-1870-12391,isSameAs,ALB-CN-1880-12398,1870,1880,70-80,0.668
9aeb4fce-873e-46b1-b8b5-0afc69e356db,ALB-CN-1870-12392,isSameAs,ALB-CN-1880-10770,1870,1880,70-80,0.818
86d5ba65-9d63-41ae-8b47-ce3b05b0b6b0,ALB-CN-1870-12394,isSameAs,ALB-CN-1880-4776,1870,1880,70-80,0.622
7e02a172-706c-49d0-a534-828041ee7c16,ALB-CN-1870-12395,isSameAs,ALB-CN-1880-25501,1870,1880,70-80,0.881
4b9b41b9-3af5-4734-bb38-1f2b73e2e80f,ALB-CN-1870-12396,isSameAs,ALB-CN-1880-29876,1870,1880,70-80,0.721
f7a6062b-35de-4e64-84da-02986752de7a,ALB-CN-1870-12398,isSameAs,ALB-CN-1880-933,1870,1880,70-80,0.786
3f248f8f-d25f-4900-a6aa-2f07f507d3e1,ALB-CN-1870-12399,isSameAs,ALB-CN-1880-16619,1870,1880,70-80,0.777
71809ea1-ee83-4a39-922d-571e5331be1a,ALB-CN-1870-12400,isSameAs,ALB-CN-1880-7555,1870,1880,70-80,0.976
6c053f7f-2414-4009-8df9-60a7399e6e95,ALB-CN-1870-12401,isSameAs,ALB-CN-1880-16621,1870,1880,70-80,0.711
715cfc6e-9fc3-404c-81ee-ac87b1c6ddf2,ALB-CN-1870-12403,isSameAs,ALB-CN-1880-16617,1870,1880,70-80,0.711
7747dcd4-ceed-410c-873b-415ac02720b0,ALB-CN-1870-12404,isSameAs,ALB-CN-1880-939,1870,1880,70-80,0.839
068bce27-ae9d-488b-b71e-f7028454cc6c,ALB-CN-1870-12409,isSameAs,ALB-CN-1880-16618,1870,1880,70-80,0.622
231fa9aa-1b8a-420f-a83e-ce07325f03e1,ALB-CN-1870-1241,isSameAs,ALB-CN-1880-25803,1870,1880,70-80,0.721
fe3aa199-3d67-4f86-b856-2870fc7da179,ALB-CN-1870-12410,isSameAs,ALB-CN-1880-17116,1870,1880,70-80,0.896
34761388-268d-4284-bad8-4b13c4d2f89d,ALB-CN-1870-12415,isSameAs,ALB-CN-1880-940,1870,1880,70-80,0.711
bd057277-5d84-49dd-b178-0350ed9eaa9d,ALB-CN-1870-1242,isSameAs,ALB-CN-1880-22727,1870,1880,70-80,0.794
ac1cde74-e7a2-4f94-a8e2-73dbe95dde06,ALB-CN-1870-12420,isSameAs,ALB-CN-1880-9562,1870,1880,70-80,0.741
8d63a6a3-bf46-48d3-9ac4-90fa6e790509,ALB-CN-1870-12427,isSameAs,ALB-CN-1880-9561,1870,1880,70-80,0.825
f42d7b86-67b0-417e-9f10-02d6fee6d62e,ALB-CN-1870-12429,isSameAs,ALB-CN-1880-16623,1870,1880,70-80,0.622
e45ad507-cab9-4180-8d1d-dc876c97f73e,ALB-CN-1870-12436,isSameAs,ALB-CN-1880-26208,1870,1880,70-80,0.937
d8ae440a-fc11-4d23-a72b-cd78d5bb43a8,ALB-CN-1870-12437,isSameAs,ALB-CN-1880-26209,1870,1880,70-80,0.909
bd75d4b9-9ffe-43fb-81f9-de6b562065e4,ALB-CN-1870-12438,isSameAs,ALB-CN-1880-17649,1870,1880,70-80,0.87
52b403fe-dd20-4d33-8333-ba69a4adf878,ALB-CN-1870-12445,isSameAs,ALB-CN-1880-11522,1870,1880,70-80,0.611
358f144a-a317-4f70-a974-122a772ac4ab,ALB-CN-1870-12447,isSameAs,ALB-CN-1880-25327,1870,1880,70-80,0.945
855fe85c-3600-4efd-87c9-f0fae19bf7df,ALB-CN-1870-12456,isSameAs,ALB-CN-1880-30587,1870,1880,70-80,0.858
8eb7a7e4-5982-4efb-82d5-75c2c9aa2c16,ALB-CN-1870-12458,isSameAs,ALB-CN-1880-31441,1870,1880,70-80,0.668
27ca2929-d2e9-431d-8a77-78d4a120bdc9,ALB-CN-1870-12459,isSameAs,ALB-CN-1880-26981,1870,1880,70-80,0.786
444ffd1f-71f3-44ad-8ef9-f63025a2754b,ALB-CN-1870-12476,isSameAs,ALB-CN-1880-25356,1870,1880,70-80,0.909
eb3113e3-832c-48b9-904c-2bf5d802901c,ALB-CN-1870-12477,isSameAs,ALB-CN-1880-25357,1870,1880,70-80,0.964
1a9d109b-e32e-42be-9f06-9e86dca766c8,ALB-CN-1870-12478,isSameAs,ALB-CN-1880-24642,1870,1880,70-80,0.87
9028dba2-e27a-4db7-93e7-184d3168a74f,ALB-CN-1870-12480,isSameAs,ALB-CN-1880-29450,1870,1880,70-80,0.611
9d208b73-333b-46a6-980d-9617fb23ec8b,ALB-CN-1870-12482,isSameAs,ALB-CN-1880-12046,1870,1880,70-80,0.957
dc992134-1488-47dc-a0da-80e9cf448e54,ALB-CN-1870-12485,isSameAs,ALB-CN-1880-12048,1870,1880,70-80,0.87
dc67f762-42e7-4fa4-a45b-0e0a0a4c1932,ALB-CN-1870-12488,isSameAs,ALB-CN-1880-28260,1870,1880,70-80,0.622
ad430424-459a-4b6f-800f-4a2663abdcd8,ALB-CN-1870-12489,isSameAs,ALB-CN-1880-28261,1870,1880,70-80,0.957
90a4b9c5-bc61-4506-af54-1f8eb8b0b161,ALB-CN-1870-12492,isSameAs,ALB-CN-1880-28266,1870,1880,70-80,0.989
13f79458-ef59-4dbe-bd3f-e4c1e4ae2f28,ALB-CN-1870-12494,isSameAs,ALB-CN-1880-28262,1870,1880,70-80,0.875
a00ff846-2060-435b-bce5-abb7d8630059,ALB-CN-1870-12495,isSameAs,ALB-CN-1880-28263,1870,1880,70-80,0.937
ff4a2a4a-95c0-4ebe-843a-0fc957f5185b,ALB-CN-1870-12496,isSameAs,ALB-CN-1880-28264,1870,1880,70-80,0.984
0e2fa072-b9ba-4952-9f33-13b3e8dd875a,ALB-CN-1870-12498,isSameAs,ALB-CN-1880-791,1870,1880,70-80,0.858
e832e387-ca07-42ff-9b56-d952f2ca4c65,ALB-CN-1870-12500,isSameAs,ALB-CN-1880-792,1870,1880,70-80,0.948
fd48a74b-b466-4dbe-9942-e77087191300,ALB-CN-1870-12501,isSameAs,ALB-CN-1880-793,1870,1880,70-80,0.964
d5ac6a6a-0fe9-4e72-8b15-4bd6b9909258,ALB-CN-1870-12506,isSameAs,ALB-CN-1880-10392,1870,1880,70-80,0.711
e69d3995-e55e-481b-a409-b054104e6b96,ALB-CN-1870-12508,isSameAs,ALB-CN-1880-28192,1870,1880,70-80,0.948
d5ad428c-13bf-4283-a219-8525de6e454c,ALB-CN-1870-12509,isSameAs,ALB-CN-1880-28193,1870,1880,70-80,0.846
d0676acc-2432-4e52-9e77-44066a5489fe,ALB-CN-1870-1251,isSameAs,ALB-CN-1880-22944,1870,1880,70-80,0.858
7f1af7af-ab11-4131-ac86-13fc0c450814,ALB-CN-1870-12514,isSameAs,ALB-CN-1880-28072,1870,1880,70-80,0.646
a44c19b1-56e7-4d30-afac-7d75ebcbe6c5,ALB-CN-1870-12517,isSameAs,ALB-CN-1880-10828,1870,1880,70-80,0.924
8acce020-822b-4cf4-9168-47bc68c4592a,ALB-CN-1870-12518,isSameAs,ALB-CN-1880-10829,1870,1880,70-80,0.891
e253b2df-1eca-44d1-97c2-ca6c57a0b9f8,ALB-CN-1870-12519,isSameAs,ALB-CN-1880-23853,1870,1880,70-80,0.711
f1ce091c-fde5-4d82-b398-fde3f91f0316,ALB-CN-1870-12520,isSameAs,ALB-CN-1880-25341,1870,1880,70-80,0.98
15d3f1b4-d13e-4961-a3b1-f666ab0b4640,ALB-CN-1870-12521,isSameAs,ALB-CN-1880-25342,1870,1880,70-80,0.984
8e7b1b1b-edec-419f-9882-eb44a4b14d7b,ALB-CN-1870-12524,isSameAs,ALB-CN-1880-25372,1870,1880,70-80,0.971
17ee7509-834d-4336-9f50-522af5a679f0,ALB-CN-1870-12527,isSameAs,ALB-CN-1880-25375,1870,1880,70-80,0.964
22cb7a8c-ad83-4dfa-964e-63dd65b36589,ALB-CN-1870-12528,isSameAs,ALB-CN-1880-25374,1870,1880,70-80,0.964
14ac80cf-5c6e-465a-ab2e-d83cecb68892,ALB-CN-1870-12529,isSameAs,ALB-CN-1880-25368,1870,1880,70-80,0.957
eb880489-f4b6-4adf-a92d-50b7677fbe4e,ALB-CN-1870-1253,isSameAs,ALB-CN-1880-22940,1870,1880,70-80,0.9
d5c25fe1-0386-46e1-b0f4-c258d71e0023,ALB-CN-1870-12530,isSameAs,ALB-CN-1880-25369,1870,1880,70-80,0.94
7fc4d967-8074-4842-9a68-33a9a56a4f22,ALB-CN-1870-12531,isSameAs,ALB-CN-1880-25370,1870,1880,70-80,0.622
796c05ba-e891-4a7e-bf8d-78d6cd5a9aa6,ALB-CN-1870-12537,isSameAs,ALB-CN-1880-4535,1870,1880,70-80,0.668
8ede9a6c-5299-4f21-bdbd-1a432dd6d7f4,ALB-CN-1870-12539,isSameAs,ALB-CN-1880-4536,1870,1880,70-80,0.668
8b19ff09-95a9-42fe-a913-55974c69fa54,ALB-CN-1870-12541,isSameAs,ALB-CN-1880-26099,1870,1880,70-80,0.858
b4b526d2-1346-409b-94f8-3216f1a3dd9f,ALB-CN-1870-12543,isSameAs,ALB-CN-1880-26101,1870,1880,70-80,0.9
e8bdc9b3-8b48-4f1b-9315-0db6398bc68b,ALB-CN-1870-12544,isSameAs,ALB-CN-1880-26102,1870,1880,70-80,0.9
28e988ec-3fdd-4198-958d-187a51b033a4,ALB-CN-1870-12545,isSameAs,ALB-CN-1880-26103,1870,1880,70-80,0.931
15788bdb-3f0c-48b7-a726-740cfd81a7e6,ALB-CN-1870-12551,isSameAs,ALB-CN-1880-26172,1870,1880,70-80,0.786
31437b38-4c2b-4c25-8495-674833146e8b,ALB-CN-1870-12555,isSameAs,ALB-CN-1880-2873,1870,1880,70-80,0.846
ee4701d1-c067-4238-98f2-84b3cfde9434,ALB-CN-1870-12556,isSameAs,ALB-CN-1880-26801,1870,1880,70-80,0.721
bda66e9a-7ce5-4340-8cc5-2559ac88223e,ALB-CN-1870-12558,isSameAs,ALB-CN-1880-29943,1870,1880,70-80,0.786
57a3bcf7-db5c-4494-97f5-0fd3a1867e4a,ALB-CN-1870-12561,isSameAs,ALB-CN-1880-29944,1870,1880,70-80,0.721
52b58426-73e5-4433-bb46-377832a930d7,ALB-CN-1870-12565,isSameAs,ALB-CN-1880-20796,1870,1880,70-80,0.646
c6430dee-1db3-4c05-a48b-2916a4c757fd,ALB-CN-1870-12568,isSameAs,ALB-CN-1880-584,1870,1880,70-80,0.786
68be2345-7f25-4f7e-9f8a-3160b17d271f,ALB-CN-1870-12570,isSameAs,ALB-CN-1880-582,1870,1880,70-80,0.786
694207e5-7aab-4132-81f7-b634328f9faa,ALB-CN-1870-12571,isSameAs,ALB-CN-1880-583,1870,1880,70-80,0.891
e0bd19dc-9be7-475d-9047-799c6c3296ed,ALB-CN-1870-12575,isSameAs,ALB-CN-1880-1088,1870,1880,70-80,0.858
dd98137e-b382-4067-b634-96b0869761b9,ALB-CN-1870-12576,isSameAs,ALB-CN-1880-3099,1870,1880,70-80,0.75
e7c5c3b0-f569-4e29-b5b0-aad6dc1b0eb5,ALB-CN-1870-12578,isSameAs,ALB-CN-1880-25402,1870,1880,70-80,0.786
0d355542-35f3-479b-baab-0a2f8cefc579,ALB-CN-1870-12579,isSameAs,ALB-CN-1880-1089,1870,1880,70-80,0.891
f3cf2196-e689-4e15-ae9e-2a16f1004e01,ALB-CN-1870-12580,isSameAs,ALB-CN-1880-837,1870,1880,70-80,0.69
81e79b6c-26e9-4e4d-8198-99f74aade188,ALB-CN-1870-12584,isSameAs,ALB-CN-1880-1083,1870,1880,70-80,0.75
7b88494d-008f-48f3-90f3-adb7d3eb1a74,ALB-CN-1870-12591,isSameAs,ALB-CN-1880-13017,1870,1880,70-80,0.802
bbc18bb7-400b-491f-9332-7c2f173aad43,ALB-CN-1870-12592,isSameAs,ALB-CN-1880-11609,1870,1880,70-80,0.87
bfaf2dd3-0cb6-4c5c-9e8f-32edae472d8a,ALB-CN-1870-12593,isSameAs,ALB-CN-1880-11043,1870,1880,70-80,0.731
4595d0f5-f1d5-45fc-a7b2-cb774fc069fe,ALB-CN-1870-12595,isSameAs,ALB-CN-1880-16495,1870,1880,70-80,0.81
d5ef329e-e22d-4ca7-b787-e7e866ccaa73,ALB-CN-1870-12596,isSameAs,ALB-CN-1880-1835,1870,1880,70-80,0.721
262d363a-cfeb-4a2a-8455-9c0a29c5dd4a,ALB-CN-1870-12597,isSameAs,ALB-CN-1880-1057,1870,1880,70-80,0.961
79888c8a-4ce8-4476-91d0-c0159eb05aef,ALB-CN-1870-12598,isSameAs,ALB-CN-1880-1058,1870,1880,70-80,0.987
56fc6dfa-b071-4556-84dd-8e24a3e4ac65,ALB-CN-1870-12599,isSameAs,ALB-CN-1880-1059,1870,1880,70-80,0.984
92b10b87-3bfe-455c-808b-97bcf349ec63,ALB-CN-1870-126,isSameAs,ALB-CN-1880-21906,1870,1880,70-80,0.987
b681b237-6a20-48d7-8545-fb478141a7c2,ALB-CN-1870-12600,isSameAs,ALB-CN-1880-1060,1870,1880,70-80,0.984
4d138c41-ebb4-41fa-95af-701cbcb09c9d,ALB-CN-1870-12607,isSameAs,ALB-CN-1880-31914,1870,1880,70-80,0.786
0c76a560-46d7-4265-ac19-89a0c1574acd,ALB-CN-1870-12612,isSameAs,ALB-CN-1880-14492,1870,1880,70-80,0.668
8cd34aad-31d7-496d-8da7-15ca7c1d5a5a,ALB-CN-1870-12615,isSameAs,ALB-CN-1880-30176,1870,1880,70-80,0.634
b04c5929-da9b-4ee1-87ab-01f83ecc4abf,ALB-CN-1870-12619,isSameAs,ALB-CN-1880-14495,1870,1880,70-80,0.825
07990a74-7f16-4a88-b26a-6596888d37a7,ALB-CN-1870-12626,isSameAs,ALB-CN-1880-23725,1870,1880,70-80,0.76
c6dacfce-6384-4b38-a88b-bbb055dd1410,ALB-CN-1870-12629,isSameAs,ALB-CN-1880-22449,1870,1880,70-80,0.721
22edd226-d05b-42a6-96e9-fab1e88f864a,ALB-CN-1870-12636,isSameAs,ALB-CN-1880-31612,1870,1880,70-80,0.948
795366a5-9f39-469e-ab30-9262e6b940e0,ALB-CN-1870-12638,isSameAs,ALB-CN-1880-31614,1870,1880,70-80,0.943
7252eec9-f59b-425f-a20c-8576832c27ff,ALB-CN-1870-12639,isSameAs,ALB-CN-1880-31615,1870,1880,70-80,0.964
3efa6d4d-f399-4fda-b4a2-b0ed771187e7,ALB-CN-1870-12641,isSameAs,ALB-CN-1880-14949,1870,1880,70-80,0.75
ae63fa74-e5ee-4257-b5b3-4835c27767b8,ALB-CN-1870-12648,isSameAs,ALB-CN-1880-27083,1870,1880,70-80,0.769
d44fdcbd-4d6a-4dbb-85ea-baf96b70dde3,ALB-CN-1870-12649,isSameAs,ALB-CN-1880-27082,1870,1880,70-80,0.875
4eb9f99e-ae29-4b07-a922-985d11013c52,ALB-CN-1870-1265,isSameAs,ALB-CN-1880-22785,1870,1880,70-80,0.668
e332fbfd-da3a-4749-808a-1ec2e14d4012,ALB-CN-1870-12654,isSameAs,ALB-CN-1880-714,1870,1880,70-80,0.917
13a486a3-1a7c-4530-b13c-45d33d92c1b7,ALB-CN-1870-12655,isSameAs,ALB-CN-1880-715,1870,1880,70-80,0.968
52943551-3e22-4331-8e0e-de23ba9f17a5,ALB-CN-1870-12658,isSameAs,ALB-CN-1880-716,1870,1880,70-80,0.99
24cd0de1-fc25-4e3a-a40b-3252725f200f,ALB-CN-1870-12659,isSameAs,ALB-CN-1880-717,1870,1880,70-80,0.69
f075a107-a136-4c9b-8ab5-f7e56de05b8f,ALB-CN-1870-12667,isSameAs,ALB-CN-1880-19891,1870,1880,70-80,0.634
0b6a11e7-0047-4e63-b7e7-0d5353ca722e,ALB-CN-1870-12670,isSameAs,ALB-CN-1880-11738,1870,1880,70-80,0.909
932af53a-3d2b-4517-8442-a80350def4f3,ALB-CN-1870-12671,isSameAs,ALB-CN-1880-32008,1870,1880,70-80,0.931
5c6674dc-ac38-4e0a-a3d3-519484d946fb,ALB-CN-1870-12672,isSameAs,ALB-CN-1880-772,1870,1880,70-80,0.825
390fc113-68ae-4902-bc08-53bc2883a202,ALB-CN-1870-12679,isSameAs,ALB-CN-1880-17217,1870,1880,70-80,0.937
841a597b-b607-4fbc-a88a-6298602c7511,ALB-CN-1870-12680,isSameAs,ALB-CN-1880-13394,1870,1880,70-80,0.909
0b8e8783-87a4-4715-92ba-b203aef58280,ALB-CN-1870-12681,isSameAs,ALB-CN-1880-9644,1870,1880,70-80,0.881
27c23f99-b08c-495b-9e07-5f491a6d0d0e,ALB-CN-1870-12692,isSameAs,ALB-CN-1880-943,1870,1880,70-80,0.611
7d868a7d-e579-4b17-8d80-366513dd37b6,ALB-CN-1870-12695,isSameAs,ALB-CN-1880-28559,1870,1880,70-80,0.622
04d0a8b2-1d6b-4958-a45c-4a5a6a91aa27,ALB-CN-1870-12696,isSameAs,ALB-CN-1880-11761,1870,1880,70-80,0.976
ed0b1493-0b4a-4ea5-adb0-a55f87b9a883,ALB-CN-1870-12697,isSameAs,ALB-CN-1880-11762,1870,1880,70-80,0.948
669e681f-4351-42cc-ab48-b5b4ac966ef1,ALB-CN-1870-12698,isSameAs,ALB-CN-1880-11763,1870,1880,70-80,0.985
e9c1ba0e-0f70-4aac-9b3b-93d72d7e52b8,ALB-CN-1870-12699,isSameAs,ALB-CN-1880-11764,1870,1880,70-80,0.985
dc1319cf-7293-48c2-9779-9b59aa30d5bf,ALB-CN-1870-127,isSameAs,ALB-CN-1880-21907,1870,1880,70-80,0.917
5163dbd5-dea6-4c54-956a-25b2d6a4b2d5,ALB-CN-1870-1270,isSameAs,ALB-CN-1880-22998,1870,1880,70-80,0.957
77f6db2c-ab3a-4f76-bcaf-40569fb2ea7e,ALB-CN-1870-12700,isSameAs,ALB-CN-1880-11765,1870,1880,70-80,0.978
9101ce5b-2420-4cb3-85ac-c91db14fe0c2,ALB-CN-1870-12701,isSameAs,ALB-CN-1880-916,1870,1880,70-80,0.741
8b4fc9fe-e41d-4a80-886c-29535c007ee7,ALB-CN-1870-12702,isSameAs,ALB-CN-1880-917,1870,1880,70-80,0.984
f94510f2-ee00-4c6f-bfb2-cd4e40c3488e,ALB-CN-1870-12703,isSameAs,ALB-CN-1880-972,1870,1880,70-80,0.721
e0a19055-83ea-4a55-bd38-3a6ba1b40614,ALB-CN-1870-12704,isSameAs,ALB-CN-1880-918,1870,1880,70-80,0.905
27128f5e-264b-404b-af68-78c740d6bd6d,ALB-CN-1870-12705,isSameAs,ALB-CN-1880-922,1870,1880,70-80,0.971
09bdbc6b-79b5-4127-8f3d-fabed11313a6,ALB-CN-1870-12707,isSameAs,ALB-CN-1880-920,1870,1880,70-80,0.943
a798c5cd-3551-469c-b164-2803cdb9ea10,ALB-CN-1870-12708,isSameAs,ALB-CN-1880-919,1870,1880,70-80,0.957
14538b23-ee46-4646-8ebb-36e2cab1eecd,ALB-CN-1870-12709,isSameAs,ALB-CN-1880-921,1870,1880,70-80,0.957
912ca839-114e-472e-ac0f-6ee6c1534df1,ALB-CN-1870-1271,isSameAs,ALB-CN-1880-22999,1870,1880,70-80,0.94
17278a90-04c4-44b7-81db-21c3de4a0ea8,ALB-CN-1870-12715,isSameAs,ALB-CN-1880-2105,1870,1880,70-80,0.971
63d16b3d-5782-4225-b249-72861b1f9dfb,ALB-CN-1870-12716,isSameAs,ALB-CN-1880-4262,1870,1880,70-80,0.622
366fc936-f970-4a9f-ab9e-b56421ba303e,ALB-CN-1870-12717,isSameAs,ALB-CN-1880-2107,1870,1880,70-80,0.711
42512bac-a64e-4c26-922c-c8c46ed82c24,ALB-CN-1870-12719,isSameAs,ALB-CN-1880-29996,1870,1880,70-80,0.832
51f493f6-58b2-41b0-8900-310b1927a284,ALB-CN-1870-1272,isSameAs,ALB-CN-1880-23000,1870,1880,70-80,0.913
d07fc366-674f-4bb3-9533-099b072dbea3,ALB-CN-1870-12720,isSameAs,ALB-CN-1880-10103,1870,1880,70-80,0.786
06412844-3f12-40e0-93e0-c2dea681a6d9,ALB-CN-1870-12722,isSameAs,ALB-CN-1880-4267,1870,1880,70-80,0.711
22de79f1-1ab8-4d7d-a1fa-fd45f64bca65,ALB-CN-1870-1273,isSameAs,ALB-CN-1880-23001,1870,1880,70-80,0.989
ec5a86d3-2832-46f1-adbd-73f0ecbb243e,ALB-CN-1870-12732,isSameAs,ALB-CN-1880-1002,1870,1880,70-80,0.917
71f0def0-5259-45dc-b829-b8080ce81096,ALB-CN-1870-12733,isSameAs,ALB-CN-1880-2967,1870,1880,70-80,0.76
3bea59d7-0f19-482e-bdf8-1129ca3c29c0,ALB-CN-1870-12735,isSameAs,ALB-CN-1880-1003,1870,1880,70-80,0.917
8200a199-95c9-445d-a644-94c7ce457349,ALB-CN-1870-12736,isSameAs,ALB-CN-1880-12091,1870,1880,70-80,0.964
aac8fbf4-9a49-41ca-b7af-d0ecb061a168,ALB-CN-1870-12737,isSameAs,ALB-CN-1880-1004,1870,1880,70-80,0.948
4f84820b-65e2-4dc9-b5d0-eb8529bc06a5,ALB-CN-1870-1274,isSameAs,ALB-CN-1880-23002,1870,1880,70-80,0.818
5cd95c8f-d43b-4694-be1c-7476e0deccf6,ALB-CN-1870-12742,isSameAs,ALB-CN-1880-932,1870,1880,70-80,0.896
d39e24be-39b8-462e-a62d-3a069fee8ca1,ALB-CN-1870-12744,isSameAs,ALB-CN-1880-936,1870,1880,70-80,0.986
9718d36f-4af9-4523-802f-99c387ea518d,ALB-CN-1870-12746,isSameAs,ALB-CN-1880-937,1870,1880,70-80,0.986
4b78d61a-a045-4eef-9ef7-74a96f45cd73,ALB-CN-1870-12749,isSameAs,ALB-CN-1880-1440,1870,1880,70-80,0.948
75083390-fcf6-40b5-ae4e-8f4cf2535014,ALB-CN-1870-1275,isSameAs,ALB-CN-1880-22738,1870,1880,70-80,0.978
2da03dce-bab7-4c14-90c0-12d6ac744cee,ALB-CN-1870-12751,isSameAs,ALB-CN-1880-1443,1870,1880,70-80,0.896
ed5734ed-67ee-41f4-a92b-b040e5df7eeb,ALB-CN-1870-12752,isSameAs,ALB-CN-1880-1444,1870,1880,70-80,0.924
f22d69e7-9124-42d6-b8cc-72f12980083a,ALB-CN-1870-12753,isSameAs,ALB-CN-1880-1445,1870,1880,70-80,0.852
b70d08fb-f284-4fae-af47-3f12752e4b74,ALB-CN-1870-12754,isSameAs,ALB-CN-1880-938,1870,1880,70-80,0.846
daaca23f-4600-44af-b37c-1d889656e402,ALB-CN-1870-12756,isSameAs,ALB-CN-1880-1441,1870,1880,70-80,0.964
79eb3299-60a8-4bcd-89fe-d718e1114620,ALB-CN-1870-1276,isSameAs,ALB-CN-1880-22739,1870,1880,70-80,0.928
c061fa90-1bd6-424d-a0ef-dde2f6d50d86,ALB-CN-1870-12763,isSameAs,ALB-CN-1880-27890,1870,1880,70-80,0.646
b1885cc0-6c99-44da-9918-b5680ef92d15,ALB-CN-1870-12768,isSameAs,ALB-CN-1880-1111,1870,1880,70-80,0.858
d6f1afa9-c634-47cd-9946-fb51039c7927,ALB-CN-1870-1277,isSameAs,ALB-CN-1880-22740,1870,1880,70-80,0.953
7c8ffdcc-37ce-4a38-a6eb-d399ba9c3179,ALB-CN-1870-12773,isSameAs,ALB-CN-1880-799,1870,1880,70-80,0.87
eb1778c2-d8bb-49a9-811a-756bde21c418,ALB-CN-1870-12774,isSameAs,ALB-CN-1880-800,1870,1880,70-80,0.957
3894e6b5-1e60-402b-8062-a92301c34e28,ALB-CN-1870-12775,isSameAs,ALB-CN-1880-801,1870,1880,70-80,0.984
82247c16-0f12-4efb-be0d-698c7bcd67c6,ALB-CN-1870-12776,isSameAs,ALB-CN-1880-803,1870,1880,70-80,0.99
7c112a98-2ab0-400f-b6d2-180fed380344,ALB-CN-1870-12777,isSameAs,ALB-CN-1880-802,1870,1880,70-80,0.668
08c13ab1-12a8-4a32-8a9f-bef0269d323a,ALB-CN-1870-12778,isSameAs,ALB-CN-1880-982,1870,1880,70-80,0.76
f145f791-a00d-42d9-ad51-dc771b6cec4a,ALB-CN-1870-1278,isSameAs,ALB-CN-1880-23538,1870,1880,70-80,0.989
28436258-aa13-42c6-a211-33c6673a815f,ALB-CN-1870-12780,isSameAs,ALB-CN-1880-984,1870,1880,70-80,0.741
b0ae0170-475c-4713-9559-ccd8eedbfbb3,ALB-CN-1870-12782,isSameAs,ALB-CN-1880-986,1870,1880,70-80,0.87
607ed884-3dc7-46aa-8322-9d052de5ada2,ALB-CN-1870-12786,isSameAs,ALB-CN-1880-29752,1870,1880,70-80,0.802
5b7c7744-259c-4a05-848b-a635c212e44e,ALB-CN-1870-12787,isSameAs,ALB-CN-1880-24474,1870,1880,70-80,0.846
1229571a-b8d3-4c34-a22e-a646fc1a1e3a,ALB-CN-1870-12789,isSameAs,ALB-CN-1880-19011,1870,1880,70-80,0.937
b9538fe9-4c22-4fa6-9442-8353923f929c,ALB-CN-1870-1279,isSameAs,ALB-CN-1880-23539,1870,1880,70-80,0.909
c0e74917-e289-47b0-b0f5-8097b72bc40c,ALB-CN-1870-12790,isSameAs,ALB-CN-1880-19012,1870,1880,70-80,0.891
59e753d7-3682-44f5-9e0a-03a3d80fbc43,ALB-CN-1870-12791,isSameAs,ALB-CN-1880-13139,1870,1880,70-80,0.896
b2d95cd0-34be-4a5b-9e23-86bc5cc19043,ALB-CN-1870-12792,isSameAs,ALB-CN-1880-19013,1870,1880,70-80,0.964
296588c6-6ad4-492c-867e-332380b49f16,ALB-CN-1870-128,isSameAs,ALB-CN-1880-21908,1870,1880,70-80,0.931
9ff6373c-08bb-4d7a-ae66-7ee4aae083d5,ALB-CN-1870-1280,isSameAs,ALB-CN-1880-23540,1870,1880,70-80,0.982
f8fdccbb-c518-482a-9fcb-d67bcd5a9aa8,ALB-CN-1870-12805,isSameAs,ALB-CN-1880-27802,1870,1880,70-80,0.846
d5ecd861-a68c-4c76-9047-8691f93c9ab4,ALB-CN-1870-12806,isSameAs,ALB-CN-1880-27803,1870,1880,70-80,0.846
5e222ac7-da00-4e36-844f-1826615f25bc,ALB-CN-1870-12809,isSameAs,ALB-CN-1880-735,1870,1880,70-80,0.948
a22f6474-20fd-4835-bbf0-dc6052d10547,ALB-CN-1870-12811,isSameAs,ALB-CN-1880-736,1870,1880,70-80,0.87
ea7cccb5-094c-46af-974d-2d58660dbcc1,ALB-CN-1870-1282,isSameAs,ALB-CN-1880-23541,1870,1880,70-80,0.818
baa0de99-fd72-413f-9f1c-321891240e85,ALB-CN-1870-12821,isSameAs,ALB-CN-1880-833,1870,1880,70-80,0.668
55c808b9-a574-4700-9826-fd93f78966a7,ALB-CN-1870-12825,isSameAs,ALB-CN-1880-32349,1870,1880,70-80,0.891
b0c44804-b2a1-4156-a371-cc7e43ac0a00,ALB-CN-1870-1283,isSameAs,ALB-CN-1880-23542,1870,1880,70-80,0.973
f61c2956-a649-4dca-9e80-0ccfc6eb4220,ALB-CN-1870-12831,isSameAs,ALB-CN-1880-32259,1870,1880,70-80,0.769
e2fb8aae-b6f2-4603-89d6-f24680d9e3ee,ALB-CN-1870-12832,isSameAs,ALB-CN-1880-32260,1870,1880,70-80,0.786
e817757b-752d-4d3d-8d47-2c64b0ea10b4,ALB-CN-1870-12835,isSameAs,ALB-CN-1880-12002,1870,1880,70-80,0.646
a1eb6a89-fa9c-451e-8037-e2eeb56ab614,ALB-CN-1870-1284,isSameAs,ALB-CN-1880-23543,1870,1880,70-80,0.818
db87f79d-6b3c-4ef9-a60d-cdf80d21da73,ALB-CN-1870-12845,isSameAs,ALB-CN-1880-30075,1870,1880,70-80,0.886
54bbc3a7-08d9-4ba7-9c94-16cc3d98727c,ALB-CN-1870-1285,isSameAs,ALB-CN-1880-23640,1870,1880,70-80,0.961
db7d2579-6357-4a88-bf2d-83150366f6e5,ALB-CN-1870-1288,isSameAs,ALB-CN-1880-22606,1870,1880,70-80,0.989
4d855797-8a3e-4b15-9f4d-8f8672c84a38,ALB-CN-1870-12903,isSameAs,ALB-CN-1880-11482,1870,1880,70-80,0.864
7002486b-b1ab-4cba-a51d-5a48e08f622e,ALB-CN-1870-1292,isSameAs,ALB-CN-1880-22611,1870,1880,70-80,0.971
c0f54cfd-ccac-4b61-9fd4-dabf90300ccb,ALB-CN-1870-12927,isSameAs,ALB-CN-1880-1999,1870,1880,70-80,0.864
72b98e18-a1b4-4e72-a8b0-624f2c561e4f,ALB-CN-1870-1293,isSameAs,ALB-CN-1880-23126,1870,1880,70-80,0.987
3d1a28ce-c924-4088-8610-da3e513568a7,ALB-CN-1870-12936,isSameAs,ALB-CN-1880-951,1870,1880,70-80,0.786
2a199e08-5bc2-4ea2-abff-f3eab2b86c71,ALB-CN-1870-12937,isSameAs,ALB-CN-1880-952,1870,1880,70-80,0.668
65010e92-b3ac-49fd-b79e-3f21350a7e40,ALB-CN-1870-12941,isSameAs,ALB-CN-1880-953,1870,1880,70-80,0.971
22b792e9-4dc1-4336-b328-bc64a398cdb8,ALB-CN-1870-12946,isSameAs,ALB-CN-1880-32287,1870,1880,70-80,0.891
e07b6cb5-1b31-4c0f-917b-b4576a526b1f,ALB-CN-1870-12947,isSameAs,ALB-CN-1880-32288,1870,1880,70-80,0.924
2c542096-7c75-40b6-8164-7c8c254d8c47,ALB-CN-1870-12950,isSameAs,ALB-CN-1880-971,1870,1880,70-80,0.891
3a47f5d5-2bcd-45a7-96f8-a3f3ff15d310,ALB-CN-1870-12958,isSameAs,ALB-CN-1880-3345,1870,1880,70-80,0.976
db7b7213-9a81-4b8c-99a1-067fe109ee02,ALB-CN-1870-1296,isSameAs,ALB-CN-1880-23128,1870,1880,70-80,0.711
87d14bd3-1663-412a-a9c4-87b07ece876e,ALB-CN-1870-12960,isSameAs,ALB-CN-1880-8911,1870,1880,70-80,0.731
45f2fa72-4ada-43ca-bc03-53afe9014274,ALB-CN-1870-12961,isSameAs,ALB-CN-1880-11685,1870,1880,70-80,0.924
e6656bb9-bcfa-4481-92b7-a671553f2d9a,ALB-CN-1870-12965,isSameAs,ALB-CN-1880-3354,1870,1880,70-80,0.98
4a9880bd-d7be-4f80-b5a2-45b8de9a80cd,ALB-CN-1870-12966,isSameAs,ALB-CN-1880-3355,1870,1880,70-80,0.679
467d8c9d-d365-4e24-95aa-99dd95f77909,ALB-CN-1870-12967,isSameAs,ALB-CN-1880-3356,1870,1880,70-80,0.825
ac8fff1f-8d0d-4121-8154-2e81fc3e7f19,ALB-CN-1870-1297,isSameAs,ALB-CN-1880-23129,1870,1880,70-80,0.924
1bc7789d-05c1-4024-9110-0deb7d41ff83,ALB-CN-1870-1298,isSameAs,ALB-CN-1880-23130,1870,1880,70-80,0.891
cff2c02b-b442-4923-9cf2-34792b3d3bac,ALB-CN-1870-12980,isSameAs,ALB-CN-1880-24957,1870,1880,70-80,0.971
4ba1db83-473a-42a9-94d1-c3e179b932a5,ALB-CN-1870-12981,isSameAs,ALB-CN-1880-24958,1870,1880,70-80,0.832
fb728a77-015d-4c81-87b6-3b0e447830ac,ALB-CN-1870-12982,isSameAs,ALB-CN-1880-24959,1870,1880,70-80,0.711
ea0a864a-ceb2-4241-9076-02c2fd667445,ALB-CN-1870-12983,isSameAs,ALB-CN-1880-24960,1870,1880,70-80,0.971
df16aea6-7a65-4ff2-9422-b61933b8eca0,ALB-CN-1870-12984,isSameAs,ALB-CN-1880-3374,1870,1880,70-80,0.976
4905049a-b76f-449a-9809-b0fd27950143,ALB-CN-1870-12985,isSameAs,ALB-CN-1880-3375,1870,1880,70-80,0.99
2004dcd6-c539-44f9-88eb-c0afa987086e,ALB-CN-1870-1299,isSameAs,ALB-CN-1880-23131,1870,1880,70-80,0.924
d5cd47e6-0880-42ae-8428-ef3c3fcf1cb8,ALB-CN-1870-12991,isSameAs,ALB-CN-1880-3376,1870,1880,70-80,0.982
36b22dc8-e97f-4be3-8ecd-ef4292203349,ALB-CN-1870-12992,isSameAs,ALB-CN-1880-3377,1870,1880,70-80,0.989
46087207-325a-45b3-ba39-841a53e83de8,ALB-CN-1870-12993,isSameAs,ALB-CN-1880-3378,1870,1880,70-80,0.99
cc6f50e1-c715-443a-84c6-fbe29e8f0d8e,ALB-CN-1870-12994,isSameAs,ALB-CN-1880-3379,1870,1880,70-80,0.989
31677e80-e03c-4089-a5a8-a18d7ca7ce20,ALB-CN-1870-12995,isSameAs,ALB-CN-1880-3380,1870,1880,70-80,0.818
575ace2c-2cdb-4e3c-b454-29cfb005bd5f,ALB-CN-1870-1300,isSameAs,ALB-CN-1880-22608,1870,1880,70-80,0.75
6fe7ed88-f935-4073-8a5b-c04bbdaf660b,ALB-CN-1870-13006,isSameAs,ALB-CN-1880-2855,1870,1880,70-80,0.99
ed3c0041-f4ae-40f6-a9fd-1ac88daa316c,ALB-CN-1870-13007,isSameAs,ALB-CN-1880-2856,1870,1880,70-80,0.99
1399acac-f3d7-4976-acc4-dba7690f02ff,ALB-CN-1870-13008,isSameAs,ALB-CN-1880-2857,1870,1880,70-80,0.679
9cc69cb3-8032-461c-b87c-02839162194c,ALB-CN-1870-13009,isSameAs,ALB-CN-1880-2860,1870,1880,70-80,0.909
7ccdb8e7-f828-4497-9cad-0dcfea89ee1d,ALB-CN-1870-13010,isSameAs,ALB-CN-1880-2859,1870,1880,70-80,0.668
14a7f76d-ddd8-460e-b028-796d9695e23b,ALB-CN-1870-13014,isSameAs,ALB-CN-1880-28991,1870,1880,70-80,0.668
d406d3b9-da90-404f-9faa-eb34c21c3a1e,ALB-CN-1870-13019,isSameAs,ALB-CN-1880-2870,1870,1880,70-80,0.99
496524c6-7e0e-4e76-8fff-60b1c3f270cd,ALB-CN-1870-1302,isSameAs,ALB-CN-1880-22656,1870,1880,70-80,0.741
e882cce2-1aba-47fd-a6c8-b416f17a38dc,ALB-CN-1870-13021,isSameAs,ALB-CN-1880-2872,1870,1880,70-80,0.864
c92e2408-e4c6-4015-ab80-c3a9f2a0e1de,ALB-CN-1870-13022,isSameAs,ALB-CN-1880-29049,1870,1880,70-80,0.701
145b2573-e8f0-485f-8e4f-a2c2ef934822,ALB-CN-1870-13023,isSameAs,ALB-CN-1880-2876,1870,1880,70-80,0.937
6497e465-c7b8-4117-9631-eb199c2a4241,ALB-CN-1870-1303,isSameAs,ALB-CN-1880-22657,1870,1880,70-80,0.832
aebc1647-23ea-4639-a405-f752cbe806fb,ALB-CN-1870-1304,isSameAs,ALB-CN-1880-1218,1870,1880,70-80,0.622
efc53208-494d-4abf-86f9-28538a704319,ALB-CN-1870-13045,isSameAs,ALB-CN-1880-1666,1870,1880,70-80,0.786
4f38dfff-8274-41cb-8d42-02b2e1b5f096,ALB-CN-1870-1305,isSameAs,ALB-CN-1880-1217,1870,1880,70-80,0.711
f7b5ba0e-e090-4ee2-b741-7ab2eca70186,ALB-CN-1870-13051,isSameAs,ALB-CN-1880-2884,1870,1880,70-80,0.611
40e24523-53d9-42c1-9e63-2bdd503355cf,ALB-CN-1870-13052,isSameAs,ALB-CN-1880-20557,1870,1880,70-80,0.909
47b39c39-ed4a-40d8-aac6-0d460e4efb9a,ALB-CN-1870-13053,isSameAs,ALB-CN-1880-5582,1870,1880,70-80,0.818
d941582b-e316-497a-ae88-8dfa908982d3,ALB-CN-1870-13056,isSameAs,ALB-CN-1880-32392,1870,1880,70-80,0.825
d2a24392-5538-4bbf-9a70-5edd185ecdcc,ALB-CN-1870-13057,isSameAs,ALB-CN-1880-32393,1870,1880,70-80,0.711
f40eeedc-2520-452d-b4b3-aea6bd79bd1e,ALB-CN-1870-13058,isSameAs,ALB-CN-1880-27119,1870,1880,70-80,0.622
228e3f9c-487f-48cb-abf7-dae6b8239ad8,ALB-CN-1870-13060,isSameAs,ALB-CN-1880-3183,1870,1880,70-80,0.909
cccaef2e-3f18-4723-8c97-3d8bade0b605,ALB-CN-1870-13061,isSameAs,ALB-CN-1880-3184,1870,1880,70-80,0.858
8183cdea-78ae-4a1e-9f6f-5ec1e5e38155,ALB-CN-1870-1307,isSameAs,ALB-CN-1880-22658,1870,1880,70-80,0.668
df0c81b4-e671-4743-988c-9f4e20fbe09d,ALB-CN-1870-1308,isSameAs,ALB-CN-1880-1220,1870,1880,70-80,0.622
3af645f6-d6fa-41f5-81ba-8d401d264bc7,ALB-CN-1870-13083,isSameAs,ALB-CN-1880-1163,1870,1880,70-80,0.964
8059a3ce-61a7-44bf-8a48-f198a66b35f9,ALB-CN-1870-13085,isSameAs,ALB-CN-1880-1165,1870,1880,70-80,0.964
bff904ac-02f4-4539-960c-195dbe448112,ALB-CN-1870-1309,isSameAs,ALB-CN-1880-22659,1870,1880,70-80,0.818
a76b1e3c-55e9-40dd-be18-88cf4f7aaed8,ALB-CN-1870-13092,isSameAs,ALB-CN-1880-3146,1870,1880,70-80,0.76
dbc4c2b1-9493-462f-bcf5-fefd31f0b501,ALB-CN-1870-13096,isSameAs,ALB-CN-1880-6973,1870,1880,70-80,0.964
5c7d8f30-8e40-4781-8b55-e7f06b056e03,ALB-CN-1870-13098,isSameAs,ALB-CN-1880-1543,1870,1880,70-80,0.98
8bb5b740-a1d2-4174-b113-2ca9a5ae3b00,ALB-CN-1870-13099,isSameAs,ALB-CN-1880-1545,1870,1880,70-80,0.839
97399db0-eef0-44f6-b8f5-85a06bc0614d,ALB-CN-1870-1310,isSameAs,ALB-CN-1880-22790,1870,1880,70-80,0.818
29d4e561-1e05-4158-88b7-d2744788ca99,ALB-CN-1870-13100,isSameAs,ALB-CN-1880-1546,1870,1880,70-80,0.98
df7d2f1e-aae5-4cbf-887d-f2204662a4ee,ALB-CN-1870-13101,isSameAs,ALB-CN-1880-1547,1870,1880,70-80,0.98
7009c607-4426-41d3-a62b-3e41c44cbbe6,ALB-CN-1870-13102,isSameAs,ALB-CN-1880-28654,1870,1880,70-80,0.622
0485add7-76c9-4c55-8e0f-2fc8e46c813b,ALB-CN-1870-13103,isSameAs,ALB-CN-1880-1549,1870,1880,70-80,0.711
bdf057d7-d71a-41a5-b217-a7225c0a6122,ALB-CN-1870-13104,isSameAs,ALB-CN-1880-1550,1870,1880,70-80,0.971
c43e10c9-e81b-49e4-891b-b9e055e9de56,ALB-CN-1870-13107,isSameAs,ALB-CN-1880-3228,1870,1880,70-80,0.937
cd5d8af0-0c4f-4b4e-8af0-5996df66e82a,ALB-CN-1870-13108,isSameAs,ALB-CN-1880-29064,1870,1880,70-80,0.881
88206813-fce4-4bec-b449-7185f0e54ba1,ALB-CN-1870-13109,isSameAs,ALB-CN-1880-12567,1870,1880,70-80,0.622
72ff313a-fb0d-4425-93cd-aec896430f3e,ALB-CN-1870-1311,isSameAs,ALB-CN-1880-18618,1870,1880,70-80,0.701
7dd22856-098f-4cd9-b624-d28ed3bc1172,ALB-CN-1870-13110,isSameAs,ALB-CN-1880-1491,1870,1880,70-80,0.622
9e66731e-d9de-4e3e-b40a-fd992ddc4ae9,ALB-CN-1870-13116,isSameAs,ALB-CN-1880-9521,1870,1880,70-80,0.731
208505b5-0194-49a1-9e2b-8018b773c67a,ALB-CN-1870-13117,isSameAs,ALB-CN-1880-8058,1870,1880,70-80,0.69
b9160904-2a8a-4369-875c-faa51156d6c8,ALB-CN-1870-13118,isSameAs,ALB-CN-1880-27483,1870,1880,70-80,0.802
7fea7b1e-d3bf-4d54-869d-8d99b9cb79d1,ALB-CN-1870-1312,isSameAs,ALB-CN-1880-23247,1870,1880,70-80,0.909
f8a9f913-ad6a-4f40-8443-462650a97cdd,ALB-CN-1870-13134,isSameAs,ALB-CN-1880-3167,1870,1880,70-80,0.964
17175ece-b5f0-45a4-8a65-437218888039,ALB-CN-1870-13136,isSameAs,ALB-CN-1880-3188,1870,1880,70-80,0.701
7956e64a-d57d-4ea3-9a63-40f718355edb,ALB-CN-1870-13139,isSameAs,ALB-CN-1880-3189,1870,1880,70-80,0.964
e7a3bc78-f19b-46e0-8b95-a3ac336e13ad,ALB-CN-1870-13145,isSameAs,ALB-CN-1880-4701,1870,1880,70-80,0.924
a90552ba-3888-4568-b924-89d2c6cf7bb3,ALB-CN-1870-13146,isSameAs,ALB-CN-1880-4702,1870,1880,70-80,0.924
c3ded37c-8625-4bea-94e1-27a78d8c3d7a,ALB-CN-1870-13150,isSameAs,ALB-CN-1880-4703,1870,1880,70-80,0.948
21466155-a2fc-4357-8619-5baadbfb7759,ALB-CN-1870-13151,isSameAs,ALB-CN-1880-4705,1870,1880,70-80,0.924
45957e7d-ea44-4660-82c3-f0c3df48ae7a,ALB-CN-1870-13152,isSameAs,ALB-CN-1880-4704,1870,1880,70-80,0.924
11d8629d-d50e-419b-9a86-9330c8054c00,ALB-CN-1870-13154,isSameAs,ALB-CN-1880-1247,1870,1880,70-80,0.721
6f21ccc6-6775-4559-91a2-c4273d77c4b7,ALB-CN-1870-13156,isSameAs,ALB-CN-1880-1248,1870,1880,70-80,0.846
b2668421-9129-4eec-a887-a72305d181e6,ALB-CN-1870-13163,isSameAs,ALB-CN-1880-3282,1870,1880,70-80,0.846
7f261130-b620-4aca-8a08-0c70fd9a8da1,ALB-CN-1870-13164,isSameAs,ALB-CN-1880-3283,1870,1880,70-80,0.846
9994a5d2-c35e-4467-8ac2-66778fd346eb,ALB-CN-1870-13167,isSameAs,ALB-CN-1880-3274,1870,1880,70-80,0.987
a583e771-8478-42d1-9c0e-847b8d4139d9,ALB-CN-1870-13168,isSameAs,ALB-CN-1880-3275,1870,1880,70-80,0.87
5fcc9afa-da0f-4cf6-8e8e-9423d9500d6e,ALB-CN-1870-13169,isSameAs,ALB-CN-1880-3276,1870,1880,70-80,0.924
fae6e56f-d407-497a-97ca-d0783f3245b3,ALB-CN-1870-1317,isSameAs,ALB-CN-1880-22634,1870,1880,70-80,0.909
8cde93fe-4329-49c0-96f0-95a5f80b5ce0,ALB-CN-1870-13170,isSameAs,ALB-CN-1880-3293,1870,1880,70-80,0.971
45a24450-9c96-4e4e-9743-d87fe426d733,ALB-CN-1870-13171,isSameAs,ALB-CN-1880-3294,1870,1880,70-80,0.948
3c1dbdfa-eea1-4122-96a9-c4b3deca6874,ALB-CN-1870-13172,isSameAs,ALB-CN-1880-3295,1870,1880,70-80,0.913
b41f68ee-2b89-4463-b1aa-7df32d57e7f9,ALB-CN-1870-13173,isSameAs,ALB-CN-1880-3296,1870,1880,70-80,0.957
2329397f-cc2f-45db-b9b3-ab6e9fb71656,ALB-CN-1870-13174,isSameAs,ALB-CN-1880-1148,1870,1880,70-80,0.825
286896e6-f210-45bc-9c8c-60a1ce5c77a9,ALB-CN-1870-13175,isSameAs,ALB-CN-1880-1227,1870,1880,70-80,0.786
9251a071-5eb8-401a-b7dd-978e16b0e800,ALB-CN-1870-13176,isSameAs,ALB-CN-1880-1228,1870,1880,70-80,0.832
179f5459-092e-4907-9bc7-ab364ae59ca1,ALB-CN-1870-13177,isSameAs,ALB-CN-1880-1229,1870,1880,70-80,0.98
ba114837-abf4-48cc-953d-7b0d5b4c29bd,ALB-CN-1870-13179,isSameAs,ALB-CN-1880-3241,1870,1880,70-80,0.87
f97fe84d-03a9-4a4a-84ca-3605cd6a9199,ALB-CN-1870-1318,isSameAs,ALB-CN-1880-22635,1870,1880,70-80,0.786
ec41ea17-c975-4d54-b8a3-c7b0ee317ca7,ALB-CN-1870-13180,isSameAs,ALB-CN-1880-3242,1870,1880,70-80,0.982
6be32978-4bd7-42c8-9a6a-f631d9c50a49,ALB-CN-1870-13181,isSameAs,ALB-CN-1880-3243,1870,1880,70-80,0.818
39502289-7e36-44a4-91e1-2ec3ad90b679,ALB-CN-1870-13182,isSameAs,ALB-CN-1880-3244,1870,1880,70-80,0.99
b3c3f246-8599-47cd-a726-b60ec1afac8f,ALB-CN-1870-13183,isSameAs,ALB-CN-1880-3245,1870,1880,70-80,0.75
18592424-5225-4d08-8c9c-631871f2bf77,ALB-CN-1870-1319,isSameAs,ALB-CN-1880-23624,1870,1880,70-80,0.87
2a354c52-cdff-4a0d-8c97-43953f6ed47f,ALB-CN-1870-13190,isSameAs,ALB-CN-1880-17193,1870,1880,70-80,0.825
046e5dd7-d2b3-4afe-b2ba-9a3fcb50739e,ALB-CN-1870-13191,isSameAs,ALB-CN-1880-17194,1870,1880,70-80,0.846
1a43b22b-41d0-4bbe-8d75-b002fc933da9,ALB-CN-1870-13193,isSameAs,ALB-CN-1880-17195,1870,1880,70-80,0.909
9857965a-da67-4af2-92bd-fa49a277e693,ALB-CN-1870-13195,isSameAs,ALB-CN-1880-3080,1870,1880,70-80,0.973
9cab34dc-e3b4-4d01-9883-7bd7518f32df,ALB-CN-1870-13196,isSameAs,ALB-CN-1880-3081,1870,1880,70-80,0.957
e0ec8966-668d-4901-8dfc-b816a430ddfb,ALB-CN-1870-13197,isSameAs,ALB-CN-1880-3084,1870,1880,70-80,0.832
eaf1fd6a-5cdf-4573-9341-097bf2e69dea,ALB-CN-1870-13199,isSameAs,ALB-CN-1880-3082,1870,1880,70-80,0.839
49de7529-564c-45f1-838f-b56199542d5d,ALB-CN-1870-1320,isSameAs,ALB-CN-1880-23625,1870,1880,70-80,0.973
993b6c88-b47b-4784-8596-308f680fed0b,ALB-CN-1870-13200,isSameAs,ALB-CN-1880-3083,1870,1880,70-80,0.943
b5cfc5c4-e2f0-4cf1-828c-6c7a11c9bc5e,ALB-CN-1870-13201,isSameAs,ALB-CN-1880-3319,1870,1880,70-80,0.909
19cac0f0-cd10-4ee7-b9a8-e08cf37cde1f,ALB-CN-1870-13204,isSameAs,ALB-CN-1880-3321,1870,1880,70-80,0.937
1766d595-2e3e-4e9f-9b40-eff43818c374,ALB-CN-1870-13205,isSameAs,ALB-CN-1880-11982,1870,1880,70-80,0.953
657c9abe-429a-46b5-b95c-5e49d4945f2e,ALB-CN-1870-13206,isSameAs,ALB-CN-1880-11983,1870,1880,70-80,0.98
105c902d-8c0d-42c7-b0ff-415a73dd068b,ALB-CN-1870-13207,isSameAs,ALB-CN-1880-11984,1870,1880,70-80,0.971
17791743-af43-4e0a-baad-ba42849c34e2,ALB-CN-1870-13208,isSameAs,ALB-CN-1880-11985,1870,1880,70-80,0.971
cd562b1a-6a7e-4cc4-abee-d1ee67b08b02,ALB-CN-1870-13209,isSameAs,ALB-CN-1880-11986,1870,1880,70-80,0.971
fea3a102-c330-42cd-bb98-390042bfc4f3,ALB-CN-1870-1321,isSameAs,ALB-CN-1880-23626,1870,1880,70-80,0.961
35afea4b-53c2-4005-8555-04945a9dce75,ALB-CN-1870-13212,isSameAs,ALB-CN-1880-2968,1870,1880,70-80,0.76
6c891841-0538-40ac-a377-6347b7ee50c4,ALB-CN-1870-13213,isSameAs,ALB-CN-1880-2969,1870,1880,70-80,0.858
88379440-6820-4110-97b3-085972dd0959,ALB-CN-1870-13214,isSameAs,ALB-CN-1880-2970,1870,1880,70-80,0.909
25887051-ba18-4d4a-aed8-b5f163892b20,ALB-CN-1870-13217,isSameAs,ALB-CN-1880-1739,1870,1880,70-80,0.634
81c2bb1c-c53c-496a-9923-f59bea4c7a49,ALB-CN-1870-1322,isSameAs,ALB-CN-1880-23627,1870,1880,70-80,0.973
add8a00e-1887-42f1-a741-401ae452d6bd,ALB-CN-1870-13227,isSameAs,ALB-CN-1880-27120,1870,1880,70-80,0.971
4fa5e714-9861-4911-8023-0922cf20e0cc,ALB-CN-1870-13228,isSameAs,ALB-CN-1880-15743,1870,1880,70-80,0.917
70d51724-4923-4460-b5ea-e7fe9a5d2140,ALB-CN-1870-13229,isSameAs,ALB-CN-1880-27122,1870,1880,70-80,0.971
b8f56cf3-b981-46bf-b370-c315a33ada48,ALB-CN-1870-1323,isSameAs,ALB-CN-1880-23628,1870,1880,70-80,0.973
8cea39ab-b414-47eb-8760-4a5a28a86ff5,ALB-CN-1870-13230,isSameAs,ALB-CN-1880-27123,1870,1880,70-80,0.98
b1e12e65-87f4-4468-9880-48bd7b4fcef7,ALB-CN-1870-13231,isSameAs,ALB-CN-1880-27124,1870,1880,70-80,0.98
0551550a-a93b-4bca-b85e-348c071bfa3b,ALB-CN-1870-13232,isSameAs,ALB-CN-1880-27125,1870,1880,70-80,0.622
d4ddd47e-c071-493a-956c-5c850c78f465,ALB-CN-1870-13233,isSameAs,ALB-CN-1880-27126,1870,1880,70-80,0.957
2013c11f-92dc-4a49-b9a9-321bb74e9751,ALB-CN-1870-1324,isSameAs,ALB-CN-1880-23629,1870,1880,70-80,0.75
b3e3a391-e723-4310-aee0-f897b0a511c3,ALB-CN-1870-13242,isSameAs,ALB-CN-1880-14185,1870,1880,70-80,0.731
f25966a2-ef63-4bad-b575-e388ccabda9d,ALB-CN-1870-13243,isSameAs,ALB-CN-1880-29089,1870,1880,70-80,0.818
4f387408-8893-4023-81be-c0dbe8a6eb57,ALB-CN-1870-13246,isSameAs,ALB-CN-1880-29092,1870,1880,70-80,0.957
fc972fc4-bb1b-4dcf-82bc-a5f7073a3428,ALB-CN-1870-13248,isSameAs,ALB-CN-1880-3196,1870,1880,70-80,0.786
745cd5d6-d434-4778-8c7d-95bf936aa5fa,ALB-CN-1870-13249,isSameAs,ALB-CN-1880-20031,1870,1880,70-80,0.668
110311f5-629f-40c3-b780-f72e82ef5fd2,ALB-CN-1870-13254,isSameAs,ALB-CN-1880-752,1870,1880,70-80,0.846
befb20c1-4be6-4f83-811b-9cc41272fa21,ALB-CN-1870-13257,isSameAs,ALB-CN-1880-3140,1870,1880,70-80,0.846
745f9c0e-36de-4614-bfe5-cced5802fa42,ALB-CN-1870-13259,isSameAs,ALB-CN-1880-1597,1870,1880,70-80,0.957
a412ee35-c064-456d-b9ca-3a5b5230c5ba,ALB-CN-1870-1326,isSameAs,ALB-CN-1880-7732,1870,1880,70-80,0.646
e4fccc25-82f1-45b9-814a-6d09eeeaedf3,ALB-CN-1870-13260,isSameAs,ALB-CN-1880-9519,1870,1880,70-80,0.668
546368f7-b86c-4e5a-9cf5-7c18acd1309f,ALB-CN-1870-13261,isSameAs,ALB-CN-1880-1599,1870,1880,70-80,0.896
89f91ba9-1edd-4355-a2e9-9e48895b06e4,ALB-CN-1870-13262,isSameAs,ALB-CN-1880-1604,1870,1880,70-80,0.924
dbe448c8-421b-472e-bc47-a9a2a8f3f8ef,ALB-CN-1870-13263,isSameAs,ALB-CN-1880-27661,1870,1880,70-80,0.786
2cc5871f-4748-40e4-83f9-761657e2f1d8,ALB-CN-1870-13264,isSameAs,ALB-CN-1880-1603,1870,1880,70-80,0.948
48cc26ce-11b2-45a3-9796-a63e0e0cd9ec,ALB-CN-1870-13265,isSameAs,ALB-CN-1880-12555,1870,1880,70-80,0.646
f9f923ab-6be9-4c73-b1f2-99f8fd1d7fdf,ALB-CN-1870-13266,isSameAs,ALB-CN-1880-1600,1870,1880,70-80,0.948
add4b783-323d-4af4-b7a0-202c7e390631,ALB-CN-1870-13269,isSameAs,ALB-CN-1880-3192,1870,1880,70-80,0.741
6aea3376-563e-49f5-a174-d850ae58d4e7,ALB-CN-1870-13274,isSameAs,ALB-CN-1880-3194,1870,1880,70-80,0.87
c88cab7f-3fff-45d0-aaf2-05e8cff8ea0c,ALB-CN-1870-13286,isSameAs,ALB-CN-1880-3227,1870,1880,70-80,0.611
38c4c662-0389-422b-b11b-7c608cfd9a4e,ALB-CN-1870-13288,isSameAs,ALB-CN-1880-3230,1870,1880,70-80,0.948
d0cb1209-f72d-4d73-a37c-08144b81038b,ALB-CN-1870-13290,isSameAs,ALB-CN-1880-2982,1870,1880,70-80,0.976
9ba0e8b6-0bea-4074-934c-a1dc8c93dc67,ALB-CN-1870-13291,isSameAs,ALB-CN-1880-2983,1870,1880,70-80,0.989
c588ddb2-f189-48bc-86cd-a7824706ad1f,ALB-CN-1870-13292,isSameAs,ALB-CN-1880-2984,1870,1880,70-80,0.989
1c3b4857-8cf2-46d7-a5f4-e43ad85df2da,ALB-CN-1870-13294,isSameAs,ALB-CN-1880-2999,1870,1880,70-80,0.846
acf53101-7ea7-424a-bf0e-a5b30f7e7b51,ALB-CN-1870-133,isSameAs,ALB-CN-1880-22141,1870,1880,70-80,0.909
45a1b403-bb81-4464-bc03-f3fafe8e9052,ALB-CN-1870-13304,isSameAs,ALB-CN-1880-273,1870,1880,70-80,0.668
d3cdccbb-8a59-47d8-ba1e-ce9e4702867d,ALB-CN-1870-13308,isSameAs,ALB-CN-1880-5890,1870,1880,70-80,0.668
9684ca84-7ccf-4f7a-9c18-8bf92f22d9f4,ALB-CN-1870-13309,isSameAs,ALB-CN-1880-5889,1870,1880,70-80,0.87
a9807f72-4e66-410f-b114-99cf6dc63d48,ALB-CN-1870-13310,isSameAs,ALB-CN-1880-5891,1870,1880,70-80,0.909
60fdd544-63af-4ff3-936d-b91586e6dbd0,ALB-CN-1870-13312,isSameAs,ALB-CN-1880-2139,1870,1880,70-80,0.721
abb4e94d-7ec5-44ff-a7f7-9c2ee7396bab,ALB-CN-1870-13314,isSameAs,ALB-CN-1880-2990,1870,1880,70-80,0.961
dc9c515e-d9ca-4aaf-81d2-6241df00ce1d,ALB-CN-1870-13315,isSameAs,ALB-CN-1880-2991,1870,1880,70-80,0.964
5028d94e-aa8f-4a63-8ce7-747ce951428f,ALB-CN-1870-13317,isSameAs,ALB-CN-1880-2992,1870,1880,70-80,0.948
54aa13e1-dec0-458b-951d-58e7848f1a6f,ALB-CN-1870-13318,isSameAs,ALB-CN-1880-31849,1870,1880,70-80,0.891
3fac2c01-2854-4797-a4b8-ef3fa81fb034,ALB-CN-1870-13320,isSameAs,ALB-CN-1880-3422,1870,1880,70-80,0.891
f7cd6ae4-dae8-4666-be53-f4565426bdee,ALB-CN-1870-13321,isSameAs,ALB-CN-1880-2994,1870,1880,70-80,0.98
a9df128a-cd55-478a-ac7c-2933717e3edf,ALB-CN-1870-13322,isSameAs,ALB-CN-1880-2995,1870,1880,70-80,0.786
52e5a502-9074-4b0a-9044-fe21e2666b2f,ALB-CN-1870-13323,isSameAs,ALB-CN-1880-2996,1870,1880,70-80,0.924
768fe388-86b0-4093-8b22-21b9b859e256,ALB-CN-1870-13325,isSameAs,ALB-CN-1880-2997,1870,1880,70-80,0.971
1cc17930-ab46-4dd8-b0bd-336031d09c7d,ALB-CN-1870-13342,isSameAs,ALB-CN-1880-12430,1870,1880,70-80,0.769
ee0d1080-105f-4bee-a60b-d783d1df7b07,ALB-CN-1870-13343,isSameAs,ALB-CN-1880-1209,1870,1880,70-80,0.99
3a1bb569-2143-4d5e-9ea2-b6c5ca8ecde4,ALB-CN-1870-13345,isSameAs,ALB-CN-1880-12542,1870,1880,70-80,0.924
fc3dedb7-e400-4ff6-bdf1-da3b42590c45,ALB-CN-1870-13346,isSameAs,ALB-CN-1880-1213,1870,1880,70-80,0.971
c6aafa27-2c33-47d5-a8d2-9e4b4ae67b17,ALB-CN-1870-13347,isSameAs,ALB-CN-1880-14818,1870,1880,70-80,0.721
0cdca7ff-5328-47cb-ac4c-0be8ae2e5ee0,ALB-CN-1870-13348,isSameAs,ALB-CN-1880-1214,1870,1880,70-80,0.98
95700861-3a6b-439c-86f4-10724fe40a2a,ALB-CN-1870-13352,isSameAs,ALB-CN-1880-3331,1870,1880,70-80,0.99
ebc84c49-89b8-46ab-8287-0b07a6fceb76,ALB-CN-1870-13353,isSameAs,ALB-CN-1880-3333,1870,1880,70-80,0.99
3963e641-e65a-48c1-a3a5-5fb185d10a93,ALB-CN-1870-13354,isSameAs,ALB-CN-1880-15389,1870,1880,70-80,0.711
fdd1e976-0a4e-4c46-8ec5-3a78d7f44b02,ALB-CN-1870-13355,isSameAs,ALB-CN-1880-3334,1870,1880,70-80,0.69
e428f114-86a7-474f-9149-b93c0db97c34,ALB-CN-1870-13356,isSameAs,ALB-CN-1880-3335,1870,1880,70-80,0.968
c4917f10-8df9-4389-b29c-2a1a50509393,ALB-CN-1870-13357,isSameAs,ALB-CN-1880-3336,1870,1880,70-80,0.99
443c4095-6d04-4e7f-94bf-1c37ad18d5ff,ALB-CN-1870-13359,isSameAs,ALB-CN-1880-10296,1870,1880,70-80,0.711
1841f120-b24b-4e82-a7a8-2014cb168123,ALB-CN-1870-13364,isSameAs,ALB-CN-1880-12392,1870,1880,70-80,0.917
586bd86a-fb04-4048-a0fc-7ff6c0443694,ALB-CN-1870-13365,isSameAs,ALB-CN-1880-12388,1870,1880,70-80,0.794
c4675a4a-3371-435f-8410-0f37c375e7df,ALB-CN-1870-13367,isSameAs,ALB-CN-1880-26340,1870,1880,70-80,0.987
22532a11-f1e0-4c59-8d1e-0e417daf69b6,ALB-CN-1870-13368,isSameAs,ALB-CN-1880-19131,1870,1880,70-80,0.634
5dcdfcad-64c0-46e5-88a5-c84e90e08488,ALB-CN-1870-13369,isSameAs,ALB-CN-1880-12389,1870,1880,70-80,0.852
9fc3f664-8ba7-4c16-a5cb-03b29802e1ed,ALB-CN-1870-13370,isSameAs,ALB-CN-1880-1373,1870,1880,70-80,0.964
1b9cffaa-2d27-4d65-9513-88b2cb269820,ALB-CN-1870-13371,isSameAs,ALB-CN-1880-2641,1870,1880,70-80,0.846
fb361d90-08df-426c-bd71-4af813aa06aa,ALB-CN-1870-13372,isSameAs,ALB-CN-1880-3442,1870,1880,70-80,0.657
6454aa5f-ae7a-47ba-bcbc-69c9fcbe91b1,ALB-CN-1870-13378,isSameAs,ALB-CN-1880-29036,1870,1880,70-80,0.668
c0f06e52-3c9e-4443-ba8d-79c71c1c37f3,ALB-CN-1870-13386,isSameAs,ALB-CN-1880-29269,1870,1880,70-80,0.802
03c7ce21-6b0e-4de6-8c16-602c4871b840,ALB-CN-1870-13412,isSameAs,ALB-CN-1880-1222,1870,1880,70-80,0.99
bcb11fb5-f4ae-4ce5-9bd2-2d80a5ef3c15,ALB-CN-1870-13413,isSameAs,ALB-CN-1880-1223,1870,1880,70-80,0.978
98792c18-d873-4ee7-8689-7f3d1769afa6,ALB-CN-1870-13414,isSameAs,ALB-CN-1880-1224,1870,1880,70-80,0.984
dccc64fb-c1b2-484c-9215-80819c059302,ALB-CN-1870-13416,isSameAs,ALB-CN-1880-1226,1870,1880,70-80,0.989
840f78ce-663f-43dd-9f8a-d327789de964,ALB-CN-1870-13425,isSameAs,ALB-CN-1880-1034,1870,1880,70-80,0.731
c17bfce8-5383-4e45-9950-d729ee9c4bb1,ALB-CN-1870-13426,isSameAs,ALB-CN-1880-1035,1870,1880,70-80,0.818
a76cf9dc-4603-4a00-b407-a81016a29203,ALB-CN-1870-13427,isSameAs,ALB-CN-1880-1036,1870,1880,70-80,0.931
fccf07b5-c57c-4796-9487-668b8b3cb266,ALB-CN-1870-13439,isSameAs,ALB-CN-1880-28208,1870,1880,70-80,0.75
25a540a5-19ab-44a8-a58e-2189367646ca,ALB-CN-1870-13443,isSameAs,ALB-CN-1880-1207,1870,1880,70-80,0.646
32b301e0-638c-411f-a790-be9638c3d59e,ALB-CN-1870-13444,isSameAs,ALB-CN-1880-354,1870,1880,70-80,0.917
25036a3a-afe6-4e45-8d0e-a409b161d7f0,ALB-CN-1870-13448,isSameAs,ALB-CN-1880-1273,1870,1880,70-80,0.875
70d2d66c-63a6-4476-91c1-bf3f3608aa02,ALB-CN-1870-13449,isSameAs,ALB-CN-1880-1274,1870,1880,70-80,0.881
b34c85af-0f6e-410c-b913-0e33fce66770,ALB-CN-1870-13450,isSameAs,ALB-CN-1880-1275,1870,1880,70-80,0.864
ab4ac54b-bd62-40f4-a6ac-8e43eab56765,ALB-CN-1870-13451,isSameAs,ALB-CN-1880-1278,1870,1880,70-80,0.971
ee72a7c9-5307-4846-8e07-35e9fba7494d,ALB-CN-1870-13458,isSameAs,ALB-CN-1880-11298,1870,1880,70-80,0.668
561ea155-99ea-419e-a4f8-46fc7d953831,ALB-CN-1870-1346,isSameAs,ALB-CN-1880-4733,1870,1880,70-80,0.802
ab7b3c34-a63b-4cde-a2cd-c9787837d3be,ALB-CN-1870-13467,isSameAs,ALB-CN-1880-1472,1870,1880,70-80,0.917
6266c2b3-7488-43b1-aaef-27cdf5b62189,ALB-CN-1870-13470,isSameAs,ALB-CN-1880-15474,1870,1880,70-80,0.891
c0751be3-c948-44bd-bee1-4f43d0a30330,ALB-CN-1870-13471,isSameAs,ALB-CN-1880-1476,1870,1880,70-80,0.909
076e995a-398e-4957-aa53-6dfa04d858b3,ALB-CN-1870-13479,isSameAs,ALB-CN-1880-796,1870,1880,70-80,0.957
fe23f362-f67f-47ff-9f47-b7649d29ca38,ALB-CN-1870-13482,isSameAs,ALB-CN-1880-3122,1870,1880,70-80,0.982
c79fb360-b272-442c-a012-a9b1a7d60a66,ALB-CN-1870-13483,isSameAs,ALB-CN-1880-3123,1870,1880,70-80,0.99
cc5e31bf-bf0a-46a6-bb55-7d2c9b1b6666,ALB-CN-1870-13485,isSameAs,ALB-CN-1880-3124,1870,1880,70-80,0.982
1770643f-ae30-4626-8ac9-3b8af9176a9e,ALB-CN-1870-13486,isSameAs,ALB-CN-1880-3125,1870,1880,70-80,0.976
f9185f60-1a0e-4d7f-b816-9948ba3e7023,ALB-CN-1870-13487,isSameAs,ALB-CN-1880-3126,1870,1880,70-80,0.984
841cf6b4-d17d-44ec-8063-858db5ba4de9,ALB-CN-1870-13493,isSameAs,ALB-CN-1880-3174,1870,1880,70-80,0.832
25aa08df-5e68-40e1-8d64-f21b355214b6,ALB-CN-1870-13494,isSameAs,ALB-CN-1880-3175,1870,1880,70-80,0.846
c4cadd80-33fc-48dd-8bbd-e4affc57a984,ALB-CN-1870-13501,isSameAs,ALB-CN-1880-29016,1870,1880,70-80,0.881
ffb4c082-f7ff-40c4-b8a9-f8a028112f0a,ALB-CN-1870-13502,isSameAs,ALB-CN-1880-5029,1870,1880,70-80,0.668
d69d195f-4b88-4e04-88e3-d66c641b8ef1,ALB-CN-1870-13513,isSameAs,ALB-CN-1880-28859,1870,1880,70-80,0.794
76d3dc80-30ee-43bf-8d86-1f90b6936599,ALB-CN-1870-13516,isSameAs,ALB-CN-1880-1147,1870,1880,70-80,0.931
621a5605-bb7b-4531-bc12-690d19fe76b1,ALB-CN-1870-13517,isSameAs,ALB-CN-1880-28850,1870,1880,70-80,0.75
a618df51-cbe8-4f90-a7d5-f79b963ac5a5,ALB-CN-1870-13519,isSameAs,ALB-CN-1880-16367,1870,1880,70-80,0.9
8d2e96da-0f3d-4ebf-89ee-1bd1289cda4a,ALB-CN-1870-13520,isSameAs,ALB-CN-1880-1150,1870,1880,70-80,0.913
9ab98544-6b24-46dc-9bc0-6ab2cc158725,ALB-CN-1870-13521,isSameAs,ALB-CN-1880-18569,1870,1880,70-80,0.769
8c6ce915-ecb8-4b52-a02d-7d560c82641c,ALB-CN-1870-13522,isSameAs,ALB-CN-1880-1383,1870,1880,70-80,0.711
8dadf385-9659-48fe-bb41-a8103f97e643,ALB-CN-1870-13537,isSameAs,ALB-CN-1880-3304,1870,1880,70-80,0.937
e2f7830d-8c25-4fd3-82df-d69532965697,ALB-CN-1870-13542,isSameAs,ALB-CN-1880-3305,1870,1880,70-80,0.948
5dd7ed6c-05ca-4e12-9a33-e6f661612062,ALB-CN-1870-13545,isSameAs,ALB-CN-1880-2656,1870,1880,70-80,0.928
daca828c-5e38-449f-a210-097e4d793116,ALB-CN-1870-13546,isSameAs,ALB-CN-1880-2657,1870,1880,70-80,0.909
cc55e8cd-d8f5-46a0-a69b-1f3be8116839,ALB-CN-1870-13548,isSameAs,ALB-CN-1880-2658,1870,1880,70-80,0.832
21a12518-f882-48ea-9ec0-bb421e02de72,ALB-CN-1870-13549,isSameAs,ALB-CN-1880-2710,1870,1880,70-80,0.75
ab742664-f08e-4a88-ba45-4f9588041bec,ALB-CN-1870-13550,isSameAs,ALB-CN-1880-2709,1870,1880,70-80,0.957
1b35db17-48b1-4094-8988-cf81b7e1461f,ALB-CN-1870-13551,isSameAs,ALB-CN-1880-11297,1870,1880,70-80,0.668
7d904e61-9cd7-48be-bdae-9751e8ccbed9,ALB-CN-1870-13552,isSameAs,ALB-CN-1880-2711,1870,1880,70-80,0.937
80cc5846-c192-4ed8-af93-e502cce2c212,ALB-CN-1870-13553,isSameAs,ALB-CN-1880-2712,1870,1880,70-80,0.9
5a4bdafe-d2ea-48fd-a9b4-66dd5870d144,ALB-CN-1870-13554,isSameAs,ALB-CN-1880-2713,1870,1880,70-80,0.971
efec8e8d-0471-4e2b-984e-ae5f4a42d5ad,ALB-CN-1870-13555,isSameAs,ALB-CN-1880-3091,1870,1880,70-80,0.909
141834bb-a9d8-467f-8414-2cac53992b5d,ALB-CN-1870-13560,isSameAs,ALB-CN-1880-1380,1870,1880,70-80,0.957
90aece24-0527-4b32-87ff-71ab600b1f51,ALB-CN-1870-13561,isSameAs,ALB-CN-1880-1381,1870,1880,70-80,0.948
3752512f-043b-4e5f-8700-75a926b6ff10,ALB-CN-1870-13562,isSameAs,ALB-CN-1880-2225,1870,1880,70-80,0.909
1b7eb48a-7e1a-4c1e-912a-125cf1376e44,ALB-CN-1870-13563,isSameAs,ALB-CN-1880-21215,1870,1880,70-80,0.721
12a8ea88-4319-4652-ad4e-4975abc23842,ALB-CN-1870-13564,isSameAs,ALB-CN-1880-1384,1870,1880,70-80,0.891
b5becb81-0e45-450b-81d2-941b332eb6f5,ALB-CN-1870-13567,isSameAs,ALB-CN-1880-2714,1870,1880,70-80,0.69
4dc97cb3-f5aa-478b-be3a-7c1d353101e8,ALB-CN-1870-1357,isSameAs,ALB-CN-1880-19657,1870,1880,70-80,0.818
73902ecf-f074-45fc-9020-f3621b4ad5f5,ALB-CN-1870-13572,isSameAs,ALB-CN-1880-1418,1870,1880,70-80,0.721
809827e1-18c6-4098-948d-e8abcde0190d,ALB-CN-1870-13573,isSameAs,ALB-CN-1880-1419,1870,1880,70-80,0.786
c1632124-e2b5-4990-8f56-95f7933f836b,ALB-CN-1870-13574,isSameAs,ALB-CN-1880-2648,1870,1880,70-80,0.786
e08907a3-923f-4379-926d-80fefb9267bb,ALB-CN-1870-13575,isSameAs,ALB-CN-1880-2649,1870,1880,70-80,0.786
7385a59c-e76b-420a-8f05-0f2752e499cc,ALB-CN-1870-13578,isSameAs,ALB-CN-1880-21390,1870,1880,70-80,0.646
d5a68b5a-47a7-4e26-8ab1-563323cdf8ee,ALB-CN-1870-13580,isSameAs,ALB-CN-1880-14313,1870,1880,70-80,0.731
f06c082f-2b8e-4284-9927-905ae0fa02e9,ALB-CN-1870-13581,isSameAs,ALB-CN-1880-9721,1870,1880,70-80,0.891
151f8f38-f8dc-4b85-b86d-67e6429bbefb,ALB-CN-1870-13582,isSameAs,ALB-CN-1880-9722,1870,1880,70-80,0.98
58edf0b5-dd59-4467-bb49-8af149401e48,ALB-CN-1870-13583,isSameAs,ALB-CN-1880-9723,1870,1880,70-80,0.971
c2007bf6-6cbd-4dc9-aec6-2936eab8d9de,ALB-CN-1870-13584,isSameAs,ALB-CN-1880-9724,1870,1880,70-80,0.959
9574e20a-754e-494a-91a3-cee68fb04387,ALB-CN-1870-13585,isSameAs,ALB-CN-1880-9725,1870,1880,70-80,0.957
9f8b8592-52cf-41b6-b477-cad03e6a3ef2,ALB-CN-1870-13586,isSameAs,ALB-CN-1880-9726,1870,1880,70-80,0.957
cd1f3d7a-9da7-4172-b806-a58e015a6d78,ALB-CN-1870-13588,isSameAs,ALB-CN-1880-2642,1870,1880,70-80,0.971
f17fd563-476e-46a6-87df-5bc8bb5b347c,ALB-CN-1870-13589,isSameAs,ALB-CN-1880-2643,1870,1880,70-80,0.968
a4b7b2af-d5a4-4351-a2e9-1adda95b1433,ALB-CN-1870-13590,isSameAs,ALB-CN-1880-2043,1870,1880,70-80,0.741
550699fb-a5d3-494d-aec4-7f018e0a75db,ALB-CN-1870-13591,isSameAs,ALB-CN-1880-28984,1870,1880,70-80,0.769
a0de6a4c-25a9-44a5-b32f-324a11971429,ALB-CN-1870-13592,isSameAs,ALB-CN-1880-2645,1870,1880,70-80,0.818
bdd8fbd1-c7ac-46ca-847d-5857a185eea5,ALB-CN-1870-13593,isSameAs,ALB-CN-1880-2644,1870,1880,70-80,0.966
142b831c-1bc9-4dff-b255-0e46bad16f8b,ALB-CN-1870-13594,isSameAs,ALB-CN-1880-28987,1870,1880,70-80,0.99
a5e3241b-1785-4a44-80d2-1bf7e5fe2b34,ALB-CN-1870-13595,isSameAs,ALB-CN-1880-23918,1870,1880,70-80,0.81
3c91f528-f9b5-4bde-ab75-fdcbad61e549,ALB-CN-1870-13597,isSameAs,ALB-CN-1880-11272,1870,1880,70-80,0.846
97e8c049-412d-401d-9df1-53d824b65f85,ALB-CN-1870-136,isSameAs,ALB-CN-1880-22142,1870,1880,70-80,0.87
2259cd5f-9fa7-41ae-a2bf-d0712765dc52,ALB-CN-1870-13602,isSameAs,ALB-CN-1880-2587,1870,1880,70-80,0.99
24d3c56a-ec37-4edc-a93b-5cd4064af9d5,ALB-CN-1870-13603,isSameAs,ALB-CN-1880-2588,1870,1880,70-80,0.964
6f8f065b-d62e-46b3-8225-c83fb21ca947,ALB-CN-1870-13604,isSameAs,ALB-CN-1880-2589,1870,1880,70-80,0.668
ca896d43-7be3-44ac-8b70-ad9aa06da884,ALB-CN-1870-13605,isSameAs,ALB-CN-1880-2590,1870,1880,70-80,0.984
42f648dc-3f22-4881-83a3-0e1a85c92379,ALB-CN-1870-13612,isSameAs,ALB-CN-1880-2634,1870,1880,70-80,0.75
c42e05f2-b908-43bc-b172-ea68546cb0cd,ALB-CN-1870-13613,isSameAs,ALB-CN-1880-23401,1870,1880,70-80,0.818
b18baa0b-ea42-41d2-8fa3-7ad5582e082e,ALB-CN-1870-13615,isSameAs,ALB-CN-1880-2823,1870,1880,70-80,0.769
70ea5983-2ce6-4179-bfba-c2068df247a6,ALB-CN-1870-13616,isSameAs,ALB-CN-1880-2824,1870,1880,70-80,0.87
aff6c03e-a6d9-4d34-9763-ef7fae8d272f,ALB-CN-1870-13619,isSameAs,ALB-CN-1880-5855,1870,1880,70-80,0.711
10ee74f1-5963-4768-b566-7fc39fd811c2,ALB-CN-1870-13620,isSameAs,ALB-CN-1880-19645,1870,1880,70-80,0.818
fe67b560-7b64-4fde-a4cb-614af2f1e35b,ALB-CN-1870-13621,isSameAs,ALB-CN-1880-2600,1870,1880,70-80,0.711
5642c2e6-a2ee-44df-b93e-0cdb4251dfa6,ALB-CN-1870-13622,isSameAs,ALB-CN-1880-2601,1870,1880,70-80,0.937
5064a36a-45b1-4b1d-adc3-c915c9274d8b,ALB-CN-1870-13623,isSameAs,ALB-CN-1880-2602,1870,1880,70-80,0.881
dbcdc315-f08d-4d00-8015-a2a25fca5c51,ALB-CN-1870-13625,isSameAs,ALB-CN-1880-2618,1870,1880,70-80,0.846
fced1c17-95bf-4d0a-8fab-80b3bed9128f,ALB-CN-1870-13626,isSameAs,ALB-CN-1880-1279,1870,1880,70-80,0.909
6d8cbe69-292e-4a37-b2f3-62c883f12866,ALB-CN-1870-13627,isSameAs,ALB-CN-1880-1280,1870,1880,70-80,0.957
b796bf65-5dd3-4ed8-819b-3be75e370c07,ALB-CN-1870-13628,isSameAs,ALB-CN-1880-1281,1870,1880,70-80,0.964
631edc43-7bb9-4d6c-8e39-9494857ba86d,ALB-CN-1870-13643,isSameAs,ALB-CN-1880-1831,1870,1880,70-80,0.846
8c9b049b-2224-4691-90e2-7c19bff5555a,ALB-CN-1870-13648,isSameAs,ALB-CN-1880-1834,1870,1880,70-80,0.711
0d4f811a-1454-4523-befa-155fb93390f8,ALB-CN-1870-13657,isSameAs,ALB-CN-1880-1529,1870,1880,70-80,0.75
5c7bb6f3-c102-41db-8701-a7c557dd770d,ALB-CN-1870-13659,isSameAs,ALB-CN-1880-2725,1870,1880,70-80,0.99
fdd8b1e6-41b3-4059-9734-712e31338ec9,ALB-CN-1870-13662,isSameAs,ALB-CN-1880-2726,1870,1880,70-80,0.982
a50570b9-82d9-494c-9c88-32d56de5bd3a,ALB-CN-1870-13664,isSameAs,ALB-CN-1880-2727,1870,1880,70-80,0.989
feea8d48-b0ff-4974-94d0-f1a56cb219c2,ALB-CN-1870-13666,isSameAs,ALB-CN-1880-2728,1870,1880,70-80,0.984
49c3deaf-c7e8-42fb-8d18-93fd8975df65,ALB-CN-1870-13667,isSameAs,ALB-CN-1880-2729,1870,1880,70-80,0.668
0868c43e-1ce3-4ff4-ab6d-6fc0d4765cbe,ALB-CN-1870-13668,isSameAs,ALB-CN-1880-1956,1870,1880,70-80,0.953
62aa4f98-2a1f-4197-9ec9-1ae63cb31929,ALB-CN-1870-13669,isSameAs,ALB-CN-1880-1957,1870,1880,70-80,0.964
41968f2f-e7fb-4304-891d-b0c62e33dfb3,ALB-CN-1870-13670,isSameAs,ALB-CN-1880-1958,1870,1880,70-80,0.98
20e281f8-13bb-4303-ab84-9d021e90937f,ALB-CN-1870-13673,isSameAs,ALB-CN-1880-2467,1870,1880,70-80,0.881
98612074-cf4d-45a6-b55b-dca78d670c33,ALB-CN-1870-13674,isSameAs,ALB-CN-1880-16594,1870,1880,70-80,0.948
90eaabbb-1e84-4917-a916-7029e4b02502,ALB-CN-1870-13676,isSameAs,ALB-CN-1880-11696,1870,1880,70-80,0.832
66be848f-efdb-4315-9b36-f8dc56a2bedd,ALB-CN-1870-13677,isSameAs,ALB-CN-1880-11698,1870,1880,70-80,0.769
33f13c64-dbee-4902-98c0-2d9bc68b36a2,ALB-CN-1870-13679,isSameAs,ALB-CN-1880-16588,1870,1880,70-80,0.622
a3fbd581-be99-4e91-a0bc-e7a6b6cf9d75,ALB-CN-1870-1368,isSameAs,ALB-CN-1880-23617,1870,1880,70-80,0.957
098cbb05-bb1a-40cf-aea4-903d206b8eae,ALB-CN-1870-13681,isSameAs,ALB-CN-1880-16589,1870,1880,70-80,0.711
8e215fce-f524-4ca2-af21-25290860b88a,ALB-CN-1870-13683,isSameAs,ALB-CN-1880-1952,1870,1880,70-80,0.94
f0ea8d3e-3b40-444b-ada2-f65ce5af4115,ALB-CN-1870-13684,isSameAs,ALB-CN-1880-1953,1870,1880,70-80,0.948
067a6ac6-4509-44c0-8983-5c5b7a1aba69,ALB-CN-1870-13685,isSameAs,ALB-CN-1880-1954,1870,1880,70-80,0.953
de3e64f6-7a34-4f08-a9ee-ca616c4369f5,ALB-CN-1870-13686,isSameAs,ALB-CN-1880-1955,1870,1880,70-80,0.971
2d7ecb49-5a8f-4f45-8a73-ffcda37c0175,ALB-CN-1870-1369,isSameAs,ALB-CN-1880-23618,1870,1880,70-80,0.896
d4967708-eb4f-461c-a944-c617c421a24a,ALB-CN-1870-13698,isSameAs,ALB-CN-1880-3445,1870,1880,70-80,0.858
8aacf6d6-059f-4396-b55f-4da0fde1da07,ALB-CN-1870-1370,isSameAs,ALB-CN-1880-23619,1870,1880,70-80,0.818
2ebe760b-bb6f-41a9-a927-44b70fe71d46,ALB-CN-1870-13703,isSameAs,ALB-CN-1880-29002,1870,1880,70-80,0.646
146d0f17-6d17-4c14-9a6a-559cf57e0c1f,ALB-CN-1870-13705,isSameAs,ALB-CN-1880-2731,1870,1880,70-80,0.943
ca950872-e4b2-4b4a-acf4-870648219bbe,ALB-CN-1870-13708,isSameAs,ALB-CN-1880-2734,1870,1880,70-80,0.948
e6535fc4-702d-43c6-9717-af4b459f4d74,ALB-CN-1870-13709,isSameAs,ALB-CN-1880-3446,1870,1880,70-80,0.679
906002d5-9835-4ca5-929c-0f4a3f7abdcc,ALB-CN-1870-13718,isSameAs,ALB-CN-1880-1941,1870,1880,70-80,0.634
2b7647e2-8d25-435c-9a79-410ca651e4a0,ALB-CN-1870-13720,isSameAs,ALB-CN-1880-21464,1870,1880,70-80,0.818
67aa9352-600e-45b4-9f1d-8b897b430865,ALB-CN-1870-13721,isSameAs,ALB-CN-1880-19676,1870,1880,70-80,0.794
ef251948-d3fe-4077-80ef-594ec4d29dda,ALB-CN-1870-13726,isSameAs,ALB-CN-1880-1919,1870,1880,70-80,0.825
18566a5a-e32d-47f6-b71a-03298d62166e,ALB-CN-1870-13729,isSameAs,ALB-CN-1880-1918,1870,1880,70-80,0.891
425ae9d5-d1b3-4c96-aacf-c59ef4e25da8,ALB-CN-1870-1373,isSameAs,ALB-CN-1880-23623,1870,1880,70-80,0.94
429d822b-2e7a-42ea-8fe3-14c6390a7afb,ALB-CN-1870-13730,isSameAs,ALB-CN-1880-2530,1870,1880,70-80,0.928
5f6dc625-7401-4744-a4d6-294f9ee696b2,ALB-CN-1870-13732,isSameAs,ALB-CN-1880-2532,1870,1880,70-80,0.769
4bfd102d-40b4-4e49-a65d-464622c256d6,ALB-CN-1870-13733,isSameAs,ALB-CN-1880-2534,1870,1880,70-80,0.98
d00d89f7-9152-45f0-9fa5-a5b15240c90f,ALB-CN-1870-13734,isSameAs,ALB-CN-1880-2533,1870,1880,70-80,0.971
8418086d-190a-4824-9bf3-48c4fd06173d,ALB-CN-1870-13735,isSameAs,ALB-CN-1880-2535,1870,1880,70-80,0.989
a800ee17-b690-4175-aeb9-35e492a72e33,ALB-CN-1870-13736,isSameAs,ALB-CN-1880-2536,1870,1880,70-80,0.622
c9e2edb7-23ff-4522-aeed-6ce07abe1070,ALB-CN-1870-13737,isSameAs,ALB-CN-1880-2538,1870,1880,70-80,0.957
35f28b35-094f-49e8-a8ff-7374767ae712,ALB-CN-1870-13739,isSameAs,ALB-CN-1880-4636,1870,1880,70-80,0.976
87aeaed4-c2f3-4497-895c-c877fbb031f8,ALB-CN-1870-13741,isSameAs,ALB-CN-1880-2797,1870,1880,70-80,0.896
8b5af517-a6a0-46e3-9652-f158839b2211,ALB-CN-1870-13742,isSameAs,ALB-CN-1880-2798,1870,1880,70-80,0.909
ad439a82-9263-4315-a352-449bb336ac98,ALB-CN-1870-1375,isSameAs,ALB-CN-1880-23576,1870,1880,70-80,0.9
2bfbd5f8-ef49-4c97-b89b-4b4a81ba1551,ALB-CN-1870-13759,isSameAs,ALB-CN-1880-1842,1870,1880,70-80,0.668
5b491282-25c0-4ddf-83bd-23d75cf0c093,ALB-CN-1870-13765,isSameAs,ALB-CN-1880-2187,1870,1880,70-80,0.891
09f20bcf-abf7-4b29-8601-f19cc024661f,ALB-CN-1870-1377,isSameAs,ALB-CN-1880-23577,1870,1880,70-80,0.95
d9f44e0e-575f-45f1-a02e-d83c5ee77045,ALB-CN-1870-13778,isSameAs,ALB-CN-1880-2796,1870,1880,70-80,0.731
aebdedcf-771a-4ac9-a0f2-5b73d58f5d19,ALB-CN-1870-1378,isSameAs,ALB-CN-1880-23578,1870,1880,70-80,0.984
0621d31c-5d1b-48f0-8a08-c75688313043,ALB-CN-1870-13780,isSameAs,ALB-CN-1880-2803,1870,1880,70-80,0.964
64af4d2c-0bda-480a-9cfa-336bc9198f91,ALB-CN-1870-13787,isSameAs,ALB-CN-1880-881,1870,1880,70-80,0.864
7418d1be-ecc8-495c-b7b5-31a222cd81a2,ALB-CN-1870-13789,isSameAs,ALB-CN-1880-4425,1870,1880,70-80,0.679
010ef438-3458-4dc0-a3db-eeb58aba28a8,ALB-CN-1870-1379,isSameAs,ALB-CN-1880-23579,1870,1880,70-80,0.937
f773e32f-200e-48d7-8f59-3994af2d0018,ALB-CN-1870-13803,isSameAs,ALB-CN-1880-21472,1870,1880,70-80,0.852
efdfb5f8-8ec7-4b54-9501-c0f990cc63f2,ALB-CN-1870-13806,isSameAs,ALB-CN-1880-21473,1870,1880,70-80,0.622
504822c3-c241-4568-9c2e-c0e2ba2507ed,ALB-CN-1870-13807,isSameAs,ALB-CN-1880-21474,1870,1880,70-80,0.924
fb43fe91-f464-4430-b2be-547b49d767b3,ALB-CN-1870-13809,isSameAs,ALB-CN-1880-3524,1870,1880,70-80,0.668
9f142222-bd71-43f1-8006-c12b67e6bd38,ALB-CN-1870-1381,isSameAs,ALB-CN-1880-23580,1870,1880,70-80,0.668
3e411463-6f07-4f67-bf33-22d581cd3a2c,ALB-CN-1870-13810,isSameAs,ALB-CN-1880-3018,1870,1880,70-80,0.98
babc33d1-c6ae-412c-a242-7f61c7391f4f,ALB-CN-1870-13811,isSameAs,ALB-CN-1880-3019,1870,1880,70-80,0.87
73378cd0-7817-43cb-bad6-d9df53b4c332,ALB-CN-1870-13813,isSameAs,ALB-CN-1880-8793,1870,1880,70-80,0.634
0738c7ab-547a-4318-b542-5d7aad0f0c59,ALB-CN-1870-13816,isSameAs,ALB-CN-1880-3020,1870,1880,70-80,0.891
981b4173-6d53-4cad-8870-541df0798420,ALB-CN-1870-13817,isSameAs,ALB-CN-1880-3021,1870,1880,70-80,0.948
a666bd77-3bc5-47c1-ac7c-d02bbd8daa24,ALB-CN-1870-13818,isSameAs,ALB-CN-1880-1813,1870,1880,70-80,0.769
ae64fd0a-f571-403f-81ce-713942db1253,ALB-CN-1870-13822,isSameAs,ALB-CN-1880-30504,1870,1880,70-80,0.891
2d1d7484-a0ec-433f-b28c-3959cff41117,ALB-CN-1870-13826,isSameAs,ALB-CN-1880-1806,1870,1880,70-80,0.711
14196051-d4b7-4b5e-b27e-f8dc0a8f383d,ALB-CN-1870-13827,isSameAs,ALB-CN-1880-1807,1870,1880,70-80,0.909
5d345ba3-f6ad-4624-9252-7ee091b2abb5,ALB-CN-1870-13828,isSameAs,ALB-CN-1880-1808,1870,1880,70-80,0.711
d61e4ae8-70b8-4965-81e3-e5428e72e480,ALB-CN-1870-13841,isSameAs,ALB-CN-1880-3117,1870,1880,70-80,0.668
9e2fb6c5-d768-40fc-a3a2-c0c6dc0865bb,ALB-CN-1870-13842,isSameAs,ALB-CN-1880-1723,1870,1880,70-80,0.679
31fd2de2-a2be-4b44-9068-e56ce7ab5544,ALB-CN-1870-13843,isSameAs,ALB-CN-1880-1780,1870,1880,70-80,0.9
564ff40c-6217-4554-8d67-cb8b9087201d,ALB-CN-1870-13844,isSameAs,ALB-CN-1880-1781,1870,1880,70-80,0.98
852ea360-9e73-404d-963f-4fc36ec6e8b2,ALB-CN-1870-13846,isSameAs,ALB-CN-1880-1782,1870,1880,70-80,0.937
d6dce3d1-69e4-4dc2-8df3-591304de6391,ALB-CN-1870-13847,isSameAs,ALB-CN-1880-1783,1870,1880,70-80,0.75
548424c2-fb62-423b-bceb-3c9332e97d18,ALB-CN-1870-13848,isSameAs,ALB-CN-1880-1784,1870,1880,70-80,0.971
2295a8e5-b2fd-4954-ba0f-b51084fb9ef5,ALB-CN-1870-13849,isSameAs,ALB-CN-1880-1785,1870,1880,70-80,0.957
ef262fa4-dc3e-479f-9361-6707f0b59b31,ALB-CN-1870-1385,isSameAs,ALB-CN-1880-23090,1870,1880,70-80,0.9
56665ec0-ecfd-4093-b1ac-858798d48f5a,ALB-CN-1870-13850,isSameAs,ALB-CN-1880-1786,1870,1880,70-80,0.966
bcab3d2f-889d-4380-a5c1-d191665cbc1a,ALB-CN-1870-13859,isSameAs,ALB-CN-1880-31244,1870,1880,70-80,0.711
f26940e4-e4f3-4005-9bd2-48c1d132d992,ALB-CN-1870-13861,isSameAs,ALB-CN-1880-1174,1870,1880,70-80,0.937
d487d894-bd90-487f-9f49-4789633f6af5,ALB-CN-1870-13862,isSameAs,ALB-CN-1880-1175,1870,1880,70-80,0.846
9d363801-7bd5-4fe4-a1c5-fb0d7f1b5540,ALB-CN-1870-13863,isSameAs,ALB-CN-1880-1176,1870,1880,70-80,0.786
0681e91a-0c4a-4c9b-b865-58892c700b8f,ALB-CN-1870-13867,isSameAs,ALB-CN-1880-25790,1870,1880,70-80,0.943
30a70ce2-b5a6-4826-aaa0-f69aeb3415da,ALB-CN-1870-13874,isSameAs,ALB-CN-1880-2839,1870,1880,70-80,0.668
ed120dd2-fecd-41ab-8ddb-53129697cabe,ALB-CN-1870-13875,isSameAs,ALB-CN-1880-7812,1870,1880,70-80,0.646
24b5051f-4d54-494f-b684-7845cafcb4dc,ALB-CN-1870-13896,isSameAs,ALB-CN-1880-27212,1870,1880,70-80,0.731
7452defd-3a05-40b0-b8b8-4b830fa0d5df,ALB-CN-1870-13899,isSameAs,ALB-CN-1880-1789,1870,1880,70-80,0.81
d0183334-4619-4471-aa09-aea4f974e908,ALB-CN-1870-13900,isSameAs,ALB-CN-1880-3150,1870,1880,70-80,0.98
786feceb-f6cc-46c0-be0a-126b00c575bb,ALB-CN-1870-13901,isSameAs,ALB-CN-1880-3151,1870,1880,70-80,0.987
fce42b52-ba9e-4205-a2d2-5c47fb6e5efc,ALB-CN-1870-13905,isSameAs,ALB-CN-1880-28177,1870,1880,70-80,0.731
937c76b1-d496-4372-b927-7e64ad30e27a,ALB-CN-1870-13906,isSameAs,ALB-CN-1880-1802,1870,1880,70-80,0.668
ef20e278-96d9-4de9-bdca-84f2d1200749,ALB-CN-1870-13908,isSameAs,ALB-CN-1880-1540,1870,1880,70-80,0.668
1fd69b15-cce6-4ffa-a047-18be82d2417e,ALB-CN-1870-1391,isSameAs,ALB-CN-1880-22748,1870,1880,70-80,0.858
57c67f99-4b5b-4017-8992-617237da50bd,ALB-CN-1870-13918,isSameAs,ALB-CN-1880-25791,1870,1880,70-80,0.668
55b22d8b-171b-4c97-a429-e2a457b07a4d,ALB-CN-1870-13922,isSameAs,ALB-CN-1880-25567,1870,1880,70-80,0.909
05d55f1e-695d-4592-9065-a96f0e41faa8,ALB-CN-1870-13924,isSameAs,ALB-CN-1880-1466,1870,1880,70-80,0.891
8f1df5fa-4f70-4ba9-bea5-b7715da7d2a3,ALB-CN-1870-13925,isSameAs,ALB-CN-1880-1465,1870,1880,70-80,0.891
1a200680-54d9-460c-ac8f-a238d0ab8b05,ALB-CN-1870-13926,isSameAs,ALB-CN-1880-22726,1870,1880,70-80,0.896
b70b0189-a86a-4853-9d19-5fef7810e618,ALB-CN-1870-13929,isSameAs,ALB-CN-1880-1790,1870,1880,70-80,0.87
fac9205c-82eb-42f5-beaa-1d3a72be1f28,ALB-CN-1870-1393,isSameAs,ALB-CN-1880-5537,1870,1880,70-80,0.924
0cc18dc1-9806-4ae4-86f7-fc1fb70819f9,ALB-CN-1870-13930,isSameAs,ALB-CN-1880-1791,1870,1880,70-80,0.921
fb0266fa-16ea-4d47-bc7e-7cb9f5c7d4c7,ALB-CN-1870-13931,isSameAs,ALB-CN-1880-1792,1870,1880,70-80,0.69
c7c683a6-25db-4b02-a055-01852dbe80d6,ALB-CN-1870-13932,isSameAs,ALB-CN-1880-1489,1870,1880,70-80,0.622
d5aa554d-2d8f-4097-8fc1-99db080a22aa,ALB-CN-1870-13935,isSameAs,ALB-CN-1880-1607,1870,1880,70-80,0.891
5059d4ab-ec95-48cb-aebd-0cc040914f2c,ALB-CN-1870-13938,isSameAs,ALB-CN-1880-26307,1870,1880,70-80,0.69
9e3f4e32-01e6-4163-a6d8-06f8f3a7ad5b,ALB-CN-1870-13939,isSameAs,ALB-CN-1880-31096,1870,1880,70-80,0.9
17e0afe1-d565-44f9-a244-83db67dee45b,ALB-CN-1870-1394,isSameAs,ALB-CN-1880-22749,1870,1880,70-80,0.646
223aab4f-deb7-4641-b4e3-93a08721367a,ALB-CN-1870-13940,isSameAs,ALB-CN-1880-31097,1870,1880,70-80,0.971
c5672048-d7bf-4f86-a43b-8f310990838d,ALB-CN-1870-13941,isSameAs,ALB-CN-1880-31098,1870,1880,70-80,0.971
f755b453-0c9d-4319-b45d-bc3951421df7,ALB-CN-1870-13942,isSameAs,ALB-CN-1880-31099,1870,1880,70-80,0.971
bdf72552-3474-4a92-8c14-cac432cda6d5,ALB-CN-1870-13947,isSameAs,ALB-CN-1880-1630,1870,1880,70-80,0.802
ec06556c-4bda-4586-80c5-bda7606a656c,ALB-CN-1870-13949,isSameAs,ALB-CN-1880-1631,1870,1880,70-80,0.948
0d30dd76-d9da-42e9-8156-77d65d9a09fc,ALB-CN-1870-1395,isSameAs,ALB-CN-1880-22512,1870,1880,70-80,0.818
6e410530-6950-425c-a07d-f3203a75a7f4,ALB-CN-1870-13957,isSameAs,ALB-CN-1880-5400,1870,1880,70-80,0.668
176f90e3-846e-437c-a836-2e8bff7d6e54,ALB-CN-1870-13971,isSameAs,ALB-CN-1880-1137,1870,1880,70-80,0.937
21225580-4033-43ad-b6d7-4c8adf5c3f29,ALB-CN-1870-13974,isSameAs,ALB-CN-1880-1293,1870,1880,70-80,0.99
34a4e869-9c5b-4971-8c3d-5e6237f3bc7d,ALB-CN-1870-13975,isSameAs,ALB-CN-1880-1294,1870,1880,70-80,0.99
4e882090-c524-4e3a-a83e-77a2c158c460,ALB-CN-1870-13976,isSameAs,ALB-CN-1880-1295,1870,1880,70-80,0.984
bb4a7005-b739-4cd1-a734-d64c0bde13b0,ALB-CN-1870-13977,isSameAs,ALB-CN-1880-766,1870,1880,70-80,0.832
1b4e8ebc-1c97-4535-ba94-6d43d82bdfbb,ALB-CN-1870-13978,isSameAs,ALB-CN-1880-1296,1870,1880,70-80,0.977
68d16a14-09f6-47f4-893f-30d613c563c5,ALB-CN-1870-13980,isSameAs,ALB-CN-1880-1297,1870,1880,70-80,0.984
5f3e4a41-07f9-42c0-8059-8035a9b24381,ALB-CN-1870-13986,isSameAs,ALB-CN-1880-1594,1870,1880,70-80,0.634
beed2cfb-11bc-45ee-a62b-64150ec65248,ALB-CN-1870-13987,isSameAs,ALB-CN-1880-1595,1870,1880,70-80,0.875
1453e8aa-6ba4-4a57-9810-6084144d91d7,ALB-CN-1870-13989,isSameAs,ALB-CN-1880-1354,1870,1880,70-80,0.989
8be92fe7-f147-4d76-9a64-150e61d19baf,ALB-CN-1870-13990,isSameAs,ALB-CN-1880-1355,1870,1880,70-80,0.99
8964a475-4bfb-441d-9010-6288757c484b,ALB-CN-1870-13992,isSameAs,ALB-CN-1880-1356,1870,1880,70-80,0.989
d91c1edc-8d6a-4dde-9764-c7bebfd677f4,ALB-CN-1870-13993,isSameAs,ALB-CN-1880-1357,1870,1880,70-80,0.989
191ae202-25c2-416c-a1af-11d6c1cac165,ALB-CN-1870-13994,isSameAs,ALB-CN-1880-1358,1870,1880,70-80,0.961
b43ed96f-3296-453d-85e3-f5c10b854169,ALB-CN-1870-13995,isSameAs,ALB-CN-1880-1359,1870,1880,70-80,0.989
da9338ec-4a4f-4120-99f6-cfe8c3abc1e4,ALB-CN-1870-14,isSameAs,ALB-CN-1880-22074,1870,1880,70-80,0.94
00ee2353-c252-44ae-ba32-92afa91c7425,ALB-CN-1870-140,isSameAs,ALB-CN-1880-20887,1870,1880,70-80,0.731
8892e4ae-9cf2-492f-a76d-e54e15c225e9,ALB-CN-1870-14006,isSameAs,ALB-CN-1880-3159,1870,1880,70-80,0.786
96a834b4-f757-4446-8c49-de301a2653a2,ALB-CN-1870-14007,isSameAs,ALB-CN-1880-1377,1870,1880,70-80,0.646
d2319dbd-31bd-4d4a-be27-c7e2c4c76c22,ALB-CN-1870-14009,isSameAs,ALB-CN-1880-1403,1870,1880,70-80,0.971
8cc32d1f-f465-43c7-9bb8-cc1040772922,ALB-CN-1870-14010,isSameAs,ALB-CN-1880-30430,1870,1880,70-80,0.731
6f829478-f9eb-4f8f-bb12-0b3b03291eed,ALB-CN-1870-14011,isSameAs,ALB-CN-1880-1405,1870,1880,70-80,0.966
f7ecb417-2b77-4194-b135-5ab40d4af67f,ALB-CN-1870-14012,isSameAs,ALB-CN-1880-1406,1870,1880,70-80,0.957
26feb17e-7656-43d3-aa36-cd34aef62a9a,ALB-CN-1870-14016,isSameAs,ALB-CN-1880-1376,1870,1880,70-80,0.937
b23d8529-8009-4820-bd0b-66b59b53e4db,ALB-CN-1870-14018,isSameAs,ALB-CN-1880-27703,1870,1880,70-80,0.794
26a3d055-07e5-47c0-a884-b7d423c19934,ALB-CN-1870-14019,isSameAs,ALB-CN-1880-21008,1870,1880,70-80,0.858
8f8b91dc-8ea3-4e00-b15b-390bd1b12911,ALB-CN-1870-1402,isSameAs,ALB-CN-1880-22710,1870,1880,70-80,0.69
4d2ea407-8717-4de5-ac63-89ae101ed746,ALB-CN-1870-1403,isSameAs,ALB-CN-1880-22946,1870,1880,70-80,0.98
ab790b1f-53c1-4da2-91e1-0d64c1f07bc2,ALB-CN-1870-14030,isSameAs,ALB-CN-1880-1822,1870,1880,70-80,0.852
3b644380-1028-4a2c-abf6-03298e712ced,ALB-CN-1870-14031,isSameAs,ALB-CN-1880-19042,1870,1880,70-80,0.786
acc3d85d-a934-4311-92d0-5b0ff6b9a471,ALB-CN-1870-14033,isSameAs,ALB-CN-1880-1825,1870,1880,70-80,0.924
ebeb7b3e-32fb-4a5b-9bb8-7973012108f3,ALB-CN-1870-14034,isSameAs,ALB-CN-1880-1826,1870,1880,70-80,0.971
9b2a75d4-4e2d-40ab-9823-479246fb9204,ALB-CN-1870-14035,isSameAs,ALB-CN-1880-1827,1870,1880,70-80,0.94
d9ba8d3e-4fa2-43cb-8d04-817d2eb14171,ALB-CN-1870-14036,isSameAs,ALB-CN-1880-1828,1870,1880,70-80,0.924
60cec9da-96f3-4c74-a504-04321a7f9b9c,ALB-CN-1870-14037,isSameAs,ALB-CN-1880-1829,1870,1880,70-80,0.622
9f780b56-7689-4e2d-8882-dc53dc03670f,ALB-CN-1870-1404,isSameAs,ALB-CN-1880-22947,1870,1880,70-80,0.896
a230919d-e9ef-4a4d-89ab-bcaf5f5eab07,ALB-CN-1870-14040,isSameAs,ALB-CN-1880-2843,1870,1880,70-80,0.948
d54024c0-e468-493b-a768-b6324ebba911,ALB-CN-1870-14041,isSameAs,ALB-CN-1880-2844,1870,1880,70-80,0.852
1af13125-c6fc-4829-ac9b-341d010814b7,ALB-CN-1870-14043,isSameAs,ALB-CN-1880-7263,1870,1880,70-80,0.825
2cd83397-9c00-4633-8e94-e8898b583f6a,ALB-CN-1870-14044,isSameAs,ALB-CN-1880-2846,1870,1880,70-80,0.924
43c376db-bcb9-49a0-a50d-ea3d7cb4e507,ALB-CN-1870-14047,isSameAs,ALB-CN-1880-2848,1870,1880,70-80,0.924
97359720-216d-4f56-b6c5-e28d23a9bc8b,ALB-CN-1870-14048,isSameAs,ALB-CN-1880-2849,1870,1880,70-80,0.924
41f41e2c-cdfb-46eb-b800-bee4af61ea6c,ALB-CN-1870-14049,isSameAs,ALB-CN-1880-2850,1870,1880,70-80,0.711
228383f3-55ba-4bc3-a6b1-71867181007a,ALB-CN-1870-1405,isSameAs,ALB-CN-1880-22948,1870,1880,70-80,0.913
1bd40e71-e0b1-4fab-9860-94b7845f5808,ALB-CN-1870-14051,isSameAs,ALB-CN-1880-15700,1870,1880,70-80,0.802
4e428c04-8600-4c8b-9864-1d25a464d69e,ALB-CN-1870-14052,isSameAs,ALB-CN-1880-1138,1870,1880,70-80,0.846
c7c549c2-3d4e-49ec-82c9-3b2d26f62dfa,ALB-CN-1870-14055,isSameAs,ALB-CN-1880-29778,1870,1880,70-80,0.75
026cd11e-b653-471f-a5e8-91e2f17f9873,ALB-CN-1870-14059,isSameAs,ALB-CN-1880-405,1870,1880,70-80,0.937
76fc0e74-b9e7-4ae7-a47c-8b15a0a2dc9e,ALB-CN-1870-1406,isSameAs,ALB-CN-1880-22949,1870,1880,70-80,0.668
5a67fd2d-2f94-4dde-9f92-bf64d59ed245,ALB-CN-1870-14060,isSameAs,ALB-CN-1880-406,1870,1880,70-80,0.846
2f053072-5c36-427c-b64d-2dc933b55169,ALB-CN-1870-14061,isSameAs,ALB-CN-1880-407,1870,1880,70-80,0.634
14cfe656-874a-4d17-b8f8-4cacc4ca2e86,ALB-CN-1870-14066,isSameAs,ALB-CN-1880-13299,1870,1880,70-80,0.622
0e9b9434-1e79-4287-ad9a-4975961717c8,ALB-CN-1870-14067,isSameAs,ALB-CN-1880-13300,1870,1880,70-80,0.622
784e63dd-b863-4dbc-b143-f1f04f4a1bc7,ALB-CN-1870-14068,isSameAs,ALB-CN-1880-4238,1870,1880,70-80,0.76
a3a57a42-95ff-4115-bac0-03b3da623074,ALB-CN-1870-14073,isSameAs,ALB-CN-1880-30365,1870,1880,70-80,0.622
a754f886-9c17-4d45-9eb8-b603d2da09e7,ALB-CN-1870-14079,isSameAs,ALB-CN-1880-4625,1870,1880,70-80,0.98
a6b83d48-ea20-403c-9ea4-f69cf35b07b0,ALB-CN-1870-1408,isSameAs,ALB-CN-1880-22976,1870,1880,70-80,0.69
35802970-1de1-4ed7-ac36-afe365f59d2e,ALB-CN-1870-14080,isSameAs,ALB-CN-1880-4626,1870,1880,70-80,0.968
505672e1-7845-4f26-a093-88b28ae5e5c9,ALB-CN-1870-14081,isSameAs,ALB-CN-1880-4627,1870,1880,70-80,0.968
d2817d3d-5f09-42ee-8661-4a003843f860,ALB-CN-1870-14082,isSameAs,ALB-CN-1880-4628,1870,1880,70-80,0.968
77262aa9-fc8f-4a70-8c0a-ffd3ff9434cc,ALB-CN-1870-14083,isSameAs,ALB-CN-1880-29583,1870,1880,70-80,0.891
a0a0c98e-fa0b-430a-a8a4-0906a989fe05,ALB-CN-1870-14084,isSameAs,ALB-CN-1880-4631,1870,1880,70-80,0.786
41db935c-5c6e-44f4-acd0-d089e6065e40,ALB-CN-1870-14087,isSameAs,ALB-CN-1880-26331,1870,1880,70-80,0.832
a535b3e2-d5d3-4da5-ae3a-dab4e2e86302,ALB-CN-1870-1409,isSameAs,ALB-CN-1880-22961,1870,1880,70-80,0.99
d2ee5d48-bf90-43fb-8ca4-c69e1f38a0ca,ALB-CN-1870-14095,isSameAs,ALB-CN-1880-18509,1870,1880,70-80,0.87
0cec4e64-b623-42d1-866c-645b49fedf83,ALB-CN-1870-14096,isSameAs,ALB-CN-1880-18505,1870,1880,70-80,0.987
5484a24d-01fe-4b2e-8d63-3ee31815e976,ALB-CN-1870-14097,isSameAs,ALB-CN-1880-18506,1870,1880,70-80,0.668
1bb3eb15-3b16-4189-a381-bc5157644003,ALB-CN-1870-14098,isSameAs,ALB-CN-1880-18507,1870,1880,70-80,0.987
b4890534-b92c-4c59-8245-141190860535,ALB-CN-1870-14099,isSameAs,ALB-CN-1880-18508,1870,1880,70-80,0.948
e65734b4-921d-4e40-b367-354f4c10b4dd,ALB-CN-1870-141,isSameAs,ALB-CN-1880-20035,1870,1880,70-80,0.76
3e112662-a569-4408-9441-4f5c8d04ba84,ALB-CN-1870-1410,isSameAs,ALB-CN-1880-22962,1870,1880,70-80,0.988
38f5a9c8-5271-4422-985c-20ad740f3e71,ALB-CN-1870-14103,isSameAs,ALB-CN-1880-4676,1870,1880,70-80,0.668
31e46d5f-d5a1-4305-837f-39541ad36544,ALB-CN-1870-14104,isSameAs,ALB-CN-1880-26669,1870,1880,70-80,0.931
37c1227a-0ff7-4689-b58b-358a4fd635cf,ALB-CN-1870-14105,isSameAs,ALB-CN-1880-8,1870,1880,70-80,0.858
6a6b9ff6-8f6f-494b-b37a-d71989bec469,ALB-CN-1870-14106,isSameAs,ALB-CN-1880-21440,1870,1880,70-80,0.846
4cd3ac47-c3e7-4c42-af79-20ab14257522,ALB-CN-1870-1411,isSameAs,ALB-CN-1880-22963,1870,1880,70-80,0.99
419d6047-bef2-4ce2-a023-fed8f04496db,ALB-CN-1870-14111,isSameAs,ALB-CN-1880-605,1870,1880,70-80,0.864
0b249784-2517-48bc-8d43-3b59079e4511,ALB-CN-1870-14113,isSameAs,ALB-CN-1880-608,1870,1880,70-80,0.668
f5088a68-c9c5-4f9e-9ae2-021309661a7b,ALB-CN-1870-14114,isSameAs,ALB-CN-1880-26378,1870,1880,70-80,0.646
dd1069ff-f363-458e-96ee-b22253d7eba9,ALB-CN-1870-14115,isSameAs,ALB-CN-1880-609,1870,1880,70-80,0.957
2301d8a0-b79a-4587-825e-44559cb925e5,ALB-CN-1870-14116,isSameAs,ALB-CN-1880-18721,1870,1880,70-80,0.711
3c499b49-94a3-457c-a516-cbc03e7defee,ALB-CN-1870-14117,isSameAs,ALB-CN-1880-18720,1870,1880,70-80,0.611
7fbc459f-13b9-47ce-99e8-048dd0af6307,ALB-CN-1870-1412,isSameAs,ALB-CN-1880-22964,1870,1880,70-80,0.982
53f3a329-f942-468b-9dac-4f6184e32606,ALB-CN-1870-14120,isSameAs,ALB-CN-1880-26590,1870,1880,70-80,0.701
f00c63cf-78d9-4cc5-81c1-ede1c9085678,ALB-CN-1870-14122,isSameAs,ALB-CN-1880-707,1870,1880,70-80,0.769
4846cc6b-1171-4cb1-972c-ab9a710cbd4f,ALB-CN-1870-14123,isSameAs,ALB-CN-1880-708,1870,1880,70-80,0.924
787405b7-58fd-4124-b480-f84ee68c702c,ALB-CN-1870-14124,isSameAs,ALB-CN-1880-709,1870,1880,70-80,0.924
9ca04efa-095c-450e-b49a-542733e9555b,ALB-CN-1870-14125,isSameAs,ALB-CN-1880-710,1870,1880,70-80,0.98
3ff76598-8d1a-4684-87c9-16516bf0ce91,ALB-CN-1870-14127,isSameAs,ALB-CN-1880-1751,1870,1880,70-80,0.959
04c6e7af-8311-4aaa-a55c-308d006dd87b,ALB-CN-1870-14129,isSameAs,ALB-CN-1880-1753,1870,1880,70-80,0.964
e8893545-97aa-4f99-841d-89692fa66f28,ALB-CN-1870-1413,isSameAs,ALB-CN-1880-22966,1870,1880,70-80,0.943
d2477716-7da1-44ff-8bd3-fa8801770707,ALB-CN-1870-14130,isSameAs,ALB-CN-1880-1754,1870,1880,70-80,0.964
47329bd0-fa48-49bd-bf62-15717b21d64c,ALB-CN-1870-14131,isSameAs,ALB-CN-1880-28156,1870,1880,70-80,0.858
cb27650c-1463-4c6f-88e8-063afae5ae80,ALB-CN-1870-1414,isSameAs,ALB-CN-1880-22965,1870,1880,70-80,0.818
1ff3dce2-7655-47f1-8815-8b541442bdd8,ALB-CN-1870-14142,isSameAs,ALB-CN-1880-639,1870,1880,70-80,0.953
80ce8ce9-5777-4589-b137-e94d7d058833,ALB-CN-1870-14143,isSameAs,ALB-CN-1880-640,1870,1880,70-80,0.99
870dcca1-5b86-4394-b814-69d3439579dc,ALB-CN-1870-14149,isSameAs,ALB-CN-1880-636,1870,1880,70-80,0.99
6559710a-a2a3-4e22-b3e5-f7a43a35d64c,ALB-CN-1870-1415,isSameAs,ALB-CN-1880-23605,1870,1880,70-80,0.731
41f9b8a1-a7ae-4146-b84d-c3d1c6598ace,ALB-CN-1870-14154,isSameAs,ALB-CN-1880-544,1870,1880,70-80,0.891
7748ad6f-ecbe-4806-bb41-7a9db02d9ad6,ALB-CN-1870-14157,isSameAs,ALB-CN-1880-546,1870,1880,70-80,0.711
96a1a0a5-5b17-467f-8bd6-9654aeff1742,ALB-CN-1870-14158,isSameAs,ALB-CN-1880-679,1870,1880,70-80,0.634
5c261af0-f6c5-4534-a1c5-feac7a93620d,ALB-CN-1870-14159,isSameAs,ALB-CN-1880-680,1870,1880,70-80,0.721
dcb91a31-d8b4-4f27-9bf4-d361f71fb8ad,ALB-CN-1870-1416,isSameAs,ALB-CN-1880-16011,1870,1880,70-80,0.909
3221e082-0d52-4b60-9c5d-65508a7cd7e1,ALB-CN-1870-14160,isSameAs,ALB-CN-1880-32076,1870,1880,70-80,0.846
ed4a8bb2-9c44-40c0-a994-caedfe3f9012,ALB-CN-1870-14161,isSameAs,ALB-CN-1880-643,1870,1880,70-80,0.711
e9aef2fd-fdb1-4b9e-94fb-2e80cefde5cf,ALB-CN-1870-14164,isSameAs,ALB-CN-1880-646,1870,1880,70-80,0.953
fda15eb8-18b6-4234-bfff-e74ca6a64677,ALB-CN-1870-14165,isSameAs,ALB-CN-1880-550,1870,1880,70-80,0.971
44d68d55-aeb6-4492-bb7c-6b3dca8e8f6c,ALB-CN-1870-14167,isSameAs,ALB-CN-1880-23923,1870,1880,70-80,0.622
175aacfd-5167-4c5a-9ea5-76bde06cd438,ALB-CN-1870-14168,isSameAs,ALB-CN-1880-16283,1870,1880,70-80,0.622
9e6bbe77-f462-474f-8479-988763ef7a77,ALB-CN-1870-14169,isSameAs,ALB-CN-1880-552,1870,1880,70-80,0.786
6ccc2ebd-7a6d-426b-9d69-020c5cc70495,ALB-CN-1870-1417,isSameAs,ALB-CN-1880-23606,1870,1880,70-80,0.984
0a847bab-e167-49ec-803f-6c97a0f2e0cc,ALB-CN-1870-14170,isSameAs,ALB-CN-1880-554,1870,1880,70-80,0.9
b27944c9-ba32-4bdd-9fb0-ee860de79f87,ALB-CN-1870-14171,isSameAs,ALB-CN-1880-26642,1870,1880,70-80,0.634
6c7db545-7fa4-4931-b6e7-bfbeb21f6f8f,ALB-CN-1870-14174,isSameAs,ALB-CN-1880-537,1870,1880,70-80,0.988
e9e9f879-7c60-4440-8b03-5e499cad0825,ALB-CN-1870-14175,isSameAs,ALB-CN-1880-538,1870,1880,70-80,0.987
e4ec8e20-e2c0-4007-8a22-8d39f6230eb6,ALB-CN-1870-14176,isSameAs,ALB-CN-1880-539,1870,1880,70-80,0.973
1e2c9317-91d2-4b7c-a727-f9a2ed200ff5,ALB-CN-1870-14177,isSameAs,ALB-CN-1880-540,1870,1880,70-80,0.984
c5048ba3-1841-42f5-b326-1c5e58bdae38,ALB-CN-1870-1418,isSameAs,ALB-CN-1880-23607,1870,1880,70-80,0.984
dd0d27ab-cb19-4ef1-ab89-4b1223432c61,ALB-CN-1870-14180,isSameAs,ALB-CN-1880-5469,1870,1880,70-80,0.769
5339bab5-4837-4c1a-bd48-3f4f62971570,ALB-CN-1870-14181,isSameAs,ALB-CN-1880-5968,1870,1880,70-80,0.69
ac455776-2559-4432-bed5-b08f2f4a2d52,ALB-CN-1870-14185,isSameAs,ALB-CN-1880-13630,1870,1880,70-80,0.634
a6538827-46dd-4720-88bb-e66d54a86dbe,ALB-CN-1870-14186,isSameAs,ALB-CN-1880-492,1870,1880,70-80,0.701
1955b109-7816-4f42-83ca-285d74923cbf,ALB-CN-1870-1419,isSameAs,ALB-CN-1880-23608,1870,1880,70-80,0.989
6fda1719-140d-43b5-8039-11bc59da5c56,ALB-CN-1870-14196,isSameAs,ALB-CN-1880-26719,1870,1880,70-80,0.668
97c95967-434e-46dc-9273-54561cc1917c,ALB-CN-1870-14202,isSameAs,ALB-CN-1880-479,1870,1880,70-80,0.818
3031902e-c863-4acd-a9c3-0fee51ac973c,ALB-CN-1870-14203,isSameAs,ALB-CN-1880-527,1870,1880,70-80,0.76
1974c0a3-5c0d-4d8b-8b08-59ae46033fb8,ALB-CN-1870-14206,isSameAs,ALB-CN-1880-530,1870,1880,70-80,0.924
9e9d8c42-f1f5-4dde-ab3b-1a6d9ca3fde3,ALB-CN-1870-14208,isSameAs,ALB-CN-1880-23924,1870,1880,70-80,0.711
03f23eb9-ab3c-4288-afc4-993060135bc2,ALB-CN-1870-1421,isSameAs,ALB-CN-1880-23552,1870,1880,70-80,0.731
1d9b2362-1750-4c9f-b19f-dce73ff3f1fc,ALB-CN-1870-14212,isSameAs,ALB-CN-1880-480,1870,1880,70-80,0.99
d2d4f355-57ac-44fc-9ef7-61dc257cddcd,ALB-CN-1870-14213,isSameAs,ALB-CN-1880-481,1870,1880,70-80,0.957
f13c52bc-7452-4a66-ad68-e964737d4e9a,ALB-CN-1870-14214,isSameAs,ALB-CN-1880-14957,1870,1880,70-80,0.852
ed8b3a6c-bffe-405f-914b-d92eb40d4a11,ALB-CN-1870-14216,isSameAs,ALB-CN-1880-699,1870,1880,70-80,0.701
0301dc54-64e5-4cc3-8082-84da1b618bdb,ALB-CN-1870-14217,isSameAs,ALB-CN-1880-482,1870,1880,70-80,0.984
f43d9e38-872e-4566-8309-a143b1bd5a86,ALB-CN-1870-14218,isSameAs,ALB-CN-1880-696,1870,1880,70-80,0.622
9fd42cb0-e9a4-48ab-9e8a-1bdb0722440a,ALB-CN-1870-14219,isSameAs,ALB-CN-1880-484,1870,1880,70-80,0.957
dd70fe5f-f7bc-4160-a5d9-f99b52a82318,ALB-CN-1870-1422,isSameAs,ALB-CN-1880-23553,1870,1880,70-80,0.818
f66b3db1-e325-4127-a238-44746487cc5c,ALB-CN-1870-14220,isSameAs,ALB-CN-1880-485,1870,1880,70-80,0.966
1a17d71f-fcc8-4fc3-86c5-1aaba28e0403,ALB-CN-1870-14221,isSameAs,ALB-CN-1880-14964,1870,1880,70-80,0.711
9e2ce37a-ae87-4c72-b83b-b1421292dc16,ALB-CN-1870-14222,isSameAs,ALB-CN-1880-5983,1870,1880,70-80,0.839
eee5d204-a825-4e46-8e4a-b09109634c6b,ALB-CN-1870-14226,isSameAs,ALB-CN-1880-464,1870,1880,70-80,0.964
e613582d-7b0f-4ac5-96b9-e8d5e9dddafe,ALB-CN-1870-14227,isSameAs,ALB-CN-1880-463,1870,1880,70-80,0.917
38a462f4-1775-47f5-99ac-f129ee9ee46a,ALB-CN-1870-14229,isSameAs,ALB-CN-1880-465,1870,1880,70-80,0.943
6695515b-78ab-4314-9a77-bfc14b9bcb3f,ALB-CN-1870-1423,isSameAs,ALB-CN-1880-1136,1870,1880,70-80,0.858
6acaac67-43bf-4024-9960-941d712696d9,ALB-CN-1870-1424,isSameAs,ALB-CN-1880-22955,1870,1880,70-80,0.964
9ba2da67-d17f-4dce-91a0-3430f225ec46,ALB-CN-1870-14247,isSameAs,ALB-CN-1880-6057,1870,1880,70-80,0.731
6a482ab0-c6df-4e2b-a49f-f4ccec581b47,ALB-CN-1870-1425,isSameAs,ALB-CN-1880-22953,1870,1880,70-80,0.943
0ac6b357-f9c9-4e31-8378-77e02f0c2430,ALB-CN-1870-14251,isSameAs,ALB-CN-1880-25997,1870,1880,70-80,0.948
eee44163-55c2-4af2-ad00-eb8af3ee0b34,ALB-CN-1870-14252,isSameAs,ALB-CN-1880-25998,1870,1880,70-80,0.948
b369d0f7-35db-4686-a319-f9dfa361bf5a,ALB-CN-1870-14253,isSameAs,ALB-CN-1880-25999,1870,1880,70-80,0.948
e5352526-2e6b-4793-9c53-60407488aae2,ALB-CN-1870-14254,isSameAs,ALB-CN-1880-26000,1870,1880,70-80,0.948
ea3f670b-ad99-42cb-90e5-97cd71fdbb59,ALB-CN-1870-14255,isSameAs,ALB-CN-1880-26001,1870,1880,70-80,0.948
e7e5e175-df7f-4c5d-bef5-e700d013bb80,ALB-CN-1870-14258,isSameAs,ALB-CN-1880-25319,1870,1880,70-80,0.69
9dfb9874-9407-4df4-9304-3ddbb4a02b71,ALB-CN-1870-14259,isSameAs,ALB-CN-1880-23877,1870,1880,70-80,0.9
f356c6aa-085f-4992-8de8-ef26fa7ed7d3,ALB-CN-1870-1426,isSameAs,ALB-CN-1880-21043,1870,1880,70-80,0.832
2bf2d446-b933-451b-be18-3b22fba78727,ALB-CN-1870-14260,isSameAs,ALB-CN-1880-4774,1870,1880,70-80,0.924
38f7bbea-6321-4cd2-8cd4-8ceb139e7db2,ALB-CN-1870-14261,isSameAs,ALB-CN-1880-22097,1870,1880,70-80,0.891
78153cf0-320f-44d5-877b-1dcb87370d15,ALB-CN-1870-14262,isSameAs,ALB-CN-1880-2243,1870,1880,70-80,0.818
7de40dad-4245-4612-a806-cc4d6fdf3887,ALB-CN-1870-14264,isSameAs,ALB-CN-1880-9951,1870,1880,70-80,0.668
31ebbe16-2f0b-45ed-ac94-655859ccae53,ALB-CN-1870-14265,isSameAs,ALB-CN-1880-4619,1870,1880,70-80,0.937
6a13bb4a-adb3-4b1d-b166-104ad961055c,ALB-CN-1870-14267,isSameAs,ALB-CN-1880-17512,1870,1880,70-80,0.634
b1c62a23-bae8-4d69-86ac-2f95b6403eec,ALB-CN-1870-14268,isSameAs,ALB-CN-1880-9784,1870,1880,70-80,0.909
fdf254d0-75eb-4cff-afaa-cfe215fcd7e9,ALB-CN-1870-14269,isSameAs,ALB-CN-1880-4622,1870,1880,70-80,0.948
db60aecd-997f-4a9a-bc52-5d4586d506e8,ALB-CN-1870-1427,isSameAs,ALB-CN-1880-22956,1870,1880,70-80,0.98
0f5b6a4e-eb53-4ec5-8f21-e6153892dc37,ALB-CN-1870-14270,isSameAs,ALB-CN-1880-20161,1870,1880,70-80,0.839
93caf9a1-a989-4b4b-b65a-b74f0a6b5ed2,ALB-CN-1870-14271,isSameAs,ALB-CN-1880-446,1870,1880,70-80,0.75
0dc01eff-5ffb-40d4-8f33-c3cb3737ae87,ALB-CN-1870-14272,isSameAs,ALB-CN-1880-447,1870,1880,70-80,0.98
ca3849b4-7dad-48c4-8281-ad248d19d67f,ALB-CN-1870-14273,isSameAs,ALB-CN-1880-448,1870,1880,70-80,0.966
f4099cad-1a37-4ba0-9040-2c8ac16df9f6,ALB-CN-1870-14276,isSameAs,ALB-CN-1880-449,1870,1880,70-80,0.984
9b6af6d9-740c-4419-ab0e-574ebd5ef78e,ALB-CN-1870-1428,isSameAs,ALB-CN-1880-12357,1870,1880,70-80,0.769
c78580e6-39b6-4f32-a3dd-e524179b343c,ALB-CN-1870-14281,isSameAs,ALB-CN-1880-6415,1870,1880,70-80,0.721
d44c2d3a-b9f7-4a0d-b3f1-8295d6c4673e,ALB-CN-1870-1429,isSameAs,ALB-CN-1880-23667,1870,1880,70-80,0.794
b99c70b2-7eb0-4727-beed-23e9b922d62a,ALB-CN-1870-14291,isSameAs,ALB-CN-1880-243,1870,1880,70-80,0.971
1067a4b8-7021-43aa-8b48-dd57fa91d518,ALB-CN-1870-14292,isSameAs,ALB-CN-1880-244,1870,1880,70-80,0.818
cf813712-e1ba-4dcf-987a-311138948ed5,ALB-CN-1870-14293,isSameAs,ALB-CN-1880-245,1870,1880,70-80,0.953
18cedcbe-212a-4fa8-8b95-13c44579c137,ALB-CN-1870-14295,isSameAs,ALB-CN-1880-247,1870,1880,70-80,0.75
b45271ce-d31d-48b7-b85a-f3f77e8fb18b,ALB-CN-1870-14296,isSameAs,ALB-CN-1880-248,1870,1880,70-80,0.957
e21b45a2-e4bb-473e-a67e-0bb0477f8dd0,ALB-CN-1870-14297,isSameAs,ALB-CN-1880-249,1870,1880,70-80,0.75
bca35c63-3a90-4d26-8507-945af3308675,ALB-CN-1870-14299,isSameAs,ALB-CN-1880-227,1870,1880,70-80,0.988
c713a81d-6f55-4798-82da-159efe9c07ec,ALB-CN-1870-14300,isSameAs,ALB-CN-1880-228,1870,1880,70-80,0.987
9aef6e93-1d54-49dc-a6b3-82b2e510a3b3,ALB-CN-1870-14301,isSameAs,ALB-CN-1880-229,1870,1880,70-80,0.977
d294c7b8-5bb1-4ea6-b8d0-1b317c7f8853,ALB-CN-1870-14302,isSameAs,ALB-CN-1880-230,1870,1880,70-80,0.977
645cdac1-5fc7-4956-893c-753bfd6bd886,ALB-CN-1870-14304,isSameAs,ALB-CN-1880-20580,1870,1880,70-80,0.711
05c4a9ae-9545-4c57-ac21-c7fcaca13922,ALB-CN-1870-14305,isSameAs,ALB-CN-1880-18538,1870,1880,70-80,0.711
14a00e05-2358-4760-a918-444433df0034,ALB-CN-1870-14306,isSameAs,ALB-CN-1880-6373,1870,1880,70-80,0.984
44440010-20f5-4f03-8fde-e7da23fe1dac,ALB-CN-1870-14307,isSameAs,ALB-CN-1880-6374,1870,1880,70-80,0.957
0b83a8d1-6fb5-4119-bc6d-b79383ce843e,ALB-CN-1870-14308,isSameAs,ALB-CN-1880-6375,1870,1880,70-80,0.957
05588c01-8769-47b8-bde1-7e048fcc25f3,ALB-CN-1870-14309,isSameAs,ALB-CN-1880-6376,1870,1880,70-80,0.957
85b0f43b-b74b-4a2a-8507-621800a0306f,ALB-CN-1870-14310,isSameAs,ALB-CN-1880-6377,1870,1880,70-80,0.957
f81ffce7-9673-40b0-bb00-377630bbbd27,ALB-CN-1870-14314,isSameAs,ALB-CN-1880-6129,1870,1880,70-80,0.846
a4502f1a-c346-4eb7-8acc-bf0e5c901070,ALB-CN-1870-14315,isSameAs,ALB-CN-1880-6130,1870,1880,70-80,0.786
dbe5e6b8-de31-43df-a9f2-773b76a6b8cd,ALB-CN-1870-14316,isSameAs,ALB-CN-1880-6131,1870,1880,70-80,0.711
8a9d38a1-67bc-49df-9ffc-6e08041672b1,ALB-CN-1870-14317,isSameAs,ALB-CN-1880-237,1870,1880,70-80,0.75
70f5db3f-807c-49c2-87fd-da9252f3208a,ALB-CN-1870-14319,isSameAs,ALB-CN-1880-20157,1870,1880,70-80,0.646
ce883aa9-aa02-45ee-841e-f47722769e89,ALB-CN-1870-14320,isSameAs,ALB-CN-1880-22855,1870,1880,70-80,0.622
f9ee66c9-8071-4ddb-9c8c-212e3accfcc3,ALB-CN-1870-14321,isSameAs,ALB-CN-1880-20159,1870,1880,70-80,0.769
9f5eeab6-0d95-4e06-95d6-477908c1ff31,ALB-CN-1870-14322,isSameAs,ALB-CN-1880-22857,1870,1880,70-80,0.701
e81606bb-5084-4e6f-abce-07f0051c649f,ALB-CN-1870-14323,isSameAs,ALB-CN-1880-10158,1870,1880,70-80,0.711
9224ea7b-fc79-4a85-93af-c637c831df81,ALB-CN-1870-14327,isSameAs,ALB-CN-1880-6306,1870,1880,70-80,0.875
643537f6-67ab-4f2b-adbc-2cc5419ce7f8,ALB-CN-1870-14329,isSameAs,ALB-CN-1880-6308,1870,1880,70-80,0.909
6ec3072b-d322-4867-b554-dc81d8d1024b,ALB-CN-1870-14330,isSameAs,ALB-CN-1880-6309,1870,1880,70-80,0.896
8c4ee876-2ed1-468c-ab3b-b8913131dc86,ALB-CN-1870-14339,isSameAs,ALB-CN-1880-424,1870,1880,70-80,0.928
54dcc185-2014-466f-9fa4-b8588ae4232e,ALB-CN-1870-14340,isSameAs,ALB-CN-1880-425,1870,1880,70-80,0.76
4f5b1c75-8fd1-49bd-94a8-958b36ce4c84,ALB-CN-1870-14341,isSameAs,ALB-CN-1880-426,1870,1880,70-80,0.948
ed12571e-cbb3-41c2-b86e-3322c18dce2c,ALB-CN-1870-14342,isSameAs,ALB-CN-1880-5901,1870,1880,70-80,0.896
eca814b3-e8fb-4f4a-98c8-ed24b0a024a5,ALB-CN-1870-14343,isSameAs,ALB-CN-1880-5902,1870,1880,70-80,0.937
44bb7071-3148-48dc-9ffb-6b4e649a8ea8,ALB-CN-1870-14345,isSameAs,ALB-CN-1880-16384,1870,1880,70-80,0.731
1a3b5066-6426-4c16-aa0d-4c48c9e951b5,ALB-CN-1870-14347,isSameAs,ALB-CN-1880-6325,1870,1880,70-80,0.87
b630d49a-c823-4ab7-a502-da42e972e5e4,ALB-CN-1870-14348,isSameAs,ALB-CN-1880-6326,1870,1880,70-80,0.802
e059e678-82a0-435f-8f68-137f10d131ce,ALB-CN-1870-1435,isSameAs,ALB-CN-1880-23452,1870,1880,70-80,0.924
e75509c7-1617-4130-ae4e-5b3f97e6f770,ALB-CN-1870-14354,isSameAs,ALB-CN-1880-8222,1870,1880,70-80,0.731
fd32d999-8446-4be7-beae-5e349db8dfef,ALB-CN-1870-14355,isSameAs,ALB-CN-1880-31749,1870,1880,70-80,0.99
65bff9f6-463c-48da-a3a3-2f1201b661c4,ALB-CN-1870-14356,isSameAs,ALB-CN-1880-31750,1870,1880,70-80,0.959
1a2355fc-9454-4d53-b5e9-7c150235ba60,ALB-CN-1870-14357,isSameAs,ALB-CN-1880-31751,1870,1880,70-80,0.971
9af7283d-4aa8-42d3-a7ad-8a5fc6ee374d,ALB-CN-1870-14358,isSameAs,ALB-CN-1880-31752,1870,1880,70-80,0.971
91ad365e-a3eb-4c19-9ec3-7d5319342b65,ALB-CN-1870-1436,isSameAs,ALB-CN-1880-22952,1870,1880,70-80,0.909
8fa6e189-faa3-48d5-9675-eb9be6ba782a,ALB-CN-1870-1437,isSameAs,ALB-CN-1880-12011,1870,1880,70-80,0.622
62c73bb6-9a6a-4f9d-8b32-cc80b49e9929,ALB-CN-1870-14370,isSameAs,ALB-CN-1880-25496,1870,1880,70-80,0.968
19c812a0-e2be-4778-b545-c4812d31a7dc,ALB-CN-1870-14371,isSameAs,ALB-CN-1880-25497,1870,1880,70-80,0.953
962fbe00-a9fc-4bfc-b09d-85408e319962,ALB-CN-1870-14373,isSameAs,ALB-CN-1880-25499,1870,1880,70-80,0.953
54ae5705-029e-4313-822c-edcba3b6e293,ALB-CN-1870-14381,isSameAs,ALB-CN-1880-25508,1870,1880,70-80,0.984
4c887064-979d-44c2-bc3e-68fee37b917a,ALB-CN-1870-14383,isSameAs,ALB-CN-1880-17641,1870,1880,70-80,0.976
ff5cedcc-5e95-407a-9d18-a5d02055527b,ALB-CN-1870-14395,isSameAs,ALB-CN-1880-678,1870,1880,70-80,0.75
da6a79dd-7319-494c-b98a-1facd86a14b9,ALB-CN-1870-14400,isSameAs,ALB-CN-1880-560,1870,1880,70-80,0.825
b12626ad-d9bc-445a-a6da-b92f4252d2b0,ALB-CN-1870-14401,isSameAs,ALB-CN-1880-561,1870,1880,70-80,0.794
2b2ec934-950f-4d8e-be81-17f6f7227dbd,ALB-CN-1870-14402,isSameAs,ALB-CN-1880-562,1870,1880,70-80,0.87
3ebdb26e-39a7-4a4e-b9f4-22c2040f90bb,ALB-CN-1870-14407,isSameAs,ALB-CN-1880-3057,1870,1880,70-80,0.832
9ee7d2ee-606a-4639-8f02-302af9a3f40c,ALB-CN-1870-14415,isSameAs,ALB-CN-1880-19619,1870,1880,70-80,0.891
68ab8fa1-347a-4b04-90f0-9bc713b771f9,ALB-CN-1870-14417,isSameAs,ALB-CN-1880-12986,1870,1880,70-80,0.721
6819ef46-9a30-46b8-addd-d7232c4a632a,ALB-CN-1870-14419,isSameAs,ALB-CN-1880-29390,1870,1880,70-80,0.668
aa3bc8d2-344d-43da-a497-6d45beccdf36,ALB-CN-1870-1442,isSameAs,ALB-CN-1880-27218,1870,1880,70-80,0.75
942d10de-6e4a-4fbe-a356-3612f212928e,ALB-CN-1870-14421,isSameAs,ALB-CN-1880-5860,1870,1880,70-80,0.668
254fdbcc-9f45-4cd4-bd4e-e8da52f08e82,ALB-CN-1870-14422,isSameAs,ALB-CN-1880-28411,1870,1880,70-80,0.622
1e353929-12bf-434a-a719-0caeb7e1599d,ALB-CN-1870-14424,isSameAs,ALB-CN-1880-5864,1870,1880,70-80,0.769
60a28927-8c4d-4809-96b5-658845b3e604,ALB-CN-1870-14425,isSameAs,ALB-CN-1880-11758,1870,1880,70-80,0.846
e9af4ba8-da38-44ba-a869-49ce80cf4675,ALB-CN-1870-14427,isSameAs,ALB-CN-1880-24994,1870,1880,70-80,0.76
de140d38-72df-4279-b952-2b7129c52fa2,ALB-CN-1870-14428,isSameAs,ALB-CN-1880-5867,1870,1880,70-80,0.69
7541c167-ed19-41c9-8075-b0efd59bc627,ALB-CN-1870-14429,isSameAs,ALB-CN-1880-5868,1870,1880,70-80,0.786
ffbea054-b6a6-4557-aba7-1e4d00c81fb4,ALB-CN-1870-14443,isSameAs,ALB-CN-1880-1041,1870,1880,70-80,0.769
755ed391-2599-4b14-8de2-fa395208a330,ALB-CN-1870-14449,isSameAs,ALB-CN-1880-29065,1870,1880,70-80,0.622
97ded963-5582-4e39-b0e3-7f87d6368949,ALB-CN-1870-14452,isSameAs,ALB-CN-1880-21110,1870,1880,70-80,0.937
4682be9d-0b9b-4921-89b8-11879e234dd0,ALB-CN-1870-14463,isSameAs,ALB-CN-1880-6258,1870,1880,70-80,0.731
e73f47d2-a738-43b9-bff3-20f4e03249a9,ALB-CN-1870-14464,isSameAs,ALB-CN-1880-4780,1870,1880,70-80,0.957
5af28deb-a773-471f-af22-d78ae58e271c,ALB-CN-1870-14465,isSameAs,ALB-CN-1880-4781,1870,1880,70-80,0.971
a3f706a3-bd45-453a-8b7e-244b29759636,ALB-CN-1870-14466,isSameAs,ALB-CN-1880-4782,1870,1880,70-80,0.931
a0446ed9-07b8-4dde-bf7f-a9f53b64e6b9,ALB-CN-1870-14467,isSameAs,ALB-CN-1880-4783,1870,1880,70-80,0.971
1f5c59c3-4262-4ded-9fca-abb77d726945,ALB-CN-1870-14468,isSameAs,ALB-CN-1880-4784,1870,1880,70-80,0.957
003a009e-3c44-4cea-aac7-8748ccfa14a9,ALB-CN-1870-14482,isSameAs,ALB-CN-1880-20491,1870,1880,70-80,0.832
4dc1e572-6e68-45f2-867f-5b1e47c42d49,ALB-CN-1870-14483,isSameAs,ALB-CN-1880-20490,1870,1880,70-80,0.98
80ff90bb-7b9d-45fc-b2a4-337321be3662,ALB-CN-1870-14485,isSameAs,ALB-CN-1880-20587,1870,1880,70-80,0.818
14a4c52f-1390-4c96-94a3-5132abcfcce6,ALB-CN-1870-14486,isSameAs,ALB-CN-1880-21875,1870,1880,70-80,0.802
69d6af38-4420-4a6e-b420-64b1f3b619dd,ALB-CN-1870-14487,isSameAs,ALB-CN-1880-15930,1870,1880,70-80,0.668
d2e397a6-78a0-478b-8b2d-bf4a63ac7ebe,ALB-CN-1870-1449,isSameAs,ALB-CN-1880-11146,1870,1880,70-80,0.711
b0eb7246-7b71-4421-829b-f1d956db5b00,ALB-CN-1870-14490,isSameAs,ALB-CN-1880-30917,1870,1880,70-80,0.881
8d7d01fb-4b8b-4493-9feb-a9d01de5029d,ALB-CN-1870-14491,isSameAs,ALB-CN-1880-30918,1870,1880,70-80,0.769
b6a062aa-2a64-4429-b533-78d59e1e8f54,ALB-CN-1870-14493,isSameAs,ALB-CN-1880-1015,1870,1880,70-80,0.924
409aab12-1225-48bc-831d-c52266e7396d,ALB-CN-1870-145,isSameAs,ALB-CN-1880-8719,1870,1880,70-80,0.721
0f318554-d71f-440c-b35c-11462470f922,ALB-CN-1870-14502,isSameAs,ALB-CN-1880-11772,1870,1880,70-80,0.99
34ccdf8f-b194-4e43-a159-8867b8c09738,ALB-CN-1870-14505,isSameAs,ALB-CN-1880-11775,1870,1880,70-80,0.9
08fd7002-be1d-4327-98db-e8e0a8d6d39a,ALB-CN-1870-14506,isSameAs,ALB-CN-1880-11776,1870,1880,70-80,0.985
b43b0356-5d4a-4fe5-a29a-4f06e8a79633,ALB-CN-1870-14507,isSameAs,ALB-CN-1880-11778,1870,1880,70-80,0.711
67e5a086-18f7-412f-a985-7b6c979d52f2,ALB-CN-1870-14509,isSameAs,ALB-CN-1880-11777,1870,1880,70-80,0.984
5152ac2d-9182-45dc-941a-3283cf0583d0,ALB-CN-1870-14510,isSameAs,ALB-CN-1880-11779,1870,1880,70-80,0.957
d78e979e-f4a5-4ff5-8328-ad03175b4d3b,ALB-CN-1870-14513,isSameAs,ALB-CN-1880-28816,1870,1880,70-80,0.875
e0c1befa-1d60-4a86-b98c-31d14f0d25a5,ALB-CN-1870-14516,isSameAs,ALB-CN-1880-28817,1870,1880,70-80,0.87
5b580b7c-e0e7-4ab4-904e-4917d3fc9100,ALB-CN-1870-14517,isSameAs,ALB-CN-1880-28818,1870,1880,70-80,0.987
af4df63b-763f-4901-8654-5f0d735f4620,ALB-CN-1870-14524,isSameAs,ALB-CN-1880-1393,1870,1880,70-80,0.891
9e661b59-68ee-4b32-9906-e6f721467cb4,ALB-CN-1870-14525,isSameAs,ALB-CN-1880-29616,1870,1880,70-80,0.9
afef2061-93a8-4872-af9e-68fc5e38f102,ALB-CN-1870-14529,isSameAs,ALB-CN-1880-26639,1870,1880,70-80,0.69
9e74e3ca-704c-418e-ac0b-a1afb5c77c43,ALB-CN-1870-14530,isSameAs,ALB-CN-1880-28827,1870,1880,70-80,0.961
be26b66b-bb61-4d27-9616-339074b7a3bf,ALB-CN-1870-14531,isSameAs,ALB-CN-1880-28828,1870,1880,70-80,0.964
5cef09f6-fac1-44c0-a0fd-33235821307a,ALB-CN-1870-14532,isSameAs,ALB-CN-1880-28829,1870,1880,70-80,0.98
e9cc0816-372f-43ff-bf8a-78ce68638fc0,ALB-CN-1870-14533,isSameAs,ALB-CN-1880-4760,1870,1880,70-80,0.964
d646df4c-59fd-4ceb-a44e-785b16cecaf3,ALB-CN-1870-14534,isSameAs,ALB-CN-1880-4761,1870,1880,70-80,0.909
2fb54aa0-7b50-4bb5-9a62-363b270c8554,ALB-CN-1870-14541,isSameAs,ALB-CN-1880-26062,1870,1880,70-80,0.731
ecee76de-e524-4210-925c-330934b4786c,ALB-CN-1870-14549,isSameAs,ALB-CN-1880-14522,1870,1880,70-80,0.721
a3b7b599-78af-4f18-aebf-99e7e392389c,ALB-CN-1870-14554,isSameAs,ALB-CN-1880-23429,1870,1880,70-80,0.646
40ad482a-8751-4872-a83f-8dd0168ce0d2,ALB-CN-1870-14558,isSameAs,ALB-CN-1880-26064,1870,1880,70-80,0.846
85100272-506b-4701-8d78-e56fa021872a,ALB-CN-1870-14566,isSameAs,ALB-CN-1880-5928,1870,1880,70-80,0.75
000e2666-4cd1-4275-86bf-f56b514b1630,ALB-CN-1870-1457,isSameAs,ALB-CN-1880-22591,1870,1880,70-80,0.852
f9e2196e-e272-4e43-9c72-f36cd71521f2,ALB-CN-1870-14570,isSameAs,ALB-CN-1880-25867,1870,1880,70-80,0.668
a4708df2-4dad-4aca-95f1-3f5dac4a629c,ALB-CN-1870-14579,isSameAs,ALB-CN-1880-25859,1870,1880,70-80,0.957
1d9fae69-552b-4344-941f-9e9adf8ae538,ALB-CN-1870-1458,isSameAs,ALB-CN-1880-22592,1870,1880,70-80,0.832
374f067f-8ea7-4c07-90b3-d8d62febaa8b,ALB-CN-1870-14580,isSameAs,ALB-CN-1880-25860,1870,1880,70-80,0.957
9f31afa7-6470-4c5d-8ba1-2e28d487078a,ALB-CN-1870-14581,isSameAs,ALB-CN-1880-25861,1870,1880,70-80,0.864
6db138c1-45f2-41dc-9827-58d885a26c46,ALB-CN-1870-14582,isSameAs,ALB-CN-1880-25862,1870,1880,70-80,0.937
eb3e1853-34ef-4bfd-9db3-4ca79f821bf5,ALB-CN-1870-14583,isSameAs,ALB-CN-1880-25863,1870,1880,70-80,0.858
82e2245c-618f-4f46-afa5-40c7651f62b9,ALB-CN-1870-14584,isSameAs,ALB-CN-1880-25864,1870,1880,70-80,0.858
61e75fa2-0f0a-4bd0-87c6-927a48ff10eb,ALB-CN-1870-14585,isSameAs,ALB-CN-1880-25865,1870,1880,70-80,0.978
4f51e816-20bb-4b27-bacb-0959b9a5d413,ALB-CN-1870-14586,isSameAs,ALB-CN-1880-25866,1870,1880,70-80,0.81
c5e136ef-b539-4242-b9c5-d0ea40f11378,ALB-CN-1870-14589,isSameAs,ALB-CN-1880-4157,1870,1880,70-80,0.711
7ba90cb7-60d9-40e4-b081-814943b9f667,ALB-CN-1870-14592,isSameAs,ALB-CN-1880-11379,1870,1880,70-80,0.622
2804474d-96e3-4312-9c6a-3dc5cf8f6e5f,ALB-CN-1870-14595,isSameAs,ALB-CN-1880-18748,1870,1880,70-80,0.76
6de1b920-f177-4f83-b7d0-70bf2def275d,ALB-CN-1870-14598,isSameAs,ALB-CN-1880-30630,1870,1880,70-80,0.69
b25d0cda-665d-4483-9a52-3ed11667379e,ALB-CN-1870-146,isSameAs,ALB-CN-1880-21904,1870,1880,70-80,0.937
366204e3-9531-403b-a425-d827324dd495,ALB-CN-1870-1460,isSameAs,ALB-CN-1880-22593,1870,1880,70-80,0.924
01f56265-37f9-4f21-8ffb-d3775f1eb1dc,ALB-CN-1870-14600,isSameAs,ALB-CN-1880-6881,1870,1880,70-80,0.646
6d0ee4bc-7eda-49f7-8cc5-802e275d37f9,ALB-CN-1870-14601,isSameAs,ALB-CN-1880-8103,1870,1880,70-80,0.769
ffb28faf-5453-4b74-b358-0f12df0f3437,ALB-CN-1870-1462,isSameAs,ALB-CN-1880-22594,1870,1880,70-80,0.794
3067bc84-bb1d-48d4-8540-e40b5af42134,ALB-CN-1870-14620,isSameAs,ALB-CN-1880-26033,1870,1880,70-80,0.731
5ea9836e-1ce2-44ae-b9ca-cf93ea5e9b40,ALB-CN-1870-14622,isSameAs,ALB-CN-1880-26034,1870,1880,70-80,0.87
12181e5c-efc4-4289-90b5-4565fc37dc61,ALB-CN-1870-14623,isSameAs,ALB-CN-1880-26027,1870,1880,70-80,0.668
dfdf6d4d-9338-4d77-9de0-6e63b8efdfdd,ALB-CN-1870-14624,isSameAs,ALB-CN-1880-25833,1870,1880,70-80,0.943
b5ebab58-9c0c-4f0c-8dd2-a3bf338e3bf1,ALB-CN-1870-14625,isSameAs,ALB-CN-1880-25834,1870,1880,70-80,0.909
566e5981-ce71-4c15-9f85-292bff0731a1,ALB-CN-1870-14628,isSameAs,ALB-CN-1880-25802,1870,1880,70-80,0.786
617a36cf-83ea-45bd-a2d3-3af3d9f9bc75,ALB-CN-1870-14629,isSameAs,ALB-CN-1880-2226,1870,1880,70-80,0.646
3a96b08a-c569-460c-94ce-5c2861dbdd40,ALB-CN-1870-1463,isSameAs,ALB-CN-1880-22596,1870,1880,70-80,0.924
90e595c0-e422-4ff2-98d3-6097edc23246,ALB-CN-1870-14631,isSameAs,ALB-CN-1880-26188,1870,1880,70-80,0.924
a0e790e7-7061-4ae0-b7dd-49afee9a3a3f,ALB-CN-1870-14632,isSameAs,ALB-CN-1880-26626,1870,1880,70-80,0.679
74f2cb03-7afb-4b45-9a5c-da444f09c4e0,ALB-CN-1870-14633,isSameAs,ALB-CN-1880-31911,1870,1880,70-80,0.75
05e06a83-dae7-4abb-a809-e3914bad1a02,ALB-CN-1870-14634,isSameAs,ALB-CN-1880-15416,1870,1880,70-80,0.818
fb54e36c-a006-4a49-af49-165673559a60,ALB-CN-1870-14636,isSameAs,ALB-CN-1880-25961,1870,1880,70-80,0.978
bcbcd72d-f255-4013-99ef-66e9c7a01823,ALB-CN-1870-14637,isSameAs,ALB-CN-1880-25962,1870,1880,70-80,0.839
c54e75f7-247a-4ce8-9c54-b9e06cc86782,ALB-CN-1870-14639,isSameAs,ALB-CN-1880-25964,1870,1880,70-80,0.99
f1362b12-8b41-4824-acdb-9f69ff14badd,ALB-CN-1870-1464,isSameAs,ALB-CN-1880-22597,1870,1880,70-80,0.948
be92ff3e-afb3-4eab-b862-11010d102f72,ALB-CN-1870-14642,isSameAs,ALB-CN-1880-25464,1870,1880,70-80,0.937
b7e2696c-0997-41a6-bf33-b2408c5e5304,ALB-CN-1870-14644,isSameAs,ALB-CN-1880-25965,1870,1880,70-80,0.611
f41f6be0-1e60-4f45-8598-cd34428187f8,ALB-CN-1870-14648,isSameAs,ALB-CN-1880-25970,1870,1880,70-80,0.711
8ba89952-4002-49b0-882f-2454bfdc9ec0,ALB-CN-1870-14649,isSameAs,ALB-CN-1880-25968,1870,1880,70-80,0.924
8f22c6c9-4936-4c8c-844f-2e658243601e,ALB-CN-1870-14650,isSameAs,ALB-CN-1880-25969,1870,1880,70-80,0.99
4dcc17d9-ad3b-481c-8911-68be16455abd,ALB-CN-1870-14652,isSameAs,ALB-CN-1880-25987,1870,1880,70-80,0.818
1a99e461-f36e-4b31-bff3-a1cfa789cd68,ALB-CN-1870-14653,isSameAs,ALB-CN-1880-3239,1870,1880,70-80,0.75
faec5cfd-bd9a-441f-a83b-d1849277c02a,ALB-CN-1870-14655,isSameAs,ALB-CN-1880-25989,1870,1880,70-80,0.87
7d93a719-d840-4256-818b-44392bc9ef8b,ALB-CN-1870-14657,isSameAs,ALB-CN-1880-25806,1870,1880,70-80,0.964
79d3bd75-1742-4313-8c75-eef0d13cfca5,ALB-CN-1870-1466,isSameAs,ALB-CN-1880-19893,1870,1880,70-80,0.69
1cc0aeb3-4417-430c-8854-3304dcd87e82,ALB-CN-1870-14661,isSameAs,ALB-CN-1880-18742,1870,1880,70-80,0.701
48c059b9-6b57-43b6-8e48-d2fc3b469c48,ALB-CN-1870-14662,isSameAs,ALB-CN-1880-29439,1870,1880,70-80,0.668
9f5ee5b2-2bfa-4f7b-96c5-193c29719fb4,ALB-CN-1870-14663,isSameAs,ALB-CN-1880-25807,1870,1880,70-80,0.971
aa9be716-62e7-4acd-bbb8-ae618719250e,ALB-CN-1870-14664,isSameAs,ALB-CN-1880-25808,1870,1880,70-80,0.931
c4d52ef2-6ef9-4055-affd-5152698f28f0,ALB-CN-1870-14665,isSameAs,ALB-CN-1880-25809,1870,1880,70-80,0.99
835c139f-4c17-4f8f-87cb-311448dd458e,ALB-CN-1870-14666,isSameAs,ALB-CN-1880-29438,1870,1880,70-80,0.891
94c58612-d055-4438-be33-bef0a51ac1ca,ALB-CN-1870-14672,isSameAs,ALB-CN-1880-2285,1870,1880,70-80,0.786
b8d957c3-65ee-4d40-8623-e8689d253a13,ALB-CN-1870-14673,isSameAs,ALB-CN-1880-27984,1870,1880,70-80,0.75
f0e55287-3286-474e-af9a-5a12075f9041,ALB-CN-1870-1468,isSameAs,ALB-CN-1880-19895,1870,1880,70-80,0.891
9d0076dc-7a50-4a4c-b640-7270c6ac143f,ALB-CN-1870-14682,isSameAs,ALB-CN-1880-9223,1870,1880,70-80,0.769
b56aeb85-7377-442f-bb25-76b1dacd3b1e,ALB-CN-1870-14686,isSameAs,ALB-CN-1880-1313,1870,1880,70-80,0.846
fa5d9a6d-7132-4240-a2fc-3d780b9253f9,ALB-CN-1870-14692,isSameAs,ALB-CN-1880-25887,1870,1880,70-80,0.9
b12ecdfb-5ba7-4ad1-9bc6-87ed0c186b4d,ALB-CN-1870-14693,isSameAs,ALB-CN-1880-25888,1870,1880,70-80,0.846
291e757d-98ec-4cdf-91bd-5d652f2604e3,ALB-CN-1870-14695,isSameAs,ALB-CN-1880-25889,1870,1880,70-80,0.98
7e06480e-4f91-4c3c-9a2f-a41f39123330,ALB-CN-1870-14696,isSameAs,ALB-CN-1880-25890,1870,1880,70-80,0.971
054b0890-7fc1-4b1b-9f5e-f7ad5effd8db,ALB-CN-1870-14697,isSameAs,ALB-CN-1880-25893,1870,1880,70-80,0.957
e6778691-c10f-4db3-8282-d3eab715fe92,ALB-CN-1870-14698,isSameAs,ALB-CN-1880-25894,1870,1880,70-80,0.971
81829cd6-36dd-4681-ab8c-c0295d6423d8,ALB-CN-1870-14699,isSameAs,ALB-CN-1880-25895,1870,1880,70-80,0.971
271729b8-ff57-4771-bfc5-f14634c36e28,ALB-CN-1870-147,isSameAs,ALB-CN-1880-21898,1870,1880,70-80,0.917
9b95609f-882b-4087-a341-3b8d183cfe90,ALB-CN-1870-14706,isSameAs,ALB-CN-1880-374,1870,1880,70-80,0.75
e2bd7522-f13e-4489-9f44-514920c9d9a1,ALB-CN-1870-14707,isSameAs,ALB-CN-1880-335,1870,1880,70-80,0.937
7100698e-45ca-4152-a6a2-bb9f81bb01ff,ALB-CN-1870-14708,isSameAs,ALB-CN-1880-336,1870,1880,70-80,0.948
a4d57fed-2fc9-40a7-a78f-c8345dc27aeb,ALB-CN-1870-14709,isSameAs,ALB-CN-1880-337,1870,1880,70-80,0.957
8dbaafdb-63f3-43ee-b0cb-5c6927da6962,ALB-CN-1870-1471,isSameAs,ALB-CN-1880-23018,1870,1880,70-80,0.9
b8694255-1864-43ea-b034-324737617561,ALB-CN-1870-14710,isSameAs,ALB-CN-1880-338,1870,1880,70-80,0.957
88a8a970-edf1-47b4-aa32-9ae82630dc05,ALB-CN-1870-14713,isSameAs,ALB-CN-1880-25885,1870,1880,70-80,0.721
efba93a4-8657-407e-9932-46d1841d5981,ALB-CN-1870-1472,isSameAs,ALB-CN-1880-23019,1870,1880,70-80,0.961
16193486-0465-4474-8d48-b8f129cb6a7f,ALB-CN-1870-1473,isSameAs,ALB-CN-1880-25211,1870,1880,70-80,0.886
b75711e6-723c-4c9f-80a1-46451bfb60b8,ALB-CN-1870-14733,isSameAs,ALB-CN-1880-17461,1870,1880,70-80,0.87
2ccb7676-fe7d-42c8-ad6f-dbe76cb1b9f4,ALB-CN-1870-14734,isSameAs,ALB-CN-1880-17462,1870,1880,70-80,0.976
c8fa3855-056f-45be-b1c9-5e74319d724d,ALB-CN-1870-14740,isSameAs,ALB-CN-1880-319,1870,1880,70-80,0.846
a6bcf811-cd39-4af6-9d19-c6c6d9c08cd4,ALB-CN-1870-14741,isSameAs,ALB-CN-1880-316,1870,1880,70-80,0.731
faf115b1-3ff0-4e19-81b2-2e7718762821,ALB-CN-1870-14742,isSameAs,ALB-CN-1880-320,1870,1880,70-80,0.87
f8bc0840-c679-484e-9641-f41c855662f4,ALB-CN-1870-14743,isSameAs,ALB-CN-1880-8308,1870,1880,70-80,0.668
670dd2a5-c37b-4734-94df-5df21892b774,ALB-CN-1870-14744,isSameAs,ALB-CN-1880-2078,1870,1880,70-80,0.69
d1dd896c-45a9-419b-a230-054345357ef1,ALB-CN-1870-14760,isSameAs,ALB-CN-1880-559,1870,1880,70-80,0.818
f4ce75cf-094d-491a-8fc8-aeb658c00ced,ALB-CN-1870-14763,isSameAs,ALB-CN-1880-6358,1870,1880,70-80,0.973
4e87d3ad-ace8-414f-b78e-22a97a9cc875,ALB-CN-1870-14764,isSameAs,ALB-CN-1880-6359,1870,1880,70-80,0.99
201b931a-cb18-4ead-9f83-a3c2783d2da9,ALB-CN-1870-14765,isSameAs,ALB-CN-1880-6360,1870,1880,70-80,0.75
9ea67185-34b1-48ab-9e71-696521994e6f,ALB-CN-1870-14766,isSameAs,ALB-CN-1880-6361,1870,1880,70-80,0.989
0a08e958-decc-4406-8dfc-e56e17e9e9c1,ALB-CN-1870-14767,isSameAs,ALB-CN-1880-6410,1870,1880,70-80,0.825
23008bba-2464-48b6-b552-33bc685c9c1c,ALB-CN-1870-14770,isSameAs,ALB-CN-1880-29061,1870,1880,70-80,0.75
3a6ca759-2680-451e-a757-aa9d82215a64,ALB-CN-1870-14771,isSameAs,ALB-CN-1880-6412,1870,1880,70-80,0.909
3e1e1bf4-7ece-4942-8646-ecf58dc549e3,ALB-CN-1870-14773,isSameAs,ALB-CN-1880-29062,1870,1880,70-80,0.75
f3f10daa-3c29-4739-85e4-b314e3a91435,ALB-CN-1870-14775,isSameAs,ALB-CN-1880-6382,1870,1880,70-80,0.87
9698a20e-49db-4fa9-a676-3ee8ade48157,ALB-CN-1870-14776,isSameAs,ALB-CN-1880-6383,1870,1880,70-80,0.832
fb432ffa-58cb-49b9-bfce-9f69605a1185,ALB-CN-1870-14777,isSameAs,ALB-CN-1880-6384,1870,1880,70-80,0.971
e314cf17-4326-4170-9a84-e342d67085b7,ALB-CN-1870-14779,isSameAs,ALB-CN-1880-6386,1870,1880,70-80,0.846
d15c92c7-c23c-4183-a9f0-a0d4c9d6e631,ALB-CN-1870-14780,isSameAs,ALB-CN-1880-6385,1870,1880,70-80,0.9
c08f8794-a0b0-4d59-83c9-6e316983ca05,ALB-CN-1870-14781,isSameAs,ALB-CN-1880-1520,1870,1880,70-80,0.75
7bed4884-76a4-4f26-9da3-04c54da82835,ALB-CN-1870-14782,isSameAs,ALB-CN-1880-457,1870,1880,70-80,0.711
f4f5aa89-cb50-4534-bf25-c235f24e3f26,ALB-CN-1870-14784,isSameAs,ALB-CN-1880-6364,1870,1880,70-80,0.959
1a6305aa-1acf-4c36-a902-51b9716827e9,ALB-CN-1870-14785,isSameAs,ALB-CN-1880-6365,1870,1880,70-80,0.87
d7608313-78ef-496d-84de-b03649ddb65f,ALB-CN-1870-14786,isSameAs,ALB-CN-1880-6366,1870,1880,70-80,0.957
7ba4aa42-fa29-4070-87c3-ce196455efa3,ALB-CN-1870-14788,isSameAs,ALB-CN-1880-6367,1870,1880,70-80,0.984
68b58845-a2cc-4bdb-bccf-58222830b238,ALB-CN-1870-14789,isSameAs,ALB-CN-1880-6368,1870,1880,70-80,0.971
e4282758-984a-446d-b197-c61721b438ea,ALB-CN-1870-14790,isSameAs,ALB-CN-1880-6369,1870,1880,70-80,0.957
24a03701-6679-4e9e-b971-4e334ef7e004,ALB-CN-1870-14791,isSameAs,ALB-CN-1880-6370,1870,1880,70-80,0.971
632650bb-8923-4f6c-b59b-26d533fa35be,ALB-CN-1870-14792,isSameAs,ALB-CN-1880-293,1870,1880,70-80,0.794
75b45738-6849-48c0-ba1f-235f34c4a655,ALB-CN-1870-14794,isSameAs,ALB-CN-1880-294,1870,1880,70-80,0.769
bdd547a3-de05-4f97-a37d-93203b581def,ALB-CN-1870-14798,isSameAs,ALB-CN-1880-289,1870,1880,70-80,0.984
964cec33-7bf0-4c4f-978a-b5b3dec75a47,ALB-CN-1870-14799,isSameAs,ALB-CN-1880-290,1870,1880,70-80,0.98
9d17988f-8393-479e-b781-d4e2ce7728de,ALB-CN-1870-14800,isSameAs,ALB-CN-1880-291,1870,1880,70-80,0.984
11299536-0871-4c69-b149-c5d664e0ddc2,ALB-CN-1870-14801,isSameAs,ALB-CN-1880-292,1870,1880,70-80,0.989
97db3324-d886-4a02-9fef-40bf41e68a39,ALB-CN-1870-14803,isSameAs,ALB-CN-1880-226,1870,1880,70-80,0.891
bb140080-e8b7-4f6c-868b-5cc8fd49f183,ALB-CN-1870-14806,isSameAs,ALB-CN-1880-8999,1870,1880,70-80,0.76
7f4e22ec-4451-499f-ae6d-69c7f161591d,ALB-CN-1870-14807,isSameAs,ALB-CN-1880-297,1870,1880,70-80,0.634
9cb8d919-3a35-4ae6-bc01-78937788e18e,ALB-CN-1870-14808,isSameAs,ALB-CN-1880-298,1870,1880,70-80,0.87
9068b23b-99b2-4bcc-8403-2717fc899ba5,ALB-CN-1870-14811,isSameAs,ALB-CN-1880-473,1870,1880,70-80,0.741
f695d293-5fa6-48ec-9cd4-0e24b43006b1,ALB-CN-1870-14812,isSameAs,ALB-CN-1880-6299,1870,1880,70-80,0.802
4a650bb3-4756-4dc8-86d8-2166d9be8ebc,ALB-CN-1870-14813,isSameAs,ALB-CN-1880-205,1870,1880,70-80,0.818
785ee21c-6a3b-4ae4-8383-f193b7229698,ALB-CN-1870-14815,isSameAs,ALB-CN-1880-17272,1870,1880,70-80,0.98
8f41faad-ed6e-4a95-8cec-85a7ffc7fc3e,ALB-CN-1870-14816,isSameAs,ALB-CN-1880-17273,1870,1880,70-80,0.99
dd18ce21-0a5e-4869-be69-a892abce116a,ALB-CN-1870-14817,isSameAs,ALB-CN-1880-17274,1870,1880,70-80,0.953
572cb3c9-d278-4fb1-9a6e-de0bf8fc4024,ALB-CN-1870-14818,isSameAs,ALB-CN-1880-17275,1870,1880,70-80,0.99
3876fa8b-9f46-475a-94f7-0f9d4f41c87b,ALB-CN-1870-14819,isSameAs,ALB-CN-1880-17276,1870,1880,70-80,0.971
90f20ae8-b8c2-44e6-a068-01140bdc185a,ALB-CN-1870-1482,isSameAs,ALB-CN-1880-22581,1870,1880,70-80,0.679
1ce97c4f-45e2-488c-a89f-890f1fb3b3ec,ALB-CN-1870-14822,isSameAs,ALB-CN-1880-253,1870,1880,70-80,0.891
823614a3-3245-44b5-97b1-301af1c2ed50,ALB-CN-1870-14825,isSameAs,ALB-CN-1880-29160,1870,1880,70-80,0.668
aa4ac359-18ad-4e9d-a34b-672bee5b9071,ALB-CN-1870-14827,isSameAs,ALB-CN-1880-11687,1870,1880,70-80,0.668
5bb4730a-f86a-46aa-b0a1-7050bedfff9b,ALB-CN-1870-14828,isSameAs,ALB-CN-1880-673,1870,1880,70-80,0.891
0ccf4ebd-0773-4631-9157-85693e772802,ALB-CN-1870-14829,isSameAs,ALB-CN-1880-211,1870,1880,70-80,0.668
d600d0b2-3009-4be4-9d21-5a9a01e99c60,ALB-CN-1870-14830,isSameAs,ALB-CN-1880-212,1870,1880,70-80,0.909
6ebc7738-6cb0-4611-a823-dbb9929bde1d,ALB-CN-1870-14832,isSameAs,ALB-CN-1880-6317,1870,1880,70-80,0.987
8c547f75-bc76-44f3-8a8c-673ea5a61d94,ALB-CN-1870-14833,isSameAs,ALB-CN-1880-6318,1870,1880,70-80,0.969
3abe00be-d779-427d-a6e2-715f5855da4a,ALB-CN-1870-14840,isSameAs,ALB-CN-1880-8275,1870,1880,70-80,0.711
44132752-0d99-4c43-b57b-307671ff158f,ALB-CN-1870-14841,isSameAs,ALB-CN-1880-158,1870,1880,70-80,0.87
2cf965d2-dbae-4198-aa05-c69f2a1cdcc5,ALB-CN-1870-14842,isSameAs,ALB-CN-1880-159,1870,1880,70-80,0.881
2071a9dc-90d8-4fbb-8494-efff6c8e682b,ALB-CN-1870-14845,isSameAs,ALB-CN-1880-160,1870,1880,70-80,0.971
a5b414a9-ddef-48d9-95cc-404b5c682a70,ALB-CN-1870-14846,isSameAs,ALB-CN-1880-161,1870,1880,70-80,0.957
303faadb-9b6b-457d-a99a-8b020e88661e,ALB-CN-1870-1485,isSameAs,ALB-CN-1880-27296,1870,1880,70-80,0.731
0500d397-e7a5-44a7-85dd-dd1fa730fc0c,ALB-CN-1870-14852,isSameAs,ALB-CN-1880-305,1870,1880,70-80,0.75
de4b27b0-5ab5-4a69-85ad-2296991dc626,ALB-CN-1870-14855,isSameAs,ALB-CN-1880-22723,1870,1880,70-80,0.858
cffb8668-c1b7-4a4e-975d-f8aa9b91d46d,ALB-CN-1870-14857,isSameAs,ALB-CN-1880-6286,1870,1880,70-80,0.668
a25521d4-12b3-4430-9c4a-6f5e84d5e256,ALB-CN-1870-14868,isSameAs,ALB-CN-1880-1049,1870,1880,70-80,0.69
00c31789-f0c6-4b4b-b491-79d6dc830515,ALB-CN-1870-1487,isSameAs,ALB-CN-1880-27297,1870,1880,70-80,0.634
deaeee87-61be-4079-afb1-8cc4866be0c9,ALB-CN-1870-14873,isSameAs,ALB-CN-1880-5780,1870,1880,70-80,0.711
d718d06f-9493-4968-ad5b-f3b37cfe98ce,ALB-CN-1870-14877,isSameAs,ALB-CN-1880-9558,1870,1880,70-80,0.818
04d2be08-4fec-4c3e-aab2-eb90c4367c32,ALB-CN-1870-14879,isSameAs,ALB-CN-1880-218,1870,1880,70-80,0.852
755be8cc-33ad-4678-8f10-ef057b07ec4c,ALB-CN-1870-1488,isSameAs,ALB-CN-1880-31532,1870,1880,70-80,0.818
39bf035a-ea26-4e50-be6e-1a4030c35029,ALB-CN-1870-14882,isSameAs,ALB-CN-1880-9559,1870,1880,70-80,0.646
f42e7237-655f-4707-bd65-eec4bc50a8b4,ALB-CN-1870-14885,isSameAs,ALB-CN-1880-5034,1870,1880,70-80,0.668
9fe0e287-eaa6-47ce-9cf3-bd122e6999bd,ALB-CN-1870-14886,isSameAs,ALB-CN-1880-6343,1870,1880,70-80,0.786
08d85a8a-b4f4-40f8-97e4-67c1ad4cbec5,ALB-CN-1870-14887,isSameAs,ALB-CN-1880-6341,1870,1880,70-80,0.721
18e88918-0557-4a83-984f-bc9f64b6fa9e,ALB-CN-1870-14889,isSameAs,ALB-CN-1880-6333,1870,1880,70-80,0.76
a2721183-ea8c-47c6-be56-0b71697d6d2a,ALB-CN-1870-1489,isSameAs,ALB-CN-1880-30866,1870,1880,70-80,0.731
83acdecc-8fa4-4a50-9b61-fc108351dc98,ALB-CN-1870-14890,isSameAs,ALB-CN-1880-5020,1870,1880,70-80,0.957
4575bdcf-6eb3-42d6-b35a-587c3ac7bb90,ALB-CN-1870-14892,isSameAs,ALB-CN-1880-30598,1870,1880,70-80,0.711
8e501414-83cb-4d43-ba53-a1c97c66d338,ALB-CN-1870-14893,isSameAs,ALB-CN-1880-5021,1870,1880,70-80,0.976
52198f20-e2a7-4a02-91f8-a0646271edf7,ALB-CN-1870-14895,isSameAs,ALB-CN-1880-30597,1870,1880,70-80,0.846
d33b1db0-c111-4ee2-8124-ec82833a2ad2,ALB-CN-1870-14897,isSameAs,ALB-CN-1880-18789,1870,1880,70-80,0.668
cd454f93-282b-4aff-bc88-b8dd1e79bbd5,ALB-CN-1870-14899,isSameAs,ALB-CN-1880-26189,1870,1880,70-80,0.846
3fc9ead2-c3a8-472e-ad18-208ace25b894,ALB-CN-1870-149,isSameAs,ALB-CN-1880-7744,1870,1880,70-80,0.802
1606d582-ced2-41db-aa79-0f8c173b8e98,ALB-CN-1870-14900,isSameAs,ALB-CN-1880-25188,1870,1880,70-80,0.668
c77c7e01-5bd7-4bba-a430-801805259f58,ALB-CN-1870-14902,isSameAs,ALB-CN-1880-4969,1870,1880,70-80,0.943
12daa5dd-bd00-4086-8d9d-b9f9ab865e09,ALB-CN-1870-14904,isSameAs,ALB-CN-1880-4971,1870,1880,70-80,0.99
c9fbb479-06d0-4091-866c-d0065565efcb,ALB-CN-1870-14905,isSameAs,ALB-CN-1880-4972,1870,1880,70-80,0.989
264b153a-6e68-4ea0-898c-64f7ee530377,ALB-CN-1870-14906,isSameAs,ALB-CN-1880-23157,1870,1880,70-80,0.711
40a5a40a-07d1-4123-af39-822f38d83b7c,ALB-CN-1870-14909,isSameAs,ALB-CN-1880-4994,1870,1880,70-80,0.948
4500ac9e-13c3-4ee6-98dc-49bd5c95a69c,ALB-CN-1870-1491,isSameAs,ALB-CN-1880-1076,1870,1880,70-80,0.858
fae0d581-8a7f-4781-8ccc-56171b2fe2da,ALB-CN-1870-14910,isSameAs,ALB-CN-1880-4995,1870,1880,70-80,0.891
74c61a2c-8bd2-48dc-87f4-9d224c88e12e,ALB-CN-1870-14911,isSameAs,ALB-CN-1880-5882,1870,1880,70-80,0.852
52aa299c-4164-4da4-ab6e-b343c64c09a1,ALB-CN-1870-14912,isSameAs,ALB-CN-1880-4996,1870,1880,70-80,0.98
055a8063-b534-4501-8af0-057382768caf,ALB-CN-1870-14913,isSameAs,ALB-CN-1880-4980,1870,1880,70-80,0.87
8d06507e-a266-4f2f-8303-19b0d8b3d6c8,ALB-CN-1870-14916,isSameAs,ALB-CN-1880-5001,1870,1880,70-80,0.846
52c83b12-af39-4fbf-84f2-336d1123d98d,ALB-CN-1870-14919,isSameAs,ALB-CN-1880-4984,1870,1880,70-80,0.881
164e149d-2b75-480c-849a-094bacd75154,ALB-CN-1870-14920,isSameAs,ALB-CN-1880-4985,1870,1880,70-80,0.87
895c15aa-dd4a-4f2e-92ea-3e52160bf063,ALB-CN-1870-14921,isSameAs,ALB-CN-1880-5814,1870,1880,70-80,0.76
8fbcd7b8-8c0a-4287-9d93-bc7f9e09a85a,ALB-CN-1870-14924,isSameAs,ALB-CN-1880-5816,1870,1880,70-80,0.948
9701fc02-e21c-4db7-bb25-de3725d611cc,ALB-CN-1870-14926,isSameAs,ALB-CN-1880-5817,1870,1880,70-80,0.818
7e6a5fdf-8ce7-4f21-8829-5e642eb8d8a1,ALB-CN-1870-14938,isSameAs,ALB-CN-1880-26556,1870,1880,70-80,0.622
54277405-9e7b-40f5-909d-871bbafefc40,ALB-CN-1870-14939,isSameAs,ALB-CN-1880-1744,1870,1880,70-80,0.75
8f1a548c-a5f2-456a-9ab2-4cf0b493e072,ALB-CN-1870-1495,isSameAs,ALB-CN-1880-2673,1870,1880,70-80,0.711
8fb15933-c7d4-4f1a-82f5-b9c26251189f,ALB-CN-1870-14950,isSameAs,ALB-CN-1880-3949,1870,1880,70-80,0.75
e24fc393-8d6a-4a79-8f27-8044349f5f1f,ALB-CN-1870-14951,isSameAs,ALB-CN-1880-9944,1870,1880,70-80,0.75
9d3bc71d-69ff-485a-a454-2c06dd4d9f06,ALB-CN-1870-14952,isSameAs,ALB-CN-1880-4524,1870,1880,70-80,0.818
a21481c6-d9c4-4ec6-a8c3-e9121ce304c1,ALB-CN-1870-14954,isSameAs,ALB-CN-1880-8862,1870,1880,70-80,0.622
3bf65a1b-5910-4b2d-bf4e-9b537a68209e,ALB-CN-1870-14955,isSameAs,ALB-CN-1880-6307,1870,1880,70-80,0.909
57177467-0ef2-4c84-b063-6c8b794a3680,ALB-CN-1870-14957,isSameAs,ALB-CN-1880-12390,1870,1880,70-80,0.81
90eee454-b5ec-4ed3-a792-699247a6eb90,ALB-CN-1870-14960,isSameAs,ALB-CN-1880-5242,1870,1880,70-80,0.818
b83cfecc-29e2-4f9f-9ef1-add60404962d,ALB-CN-1870-14962,isSameAs,ALB-CN-1880-5245,1870,1880,70-80,0.909
6a111565-1b73-4744-8f40-f485cc1d3311,ALB-CN-1870-14963,isSameAs,ALB-CN-1880-5251,1870,1880,70-80,0.909
640d3d41-f16f-4e66-8ea0-cfddbe127f7a,ALB-CN-1870-14964,isSameAs,ALB-CN-1880-5244,1870,1880,70-80,0.964
0a795e2c-4866-4876-b97f-42d2acde3c6c,ALB-CN-1870-14966,isSameAs,ALB-CN-1880-5788,1870,1880,70-80,0.846
12984e06-122b-47aa-bd4a-e5ba0a428060,ALB-CN-1870-14967,isSameAs,ALB-CN-1880-5790,1870,1880,70-80,0.964
8dc76309-d6db-4fcd-8261-3f960901b8bc,ALB-CN-1870-14968,isSameAs,ALB-CN-1880-5791,1870,1880,70-80,0.937
a07a8f39-69ab-4b2d-b798-cc7bf4c40da7,ALB-CN-1870-14973,isSameAs,ALB-CN-1880-5538,1870,1880,70-80,0.769
86e19f1e-92aa-4de4-9440-7c31ab29b7e4,ALB-CN-1870-14976,isSameAs,ALB-CN-1880-6138,1870,1880,70-80,0.961
58bca00d-4dc4-45d0-bf40-4e6a32af0fab,ALB-CN-1870-14978,isSameAs,ALB-CN-1880-12315,1870,1880,70-80,0.69
728a1163-4fdb-4e38-888f-d3959300e19c,ALB-CN-1870-14985,isSameAs,ALB-CN-1880-10249,1870,1880,70-80,0.968
fbbf41e5-9a55-4aa6-81b7-7e8413eceead,ALB-CN-1870-14986,isSameAs,ALB-CN-1880-6101,1870,1880,70-80,0.769
b155f3c8-7bc0-4d93-bfc6-99175e4719d9,ALB-CN-1870-14996,isSameAs,ALB-CN-1880-16800,1870,1880,70-80,0.75
905c2747-d0d3-4fc9-ab45-f65782fbbda2,ALB-CN-1870-1500,isSameAs,ALB-CN-1880-23203,1870,1880,70-80,0.75
c366c4ba-dba1-4ca7-a058-ae97d1a00cdd,ALB-CN-1870-15002,isSameAs,ALB-CN-1880-6148,1870,1880,70-80,0.87
522d3d83-272c-4bcc-8d0b-d99ac61999c4,ALB-CN-1870-15003,isSameAs,ALB-CN-1880-6149,1870,1880,70-80,0.818
80c4c7ab-2d79-40f8-bfa3-f10b7b38234a,ALB-CN-1870-15007,isSameAs,ALB-CN-1880-10286,1870,1880,70-80,0.858
454d4383-dd2c-43ad-a269-b026f3d2aecb,ALB-CN-1870-1501,isSameAs,ALB-CN-1880-23240,1870,1880,70-80,0.818
f49d8d0b-ae1e-477a-b3da-321a9561b62f,ALB-CN-1870-15011,isSameAs,ALB-CN-1880-11328,1870,1880,70-80,0.679
c0c9949c-ce7a-41fd-9d32-0636f2656b0f,ALB-CN-1870-1502,isSameAs,ALB-CN-1880-23241,1870,1880,70-80,0.976
0cf0a2c5-ffd1-46ab-87d5-56a7c86f32d5,ALB-CN-1870-15023,isSameAs,ALB-CN-1880-5270,1870,1880,70-80,0.989
a45ce0a1-17f6-44b3-be5c-36b151f8069f,ALB-CN-1870-15024,isSameAs,ALB-CN-1880-5271,1870,1880,70-80,0.957
ae74846a-2615-42d7-be96-944fbd39fc41,ALB-CN-1870-15025,isSameAs,ALB-CN-1880-5272,1870,1880,70-80,0.957
3131fa0c-495f-47ca-beb6-c9095854aea1,ALB-CN-1870-15026,isSameAs,ALB-CN-1880-5273,1870,1880,70-80,0.75
dca469ca-7474-4de8-a736-367d8f0461cd,ALB-CN-1870-15027,isSameAs,ALB-CN-1880-5274,1870,1880,70-80,0.818
9b920bc5-6ec3-41d5-8a94-2e5a6f2d34c9,ALB-CN-1870-15028,isSameAs,ALB-CN-1880-10068,1870,1880,70-80,0.622
99f049b0-d9e0-4b29-9bea-9c73625275c9,ALB-CN-1870-15029,isSameAs,ALB-CN-1880-10069,1870,1880,70-80,0.622
cd69c22c-26a2-4354-9dce-f64706bc2738,ALB-CN-1870-1503,isSameAs,ALB-CN-1880-23245,1870,1880,70-80,0.818
288c213a-a81f-4fe1-a3ce-4f8bbbb1f7ee,ALB-CN-1870-15030,isSameAs,ALB-CN-1880-5739,1870,1880,70-80,0.711
d03b4087-43ac-4945-803a-07b135ef7c15,ALB-CN-1870-15035,isSameAs,ALB-CN-1880-6118,1870,1880,70-80,0.711
ff318b53-bec6-4e57-8a35-5441ef7e4a0c,ALB-CN-1870-15039,isSameAs,ALB-CN-1880-6209,1870,1880,70-80,0.937
4c64e2dc-c6cd-4f96-8c17-6ccd41ffdc67,ALB-CN-1870-15045,isSameAs,ALB-CN-1880-6208,1870,1880,70-80,0.924
e526fbef-9c1b-41f0-938a-c6afb0106a89,ALB-CN-1870-15046,isSameAs,ALB-CN-1880-6103,1870,1880,70-80,0.94
6a96620c-963c-4ff7-b3d0-96443c82e207,ALB-CN-1870-15047,isSameAs,ALB-CN-1880-6104,1870,1880,70-80,0.971
97d341ac-e236-4d9e-9450-78a9612c65f5,ALB-CN-1870-15049,isSameAs,ALB-CN-1880-6105,1870,1880,70-80,0.971
5e82ee03-8596-447f-94ec-bcd1b92c0787,ALB-CN-1870-1505,isSameAs,ALB-CN-1880-23242,1870,1880,70-80,0.982
be4bb621-0c85-4762-a623-45c9c4f69b96,ALB-CN-1870-15050,isSameAs,ALB-CN-1880-6106,1870,1880,70-80,0.957
824b7b76-7a61-4d02-ac88-33d9f4b8b58b,ALB-CN-1870-15051,isSameAs,ALB-CN-1880-6107,1870,1880,70-80,0.957
4d455fd1-1c9b-4466-9aeb-5de92325d8f6,ALB-CN-1870-15052,isSameAs,ALB-CN-1880-6108,1870,1880,70-80,0.957
c5b7d6df-7f70-4f4b-ae8c-f7a923ed2e40,ALB-CN-1870-15054,isSameAs,ALB-CN-1880-6110,1870,1880,70-80,0.875
d3bfe583-9233-41e7-985b-900a21de5964,ALB-CN-1870-15056,isSameAs,ALB-CN-1880-6112,1870,1880,70-80,0.971
9fbf9f11-7f2d-4e04-804e-01eeff500cda,ALB-CN-1870-15059,isSameAs,ALB-CN-1880-5238,1870,1880,70-80,0.825
337a295d-f1b1-4e65-a1d8-a369656c5402,ALB-CN-1870-1506,isSameAs,ALB-CN-1880-23243,1870,1880,70-80,0.982
adb14192-0588-4e1c-aa89-045e96868220,ALB-CN-1870-15060,isSameAs,ALB-CN-1880-5239,1870,1880,70-80,0.825
efd29060-5d06-405b-8636-27c7fa31281e,ALB-CN-1870-15061,isSameAs,ALB-CN-1880-5240,1870,1880,70-80,0.825
3543656f-0ec8-40ab-9feb-50daa9137efe,ALB-CN-1870-1507,isSameAs,ALB-CN-1880-23244,1870,1880,70-80,0.977
af475423-04ba-4f2a-a287-e24107780a40,ALB-CN-1870-15072,isSameAs,ALB-CN-1880-5762,1870,1880,70-80,0.891
f0b3dd26-a654-476f-bcaa-c4e713688d7b,ALB-CN-1870-15073,isSameAs,ALB-CN-1880-5763,1870,1880,70-80,0.622
c403bd0d-5c1b-435b-aa87-2b93574e2170,ALB-CN-1870-15078,isSameAs,ALB-CN-1880-4397,1870,1880,70-80,0.825
d03fb687-ca2d-4f0e-9caa-d4c4e2f292fd,ALB-CN-1870-15079,isSameAs,ALB-CN-1880-4399,1870,1880,70-80,0.646
92f68b7d-5d28-4f06-992d-346d9ec9f1d0,ALB-CN-1870-15080,isSameAs,ALB-CN-1880-6477,1870,1880,70-80,0.646
189572bc-cad0-41fe-b7ea-a62270863ca7,ALB-CN-1870-15083,isSameAs,ALB-CN-1880-5714,1870,1880,70-80,0.769
81deaa6d-72ae-46f6-969a-6f19f4066ec9,ALB-CN-1870-15084,isSameAs,ALB-CN-1880-4387,1870,1880,70-80,0.976
e52b294a-a24d-4bd0-907c-6004c5aba8ab,ALB-CN-1870-15085,isSameAs,ALB-CN-1880-108,1870,1880,70-80,0.668
78ed0aeb-dc87-455a-864a-96ad8520d8eb,ALB-CN-1870-15086,isSameAs,ALB-CN-1880-5719,1870,1880,70-80,0.818
2a71e93e-5c60-4932-9c76-de5a4224e915,ALB-CN-1870-15087,isSameAs,ALB-CN-1880-5717,1870,1880,70-80,0.886
b84dd162-4251-42a4-9657-f20ac803a868,ALB-CN-1870-15089,isSameAs,ALB-CN-1880-107,1870,1880,70-80,0.818
3034b270-c1ac-4557-81d1-a624532ce373,ALB-CN-1870-15091,isSameAs,ALB-CN-1880-5824,1870,1880,70-80,0.87
4ae04f8c-7483-425f-b27a-8611067c0159,ALB-CN-1870-15092,isSameAs,ALB-CN-1880-5825,1870,1880,70-80,0.924
587543f3-055c-4340-b3bd-fafcfbaf4706,ALB-CN-1870-15093,isSameAs,ALB-CN-1880-5826,1870,1880,70-80,0.622
3a178110-a8c9-4c80-b592-d907a13450e2,ALB-CN-1870-15095,isSameAs,ALB-CN-1880-6089,1870,1880,70-80,0.75
6f76e5ac-9494-4d91-9972-b12ce065d781,ALB-CN-1870-15096,isSameAs,ALB-CN-1880-6090,1870,1880,70-80,0.957
a78a8217-d9d2-48ea-8ce8-ce707a97fe7f,ALB-CN-1870-15097,isSameAs,ALB-CN-1880-6091,1870,1880,70-80,0.976
94c9eb1a-e579-4588-a799-66fcf6593f8e,ALB-CN-1870-15098,isSameAs,ALB-CN-1880-6092,1870,1880,70-80,0.976
aa7031f2-4321-498d-97fe-045904c99d41,ALB-CN-1870-15099,isSameAs,ALB-CN-1880-6093,1870,1880,70-80,0.976
cde93272-7b2e-481d-bb9c-905705c5e790,ALB-CN-1870-1510,isSameAs,ALB-CN-1880-23140,1870,1880,70-80,0.846
ba4551bd-6554-443d-a754-c9c019771f9e,ALB-CN-1870-15101,isSameAs,ALB-CN-1880-26581,1870,1880,70-80,0.622
bb445340-80b3-4c2a-bc43-c3a3fb614aa9,ALB-CN-1870-15107,isSameAs,ALB-CN-1880-6099,1870,1880,70-80,0.909
9d1494c7-33b6-4254-809f-04a16529c075,ALB-CN-1870-15108,isSameAs,ALB-CN-1880-6098,1870,1880,70-80,0.987
b8e3c201-1714-4131-99b4-e9d882448bee,ALB-CN-1870-1511,isSameAs,ALB-CN-1880-23141,1870,1880,70-80,0.634
f5715c6c-a9df-49f9-a5a9-050603bbf6da,ALB-CN-1870-15115,isSameAs,ALB-CN-1880-5838,1870,1880,70-80,0.968
e622916e-c3f7-48a5-bd4f-ba006be5be25,ALB-CN-1870-15116,isSameAs,ALB-CN-1880-5839,1870,1880,70-80,0.971
38e9c1bd-6062-4753-aa6c-a7c664320cd2,ALB-CN-1870-15118,isSameAs,ALB-CN-1880-5840,1870,1880,70-80,0.94
518670b5-16ab-4ddf-8c58-005fe4502589,ALB-CN-1870-15119,isSameAs,ALB-CN-1880-5841,1870,1880,70-80,0.94
c40ffeb3-99eb-4c2e-b4e0-3b747ce729e7,ALB-CN-1870-1512,isSameAs,ALB-CN-1880-18303,1870,1880,70-80,0.679
bdb0d9eb-92e2-4556-a504-894040fce9f7,ALB-CN-1870-1513,isSameAs,ALB-CN-1880-23232,1870,1880,70-80,0.846
6d07bdc8-5e65-4205-b198-2eae397eb594,ALB-CN-1870-15132,isSameAs,ALB-CN-1880-1,1870,1880,70-80,0.931
b0b3c45c-0231-4d84-a3fc-8390471cc576,ALB-CN-1870-15133,isSameAs,ALB-CN-1880-2,1870,1880,70-80,0.98
5b6dfc3d-b1fe-4283-861c-dd859a49f3e7,ALB-CN-1870-15134,isSameAs,ALB-CN-1880-11036,1870,1880,70-80,0.794
633f5f2d-96ac-4a6f-b4c0-e56f332f68c1,ALB-CN-1870-15135,isSameAs,ALB-CN-1880-3,1870,1880,70-80,0.971
7fb4afd6-594a-46d6-a9a5-08b22a86b16f,ALB-CN-1870-15136,isSameAs,ALB-CN-1880-4,1870,1880,70-80,0.668
9235fd90-6d04-479a-82c9-12c58960c8a8,ALB-CN-1870-15137,isSameAs,ALB-CN-1880-5,1870,1880,70-80,0.971
0373ec72-814a-4980-a0d7-cfd274ff20c2,ALB-CN-1870-15139,isSameAs,ALB-CN-1880-6533,1870,1880,70-80,0.646
9e3a4127-0f16-490f-a81c-94bd9dff8bd6,ALB-CN-1870-15142,isSameAs,ALB-CN-1880-31,1870,1880,70-80,0.973
213202aa-b838-4871-a15a-43ceccb9ef79,ALB-CN-1870-15143,isSameAs,ALB-CN-1880-32,1870,1880,70-80,0.99
b897a931-8cda-4d86-9701-92ae2d119e68,ALB-CN-1870-15147,isSameAs,ALB-CN-1880-33,1870,1880,70-80,0.989
04b97d24-138f-45be-98f7-d0897990d91b,ALB-CN-1870-1515,isSameAs,ALB-CN-1880-21313,1870,1880,70-80,0.846
d3b55f05-e979-4b7e-9390-3faa01b5d1a6,ALB-CN-1870-15150,isSameAs,ALB-CN-1880-34,1870,1880,70-80,0.989
ef5c19fc-ff90-4995-b8ea-8d052f98ce0a,ALB-CN-1870-15151,isSameAs,ALB-CN-1880-35,1870,1880,70-80,0.989
62a5dfe0-77c1-47b0-9ef8-4e7bfe06b151,ALB-CN-1870-15152,isSameAs,ALB-CN-1880-36,1870,1880,70-80,0.973
b6fee6da-8073-4a9a-aeab-23ab983102fe,ALB-CN-1870-15158,isSameAs,ALB-CN-1880-18059,1870,1880,70-80,0.721
69d46146-70e3-47c6-8a55-dc4ad6eb66fb,ALB-CN-1870-15168,isSameAs,ALB-CN-1880-20,1870,1880,70-80,0.881
5952b26b-3c17-4912-b0ab-ad3bd2d47e92,ALB-CN-1870-15169,isSameAs,ALB-CN-1880-21,1870,1880,70-80,0.98
aad162dc-7b5a-4bdb-834c-2ee1b550bcfd,ALB-CN-1870-1517,isSameAs,ALB-CN-1880-23260,1870,1880,70-80,0.668
60a1a494-1e31-4647-805a-e3bc5788b220,ALB-CN-1870-15173,isSameAs,ALB-CN-1880-22,1870,1880,70-80,0.976
f38597df-5cf8-42d7-9130-c0db4f81c7b7,ALB-CN-1870-15174,isSameAs,ALB-CN-1880-23,1870,1880,70-80,0.976
3b93fb5c-b803-4d4d-822d-a5899d3f7b24,ALB-CN-1870-15175,isSameAs,ALB-CN-1880-2020,1870,1880,70-80,0.984
5bf2d3e8-dac2-4871-8581-194b52c69497,ALB-CN-1870-15183,isSameAs,ALB-CN-1880-2024,1870,1880,70-80,0.909
db3156e7-48e3-41b4-bbff-3f3faa38314f,ALB-CN-1870-1519,isSameAs,ALB-CN-1880-23262,1870,1880,70-80,0.948
233081dc-3ac2-4bb0-b097-a7116c361d40,ALB-CN-1870-1520,isSameAs,ALB-CN-1880-23263,1870,1880,70-80,0.948
3879695f-b508-4a32-9809-1737784ec935,ALB-CN-1870-15205,isSameAs,ALB-CN-1880-5923,1870,1880,70-80,0.786
9af8dc43-ac1a-4083-9b73-5b04d6966b84,ALB-CN-1870-15209,isSameAs,ALB-CN-1880-25340,1870,1880,70-80,0.646
e15163a8-a061-40b9-b400-de2078aee2ee,ALB-CN-1870-15210,isSameAs,ALB-CN-1880-6031,1870,1880,70-80,0.909
d70d5c37-bbe5-41a2-891e-1c45fde820c1,ALB-CN-1870-15212,isSameAs,ALB-CN-1880-28459,1870,1880,70-80,0.711
1f57345a-c00f-4435-a6be-ef320b1bb25d,ALB-CN-1870-15217,isSameAs,ALB-CN-1880-5916,1870,1880,70-80,0.976
3e67a242-4acd-492a-a58c-3757a89282ac,ALB-CN-1870-15218,isSameAs,ALB-CN-1880-5917,1870,1880,70-80,0.957
ab89e515-1704-42f1-957f-376c66f87350,ALB-CN-1870-15220,isSameAs,ALB-CN-1880-5869,1870,1880,70-80,0.99
ee8b55c8-7b77-4547-9680-29ffd3e9b0a1,ALB-CN-1870-15221,isSameAs,ALB-CN-1880-5870,1870,1880,70-80,0.972
b047db64-32ac-40dc-be26-3089ad743da0,ALB-CN-1870-15222,isSameAs,ALB-CN-1880-5871,1870,1880,70-80,0.971
f2a5f93e-0285-4eb3-a840-ca81b4c92e85,ALB-CN-1870-15223,isSameAs,ALB-CN-1880-5872,1870,1880,70-80,0.99
0b7010ee-35f4-45cd-b164-0d504eeef155,ALB-CN-1870-15229,isSameAs,ALB-CN-1880-5844,1870,1880,70-80,0.971
a554face-9cd7-4f55-b898-aa35e5242bdb,ALB-CN-1870-15230,isSameAs,ALB-CN-1880-5845,1870,1880,70-80,0.971
b0bf611e-fe23-4f2e-b1af-e067f2902be0,ALB-CN-1870-15231,isSameAs,ALB-CN-1880-5846,1870,1880,70-80,0.9
d1677601-40ff-4b06-9bdb-08177f7f38c1,ALB-CN-1870-15232,isSameAs,ALB-CN-1880-5847,1870,1880,70-80,0.957
8d5aa02e-5af5-42c7-8231-55f449fd9464,ALB-CN-1870-15233,isSameAs,ALB-CN-1880-5848,1870,1880,70-80,0.957
c08c9c55-0afe-4eaa-bcb4-c0aa67d5697f,ALB-CN-1870-15234,isSameAs,ALB-CN-1880-23403,1870,1880,70-80,0.711
0f2ca7f5-5609-45f4-92ab-dc724148e2fe,ALB-CN-1870-15235,isSameAs,ALB-CN-1880-5850,1870,1880,70-80,0.957
f7fb2637-5f4c-4433-9564-ee5e19f042a1,ALB-CN-1870-15251,isSameAs,ALB-CN-1880-13934,1870,1880,70-80,0.668
fe93d95c-3e27-4593-9e2e-e311f452b47e,ALB-CN-1870-15252,isSameAs,ALB-CN-1880-26100,1870,1880,70-80,0.794
d80841e0-09f0-40f3-a92b-9c907b7e5cdb,ALB-CN-1870-15253,isSameAs,ALB-CN-1880-15662,1870,1880,70-80,0.731
4b12b30b-e03e-4ba6-864c-0c38944586e5,ALB-CN-1870-15254,isSameAs,ALB-CN-1880-16005,1870,1880,70-80,0.668
f804ce1f-89f5-43a3-b8b6-ff6666c727ad,ALB-CN-1870-15260,isSameAs,ALB-CN-1880-6050,1870,1880,70-80,0.953
7d8c515c-1dff-44c5-ac6c-cf85b9f50b12,ALB-CN-1870-15262,isSameAs,ALB-CN-1880-6054,1870,1880,70-80,0.948
0195dc48-6951-4f48-b270-bdac5ae9b09f,ALB-CN-1870-15263,isSameAs,ALB-CN-1880-6055,1870,1880,70-80,0.924
53504133-0d1d-4a6d-b735-df0067abb45a,ALB-CN-1870-15269,isSameAs,ALB-CN-1880-6024,1870,1880,70-80,0.832
79214c80-bdff-4ac9-949a-54c27427e1d0,ALB-CN-1870-15273,isSameAs,ALB-CN-1880-6029,1870,1880,70-80,0.611
bb1e7b98-e708-49ea-bc72-ab2961611560,ALB-CN-1870-15275,isSameAs,ALB-CN-1880-6253,1870,1880,70-80,0.794
dd05070a-8bbb-4f3b-9296-8565b11621eb,ALB-CN-1870-15280,isSameAs,ALB-CN-1880-14027,1870,1880,70-80,0.924
4cd2a21a-5077-4254-9a0d-3d41f1921152,ALB-CN-1870-15282,isSameAs,ALB-CN-1880-22872,1870,1880,70-80,0.937
88276b4d-30f9-4407-895b-7ede6a9e33a3,ALB-CN-1870-15288,isSameAs,ALB-CN-1880-4230,1870,1880,70-80,0.721
4a4ae322-6479-4bc9-82a3-357342fbcbd3,ALB-CN-1870-15289,isSameAs,ALB-CN-1880-1965,1870,1880,70-80,0.75
be0374da-def7-43fd-8b88-5d4952864861,ALB-CN-1870-1529,isSameAs,ALB-CN-1880-22674,1870,1880,70-80,0.99
5436b6be-532f-4db4-8c0b-0961e19df0a9,ALB-CN-1870-15293,isSameAs,ALB-CN-1880-23492,1870,1880,70-80,0.769
581ffecd-8a84-409d-97ba-bbc2767ebb90,ALB-CN-1870-15294,isSameAs,ALB-CN-1880-2174,1870,1880,70-80,0.948
44779c95-02bd-4de8-ad85-f7658b45f2b9,ALB-CN-1870-15295,isSameAs,ALB-CN-1880-3065,1870,1880,70-80,0.9
5383c120-ca5f-4de8-8490-68bf0c3413c4,ALB-CN-1870-15296,isSameAs,ALB-CN-1880-10102,1870,1880,70-80,0.711
f6312d56-b537-432e-9cff-f9a8b403d792,ALB-CN-1870-15297,isSameAs,ALB-CN-1880-2176,1870,1880,70-80,0.917
ffa02493-4b4b-476d-8290-783377cf90cf,ALB-CN-1870-15298,isSameAs,ALB-CN-1880-4266,1870,1880,70-80,0.794
d4ba45ac-b3c8-4571-baae-97be25a3a8cc,ALB-CN-1870-15300,isSameAs,ALB-CN-1880-4265,1870,1880,70-80,0.909
904aa397-d077-4d0b-b2c9-0765ed026491,ALB-CN-1870-15301,isSameAs,ALB-CN-1880-10101,1870,1880,70-80,0.711
99b7a0f8-c69c-445d-8f18-d7a56b14f601,ALB-CN-1870-15304,isSameAs,ALB-CN-1880-6227,1870,1880,70-80,0.984
a4990303-9112-4d65-8756-a42263cb9bf2,ALB-CN-1870-15305,isSameAs,ALB-CN-1880-6228,1870,1880,70-80,0.987
d8401ab0-d5a6-43fd-9089-a563610f1b33,ALB-CN-1870-15306,isSameAs,ALB-CN-1880-6229,1870,1880,70-80,0.905
80a50439-9072-4eb1-b0d2-3103e517c168,ALB-CN-1870-15307,isSameAs,ALB-CN-1880-6230,1870,1880,70-80,0.818
c982c0e3-fd75-49a6-bf76-251f8401a393,ALB-CN-1870-15309,isSameAs,ALB-CN-1880-5228,1870,1880,70-80,0.818
4a11eab4-8df7-4398-b162-7e2c75defe49,ALB-CN-1870-1531,isSameAs,ALB-CN-1880-23234,1870,1880,70-80,0.937
3fc02765-3e5e-4858-b029-4f9953b3056b,ALB-CN-1870-15317,isSameAs,ALB-CN-1880-6235,1870,1880,70-80,0.99
cbe70021-1387-4bc5-b5b2-123015019473,ALB-CN-1870-15318,isSameAs,ALB-CN-1880-6236,1870,1880,70-80,0.953
4bc0c452-8aca-4b47-ace5-8fb96b8dd5b1,ALB-CN-1870-15319,isSameAs,ALB-CN-1880-6237,1870,1880,70-80,0.989
a0208e32-98ab-478e-bfab-e3082b84cacd,ALB-CN-1870-15321,isSameAs,ALB-CN-1880-4114,1870,1880,70-80,0.731
b8b16f2e-8917-4f64-8cd7-bca5b95a66bb,ALB-CN-1870-15323,isSameAs,ALB-CN-1880-4263,1870,1880,70-80,0.943
eb9f1b8f-5775-4ab5-8151-90dedfda0a04,ALB-CN-1870-15326,isSameAs,ALB-CN-1880-4268,1870,1880,70-80,0.881
3f684245-4c92-4fe5-a34d-f235d51a4bb4,ALB-CN-1870-15328,isSameAs,ALB-CN-1880-5992,1870,1880,70-80,0.679
2b471d65-8596-4175-9d33-dd4bae84b7b6,ALB-CN-1870-15329,isSameAs,ALB-CN-1880-28447,1870,1880,70-80,0.679
8631152c-fea7-4ef9-953d-1cd7274f7191,ALB-CN-1870-15334,isSameAs,ALB-CN-1880-5030,1870,1880,70-80,0.846
cca4a139-a4c4-43ea-b829-c28743f74b31,ALB-CN-1870-15335,isSameAs,ALB-CN-1880-5031,1870,1880,70-80,0.87
afdecb23-afed-45bd-bc1d-83c042a8d172,ALB-CN-1870-15337,isSameAs,ALB-CN-1880-5032,1870,1880,70-80,0.818
58639330-3a75-48e3-a1c7-46d5da982e70,ALB-CN-1870-15346,isSameAs,ALB-CN-1880-31546,1870,1880,70-80,0.69
0fb4347d-819e-4f69-a098-acce5be87050,ALB-CN-1870-1535,isSameAs,ALB-CN-1880-22678,1870,1880,70-80,0.75
42bba348-fee9-44f0-a6c5-a0968ddf022e,ALB-CN-1870-15357,isSameAs,ALB-CN-1880-16347,1870,1880,70-80,0.646
4ef7fe04-5076-47af-8423-484e4d5a6a1b,ALB-CN-1870-15360,isSameAs,ALB-CN-1880-19476,1870,1880,70-80,0.622
cd4c2a56-a24f-4cda-a2f3-1a0500efd533,ALB-CN-1870-15361,isSameAs,ALB-CN-1880-6001,1870,1880,70-80,0.818
08cd53df-eec9-40f0-b076-aff003396cef,ALB-CN-1870-15368,isSameAs,ALB-CN-1880-697,1870,1880,70-80,0.825
bc21ff34-033a-4190-8abe-a1b16d13e3c9,ALB-CN-1870-1538,isSameAs,ALB-CN-1880-23235,1870,1880,70-80,0.987
0e09433e-4df8-4987-b321-f8626a2d50b1,ALB-CN-1870-15380,isSameAs,ALB-CN-1880-5937,1870,1880,70-80,0.668
fd74d5e4-5212-4de5-9d94-fe9e2ee78b9a,ALB-CN-1870-15396,isSameAs,ALB-CN-1880-12394,1870,1880,70-80,0.711
f9670a60-58b3-4160-8020-888424802087,ALB-CN-1870-1540,isSameAs,ALB-CN-1880-22550,1870,1880,70-80,0.971
6929d07c-af86-48a7-b610-c3d5f50134b2,ALB-CN-1870-15401,isSameAs,ALB-CN-1880-6233,1870,1880,70-80,0.75
a212f579-9921-4f07-9ccf-48c54fad863e,ALB-CN-1870-15404,isSameAs,ALB-CN-1880-28464,1870,1880,70-80,0.731
b21c51d0-83f9-4972-9b7c-0c60daec392f,ALB-CN-1870-15405,isSameAs,ALB-CN-1880-28465,1870,1880,70-80,0.87
18dcf7ac-f015-4bd8-b5de-79bb3034787f,ALB-CN-1870-15406,isSameAs,ALB-CN-1880-28523,1870,1880,70-80,0.846
3a8af47a-23e1-4e0f-9f84-b7fcf604a010,ALB-CN-1870-1541,isSameAs,ALB-CN-1880-22551,1870,1880,70-80,0.931
c6fc2481-c00f-4f30-8abc-047d2ea0e8af,ALB-CN-1870-15411,isSameAs,ALB-CN-1880-28267,1870,1880,70-80,0.802
87faed6a-e16e-4a41-8289-a97777f74ad7,ALB-CN-1870-15413,isSameAs,ALB-CN-1880-28269,1870,1880,70-80,0.802
11726353-d8df-4a74-b94d-8cf38ad00a00,ALB-CN-1870-15428,isSameAs,ALB-CN-1880-10915,1870,1880,70-80,0.976
36526470-a7b3-4059-a100-3f5afd6ed827,ALB-CN-1870-15430,isSameAs,ALB-CN-1880-10917,1870,1880,70-80,0.9
744305a5-4fad-4b4a-a7ba-4845bc262c6d,ALB-CN-1870-15431,isSameAs,ALB-CN-1880-10918,1870,1880,70-80,0.937
c5afaaf1-aed6-472f-b6db-905ad8fff450,ALB-CN-1870-15436,isSameAs,ALB-CN-1880-8453,1870,1880,70-80,0.731
6240bd95-1738-41c8-a538-01c040fb51fa,ALB-CN-1870-15437,isSameAs,ALB-CN-1880-16267,1870,1880,70-80,0.711
74b305fc-40db-4d88-9cd9-373383cf3705,ALB-CN-1870-1544,isSameAs,ALB-CN-1880-22552,1870,1880,70-80,0.971
944a4b75-5e1d-413c-8920-e1925cb26cd4,ALB-CN-1870-15441,isSameAs,ALB-CN-1880-19670,1870,1880,70-80,0.846
1d95d5c5-f91a-430f-9ccb-36f77449f79d,ALB-CN-1870-15447,isSameAs,ALB-CN-1880-11258,1870,1880,70-80,0.646
8c760623-812a-4ebd-bd4b-c0fc450e86dc,ALB-CN-1870-15454,isSameAs,ALB-CN-1880-17439,1870,1880,70-80,0.794
c8236b49-4ece-41a7-a4a4-d9c1948fe98f,ALB-CN-1870-15457,isSameAs,ALB-CN-1880-26342,1870,1880,70-80,0.9
a1591453-00a3-4f39-9372-c3f056d3cf08,ALB-CN-1870-1546,isSameAs,ALB-CN-1880-22553,1870,1880,70-80,0.971
0048713b-dc45-4ad7-b663-f5e7e9def8be,ALB-CN-1870-15465,isSameAs,ALB-CN-1880-5037,1870,1880,70-80,0.987
d6864ea7-34a0-43c0-9314-360896a28450,ALB-CN-1870-15466,isSameAs,ALB-CN-1880-5038,1870,1880,70-80,0.786
45cce10d-f7f9-4ab2-83a2-610bb4f5e168,ALB-CN-1870-15467,isSameAs,ALB-CN-1880-5036,1870,1880,70-80,0.937
f34e0f6b-4116-41b1-ac17-d17dfd728480,ALB-CN-1870-15468,isSameAs,ALB-CN-1880-5040,1870,1880,70-80,0.711
1138ccec-de1a-4f37-a706-4369cf1b8300,ALB-CN-1870-15469,isSameAs,ALB-CN-1880-5041,1870,1880,70-80,0.622
a6efe82f-4630-4f30-a8fa-d476bbbeda26,ALB-CN-1870-15471,isSameAs,ALB-CN-1880-11004,1870,1880,70-80,0.75
c9bf6c6f-a52c-4a01-b925-a15867539156,ALB-CN-1870-15473,isSameAs,ALB-CN-1880-25874,1870,1880,70-80,0.75
0beeefcb-6ee5-48db-ba61-8d83d2097d8f,ALB-CN-1870-15474,isSameAs,ALB-CN-1880-893,1870,1880,70-80,0.891
e8eb4a2e-65e5-4815-b28e-5d445864ac36,ALB-CN-1870-15475,isSameAs,ALB-CN-1880-25459,1870,1880,70-80,0.832
ca890b70-2a21-4322-816d-ad51258b0008,ALB-CN-1870-15476,isSameAs,ALB-CN-1880-11001,1870,1880,70-80,0.611
0b4482ea-90b5-4777-b3e8-860610061a9b,ALB-CN-1870-15477,isSameAs,ALB-CN-1880-13028,1870,1880,70-80,0.769
9e8cce0a-809b-428c-a17e-66e46c9af7a4,ALB-CN-1870-15480,isSameAs,ALB-CN-1880-16266,1870,1880,70-80,0.905
63c3eb5a-d8ba-4beb-8336-3e1fb769c8c6,ALB-CN-1870-15481,isSameAs,ALB-CN-1880-21951,1870,1880,70-80,0.786
b9358e0d-bbd6-4aee-9109-090674eca3b9,ALB-CN-1870-15487,isSameAs,ALB-CN-1880-10895,1870,1880,70-80,0.668
4e94e0cf-f17a-4e89-83ff-46b4d86d766d,ALB-CN-1870-15488,isSameAs,ALB-CN-1880-10896,1870,1880,70-80,0.98
41ace685-9461-4411-9114-9684f2de9ac0,ALB-CN-1870-15489,isSameAs,ALB-CN-1880-18812,1870,1880,70-80,0.622
b149e9aa-faca-4c6c-99dc-9ef059cf0e91,ALB-CN-1870-15492,isSameAs,ALB-CN-1880-10897,1870,1880,70-80,0.957
a694924c-5d40-4e07-a2c1-3c640a9912d5,ALB-CN-1870-15493,isSameAs,ALB-CN-1880-10898,1870,1880,70-80,0.957
b75bfa5c-8f52-46d2-825a-fc883ed00b64,ALB-CN-1870-15494,isSameAs,ALB-CN-1880-10899,1870,1880,70-80,0.957
c71105da-9494-48f1-8dbf-4c4f4fd83b5f,ALB-CN-1870-15502,isSameAs,ALB-CN-1880-10906,1870,1880,70-80,0.846
f5e52fe2-c0fd-4305-a498-a9dc83e86298,ALB-CN-1870-15507,isSameAs,ALB-CN-1880-11114,1870,1880,70-80,0.87
a8da1da5-2dd9-4f2c-a404-a0ec333bba9e,ALB-CN-1870-15508,isSameAs,ALB-CN-1880-11115,1870,1880,70-80,0.802
0307bf13-494a-4c49-b85a-83d95c455979,ALB-CN-1870-15530,isSameAs,ALB-CN-1880-7760,1870,1880,70-80,0.634
748a21a0-85d5-46e2-8532-b68fea5eb452,ALB-CN-1870-15538,isSameAs,ALB-CN-1880-11067,1870,1880,70-80,0.964
bf5699d7-fe20-488a-a48b-57c334b8a24f,ALB-CN-1870-15539,isSameAs,ALB-CN-1880-11068,1870,1880,70-80,0.971
a325a14a-0357-4cad-b864-37d577ddf42b,ALB-CN-1870-15540,isSameAs,ALB-CN-1880-11069,1870,1880,70-80,0.94
841fde1b-60f4-4c75-8705-c31cbe5eb1ce,ALB-CN-1870-15541,isSameAs,ALB-CN-1880-11070,1870,1880,70-80,0.94
1ec1e7ab-e6b4-4c4b-9413-ded0e66e40df,ALB-CN-1870-15546,isSameAs,ALB-CN-1880-11711,1870,1880,70-80,0.668
25d5b738-085c-43a7-81ca-3c279af79e19,ALB-CN-1870-15549,isSameAs,ALB-CN-1880-11111,1870,1880,70-80,0.87
f82434c0-6f65-4045-b51f-4baa470dbd45,ALB-CN-1870-15550,isSameAs,ALB-CN-1880-11112,1870,1880,70-80,0.937
c6483b21-4b5c-4fa4-aea5-58b4eb5d9236,ALB-CN-1870-15559,isSameAs,ALB-CN-1880-12905,1870,1880,70-80,0.679
68d9e068-9c62-472a-a06b-df830b5e04c8,ALB-CN-1870-15560,isSameAs,ALB-CN-1880-19988,1870,1880,70-80,0.786
14e9a7f6-bf80-4bcd-870c-d2ab4dc58219,ALB-CN-1870-15562,isSameAs,ALB-CN-1880-11007,1870,1880,70-80,0.858
12cbf2d8-e062-468c-a416-b485c9d15913,ALB-CN-1870-15563,isSameAs,ALB-CN-1880-25282,1870,1880,70-80,0.858
1921ea0b-1916-4a1e-b971-287977aec5be,ALB-CN-1870-15564,isSameAs,ALB-CN-1880-11085,1870,1880,70-80,0.794
451289b0-2bd3-4df7-993e-233829a2ce18,ALB-CN-1870-15565,isSameAs,ALB-CN-1880-11086,1870,1880,70-80,0.802
51711e89-ffa5-4d6f-89f0-57f334160659,ALB-CN-1870-15566,isSameAs,ALB-CN-1880-11087,1870,1880,70-80,0.891
3ea21e2f-2ea9-4834-9c5d-000a65d4cb9b,ALB-CN-1870-15567,isSameAs,ALB-CN-1880-14985,1870,1880,70-80,0.711
936b5522-45b9-43d3-9859-7333c3ad5ee9,ALB-CN-1870-15568,isSameAs,ALB-CN-1880-28662,1870,1880,70-80,0.976
0e793ca9-d7fb-4c66-8728-56697d958972,ALB-CN-1870-15569,isSameAs,ALB-CN-1880-14987,1870,1880,70-80,0.622
f118ff14-3125-4d87-b90d-18c6811cb775,ALB-CN-1870-15570,isSameAs,ALB-CN-1880-28664,1870,1880,70-80,0.786
791c9f1d-9036-45c5-8992-8465fefc1881,ALB-CN-1870-15576,isSameAs,ALB-CN-1880-10994,1870,1880,70-80,0.948
4c55b40d-be62-4525-bc63-0b094c775903,ALB-CN-1870-15580,isSameAs,ALB-CN-1880-10959,1870,1880,70-80,0.971
1cacb9a9-a4ae-4cca-8344-29bfac2fdaa3,ALB-CN-1870-15581,isSameAs,ALB-CN-1880-10960,1870,1880,70-80,0.87
d5f7a644-1d32-490e-bafe-b84032565263,ALB-CN-1870-15582,isSameAs,ALB-CN-1880-10961,1870,1880,70-80,0.971
c0cea899-94af-4fca-92c5-d6f89d880c9b,ALB-CN-1870-15584,isSameAs,ALB-CN-1880-16179,1870,1880,70-80,0.622
939723c7-767b-4f9b-b0bc-320060369b2a,ALB-CN-1870-15585,isSameAs,ALB-CN-1880-10964,1870,1880,70-80,0.957
53e8d936-91d7-45c7-b5b2-d9e073ea2cca,ALB-CN-1870-15586,isSameAs,ALB-CN-1880-10965,1870,1880,70-80,0.99
d70075b5-38ce-4d3c-9b62-b1960b407849,ALB-CN-1870-15587,isSameAs,ALB-CN-1880-10966,1870,1880,70-80,0.953
d5829ba8-0ab5-4512-8c0e-41b56066478d,ALB-CN-1870-15588,isSameAs,ALB-CN-1880-7099,1870,1880,70-80,0.668
40a262b9-01fd-4aec-acab-bb44b03fadc6,ALB-CN-1870-15589,isSameAs,ALB-CN-1880-10943,1870,1880,70-80,0.721
f4251bda-1173-4569-948b-e70de74c8878,ALB-CN-1870-15593,isSameAs,ALB-CN-1880-10944,1870,1880,70-80,0.846
c03008f2-1389-43ac-88fa-b79854afa9ca,ALB-CN-1870-15599,isSameAs,ALB-CN-1880-11102,1870,1880,70-80,0.622
6db1e233-7eb7-4cc4-addc-f292b1ec2890,ALB-CN-1870-156,isSameAs,ALB-CN-1880-14789,1870,1880,70-80,0.769
c1af4d96-c17f-413d-ab09-74a540b384ba,ALB-CN-1870-15601,isSameAs,ALB-CN-1880-10981,1870,1880,70-80,0.971
dad19b5b-b15c-444c-bb66-9b49cfc580b3,ALB-CN-1870-15602,isSameAs,ALB-CN-1880-10982,1870,1880,70-80,0.905
7565b4d5-4c3d-4d5a-aa5a-4e415578d288,ALB-CN-1870-15604,isSameAs,ALB-CN-1880-10983,1870,1880,70-80,0.971
8e01db4d-eda2-4e80-8b16-35c362e6893f,ALB-CN-1870-15605,isSameAs,ALB-CN-1880-10984,1870,1880,70-80,0.971
e6f93ff2-a32c-4178-a4eb-7e4139d9c8ac,ALB-CN-1870-15606,isSameAs,ALB-CN-1880-10985,1870,1880,70-80,0.971
d2276a9b-2dae-46f1-9644-fc999e4b05a0,ALB-CN-1870-15607,isSameAs,ALB-CN-1880-10988,1870,1880,70-80,0.99
a27917f3-dc09-4fca-9847-35dd218baa50,ALB-CN-1870-15608,isSameAs,ALB-CN-1880-17768,1870,1880,70-80,0.928
1a4c0ed5-89fc-4c40-bb99-be5e71c17789,ALB-CN-1870-15609,isSameAs,ALB-CN-1880-17769,1870,1880,70-80,0.875
4f331c50-4d7d-4802-ba91-c892c5dca04d,ALB-CN-1870-15611,isSameAs,ALB-CN-1880-17770,1870,1880,70-80,0.622
17d5e10d-d360-4b06-a7d5-4ff31d413be5,ALB-CN-1870-15614,isSameAs,ALB-CN-1880-10059,1870,1880,70-80,0.846
b252d821-7edc-4b47-88f8-400a95edb1d0,ALB-CN-1870-15615,isSameAs,ALB-CN-1880-17773,1870,1880,70-80,0.896
8d2c4c74-802b-4df7-8f93-b56f76ef2ff1,ALB-CN-1870-15625,isSameAs,ALB-CN-1880-11200,1870,1880,70-80,0.881
52b19695-8c2f-490a-9781-4c7fbb8448c1,ALB-CN-1870-15628,isSameAs,ALB-CN-1880-11202,1870,1880,70-80,0.881
3d52a7b4-c160-44ff-a7ab-69232da068f6,ALB-CN-1870-15629,isSameAs,ALB-CN-1880-11203,1870,1880,70-80,0.924
ac978020-c71f-4fbf-9367-341c012dee93,ALB-CN-1870-15630,isSameAs,ALB-CN-1880-11204,1870,1880,70-80,0.957
a44ac31e-824f-46d7-9dde-d3d8f808962a,ALB-CN-1870-15634,isSameAs,ALB-CN-1880-13989,1870,1880,70-80,0.634
3a352ddf-2360-40cc-889b-fa0e08248245,ALB-CN-1870-15636,isSameAs,ALB-CN-1880-13990,1870,1880,70-80,0.891
fc912125-83bb-4036-9e91-e64c36f5210d,ALB-CN-1870-15637,isSameAs,ALB-CN-1880-15822,1870,1880,70-80,0.721
8df44d28-d94b-48ca-9a4a-dbc7f66c7b78,ALB-CN-1870-15657,isSameAs,ALB-CN-1880-30395,1870,1880,70-80,0.668
98732454-53bf-40cb-a129-616e1f73ec40,ALB-CN-1870-15659,isSameAs,ALB-CN-1880-12074,1870,1880,70-80,0.846
28962df7-8d6b-4cd0-ac3b-9056bf8b168e,ALB-CN-1870-15660,isSameAs,ALB-CN-1880-10354,1870,1880,70-80,0.987
fe8554f2-fc38-4b9d-bf33-66ed817288d3,ALB-CN-1870-15662,isSameAs,ALB-CN-1880-10356,1870,1880,70-80,0.832
651fd0ae-120d-4ae7-a465-c7eb82026022,ALB-CN-1870-15663,isSameAs,ALB-CN-1880-10360,1870,1880,70-80,0.924
e7a0474a-bb9c-4e75-a137-a090c19def35,ALB-CN-1870-15668,isSameAs,ALB-CN-1880-10357,1870,1880,70-80,0.94
2508d096-05cf-41f8-b6a9-7b978ab0b06b,ALB-CN-1870-15669,isSameAs,ALB-CN-1880-10358,1870,1880,70-80,0.971
34aae9bb-82de-48fb-85b7-5e66259b5faa,ALB-CN-1870-15674,isSameAs,ALB-CN-1880-12075,1870,1880,70-80,0.984
e722557c-3dd9-43ff-a793-edcb458c1ffd,ALB-CN-1870-15675,isSameAs,ALB-CN-1880-12076,1870,1880,70-80,0.99
eca39934-61f7-44c5-b24a-6e72e085211f,ALB-CN-1870-15676,isSameAs,ALB-CN-1880-12077,1870,1880,70-80,0.985
3f3786ad-a8c4-414e-b9f6-330ae7185648,ALB-CN-1870-15677,isSameAs,ALB-CN-1880-12078,1870,1880,70-80,0.985
5fce2723-1d5a-4a3e-bd59-28663587e259,ALB-CN-1870-15678,isSameAs,ALB-CN-1880-12079,1870,1880,70-80,0.985
a1e65d50-5acb-4886-879b-f4486f24a454,ALB-CN-1870-15679,isSameAs,ALB-CN-1880-12080,1870,1880,70-80,0.969
5e59e98a-c9c7-4b0f-8c47-df7a06417371,ALB-CN-1870-1568,isSameAs,ALB-CN-1880-15775,1870,1880,70-80,0.769
60233e6c-f30f-45ee-a884-d83957b477e1,ALB-CN-1870-15688,isSameAs,ALB-CN-1880-26690,1870,1880,70-80,0.924
413a3a58-a6c4-4103-9d7c-b29f4311f782,ALB-CN-1870-15689,isSameAs,ALB-CN-1880-26691,1870,1880,70-80,0.964
28d37628-a07b-4920-ad85-ee0c594263b2,ALB-CN-1870-1569,isSameAs,ALB-CN-1880-19206,1870,1880,70-80,0.917
dbaa6b90-7816-4226-bcd8-a5f8c86e3acd,ALB-CN-1870-15690,isSameAs,ALB-CN-1880-26692,1870,1880,70-80,0.948
ed263d0e-9037-4627-b559-60e508ee6b2c,ALB-CN-1870-15691,isSameAs,ALB-CN-1880-26693,1870,1880,70-80,0.924
21f7d4b3-50a3-4dde-8f18-8629313dd269,ALB-CN-1870-15692,isSameAs,ALB-CN-1880-26694,1870,1880,70-80,0.948
1b0288e3-40ec-4760-b1f9-92d296f8531a,ALB-CN-1870-15693,isSameAs,ALB-CN-1880-17216,1870,1880,70-80,0.846
ff9668d4-04d0-43da-9c72-2e04756cafff,ALB-CN-1870-157,isSameAs,ALB-CN-1880-14318,1870,1880,70-80,0.9
8e84f56e-d1d5-4c2a-826d-1d38d56f4826,ALB-CN-1870-15702,isSameAs,ALB-CN-1880-353,1870,1880,70-80,0.87
71de0d32-5b72-4800-a0e1-49327024709f,ALB-CN-1870-15703,isSameAs,ALB-CN-1880-14494,1870,1880,70-80,0.75
ffece789-cc6f-4535-924c-d32ab153e563,ALB-CN-1870-15708,isSameAs,ALB-CN-1880-29227,1870,1880,70-80,0.786
e7e6d898-00b9-41d1-9850-f28da73e83b5,ALB-CN-1870-15711,isSameAs,ALB-CN-1880-7155,1870,1880,70-80,0.957
88e9dc6c-de01-432a-8c29-7305e8f57d15,ALB-CN-1870-15712,isSameAs,ALB-CN-1880-7156,1870,1880,70-80,0.931
c7e53d24-db22-4928-8ff2-b3f750c719a9,ALB-CN-1870-15715,isSameAs,ALB-CN-1880-7157,1870,1880,70-80,0.971
d48904c7-5878-495e-82d0-0d74583dfe5a,ALB-CN-1870-15716,isSameAs,ALB-CN-1880-7158,1870,1880,70-80,0.971
98852dcf-f533-404a-8b0e-d06737236189,ALB-CN-1870-15719,isSameAs,ALB-CN-1880-25288,1870,1880,70-80,0.924
69c00823-351b-46f7-87ee-8d6970288a47,ALB-CN-1870-15721,isSameAs,ALB-CN-1880-25289,1870,1880,70-80,0.971
b55fddae-dc0a-46cb-9089-dd23172ad44d,ALB-CN-1870-15722,isSameAs,ALB-CN-1880-25290,1870,1880,70-80,0.924
9e5599b4-229e-4bad-a41b-73edf82683d0,ALB-CN-1870-15723,isSameAs,ALB-CN-1880-25291,1870,1880,70-80,0.971
db1cfb9c-1413-492a-b1ee-401b735c1e80,ALB-CN-1870-15726,isSameAs,ALB-CN-1880-10827,1870,1880,70-80,0.957
019601de-b2ce-488d-bd77-dd199f739cac,ALB-CN-1870-15727,isSameAs,ALB-CN-1880-15896,1870,1880,70-80,0.846
4d1f996f-ab59-4e15-8e5f-fb4344a89e18,ALB-CN-1870-1573,isSameAs,ALB-CN-1880-1833,1870,1880,70-80,0.832
f8b64ed4-061c-4ede-ba04-23c0476f6fdc,ALB-CN-1870-15734,isSameAs,ALB-CN-1880-9094,1870,1880,70-80,0.69
d62b0fca-2a7e-46f3-936d-3b7793fe844e,ALB-CN-1870-15735,isSameAs,ALB-CN-1880-9270,1870,1880,70-80,0.818
5c87b2a1-4a13-4210-86b6-8c8e258e491d,ALB-CN-1870-15736,isSameAs,ALB-CN-1880-20538,1870,1880,70-80,0.75
08fb76bd-b6ca-4fae-b88c-e39133abe63f,ALB-CN-1870-15737,isSameAs,ALB-CN-1880-4706,1870,1880,70-80,0.989
9deccf7e-ef2f-4b32-bac3-0857ef96468e,ALB-CN-1870-15738,isSameAs,ALB-CN-1880-4707,1870,1880,70-80,0.786
e0fbd4ae-a8d1-4117-9ead-53c0595997b7,ALB-CN-1870-15739,isSameAs,ALB-CN-1880-4708,1870,1880,70-80,0.818
44c33e04-2997-4fd6-805e-dc63939d105d,ALB-CN-1870-15741,isSameAs,ALB-CN-1880-4709,1870,1880,70-80,0.937
494d29ef-9a58-413c-9e22-4d67affecd39,ALB-CN-1870-15745,isSameAs,ALB-CN-1880-4735,1870,1880,70-80,0.98
09c70b15-2f06-453f-b2f8-1379b6cbd4c2,ALB-CN-1870-15746,isSameAs,ALB-CN-1880-4736,1870,1880,70-80,0.961
4007c845-e072-480b-a6af-f5dc90cd4b92,ALB-CN-1870-15747,isSameAs,ALB-CN-1880-4737,1870,1880,70-80,0.953
9bcabc56-b329-415d-a2dc-91d7208ed9ed,ALB-CN-1870-15749,isSameAs,ALB-CN-1880-8885,1870,1880,70-80,0.875
e74f7249-9a93-4844-bae5-c6c9d19f2f43,ALB-CN-1870-15751,isSameAs,ALB-CN-1880-8887,1870,1880,70-80,0.909
494abe3a-2c54-4b48-aaae-1088709f300a,ALB-CN-1870-15754,isSameAs,ALB-CN-1880-8886,1870,1880,70-80,0.741
71042ff9-9d52-42f6-a257-7d9b45ecf287,ALB-CN-1870-15755,isSameAs,ALB-CN-1880-13813,1870,1880,70-80,0.668
3d781bc3-d19a-4693-ade3-a611050296fa,ALB-CN-1870-1576,isSameAs,ALB-CN-1880-10235,1870,1880,70-80,0.953
1fb0fac8-e5d8-4dc5-a53a-957465fc5466,ALB-CN-1870-15762,isSameAs,ALB-CN-1880-10844,1870,1880,70-80,0.731
c03f028b-1925-4745-8a66-79a77a63d8e7,ALB-CN-1870-15763,isSameAs,ALB-CN-1880-10154,1870,1880,70-80,0.891
a2955b54-239a-4107-ba3d-d0b3b10dc240,ALB-CN-1870-15766,isSameAs,ALB-CN-1880-9955,1870,1880,70-80,0.953
50d3d8d9-a723-417b-bdf7-76fdc3e26f77,ALB-CN-1870-15767,isSameAs,ALB-CN-1880-10156,1870,1880,70-80,0.818
bc7e6fb2-1d4f-46ff-8d7f-1f0dce4f7c7b,ALB-CN-1870-15768,isSameAs,ALB-CN-1880-9375,1870,1880,70-80,0.976
088114b3-91a2-4c5a-b418-bb5515e993f0,ALB-CN-1870-15769,isSameAs,ALB-CN-1880-9376,1870,1880,70-80,0.984
2b43f6de-fba9-4d28-91d3-733fa0878db3,ALB-CN-1870-15770,isSameAs,ALB-CN-1880-4620,1870,1880,70-80,0.913
97148c4c-c887-40fa-b1d0-3e5afbdd5f1c,ALB-CN-1870-15772,isSameAs,ALB-CN-1880-13556,1870,1880,70-80,0.76
c8a52df1-1958-43c4-886d-56f91ee2bae1,ALB-CN-1870-15778,isSameAs,ALB-CN-1880-25249,1870,1880,70-80,0.87
52ef84b0-6545-4244-83a5-a3eb973623ca,ALB-CN-1870-15779,isSameAs,ALB-CN-1880-25250,1870,1880,70-80,0.964
b711a2a4-a4ec-4cea-a22f-6f90580647fb,ALB-CN-1870-15780,isSameAs,ALB-CN-1880-25251,1870,1880,70-80,0.948
72c94a74-a35b-4e40-8c5f-ef4459e735e3,ALB-CN-1870-15783,isSameAs,ALB-CN-1880-9343,1870,1880,70-80,0.937
536a5e68-50fd-43ee-bf21-bcf789e53531,ALB-CN-1870-15784,isSameAs,ALB-CN-1880-9344,1870,1880,70-80,0.909
2a4d7ab8-9c14-4d45-ba03-37a70c33f1fc,ALB-CN-1870-15787,isSameAs,ALB-CN-1880-25257,1870,1880,70-80,0.711
c861bdac-8d59-4662-9576-ce8a8d53e79a,ALB-CN-1870-15788,isSameAs,ALB-CN-1880-25258,1870,1880,70-80,0.731
41251a99-fcd4-4b71-82b7-6497d3d23800,ALB-CN-1870-15789,isSameAs,ALB-CN-1880-10819,1870,1880,70-80,0.668
8c883936-e61f-4509-916f-934a6a40b85f,ALB-CN-1870-15791,isSameAs,ALB-CN-1880-25259,1870,1880,70-80,0.852
01dc4e45-9b3a-435f-8e94-4410336b1bdf,ALB-CN-1870-15793,isSameAs,ALB-CN-1880-11015,1870,1880,70-80,0.985
9f84c9cd-3abf-4111-8180-7e37fa2aed47,ALB-CN-1870-15794,isSameAs,ALB-CN-1880-11016,1870,1880,70-80,0.99
45ab54fa-fb60-4be8-8b1f-d4172893951f,ALB-CN-1870-15795,isSameAs,ALB-CN-1880-11017,1870,1880,70-80,0.948
e1411402-ce2e-45dc-b767-a7d16a26bea2,ALB-CN-1870-15796,isSameAs,ALB-CN-1880-11018,1870,1880,70-80,0.964
78bdcdfe-394b-4704-805b-5fc73992323f,ALB-CN-1870-15797,isSameAs,ALB-CN-1880-11019,1870,1880,70-80,0.852
5958844d-796e-4ea8-a8d3-43854430edfd,ALB-CN-1870-15798,isSameAs,ALB-CN-1880-10212,1870,1880,70-80,0.948
9a52825d-84ee-4b76-8ed6-75e95d130f51,ALB-CN-1870-15799,isSameAs,ALB-CN-1880-10213,1870,1880,70-80,0.87
99f74162-6d2b-4f5e-b219-f1b7178fbe8f,ALB-CN-1870-15801,isSameAs,ALB-CN-1880-3205,1870,1880,70-80,0.622
43f56f30-366d-4853-8621-0fb9f2128f6f,ALB-CN-1870-15802,isSameAs,ALB-CN-1880-10218,1870,1880,70-80,0.931
88bb5bf0-3c17-4080-9ba6-362108eb2110,ALB-CN-1870-15805,isSameAs,ALB-CN-1880-11380,1870,1880,70-80,0.881
7471218a-a072-4ee1-98b4-33205a134ffd,ALB-CN-1870-15806,isSameAs,ALB-CN-1880-11381,1870,1880,70-80,0.794
ddad0dc7-7645-499d-98e2-c9c90f30318e,ALB-CN-1870-15807,isSameAs,ALB-CN-1880-11383,1870,1880,70-80,0.794
4ce4a357-c3a0-4e9a-8a17-15b652ef91cc,ALB-CN-1870-15808,isSameAs,ALB-CN-1880-11384,1870,1880,70-80,0.622
8ee1cc84-1edf-4661-a427-c6124f7ad37b,ALB-CN-1870-15809,isSameAs,ALB-CN-1880-11385,1870,1880,70-80,0.794
cba82cbc-078b-4f71-b5b2-50b241f83d4c,ALB-CN-1870-15813,isSameAs,ALB-CN-1880-25548,1870,1880,70-80,0.802
699b8b1e-2a15-450f-bb46-6f2af646fcae,ALB-CN-1870-15814,isSameAs,ALB-CN-1880-25549,1870,1880,70-80,0.846
28397d7d-dd4f-4a76-a41c-e933cf2d2cda,ALB-CN-1870-15824,isSameAs,ALB-CN-1880-12053,1870,1880,70-80,0.924
b48e7fbf-190e-4dca-b126-e6d140ca9ddb,ALB-CN-1870-15826,isSameAs,ALB-CN-1880-10969,1870,1880,70-80,0.832
5b3b0f5c-616c-4d8f-8dd3-2dc98e6d953a,ALB-CN-1870-1583,isSameAs,ALB-CN-1880-23207,1870,1880,70-80,0.964
53ff3dd7-0e2d-40dd-a58a-ae80a20af016,ALB-CN-1870-15830,isSameAs,ALB-CN-1880-25484,1870,1880,70-80,0.943
19ccdadb-d6dc-4d16-a3a3-99b27f96e4c2,ALB-CN-1870-15831,isSameAs,ALB-CN-1880-25485,1870,1880,70-80,0.786
5ff1fd1f-4910-4c6d-9fbb-f4978045c110,ALB-CN-1870-15833,isSameAs,ALB-CN-1880-2454,1870,1880,70-80,0.917
162154f7-3202-4c74-a056-ff947ca408ab,ALB-CN-1870-15834,isSameAs,ALB-CN-1880-25486,1870,1880,70-80,0.909
c6b8b7c8-f24f-4d64-b86b-d53df7cfeddd,ALB-CN-1870-15835,isSameAs,ALB-CN-1880-6921,1870,1880,70-80,0.741
d480c720-935f-4ad4-a5cc-4f21865b9b18,ALB-CN-1870-15839,isSameAs,ALB-CN-1880-15680,1870,1880,70-80,0.611
878a93cc-82ef-4d35-9823-5b76d4711b75,ALB-CN-1870-15840,isSameAs,ALB-CN-1880-3874,1870,1880,70-80,0.818
979a193e-da21-4b99-a9b6-09671c68c46c,ALB-CN-1870-15841,isSameAs,ALB-CN-1880-1344,1870,1880,70-80,0.786
ddc4bb20-8e31-41e0-9760-d140acf68ef8,ALB-CN-1870-15842,isSameAs,ALB-CN-1880-30495,1870,1880,70-80,0.634
12e2d271-ed14-4e4c-b9d5-d0b885045a46,ALB-CN-1870-1585,isSameAs,ALB-CN-1880-23209,1870,1880,70-80,0.964
b6fe957b-5a19-4116-8b64-ed4193d2009a,ALB-CN-1870-15857,isSameAs,ALB-CN-1880-3386,1870,1880,70-80,0.832
d32290a3-1766-4d51-8fd8-43b3a692958b,ALB-CN-1870-15859,isSameAs,ALB-CN-1880-11249,1870,1880,70-80,0.711
cd38cfb4-f70c-4abd-8435-8cb34518b776,ALB-CN-1870-1586,isSameAs,ALB-CN-1880-23210,1870,1880,70-80,0.924
91df99d4-2965-450f-9ba0-bdb81fe85ea3,ALB-CN-1870-15862,isSameAs,ALB-CN-1880-1276,1870,1880,70-80,0.711
b8708322-dd02-409f-897e-1c4e1e2566a8,ALB-CN-1870-15867,isSameAs,ALB-CN-1880-1334,1870,1880,70-80,0.769
ebbf9aa5-073f-4fdf-90a1-df8ece781eeb,ALB-CN-1870-15868,isSameAs,ALB-CN-1880-1335,1870,1880,70-80,0.964
122f583b-a69e-41ea-b434-9d357226caa1,ALB-CN-1870-15869,isSameAs,ALB-CN-1880-1336,1870,1880,70-80,0.924
4a027dae-d038-4fed-ada6-d334e41d3fb3,ALB-CN-1870-15870,isSameAs,ALB-CN-1880-11274,1870,1880,70-80,0.646
f7e84d0c-9dfa-4ce3-ac61-9e2e8e021a18,ALB-CN-1870-15871,isSameAs,ALB-CN-1880-15910,1870,1880,70-80,0.634
7bab13ea-bf2f-4c40-bd3e-24750817bd89,ALB-CN-1870-15879,isSameAs,ALB-CN-1880-13980,1870,1880,70-80,0.786
063bff08-9e21-45fd-8823-c107ca7393c5,ALB-CN-1870-15880,isSameAs,ALB-CN-1880-838,1870,1880,70-80,0.905
21d362af-d20c-4ae5-9368-852510dcf25c,ALB-CN-1870-15893,isSameAs,ALB-CN-1880-14414,1870,1880,70-80,0.917
2182da83-bc11-4aa8-9af9-64b07a546c5e,ALB-CN-1870-15894,isSameAs,ALB-CN-1880-16309,1870,1880,70-80,0.786
b347e771-dfdb-4be2-b98e-ae47169517ea,ALB-CN-1870-15895,isSameAs,ALB-CN-1880-14417,1870,1880,70-80,0.917
1eec744c-d68e-4635-98cf-2c5046adcbdd,ALB-CN-1870-15896,isSameAs,ALB-CN-1880-20596,1870,1880,70-80,0.75
5e2dbda2-2b3f-4a18-bcc7-f26e8002c958,ALB-CN-1870-15899,isSameAs,ALB-CN-1880-32406,1870,1880,70-80,0.668
bcb397dd-d245-4074-a17b-233d68cce07f,ALB-CN-1870-1590,isSameAs,ALB-CN-1880-22758,1870,1880,70-80,0.976
57ee329a-0a32-4658-b9b3-cfdfb50e0d72,ALB-CN-1870-15902,isSameAs,ALB-CN-1880-15483,1870,1880,70-80,0.75
41ea8ae6-242a-4a16-969b-9080a3aad0ea,ALB-CN-1870-15907,isSameAs,ALB-CN-1880-1412,1870,1880,70-80,0.976
eca5e437-e46b-49c3-be1c-51ebf975177c,ALB-CN-1870-1591,isSameAs,ALB-CN-1880-22759,1870,1880,70-80,0.961
d0685f21-86a4-4e62-be24-63f4d2e33f12,ALB-CN-1870-15913,isSameAs,ALB-CN-1880-2451,1870,1880,70-80,0.948
e3ed8272-95aa-4f48-a93c-8c97b09a9334,ALB-CN-1870-15916,isSameAs,ALB-CN-1880-28973,1870,1880,70-80,0.721
53ef46d6-007a-42ce-881a-17b472dcea36,ALB-CN-1870-15919,isSameAs,ALB-CN-1880-6919,1870,1880,70-80,0.943
09500959-c794-450e-b6bc-b5c3cd8cf25a,ALB-CN-1870-15920,isSameAs,ALB-CN-1880-1611,1870,1880,70-80,0.909
0031a238-5d32-4ca5-aae8-335d521b7d2d,ALB-CN-1870-15921,isSameAs,ALB-CN-1880-1924,1870,1880,70-80,0.928
119b61ff-bebd-462f-8f7f-c95a68001674,ALB-CN-1870-15922,isSameAs,ALB-CN-1880-29559,1870,1880,70-80,0.937
d004f872-0bf0-4326-a094-c6a5c4fa858c,ALB-CN-1870-15923,isSameAs,ALB-CN-1880-1926,1870,1880,70-80,0.896
b58c9c35-89e3-4194-886c-7bf7c5f55823,ALB-CN-1870-15925,isSameAs,ALB-CN-1880-1927,1870,1880,70-80,0.98
9e7f8db1-86d7-40cd-8bb4-2bc54b93ef08,ALB-CN-1870-15926,isSameAs,ALB-CN-1880-1928,1870,1880,70-80,0.924
dc08dbb9-d0ca-4319-844e-f6be5e4d44aa,ALB-CN-1870-15927,isSameAs,ALB-CN-1880-16867,1870,1880,70-80,0.611
7a8db1a5-9155-4b69-8b2d-a7f582bece6c,ALB-CN-1870-15930,isSameAs,ALB-CN-1880-1934,1870,1880,70-80,0.794
27ded1c6-fd6a-4272-9d34-769df9f6fb3c,ALB-CN-1870-15941,isSameAs,ALB-CN-1880-2527,1870,1880,70-80,0.786
638bb140-64ae-4cfe-ad1d-ef20b29894e2,ALB-CN-1870-15942,isSameAs,ALB-CN-1880-2528,1870,1880,70-80,0.634
3fa133cc-b53b-44c4-8a2a-ebe0340081a5,ALB-CN-1870-15947,isSameAs,ALB-CN-1880-2453,1870,1880,70-80,0.924
28e57b25-53e6-4d85-af7b-132cf1d12455,ALB-CN-1870-15948,isSameAs,ALB-CN-1880-8466,1870,1880,70-80,0.943
cc23f8ed-47e2-43a0-a7db-99e85c139879,ALB-CN-1870-15949,isSameAs,ALB-CN-1880-2455,1870,1880,70-80,0.98
b2d4b2f3-af74-4da2-8a44-60d0465cd938,ALB-CN-1870-1595,isSameAs,ALB-CN-1880-22760,1870,1880,70-80,0.989
8c1cdf67-d778-4e08-b516-7a86c6d09333,ALB-CN-1870-15954,isSameAs,ALB-CN-1880-1192,1870,1880,70-80,0.832
eb9c7eb3-d392-47cd-991f-5e84d664238d,ALB-CN-1870-15958,isSameAs,ALB-CN-1880-1193,1870,1880,70-80,0.928
376bb0ca-99af-40e2-a991-0518ab84bad2,ALB-CN-1870-15960,isSameAs,ALB-CN-1880-1194,1870,1880,70-80,0.924
43ff5f1b-f521-4abf-bc4e-cadeb43f4840,ALB-CN-1870-15961,isSameAs,ALB-CN-1880-1195,1870,1880,70-80,0.891
2559421d-8ef8-47d3-9a50-eb6b5f2568f1,ALB-CN-1870-15965,isSameAs,ALB-CN-1880-28197,1870,1880,70-80,0.75
aba4ebeb-77ff-4691-a8ad-96f5f347a637,ALB-CN-1870-15966,isSameAs,ALB-CN-1880-19470,1870,1880,70-80,0.611
4ae16952-257a-4ed4-8354-6da9fc292343,ALB-CN-1870-15967,isSameAs,ALB-CN-1880-4775,1870,1880,70-80,0.769
1d43adf9-9d3c-4dd3-9e22-45127a63c307,ALB-CN-1870-15968,isSameAs,ALB-CN-1880-22725,1870,1880,70-80,0.924
d26c562b-fbf2-4416-b361-9b931f7741d2,ALB-CN-1870-15969,isSameAs,ALB-CN-1880-1149,1870,1880,70-80,0.87
416599be-fb3a-495a-ae68-cd416a8f8edc,ALB-CN-1870-1597,isSameAs,ALB-CN-1880-22762,1870,1880,70-80,0.984
0312919b-839e-43f1-9252-ce064a0cd310,ALB-CN-1870-15975,isSameAs,ALB-CN-1880-2682,1870,1880,70-80,0.731
5a1e0c3e-ca05-4780-a45b-0d509e7a5722,ALB-CN-1870-15976,isSameAs,ALB-CN-1880-2460,1870,1880,70-80,0.858
e16de83d-dfe2-4544-a5b4-ab81fc6da862,ALB-CN-1870-1598,isSameAs,ALB-CN-1880-22761,1870,1880,70-80,0.961
6c5ea083-3c98-495e-87b2-b37e1cecbd0d,ALB-CN-1870-15982,isSameAs,ALB-CN-1880-11406,1870,1880,70-80,0.769
0639f650-ff9d-4886-9f65-aa0a3ad48349,ALB-CN-1870-15984,isSameAs,ALB-CN-1880-2480,1870,1880,70-80,0.94
379c61b2-41dc-417e-a627-510a9825380b,ALB-CN-1870-15986,isSameAs,ALB-CN-1880-28767,1870,1880,70-80,0.891
0b5b1733-d061-4ff7-9d57-95b8c1997e7a,ALB-CN-1870-15987,isSameAs,ALB-CN-1880-2482,1870,1880,70-80,0.94
de0d7c08-b3eb-4f95-8036-9afec91af382,ALB-CN-1870-15988,isSameAs,ALB-CN-1880-2483,1870,1880,70-80,0.953
abc90042-d743-4852-97d4-1ff58cdeb290,ALB-CN-1870-15989,isSameAs,ALB-CN-1880-2484,1870,1880,70-80,0.953
c43e00fd-ce6d-4804-beb6-1d7d0a63e00c,ALB-CN-1870-1599,isSameAs,ALB-CN-1880-19574,1870,1880,70-80,0.909
6d8799cd-3ce5-4cf4-bef4-89a31c19f38d,ALB-CN-1870-15990,isSameAs,ALB-CN-1880-2485,1870,1880,70-80,0.858
b6a62d3f-711c-41c6-9411-6598fb47be20,ALB-CN-1870-15991,isSameAs,ALB-CN-1880-2486,1870,1880,70-80,0.971
fb0fb1d9-ac08-44e7-b302-e80bbe696571,ALB-CN-1870-15992,isSameAs,ALB-CN-1880-2487,1870,1880,70-80,0.957
0253fa74-edeb-497e-ab24-02b5d5aaeb66,ALB-CN-1870-15996,isSameAs,ALB-CN-1880-2491,1870,1880,70-80,0.794
c335bea2-a4b9-4b6a-9234-818a6c061cbb,ALB-CN-1870-15997,isSameAs,ALB-CN-1880-21460,1870,1880,70-80,0.964
0f486ccc-3216-42c2-900c-4f68e92cbeeb,ALB-CN-1870-15999,isSameAs,ALB-CN-1880-4857,1870,1880,70-80,0.839
9cb80526-1d6a-4c85-a3e2-36563e3b0703,ALB-CN-1870-16,isSameAs,ALB-CN-1880-22067,1870,1880,70-80,0.971
86d4cebb-e31f-480a-9e80-7b4453f854f0,ALB-CN-1870-1600,isSameAs,ALB-CN-1880-19575,1870,1880,70-80,0.721
00c3d453-8971-4ac9-8cce-c96ba122889a,ALB-CN-1870-16004,isSameAs,ALB-CN-1880-2493,1870,1880,70-80,0.9
f2ab661e-5538-4ca0-9775-3a84fcff4da5,ALB-CN-1870-16007,isSameAs,ALB-CN-1880-10010,1870,1880,70-80,0.622
7d3643ed-8823-4285-9651-fca9b59d1bb6,ALB-CN-1870-16010,isSameAs,ALB-CN-1880-10660,1870,1880,70-80,0.668
725b1dc3-978a-4224-991e-16456e4cf33c,ALB-CN-1870-16019,isSameAs,ALB-CN-1880-21001,1870,1880,70-80,0.622
f7d004ea-748d-416e-bd06-f79298daa318,ALB-CN-1870-16021,isSameAs,ALB-CN-1880-2341,1870,1880,70-80,0.957
8a38f4b0-e77d-47a0-933c-306d3586f6a7,ALB-CN-1870-16022,isSameAs,ALB-CN-1880-2461,1870,1880,70-80,0.786
02a5d23d-1992-45c0-a729-9375f2a61667,ALB-CN-1870-16023,isSameAs,ALB-CN-1880-2342,1870,1880,70-80,0.668
04f79f8a-49a1-402b-9cb3-dd81d9b1e648,ALB-CN-1870-16024,isSameAs,ALB-CN-1880-2343,1870,1880,70-80,0.937
4ef5a6cf-a3aa-490c-8ba6-498c649cc2f4,ALB-CN-1870-16025,isSameAs,ALB-CN-1880-2344,1870,1880,70-80,0.913
34a5da47-8b32-4967-a240-8ef0e3b8e14e,ALB-CN-1870-16026,isSameAs,ALB-CN-1880-2345,1870,1880,70-80,0.75
2b80fd65-34b1-408a-bbea-428ca938c40d,ALB-CN-1870-16028,isSameAs,ALB-CN-1880-12537,1870,1880,70-80,0.818
9ad7ecf2-c38e-4386-aa44-4d0203fd5cec,ALB-CN-1870-16030,isSameAs,ALB-CN-1880-1210,1870,1880,70-80,0.87
26471cf2-befb-4684-8521-acdada7d0709,ALB-CN-1870-16032,isSameAs,ALB-CN-1880-12538,1870,1880,70-80,0.818
8a033aa9-af36-4ac6-a063-47f0b71a6b15,ALB-CN-1870-16034,isSameAs,ALB-CN-1880-12539,1870,1880,70-80,0.818
35ff2df8-5ed4-452e-b736-5d1f1a5edef0,ALB-CN-1870-16035,isSameAs,ALB-CN-1880-12540,1870,1880,70-80,0.818
b1549c0d-910d-4b7c-a478-f92848b4469a,ALB-CN-1870-16036,isSameAs,ALB-CN-1880-12655,1870,1880,70-80,0.769
039cca2d-6c81-4ac0-8225-b534bdee3f0c,ALB-CN-1870-16039,isSameAs,ALB-CN-1880-12656,1870,1880,70-80,0.769
9720addd-84d0-4fa3-adf5-6a32c736b6c2,ALB-CN-1870-16040,isSameAs,ALB-CN-1880-19304,1870,1880,70-80,0.622
e49d40d4-aeef-47a2-88f0-05a75b8cf1f5,ALB-CN-1870-1605,isSameAs,ALB-CN-1880-22307,1870,1880,70-80,0.75
e125bb0a-4f2a-466f-9641-cafc37ebad54,ALB-CN-1870-16052,isSameAs,ALB-CN-1880-29969,1870,1880,70-80,0.711
1d9f3654-d79e-46cd-8a67-c73a478279a9,ALB-CN-1870-16055,isSameAs,ALB-CN-1880-2190,1870,1880,70-80,0.953
bfac3229-c333-4380-a270-aa07b4f6cd90,ALB-CN-1870-16056,isSameAs,ALB-CN-1880-2191,1870,1880,70-80,0.964
b39bbbb5-e3d3-473e-9f8c-6fb4e1b4976e,ALB-CN-1870-16057,isSameAs,ALB-CN-1880-2192,1870,1880,70-80,0.913
3cc506f3-7d7a-4817-b280-2c68eb3a13f3,ALB-CN-1870-16061,isSameAs,ALB-CN-1880-2242,1870,1880,70-80,0.69
720624a8-7a90-455e-abcc-bc153f13c197,ALB-CN-1870-16073,isSameAs,ALB-CN-1880-1998,1870,1880,70-80,0.891
794babba-af8a-4aba-87d4-e3e8b023b579,ALB-CN-1870-16075,isSameAs,ALB-CN-1880-30602,1870,1880,70-80,0.646
f3269ef1-3de0-4036-ac92-c039d9e81796,ALB-CN-1870-16078,isSameAs,ALB-CN-1880-2554,1870,1880,70-80,0.891
2ffb8bf3-9e6f-47cb-a548-78c3c9adae5a,ALB-CN-1870-16079,isSameAs,ALB-CN-1880-2747,1870,1880,70-80,0.959
74989134-04a3-4878-bcdb-7a3097eec21c,ALB-CN-1870-1608,isSameAs,ALB-CN-1880-23192,1870,1880,70-80,0.818
2b5adc23-2c1d-441e-836c-4931329fd808,ALB-CN-1870-16080,isSameAs,ALB-CN-1880-2748,1870,1880,70-80,0.98
d2a77253-e6a8-4a3d-86eb-a8163b839fdb,ALB-CN-1870-16081,isSameAs,ALB-CN-1880-2749,1870,1880,70-80,0.94
488da110-7f22-4f0a-90bf-d7ffe37e2134,ALB-CN-1870-16082,isSameAs,ALB-CN-1880-2750,1870,1880,70-80,0.971
b7cc8fdf-3c30-42bb-b173-168ce3e30279,ALB-CN-1870-16083,isSameAs,ALB-CN-1880-2751,1870,1880,70-80,0.957
952c5790-74c1-44be-8882-77fc50a6411c,ALB-CN-1870-16084,isSameAs,ALB-CN-1880-13896,1870,1880,70-80,0.622
c73cb2da-99a0-41f4-a6d6-e8c3fa6b67df,ALB-CN-1870-16086,isSameAs,ALB-CN-1880-2755,1870,1880,70-80,0.971
280a0a46-a74b-40a2-ac5c-89ad7f52c137,ALB-CN-1870-16087,isSameAs,ALB-CN-1880-2301,1870,1880,70-80,0.864
36f1e2e0-0ac8-440f-8634-c687e37fea2b,ALB-CN-1870-1609,isSameAs,ALB-CN-1880-23193,1870,1880,70-80,0.99
b0786d15-1469-47de-99fd-8778fb745359,ALB-CN-1870-16090,isSameAs,ALB-CN-1880-2302,1870,1880,70-80,0.846
9c63ccad-3529-4421-9ac0-ef1a810b885d,ALB-CN-1870-16091,isSameAs,ALB-CN-1880-2303,1870,1880,70-80,0.961
c4651fb6-5f29-467f-904f-2aeb7ce45977,ALB-CN-1870-16092,isSameAs,ALB-CN-1880-2304,1870,1880,70-80,0.937
5ae0803c-69bb-4a95-8510-683c8247b888,ALB-CN-1870-16093,isSameAs,ALB-CN-1880-2305,1870,1880,70-80,0.9
ac5dbb1a-fa61-4bb4-a9ba-bf707309fc45,ALB-CN-1870-16099,isSameAs,ALB-CN-1880-12535,1870,1880,70-80,0.794
8a5111b4-0c88-448c-bf49-f8114a508768,ALB-CN-1870-161,isSameAs,ALB-CN-1880-14526,1870,1880,70-80,0.921
3fe72808-f0d8-4512-9220-b23e3c5127d4,ALB-CN-1870-1610,isSameAs,ALB-CN-1880-23194,1870,1880,70-80,0.976
c835af32-af17-4f37-a24c-d21e92e7c7d7,ALB-CN-1870-16105,isSameAs,ALB-CN-1880-12584,1870,1880,70-80,0.711
fccb33dc-b03a-40ce-a57e-3a6ba6822f24,ALB-CN-1870-16106,isSameAs,ALB-CN-1880-12585,1870,1880,70-80,0.9
607b5040-53d5-4bb5-a335-d4e543802826,ALB-CN-1870-16107,isSameAs,ALB-CN-1880-12586,1870,1880,70-80,0.711
d299a213-9ab9-4641-bf27-0cb25bd20c2a,ALB-CN-1870-1611,isSameAs,ALB-CN-1880-23195,1870,1880,70-80,0.99
ad0ce83a-d998-4beb-9fb3-f85742983f41,ALB-CN-1870-16110,isSameAs,ALB-CN-1880-2778,1870,1880,70-80,0.98
b788e724-7257-40a4-ab79-219e9837f692,ALB-CN-1870-16111,isSameAs,ALB-CN-1880-2779,1870,1880,70-80,0.989
6c73f3b8-0c2e-4019-afce-32ce3e1767f0,ALB-CN-1870-16113,isSameAs,ALB-CN-1880-2697,1870,1880,70-80,0.948
5dec1a66-780f-4909-a9df-2825c47c6710,ALB-CN-1870-16116,isSameAs,ALB-CN-1880-2699,1870,1880,70-80,0.711
51439bc2-cca8-4f0f-9dcf-268ca7b621a8,ALB-CN-1870-16117,isSameAs,ALB-CN-1880-2701,1870,1880,70-80,0.931
bc77fb84-a483-4ff3-8b1f-12a1a72e7bbe,ALB-CN-1870-16119,isSameAs,ALB-CN-1880-2702,1870,1880,70-80,0.711
d5e4203e-a5f3-4eca-8068-dc1231defcb0,ALB-CN-1870-1612,isSameAs,ALB-CN-1880-23196,1870,1880,70-80,0.668
071ad2ab-ab83-4d73-b8b8-16020ce4b2a3,ALB-CN-1870-16120,isSameAs,ALB-CN-1880-2276,1870,1880,70-80,0.711
7b7bcbd1-678f-4dec-864f-79bac831cd5a,ALB-CN-1870-16121,isSameAs,ALB-CN-1880-2286,1870,1880,70-80,0.94
59c4ba31-cc01-4e11-a9c4-66c24cb12f7b,ALB-CN-1870-16122,isSameAs,ALB-CN-1880-2277,1870,1880,70-80,0.957
1e8f0db5-1ade-4871-a009-38cd30f2e365,ALB-CN-1870-16123,isSameAs,ALB-CN-1880-2279,1870,1880,70-80,0.957
7fe1a8d0-002e-48b3-a8be-a3a83c376a2e,ALB-CN-1870-16124,isSameAs,ALB-CN-1880-2278,1870,1880,70-80,0.984
b35e58f0-5ff7-48b7-8be0-5c626c3dcede,ALB-CN-1870-16125,isSameAs,ALB-CN-1880-2280,1870,1880,70-80,0.9
7b0dc660-9f7d-4573-b6e3-718cd560d588,ALB-CN-1870-16128,isSameAs,ALB-CN-1880-2684,1870,1880,70-80,0.984
6aa09c83-19ea-459a-9874-fb5e7d4a4417,ALB-CN-1870-16129,isSameAs,ALB-CN-1880-2685,1870,1880,70-80,0.948
bb9c67ef-fa12-4677-bf36-2fc6905914ac,ALB-CN-1870-1613,isSameAs,ALB-CN-1880-23197,1870,1880,70-80,0.976
42c66944-084c-41d6-a024-18b4eb0f828d,ALB-CN-1870-16130,isSameAs,ALB-CN-1880-2686,1870,1880,70-80,0.858
8f8bf99e-ce6c-45af-ad2a-5542de46dd36,ALB-CN-1870-16132,isSameAs,ALB-CN-1880-2688,1870,1880,70-80,0.913
e9290e11-caf1-496d-b5c6-811c1e7d0177,ALB-CN-1870-16135,isSameAs,ALB-CN-1880-1910,1870,1880,70-80,0.987
d1a279a7-e24a-48e4-836b-70aecf6c0de8,ALB-CN-1870-16136,isSameAs,ALB-CN-1880-1911,1870,1880,70-80,0.917
863dfa45-105c-4b8a-93d7-001be0dbc320,ALB-CN-1870-16138,isSameAs,ALB-CN-1880-1913,1870,1880,70-80,0.881
19f6ad91-20df-4b3e-9a9d-79fbcf1f20c8,ALB-CN-1870-1614,isSameAs,ALB-CN-1880-23198,1870,1880,70-80,0.984
f6ac8187-aa88-4624-9510-00d03e5bd559,ALB-CN-1870-16140,isSameAs,ALB-CN-1880-1914,1870,1880,70-80,0.896
50e47790-40e5-4bcc-8fb2-82f35e900411,ALB-CN-1870-16141,isSameAs,ALB-CN-1880-1915,1870,1880,70-80,0.924
2a8bb2e1-e72f-43c3-9da4-24308db02ac0,ALB-CN-1870-16143,isSameAs,ALB-CN-1880-2757,1870,1880,70-80,0.858
44182e45-2a94-46d5-9f7d-17e97fc4b963,ALB-CN-1870-16145,isSameAs,ALB-CN-1880-2758,1870,1880,70-80,0.98
08ed56ea-53b6-43f4-baa0-7f9c7a87d201,ALB-CN-1870-1615,isSameAs,ALB-CN-1880-23199,1870,1880,70-80,0.818
b321ab4b-e519-4d45-bbb3-0ebcea8b03a2,ALB-CN-1870-16153,isSameAs,ALB-CN-1880-744,1870,1880,70-80,0.622
3e7ed20e-14a7-4870-a89f-8936d2de19e0,ALB-CN-1870-16170,isSameAs,ALB-CN-1880-1696,1870,1880,70-80,0.777
f57bf54b-2bac-40f0-95c7-ce60267da802,ALB-CN-1870-16171,isSameAs,ALB-CN-1880-2508,1870,1880,70-80,0.931
d008d2bd-a749-423d-86a1-516df7a3aaa7,ALB-CN-1870-16173,isSameAs,ALB-CN-1880-18590,1870,1880,70-80,0.924
baa60637-9bb4-4c6c-b3b8-bd2e050b6916,ALB-CN-1870-16174,isSameAs,ALB-CN-1880-2511,1870,1880,70-80,0.924
8167b1a6-a56e-4f33-b1bb-9fa011b2e64d,ALB-CN-1870-16175,isSameAs,ALB-CN-1880-2512,1870,1880,70-80,0.924
3588bd0a-1e9f-458f-8362-45d0dcee8ecd,ALB-CN-1870-16176,isSameAs,ALB-CN-1880-2513,1870,1880,70-80,0.959
8d8b2aaf-0a0a-4e42-89c0-aa254b9fd9db,ALB-CN-1870-16178,isSameAs,ALB-CN-1880-1665,1870,1880,70-80,0.98
96a71d54-e7fa-4fb7-b700-599eb11a2281,ALB-CN-1870-16180,isSameAs,ALB-CN-1880-1667,1870,1880,70-80,0.957
e99cad50-f53a-4be6-9ee6-cc5b4b1042ae,ALB-CN-1870-16181,isSameAs,ALB-CN-1880-1668,1870,1880,70-80,0.971
64e15ed7-f2dc-4bda-b6fa-8d7d4e96c18b,ALB-CN-1870-16182,isSameAs,ALB-CN-1880-1669,1870,1880,70-80,0.937
5ea5ff44-e4e8-45d1-acda-0f1ee1e017d8,ALB-CN-1870-16183,isSameAs,ALB-CN-1880-1670,1870,1880,70-80,0.94
c1e60410-0b8e-4253-b432-d5ca3d2908c3,ALB-CN-1870-16184,isSameAs,ALB-CN-1880-3804,1870,1880,70-80,0.802
9be25eed-ab12-489b-a064-ebcf546793fa,ALB-CN-1870-16185,isSameAs,ALB-CN-1880-12500,1870,1880,70-80,0.832
b210ef0b-ba61-4ea0-b93a-e28644a26fb1,ALB-CN-1870-16188,isSameAs,ALB-CN-1880-1683,1870,1880,70-80,0.989
ddccb49d-39d9-44ac-91bd-775b6b0035da,ALB-CN-1870-16189,isSameAs,ALB-CN-1880-1682,1870,1880,70-80,0.961
4658e1e2-3e70-4f31-b659-6a225a6f3f6e,ALB-CN-1870-16190,isSameAs,ALB-CN-1880-1686,1870,1880,70-80,0.961
fbe170f5-0b47-4886-b7a3-1864e511eb5c,ALB-CN-1870-16191,isSameAs,ALB-CN-1880-1684,1870,1880,70-80,0.99
0a17c98a-842d-4075-a8db-d4dc60caf2b5,ALB-CN-1870-16192,isSameAs,ALB-CN-1880-1687,1870,1880,70-80,0.989
013d7acc-2676-402f-aeda-71c3054e6595,ALB-CN-1870-16193,isSameAs,ALB-CN-1880-1685,1870,1880,70-80,0.976
f150aac1-4555-4c46-b6e1-06bf863a5783,ALB-CN-1870-162,isSameAs,ALB-CN-1880-14527,1870,1880,70-80,0.984
68170942-eff3-48f6-94ee-c061d6de16db,ALB-CN-1870-16216,isSameAs,ALB-CN-1880-2358,1870,1880,70-80,0.943
2e0d1e01-92f3-442d-b1d2-a1ea020d6df1,ALB-CN-1870-16217,isSameAs,ALB-CN-1880-2359,1870,1880,70-80,0.964
75fbae84-25bd-4d24-8a04-a9665fc77c61,ALB-CN-1870-16218,isSameAs,ALB-CN-1880-2360,1870,1880,70-80,0.976
0bbc451d-d512-4828-8533-65d21fef014a,ALB-CN-1870-1623,isSameAs,ALB-CN-1880-23133,1870,1880,70-80,0.971
973e70d6-5582-438e-a6ac-cade90e3d366,ALB-CN-1870-16234,isSameAs,ALB-CN-1880-2368,1870,1880,70-80,0.721
f9ed5157-0110-4941-9d20-16d66824cd83,ALB-CN-1870-1624,isSameAs,ALB-CN-1880-23134,1870,1880,70-80,0.913
6788cab8-51a9-4aeb-b57f-cff389924868,ALB-CN-1870-16245,isSameAs,ALB-CN-1880-2351,1870,1880,70-80,0.964
2356bdfa-2ea6-457d-9c24-d823c631eae8,ALB-CN-1870-16246,isSameAs,ALB-CN-1880-2352,1870,1880,70-80,0.741
fd08d21a-ed66-4d0f-a080-b98dae098dae,ALB-CN-1870-16247,isSameAs,ALB-CN-1880-2353,1870,1880,70-80,0.964
03498ff1-3344-4295-9868-eaf475e87c6d,ALB-CN-1870-16251,isSameAs,ALB-CN-1880-1907,1870,1880,70-80,0.802
508920af-2091-439a-8b35-cbd0d2230a8a,ALB-CN-1870-16256,isSameAs,ALB-CN-1880-1662,1870,1880,70-80,0.75
2e25fbc2-cdbe-482c-b434-9db231422184,ALB-CN-1870-1626,isSameAs,ALB-CN-1880-23135,1870,1880,70-80,0.913
d2ce35cf-57ab-4221-b27f-429886bc9b6f,ALB-CN-1870-16260,isSameAs,ALB-CN-1880-1865,1870,1880,70-80,0.75
c30b5200-2c85-4652-bcec-eea55febfde6,ALB-CN-1870-16264,isSameAs,ALB-CN-1880-2370,1870,1880,70-80,0.987
74bb9346-06c0-43ea-804d-05e797f61b42,ALB-CN-1870-16265,isSameAs,ALB-CN-1880-2371,1870,1880,70-80,0.976
5f69cedc-91d2-489f-940d-fe40730ba15a,ALB-CN-1870-16266,isSameAs,ALB-CN-1880-2372,1870,1880,70-80,0.987
a75bf7fb-7e2f-40d9-b470-06e9c20a3fcb,ALB-CN-1870-16267,isSameAs,ALB-CN-1880-2149,1870,1880,70-80,0.986
33ba96c4-c7f1-45b8-9d9b-0d706c0214f7,ALB-CN-1870-16269,isSameAs,ALB-CN-1880-2150,1870,1880,70-80,0.968
117a0b48-da61-431d-b6b9-bdd44b5bbac3,ALB-CN-1870-1627,isSameAs,ALB-CN-1880-23136,1870,1880,70-80,0.913
4ab87eb0-2888-4929-b472-9b10796d8ea2,ALB-CN-1870-16270,isSameAs,ALB-CN-1880-2151,1870,1880,70-80,0.98
020eef17-22df-4324-b53b-0b3a1f09f0c7,ALB-CN-1870-16271,isSameAs,ALB-CN-1880-12691,1870,1880,70-80,0.909
e6880492-7832-4e38-885f-37696fbcff3e,ALB-CN-1870-16272,isSameAs,ALB-CN-1880-2154,1870,1880,70-80,0.987
ffaba232-45f5-4bff-a746-5a07593078a0,ALB-CN-1870-16279,isSameAs,ALB-CN-1880-671,1870,1880,70-80,0.891
9c2ca284-2e1d-4953-b3f8-02024851db11,ALB-CN-1870-1628,isSameAs,ALB-CN-1880-23137,1870,1880,70-80,0.75
26bf5e5b-11ba-4a66-a2c5-69131e368429,ALB-CN-1870-1629,isSameAs,ALB-CN-1880-23138,1870,1880,70-80,0.957
dfc806aa-8540-4162-b52f-ace16b771b36,ALB-CN-1870-1630,isSameAs,ALB-CN-1880-23164,1870,1880,70-80,0.891
340dc5e7-9103-4bf8-a18a-6529a7d28657,ALB-CN-1870-16302,isSameAs,ALB-CN-1880-16192,1870,1880,70-80,0.943
47f25a5a-31c4-4dbb-8d7f-cb32ad96a3ad,ALB-CN-1870-16304,isSameAs,ALB-CN-1880-2112,1870,1880,70-80,0.657
577a1b16-5af6-4546-9df3-5e6bae0efb81,ALB-CN-1870-16307,isSameAs,ALB-CN-1880-2114,1870,1880,70-80,0.668
9328170c-2bcf-4f84-9c50-63533a5aa66d,ALB-CN-1870-16311,isSameAs,ALB-CN-1880-2393,1870,1880,70-80,0.818
7f806ed8-4b8c-4a20-a12f-b5a1685a3f15,ALB-CN-1870-16316,isSameAs,ALB-CN-1880-2306,1870,1880,70-80,0.786
ae97eb96-4801-468a-9e37-ce58e7dd74f6,ALB-CN-1870-1632,isSameAs,ALB-CN-1880-23166,1870,1880,70-80,0.721
24fbe4ac-cd7a-47d9-8418-f661ec296f0d,ALB-CN-1870-16324,isSameAs,ALB-CN-1880-1234,1870,1880,70-80,0.905
0507ffa6-ad04-4377-a8ee-406c0a1f8ec1,ALB-CN-1870-1633,isSameAs,ALB-CN-1880-21485,1870,1880,70-80,0.622
dbf6b4d5-f780-4cb6-812b-4716d616ff28,ALB-CN-1870-16337,isSameAs,ALB-CN-1880-1967,1870,1880,70-80,0.818
abd3f3c7-6311-4ff4-8962-b8c5cd8c9566,ALB-CN-1870-16340,isSameAs,ALB-CN-1880-1986,1870,1880,70-80,0.634
955b9b42-b5b0-43ce-b9ea-8bf7ecd7a23f,ALB-CN-1870-16341,isSameAs,ALB-CN-1880-12030,1870,1880,70-80,0.971
0ef597ad-32e5-479a-8f2c-d0f37d951d5f,ALB-CN-1870-16345,isSameAs,ALB-CN-1880-1988,1870,1880,70-80,0.87
95202b8a-c2e0-46a2-806b-1a470cfeed8b,ALB-CN-1870-16350,isSameAs,ALB-CN-1880-12066,1870,1880,70-80,0.731
1b25f7a6-0e0d-46f8-a5ee-ec21adae7d9a,ALB-CN-1870-16380,isSameAs,ALB-CN-1880-184,1870,1880,70-80,0.81
0d474b71-b7f2-4565-8ab8-c8d475312153,ALB-CN-1870-16381,isSameAs,ALB-CN-1880-26582,1870,1880,70-80,0.668
e0a7704a-6fff-4645-90aa-e8507d40ff64,ALB-CN-1870-16383,isSameAs,ALB-CN-1880-28695,1870,1880,70-80,0.711
60ff4864-1e71-492d-96d8-bac2b4407052,ALB-CN-1870-1639,isSameAs,ALB-CN-1880-12852,1870,1880,70-80,0.943
bfc6b848-0ed4-4254-abb2-bc583a51bf8e,ALB-CN-1870-16391,isSameAs,ALB-CN-1880-2269,1870,1880,70-80,0.75
dbc0ab14-ffe2-4c56-afab-4d0b862e36af,ALB-CN-1870-16403,isSameAs,ALB-CN-1880-6027,1870,1880,70-80,0.846
e8efc4a7-0271-440e-b80b-33e8b2646543,ALB-CN-1870-16412,isSameAs,ALB-CN-1880-1979,1870,1880,70-80,0.948
faaff956-d8e4-4440-ac9c-d544e366a061,ALB-CN-1870-16413,isSameAs,ALB-CN-1880-1980,1870,1880,70-80,0.909
4b503a64-ad48-480d-85bd-fe89b74ef007,ALB-CN-1870-16414,isSameAs,ALB-CN-1880-1981,1870,1880,70-80,0.891
f2976adf-7a08-4f83-a8c4-8be4408df5af,ALB-CN-1870-1642,isSameAs,ALB-CN-1880-12856,1870,1880,70-80,0.948
efacc0ba-f0ca-4e91-9ce8-c897b743717f,ALB-CN-1870-16421,isSameAs,ALB-CN-1880-5750,1870,1880,70-80,0.668
88d2a2c3-bdf9-4de1-86aa-13eab2dd21f6,ALB-CN-1870-16422,isSameAs,ALB-CN-1880-20386,1870,1880,70-80,0.953
af656d12-4e7b-459a-aea2-79d6102acb91,ALB-CN-1870-16425,isSameAs,ALB-CN-1880-5753,1870,1880,70-80,0.701
ff48a734-a752-4ea8-aca2-51dedab08112,ALB-CN-1870-1643,isSameAs,ALB-CN-1880-12858,1870,1880,70-80,0.75
243bea6f-81f8-4a83-a996-5cb7bd5db955,ALB-CN-1870-16434,isSameAs,ALB-CN-1880-2065,1870,1880,70-80,0.943
00139c59-964b-4ba7-93b8-79b3c2b70e39,ALB-CN-1870-16435,isSameAs,ALB-CN-1880-2066,1870,1880,70-80,0.948
9c68f0aa-4436-407b-84bd-d59fbe6f30d4,ALB-CN-1870-16463,isSameAs,ALB-CN-1880-2034,1870,1880,70-80,0.937
f0529f0b-4b74-43bb-bc95-4957231c511f,ALB-CN-1870-16465,isSameAs,ALB-CN-1880-9568,1870,1880,70-80,0.668
5ccb6894-3480-44a3-9918-cf9faa84874d,ALB-CN-1870-16471,isSameAs,ALB-CN-1880-16276,1870,1880,70-80,0.964
bd58fed4-60d4-4be7-8c08-bac564ee9fa7,ALB-CN-1870-16472,isSameAs,ALB-CN-1880-2310,1870,1880,70-80,0.75
492def49-e9ad-419e-8799-c8bed8ef69df,ALB-CN-1870-16476,isSameAs,ALB-CN-1880-2152,1870,1880,70-80,0.968
edf458e1-95ac-4850-aee5-e4b63ec9574d,ALB-CN-1870-16478,isSameAs,ALB-CN-1880-5978,1870,1880,70-80,0.943
a01473f4-84ea-4ca6-aa2f-3e48d62b4759,ALB-CN-1870-16479,isSameAs,ALB-CN-1880-5979,1870,1880,70-80,0.968
4d4a00ff-56db-4e07-b336-89882cd0ba93,ALB-CN-1870-16492,isSameAs,ALB-CN-1880-21890,1870,1880,70-80,0.646
f2efec6e-91b6-44a5-9d40-37ba81a548b7,ALB-CN-1870-16495,isSameAs,ALB-CN-1880-2559,1870,1880,70-80,0.69
d5f1b2c8-72ee-4d1e-b7ea-950b0c4812d6,ALB-CN-1870-16496,isSameAs,ALB-CN-1880-2560,1870,1880,70-80,0.786
8de61d68-4be1-4345-b3ef-21012ee4016f,ALB-CN-1870-16497,isSameAs,ALB-CN-1880-2561,1870,1880,70-80,0.886
4e994e3b-aadf-407c-9db4-fe01a9ccf6c2,ALB-CN-1870-16498,isSameAs,ALB-CN-1880-2562,1870,1880,70-80,0.961
20cfd58d-7900-425c-9220-763c38132553,ALB-CN-1870-165,isSameAs,ALB-CN-1880-14529,1870,1880,70-80,0.985
f9bcef66-3b0f-4207-bb8c-ecefe5bcf221,ALB-CN-1870-16501,isSameAs,ALB-CN-1880-2615,1870,1880,70-80,0.622
953c868b-a441-40f2-9ae4-86e56702f55c,ALB-CN-1870-16502,isSameAs,ALB-CN-1880-11273,1870,1880,70-80,0.769
b8d19d45-ec08-42f1-847d-086b5c296a59,ALB-CN-1870-16504,isSameAs,ALB-CN-1880-20213,1870,1880,70-80,0.909
5b3504df-5bf2-4c64-b4c9-87c1b782e17d,ALB-CN-1870-16505,isSameAs,ALB-CN-1880-3163,1870,1880,70-80,0.668
d2977ce6-293f-44f5-9dc8-f3c63bbcae8e,ALB-CN-1870-16506,isSameAs,ALB-CN-1880-20215,1870,1880,70-80,0.909
8e94442c-7cd9-47b8-afac-67ecd704830e,ALB-CN-1870-16508,isSameAs,ALB-CN-1880-1263,1870,1880,70-80,0.98
901743cd-88cc-4eae-a2c1-62d4b60f6f26,ALB-CN-1870-16509,isSameAs,ALB-CN-1880-1264,1870,1880,70-80,0.786
8f9869ae-fb6e-4f93-afca-7802d35e6453,ALB-CN-1870-1651,isSameAs,ALB-CN-1880-13414,1870,1880,70-80,0.646
14c44925-ac8a-40d8-bf3b-1eeb059cd7bc,ALB-CN-1870-16510,isSameAs,ALB-CN-1880-1265,1870,1880,70-80,0.968
083a84ce-ae7d-48cb-9082-0e70d802f3c2,ALB-CN-1870-16511,isSameAs,ALB-CN-1880-1266,1870,1880,70-80,0.711
5f6ca877-af32-419c-aed2-f756bcccb18f,ALB-CN-1870-16512,isSameAs,ALB-CN-1880-1267,1870,1880,70-80,0.98
4e970449-9c2d-409a-9d2e-1a7d467a5761,ALB-CN-1870-16513,isSameAs,ALB-CN-1880-1268,1870,1880,70-80,0.971
8c4de73a-5466-4770-a3ec-3b89128805e9,ALB-CN-1870-16514,isSameAs,ALB-CN-1880-30010,1870,1880,70-80,0.948
3550e2dc-166f-4d00-9e53-54dcf83ebd11,ALB-CN-1870-16517,isSameAs,ALB-CN-1880-30012,1870,1880,70-80,0.948
a401cbe9-1b0f-409c-bf0b-52eee841d2f1,ALB-CN-1870-16518,isSameAs,ALB-CN-1880-30013,1870,1880,70-80,0.98
a16c6ffd-aecd-49f3-9ac2-b54e0139a542,ALB-CN-1870-16520,isSameAs,ALB-CN-1880-1844,1870,1880,70-80,0.721
ba1fd309-a988-495a-8881-64918447e1b5,ALB-CN-1870-16541,isSameAs,ALB-CN-1880-214,1870,1880,70-80,0.622
eac06cbf-c0ee-45f6-90d0-f707b0c57178,ALB-CN-1870-16542,isSameAs,ALB-CN-1880-20243,1870,1880,70-80,0.786
c9c598f8-1173-4558-8bc8-2a82e22787f8,ALB-CN-1870-16544,isSameAs,ALB-CN-1880-17231,1870,1880,70-80,0.668
1268c5fa-25df-4024-8052-1fa7e3b5393f,ALB-CN-1870-16546,isSameAs,ALB-CN-1880-13516,1870,1880,70-80,0.832
22ab43bc-18e7-4df3-90ce-f54349604a7e,ALB-CN-1870-16548,isSameAs,ALB-CN-1880-14583,1870,1880,70-80,0.769
c70fbbc7-20ab-4856-945f-7858470a8852,ALB-CN-1870-16549,isSameAs,ALB-CN-1880-17235,1870,1880,70-80,0.622
3915ed71-fbe7-463b-9db2-c12f35c1bb65,ALB-CN-1870-16550,isSameAs,ALB-CN-1880-11584,1870,1880,70-80,0.858
e5f0a971-f51f-4157-9def-788228774b7d,ALB-CN-1870-16551,isSameAs,ALB-CN-1880-7255,1870,1880,70-80,0.76
bb097c9e-7c43-428e-8cd3-f67321f7918b,ALB-CN-1870-16555,isSameAs,ALB-CN-1880-1650,1870,1880,70-80,0.978
778dc84b-860b-4ad3-946e-7cdf9a2d42c6,ALB-CN-1870-16557,isSameAs,ALB-CN-1880-1652,1870,1880,70-80,0.987
627dfc98-0671-4e9d-ada5-99cb72dad86c,ALB-CN-1870-16558,isSameAs,ALB-CN-1880-1653,1870,1880,70-80,0.99
8442f116-2703-432c-b5f1-415531f019df,ALB-CN-1870-16559,isSameAs,ALB-CN-1880-1654,1870,1880,70-80,0.94
db811a70-7442-417d-9de4-7877d04b1021,ALB-CN-1870-16561,isSameAs,ALB-CN-1880-1655,1870,1880,70-80,0.986
ef56e48a-b198-4e03-8497-a4efeaab0db6,ALB-CN-1870-16562,isSameAs,ALB-CN-1880-1656,1870,1880,70-80,0.98
f5f3b182-adc4-4856-903d-379ccda2c023,ALB-CN-1870-16563,isSameAs,ALB-CN-1880-1658,1870,1880,70-80,0.98
0b9c8082-2c65-409f-b416-38a753d85f1d,ALB-CN-1870-1657,isSameAs,ALB-CN-1880-23269,1870,1880,70-80,0.957
ec3ee595-8be0-4dd9-a54f-2fd324ced5d1,ALB-CN-1870-16575,isSameAs,ALB-CN-1880-13572,1870,1880,70-80,0.701
b4bfa8c4-48b3-4d28-85ba-82a7312bb1cf,ALB-CN-1870-1658,isSameAs,ALB-CN-1880-23270,1870,1880,70-80,0.87
f3ed806e-7a2e-467e-bfbb-ae6247793bb6,ALB-CN-1870-16586,isSameAs,ALB-CN-1880-11831,1870,1880,70-80,0.9
6b2ca19d-3b87-49aa-84c6-ccf2b0a51057,ALB-CN-1870-16587,isSameAs,ALB-CN-1880-11832,1870,1880,70-80,0.924
4e6de4cf-5e16-47a2-a56a-49a26012e2a8,ALB-CN-1870-16588,isSameAs,ALB-CN-1880-11833,1870,1880,70-80,0.94
06ff4e56-7b73-4811-96f2-a77556905965,ALB-CN-1870-16589,isSameAs,ALB-CN-1880-11834,1870,1880,70-80,0.957
48fa28b6-3269-4272-958f-ccd8f5471bc1,ALB-CN-1870-1659,isSameAs,ALB-CN-1880-22718,1870,1880,70-80,0.891
484c171b-67b7-43ee-9300-82de659d23de,ALB-CN-1870-16590,isSameAs,ALB-CN-1880-11835,1870,1880,70-80,0.924
57543b94-ec95-496b-a6a8-5a8dd3ee6971,ALB-CN-1870-16593,isSameAs,ALB-CN-1880-3910,1870,1880,70-80,0.75
a7f34de6-25a6-4b4b-b0ca-a7a58faf96f4,ALB-CN-1870-166,isSameAs,ALB-CN-1880-14530,1870,1880,70-80,0.989
944e3419-034b-4090-882e-5c40cbcfbd76,ALB-CN-1870-16600,isSameAs,ALB-CN-1880-11324,1870,1880,70-80,0.846
44a3abb2-a064-47a7-a507-1c75df618125,ALB-CN-1870-16601,isSameAs,ALB-CN-1880-27105,1870,1880,70-80,0.622
4e4c2d70-5b5c-44a2-b49e-79dde52dc748,ALB-CN-1870-16606,isSameAs,ALB-CN-1880-11367,1870,1880,70-80,0.9
35dbecff-fb22-4d86-be83-d533578ac096,ALB-CN-1870-16607,isSameAs,ALB-CN-1880-11368,1870,1880,70-80,0.75
8d24fafe-6e41-4ea2-ab94-882357027de3,ALB-CN-1870-16608,isSameAs,ALB-CN-1880-11369,1870,1880,70-80,0.891
0545e5ea-37bc-44b9-a272-ec735583b982,ALB-CN-1870-16609,isSameAs,ALB-CN-1880-11282,1870,1880,70-80,0.721
ac2d2b03-3f6f-41e8-b45b-3b07616ef449,ALB-CN-1870-1661,isSameAs,ALB-CN-1880-23272,1870,1880,70-80,0.968
19d181c8-9e5f-4fc4-b6a6-d3c0a8d67c71,ALB-CN-1870-16610,isSameAs,ALB-CN-1880-11280,1870,1880,70-80,0.721
39289dee-fbb5-4d08-8fd8-22bc531ccc88,ALB-CN-1870-16614,isSameAs,ALB-CN-1880-12264,1870,1880,70-80,0.657
322669e2-425f-485c-afaf-4145bb93eb15,ALB-CN-1870-16620,isSameAs,ALB-CN-1880-11618,1870,1880,70-80,0.668
20e4dd4b-ad86-485f-b847-979a97b5ccaa,ALB-CN-1870-16622,isSameAs,ALB-CN-1880-7504,1870,1880,70-80,0.721
e1c70804-4d4c-431a-9422-8fc81e351a87,ALB-CN-1870-16623,isSameAs,ALB-CN-1880-14225,1870,1880,70-80,0.622
470f626f-2834-482e-9414-cbf4647da088,ALB-CN-1870-16624,isSameAs,ALB-CN-1880-11619,1870,1880,70-80,0.646
3ed82dba-92d7-4e3f-b563-fe759d69da25,ALB-CN-1870-16629,isSameAs,ALB-CN-1880-11624,1870,1880,70-80,0.69
f68c1cb8-768a-463a-bec0-13088ea0a658,ALB-CN-1870-16632,isSameAs,ALB-CN-1880-23248,1870,1880,70-80,0.832
47b559e7-9ff1-4f28-85c6-00095eed2d5f,ALB-CN-1870-16633,isSameAs,ALB-CN-1880-12265,1870,1880,70-80,0.75
706e9843-8faa-4931-90ae-391180aadbe3,ALB-CN-1870-16636,isSameAs,ALB-CN-1880-17295,1870,1880,70-80,0.99
7af5c964-6f32-4c1f-a080-5488d11b639d,ALB-CN-1870-16637,isSameAs,ALB-CN-1880-17296,1870,1880,70-80,0.971
e2825496-9307-4ea2-94b6-1c7dcd08865d,ALB-CN-1870-16639,isSameAs,ALB-CN-1880-5536,1870,1880,70-80,0.622
d224b85f-9c24-492d-ace6-9cd171d08711,ALB-CN-1870-16646,isSameAs,ALB-CN-1880-11192,1870,1880,70-80,0.896
53d99a8e-5ca2-4224-9de8-17dc0c242ed4,ALB-CN-1870-16647,isSameAs,ALB-CN-1880-11193,1870,1880,70-80,0.909
057842f7-1b5f-48f8-9ebe-b37eb5043436,ALB-CN-1870-16648,isSameAs,ALB-CN-1880-11194,1870,1880,70-80,0.948
59a06dde-7eda-41e8-a183-10d433f25cba,ALB-CN-1870-1665,isSameAs,ALB-CN-1880-21410,1870,1880,70-80,0.622
9ac2e1e1-9778-4f78-8501-c51ea2399c23,ALB-CN-1870-16656,isSameAs,ALB-CN-1880-21312,1870,1880,70-80,0.622
7d4e0088-ae16-4d65-9e98-a5d1d1242dba,ALB-CN-1870-1666,isSameAs,ALB-CN-1880-20978,1870,1880,70-80,0.668
7d9f2e2a-2093-485d-b1c9-f027cbe89494,ALB-CN-1870-16668,isSameAs,ALB-CN-1880-11103,1870,1880,70-80,0.931
e0dd694f-b0c8-4050-87d9-54e4991edc9e,ALB-CN-1870-16669,isSameAs,ALB-CN-1880-11096,1870,1880,70-80,0.971
1c76c5fe-94f9-4031-b1f1-7dc5e7cb6fdf,ALB-CN-1870-1667,isSameAs,ALB-CN-1880-21353,1870,1880,70-80,0.87
752bed95-6547-461a-86f7-b5ab54e4788b,ALB-CN-1870-16670,isSameAs,ALB-CN-1880-11097,1870,1880,70-80,0.984
71178edc-a8b5-4725-a4f7-de4cde5c354d,ALB-CN-1870-16671,isSameAs,ALB-CN-1880-11099,1870,1880,70-80,0.957
fa552b2a-e7e4-46a1-ac17-37f767b67ccf,ALB-CN-1870-16672,isSameAs,ALB-CN-1880-11100,1870,1880,70-80,0.937
fd1cc49d-28d0-409e-ba2f-ddc67a0ec604,ALB-CN-1870-1668,isSameAs,ALB-CN-1880-21354,1870,1880,70-80,0.937
b72d4e20-1940-4cb9-b34f-aa0f7e816d2b,ALB-CN-1870-1669,isSameAs,ALB-CN-1880-21355,1870,1880,70-80,0.858
316b5c45-d299-4f2f-b48a-c33df9072591,ALB-CN-1870-16697,isSameAs,ALB-CN-1880-2705,1870,1880,70-80,0.711
75f8cdfe-80ff-4869-b433-099db74f6306,ALB-CN-1870-16701,isSameAs,ALB-CN-1880-19947,1870,1880,70-80,0.622
0eb07046-aa56-4e20-9a6b-387d1adb5282,ALB-CN-1870-16703,isSameAs,ALB-CN-1880-11130,1870,1880,70-80,0.989
6819dd4e-ce49-4cef-9470-d8ce0fb348be,ALB-CN-1870-16704,isSameAs,ALB-CN-1880-11131,1870,1880,70-80,0.984
d1308cb8-79e4-403e-9a3c-b0c87da54271,ALB-CN-1870-16706,isSameAs,ALB-CN-1880-11133,1870,1880,70-80,0.989
b53f77c0-9424-4ad6-a131-798e77e3473c,ALB-CN-1870-16707,isSameAs,ALB-CN-1880-11132,1870,1880,70-80,0.977
8cb2d5b3-780a-4fab-bf54-d960526fa5f3,ALB-CN-1870-16708,isSameAs,ALB-CN-1880-11134,1870,1880,70-80,0.957
a56f6663-5c92-44d6-99e5-a55f4e097dfe,ALB-CN-1870-16709,isSameAs,ALB-CN-1880-24951,1870,1880,70-80,0.818
dd9a2a1f-409b-4a02-88a4-335b6ff84e64,ALB-CN-1870-16721,isSameAs,ALB-CN-1880-28292,1870,1880,70-80,0.846
f1de5a74-6e58-42f2-b79e-c0b67cbb8ea5,ALB-CN-1870-16722,isSameAs,ALB-CN-1880-11163,1870,1880,70-80,0.98
00e2a0ef-ffee-4c56-9d92-950fb88f2b06,ALB-CN-1870-16723,isSameAs,ALB-CN-1880-27430,1870,1880,70-80,0.917
791c3c04-5b27-4bce-a1cf-2ff0a6744e0b,ALB-CN-1870-16724,isSameAs,ALB-CN-1880-28295,1870,1880,70-80,0.957
d0220f4b-c9ef-4f17-a985-e7ea9668f9be,ALB-CN-1870-16725,isSameAs,ALB-CN-1880-29001,1870,1880,70-80,0.989
8530ab2e-f91d-45cd-927b-54c1b191bd4b,ALB-CN-1870-16726,isSameAs,ALB-CN-1880-28297,1870,1880,70-80,0.971
ac34a339-c877-4ef5-a0d8-484091e9802d,ALB-CN-1870-16727,isSameAs,ALB-CN-1880-11165,1870,1880,70-80,0.99
6767986e-4712-486d-a7e0-5d2db9bad8a4,ALB-CN-1870-16728,isSameAs,ALB-CN-1880-17268,1870,1880,70-80,0.75
00858c4f-63f9-4a52-a2ab-f2518184c9e0,ALB-CN-1870-16729,isSameAs,ALB-CN-1880-12229,1870,1880,70-80,0.875
1db6a409-bbc4-41fe-8b63-aca30c1d2b9c,ALB-CN-1870-16730,isSameAs,ALB-CN-1880-14599,1870,1880,70-80,0.769
f0360511-c2c8-4b24-b0e2-b80a335c2352,ALB-CN-1870-16732,isSameAs,ALB-CN-1880-12231,1870,1880,70-80,0.909
8c69979e-1a01-420f-949f-8c234c41792d,ALB-CN-1870-16733,isSameAs,ALB-CN-1880-12232,1870,1880,70-80,0.948
78a8f90a-f7a7-4b57-9532-8047f743af1c,ALB-CN-1870-16734,isSameAs,ALB-CN-1880-12233,1870,1880,70-80,0.909
256effc6-d37a-4cb5-a2e1-8398649383da,ALB-CN-1870-1674,isSameAs,ALB-CN-1880-22649,1870,1880,70-80,0.87
27991735-4d54-4c0a-9c48-656a6ee9c0a3,ALB-CN-1870-16740,isSameAs,ALB-CN-1880-10442,1870,1880,70-80,0.875
1dddf3d7-af7a-4765-ac6a-9b5e7a5cb686,ALB-CN-1870-16741,isSameAs,ALB-CN-1880-12350,1870,1880,70-80,0.75
271fb828-fe8b-4f54-9d14-df54204f6c07,ALB-CN-1870-16743,isSameAs,ALB-CN-1880-10443,1870,1880,70-80,0.909
a1115518-24d0-496d-892b-3e5e9817808c,ALB-CN-1870-16744,isSameAs,ALB-CN-1880-947,1870,1880,70-80,0.852
5a333168-2659-4ab4-b1b9-008b3fd19e0b,ALB-CN-1870-1675,isSameAs,ALB-CN-1880-22650,1870,1880,70-80,0.95
b7749344-15cc-4832-a7ba-f37c9760f239,ALB-CN-1870-16751,isSameAs,ALB-CN-1880-4772,1870,1880,70-80,0.711
d984fa3b-27cb-428a-a694-e2fd27aa6700,ALB-CN-1870-16752,isSameAs,ALB-CN-1880-4773,1870,1880,70-80,0.679
051a967e-c88f-4ed9-b6bc-0ea55235a5ce,ALB-CN-1870-16757,isSameAs,ALB-CN-1880-106,1870,1880,70-80,0.75
1099c2f4-cec5-4a86-ba6d-16fc749fe6f3,ALB-CN-1870-16758,isSameAs,ALB-CN-1880-9799,1870,1880,70-80,0.711
6d8da5c4-c5ff-462d-bba3-5e6a12a563de,ALB-CN-1870-16760,isSameAs,ALB-CN-1880-12245,1870,1880,70-80,0.711
bf6dd1b0-62d9-40a2-804e-9518379812f6,ALB-CN-1870-16761,isSameAs,ALB-CN-1880-13538,1870,1880,70-80,0.69
df14fda6-a9fe-43bf-aa9d-9b40ed65583a,ALB-CN-1870-16762,isSameAs,ALB-CN-1880-13580,1870,1880,70-80,0.69
86208e82-d19b-403c-a0d9-72a13f5cf2a1,ALB-CN-1870-16763,isSameAs,ALB-CN-1880-9162,1870,1880,70-80,0.937
80cb5866-7ad0-4330-be55-a31411d0c5d9,ALB-CN-1870-16764,isSameAs,ALB-CN-1880-9163,1870,1880,70-80,0.794
5d167238-0687-4d73-9cee-e00b7dc639d5,ALB-CN-1870-16765,isSameAs,ALB-CN-1880-13582,1870,1880,70-80,0.69
edecdff9-02b0-448f-8c53-77213c858b68,ALB-CN-1870-16767,isSameAs,ALB-CN-1880-9168,1870,1880,70-80,0.75
fd9a00be-0189-493c-8068-bbb034b494ce,ALB-CN-1870-16769,isSameAs,ALB-CN-1880-9504,1870,1880,70-80,0.964
553fafca-28d3-4fdc-a78b-dc42309c8223,ALB-CN-1870-1677,isSameAs,ALB-CN-1880-12370,1870,1880,70-80,0.881
2fdd9210-6979-4d5c-953e-0d2c0a5a2116,ALB-CN-1870-16770,isSameAs,ALB-CN-1880-9505,1870,1880,70-80,0.891
59bc703c-608f-4143-84e1-a1211eb2842b,ALB-CN-1870-16771,isSameAs,ALB-CN-1880-9506,1870,1880,70-80,0.948
92321d13-b685-4517-9302-1229c2f9b21f,ALB-CN-1870-16772,isSameAs,ALB-CN-1880-9507,1870,1880,70-80,0.948
6b1962ab-30b0-4619-bf99-2e4adb5cad01,ALB-CN-1870-16774,isSameAs,ALB-CN-1880-18476,1870,1880,70-80,0.786
fe484504-4d04-4a09-8935-628dffed1a2d,ALB-CN-1870-16775,isSameAs,ALB-CN-1880-18477,1870,1880,70-80,0.711
df740401-c1b5-4f90-8b4c-5bc80af2573c,ALB-CN-1870-1678,isSameAs,ALB-CN-1880-22651,1870,1880,70-80,0.948
df2320c1-1139-406e-a0b0-6c92cd780d12,ALB-CN-1870-16780,isSameAs,ALB-CN-1880-18481,1870,1880,70-80,0.953
c9552132-e2a1-42d4-8761-b0985aac718b,ALB-CN-1870-16785,isSameAs,ALB-CN-1880-9148,1870,1880,70-80,0.937
9a2fe45e-203f-4ac4-ae78-dab6bf18488d,ALB-CN-1870-1679,isSameAs,ALB-CN-1880-22652,1870,1880,70-80,0.964
db0ef653-37f4-4a16-a87a-0590ce943bab,ALB-CN-1870-16792,isSameAs,ALB-CN-1880-17267,1870,1880,70-80,0.622
1aecb44d-15d1-4fc4-882a-ae43e6782afe,ALB-CN-1870-16796,isSameAs,ALB-CN-1880-3235,1870,1880,70-80,0.864
34017ea4-fa87-4e1c-9c8f-61dd6e88154c,ALB-CN-1870-16797,isSameAs,ALB-CN-1880-11825,1870,1880,70-80,0.931
03176bc3-64ca-4254-87b2-797e100a5a55,ALB-CN-1870-1680,isSameAs,ALB-CN-1880-12374,1870,1880,70-80,0.943
d383e16c-2682-4ae7-afa7-8144f6b5c856,ALB-CN-1870-16802,isSameAs,ALB-CN-1880-11827,1870,1880,70-80,0.622
d5b3c7c6-2f88-408e-9cfd-89222f354e5f,ALB-CN-1870-16803,isSameAs,ALB-CN-1880-11828,1870,1880,70-80,0.622
fa6edf8a-60eb-4b9a-8169-4224f33c2b0e,ALB-CN-1870-16807,isSameAs,ALB-CN-1880-11162,1870,1880,70-80,0.959
a39a6025-3b6d-41b5-aef2-290d4389e2f6,ALB-CN-1870-16810,isSameAs,ALB-CN-1880-9141,1870,1880,70-80,0.76
aa9135b7-52d7-4b26-97d2-44163a612584,ALB-CN-1870-16812,isSameAs,ALB-CN-1880-11164,1870,1880,70-80,0.937
ffdc3fd4-4d2c-4606-8fc1-0fe30c94152f,ALB-CN-1870-16813,isSameAs,ALB-CN-1880-5290,1870,1880,70-80,0.646
6d956062-c6cf-4fa4-9e84-5b9aa72782b5,ALB-CN-1870-16814,isSameAs,ALB-CN-1880-11166,1870,1880,70-80,0.957
a386ae84-9abe-4f64-b0ad-df2be6464130,ALB-CN-1870-16819,isSameAs,ALB-CN-1880-11397,1870,1880,70-80,0.769
0689f806-b88c-4e9f-9a2b-26dfc4558665,ALB-CN-1870-1682,isSameAs,ALB-CN-1880-11743,1870,1880,70-80,0.802
51985426-57e8-4ac8-9ea6-ce3018547b41,ALB-CN-1870-16820,isSameAs,ALB-CN-1880-11398,1870,1880,70-80,0.909
020d5fb7-a70f-4fc3-beae-2ac2c63ebd1c,ALB-CN-1870-16822,isSameAs,ALB-CN-1880-11399,1870,1880,70-80,0.971
0ba46c89-fc51-4057-8b36-0a6d95b13418,ALB-CN-1870-16829,isSameAs,ALB-CN-1880-11126,1870,1880,70-80,0.99
be201a7e-6294-44b1-a0c3-2166be7ef60a,ALB-CN-1870-16830,isSameAs,ALB-CN-1880-11127,1870,1880,70-80,0.987
b760f545-8e39-4f59-ba29-455bc7e6035f,ALB-CN-1870-16831,isSameAs,ALB-CN-1880-11128,1870,1880,70-80,0.99
87fc3b2d-571e-4c5a-bd24-5bfb57f6cdf6,ALB-CN-1870-16832,isSameAs,ALB-CN-1880-11129,1870,1880,70-80,0.961
38a0c59c-8916-435a-b0c8-291e6bfa5c66,ALB-CN-1870-16834,isSameAs,ALB-CN-1880-11117,1870,1880,70-80,0.98
e6fb7b5a-fd2f-47ae-bc0d-dc2e681a2a65,ALB-CN-1870-16835,isSameAs,ALB-CN-1880-11118,1870,1880,70-80,0.976
96ccd272-fb47-4040-b6f2-a5e2b7620573,ALB-CN-1870-16836,isSameAs,ALB-CN-1880-11119,1870,1880,70-80,0.968
e668d4c2-2e96-48a1-9593-deb79afb7a37,ALB-CN-1870-16838,isSameAs,ALB-CN-1880-11145,1870,1880,70-80,0.924
3038df85-0f1a-4372-a128-46990affdb84,ALB-CN-1870-16839,isSameAs,ALB-CN-1880-11355,1870,1880,70-80,0.875
85dc2beb-46b7-4a96-82bb-d59656b14315,ALB-CN-1870-16840,isSameAs,ALB-CN-1880-11356,1870,1880,70-80,0.794
2747b5f2-56f5-4a1f-9c01-840ebe877adb,ALB-CN-1870-1685,isSameAs,ALB-CN-1880-4696,1870,1880,70-80,0.891
fa1c5f38-292a-4ac6-9518-eb695c7acb86,ALB-CN-1870-16851,isSameAs,ALB-CN-1880-25616,1870,1880,70-80,0.948
b0468bf4-3cb2-40b4-a588-4f4032b39815,ALB-CN-1870-16857,isSameAs,ALB-CN-1880-25621,1870,1880,70-80,0.985
a8202eae-55c3-4d3e-8b09-875e26b43556,ALB-CN-1870-16858,isSameAs,ALB-CN-1880-25622,1870,1880,70-80,0.99
99130e07-22c5-4bbe-ba7b-599225de3137,ALB-CN-1870-16859,isSameAs,ALB-CN-1880-25623,1870,1880,70-80,0.913
3a3a086f-a4b6-4c35-84f3-78334ce51c0b,ALB-CN-1870-16860,isSameAs,ALB-CN-1880-25624,1870,1880,70-80,0.832
b5520b35-bc75-493d-95f5-632c7112678b,ALB-CN-1870-16861,isSameAs,ALB-CN-1880-26199,1870,1880,70-80,0.964
2593c088-78af-4d37-a93f-7b0ea93054f4,ALB-CN-1870-16862,isSameAs,ALB-CN-1880-26200,1870,1880,70-80,0.976
2fb5a7c4-59ff-4677-99b7-b9a36f655858,ALB-CN-1870-16863,isSameAs,ALB-CN-1880-26201,1870,1880,70-80,0.924
32b8a860-f284-4dac-ae99-92417ebcda83,ALB-CN-1870-16864,isSameAs,ALB-CN-1880-26202,1870,1880,70-80,0.891
049018cc-3bdf-4a86-b6c0-9e66f0773756,ALB-CN-1870-16869,isSameAs,ALB-CN-1880-3551,1870,1880,70-80,0.69
48cf4da7-3562-47be-9fe2-e25a582fc68f,ALB-CN-1870-16873,isSameAs,ALB-CN-1880-27357,1870,1880,70-80,0.976
5de9badd-3891-4022-9d74-bd86e8708df1,ALB-CN-1870-16874,isSameAs,ALB-CN-1880-19543,1870,1880,70-80,0.622
bd9eab6e-6bae-4f67-b2c0-0dbf32d79c89,ALB-CN-1870-1688,isSameAs,ALB-CN-1880-22721,1870,1880,70-80,0.98
c294f505-5726-43ee-98b4-84a1600aa57d,ALB-CN-1870-16881,isSameAs,ALB-CN-1880-18832,1870,1880,70-80,0.646
85d3cf40-f559-48c4-8bf6-6949cb506578,ALB-CN-1870-16882,isSameAs,ALB-CN-1880-25642,1870,1880,70-80,0.786
fc580d2b-6256-4bae-9e1b-6dfe9171d291,ALB-CN-1870-16884,isSameAs,ALB-CN-1880-32401,1870,1880,70-80,0.668
c54c84df-ff2d-4a06-b743-91bd2badff73,ALB-CN-1870-16885,isSameAs,ALB-CN-1880-24989,1870,1880,70-80,0.886
955900ad-7a4b-4b85-ac50-7176393a4039,ALB-CN-1870-16886,isSameAs,ALB-CN-1880-28400,1870,1880,70-80,0.984
e89acb91-4198-4fa0-980e-d61bc455a21a,ALB-CN-1870-16887,isSameAs,ALB-CN-1880-24993,1870,1880,70-80,0.948
49c33920-ad25-41e8-9db6-7eb718f33821,ALB-CN-1870-16888,isSameAs,ALB-CN-1880-28408,1870,1880,70-80,0.961
2de9dca3-5f8a-47f8-a342-883c5367f7e8,ALB-CN-1870-16889,isSameAs,ALB-CN-1880-6035,1870,1880,70-80,0.87
09f3bf6b-636b-4013-9b2f-8808b567e930,ALB-CN-1870-1689,isSameAs,ALB-CN-1880-22722,1870,1880,70-80,0.971
fc1a359a-5f17-418c-9553-c748ecdcca1e,ALB-CN-1870-16890,isSameAs,ALB-CN-1880-28406,1870,1880,70-80,0.984
3e40aed5-dca2-4405-83ec-383753ab187a,ALB-CN-1870-16891,isSameAs,ALB-CN-1880-28407,1870,1880,70-80,0.75
f931b5fa-1f29-4bd4-864a-2a17c7909645,ALB-CN-1870-16892,isSameAs,ALB-CN-1880-5149,1870,1880,70-80,0.896
76242054-395a-4517-895e-173c85ad4b1c,ALB-CN-1870-16893,isSameAs,ALB-CN-1880-5150,1870,1880,70-80,0.948
ba3a52b7-dfb6-4747-b0e7-b0e7b2818da3,ALB-CN-1870-16894,isSameAs,ALB-CN-1880-5151,1870,1880,70-80,0.948
d512c2ae-4ecf-46b4-aa94-32ac708808cd,ALB-CN-1870-16895,isSameAs,ALB-CN-1880-5152,1870,1880,70-80,0.794
4550ccfd-1802-486c-904a-1627d08f069e,ALB-CN-1870-16896,isSameAs,ALB-CN-1880-5157,1870,1880,70-80,0.99
1263f701-adfb-4d7f-92e7-50638cab018f,ALB-CN-1870-16899,isSameAs,ALB-CN-1880-25521,1870,1880,70-80,0.984
6393a162-113e-4d73-bb32-914d604c651c,ALB-CN-1870-16901,isSameAs,ALB-CN-1880-25523,1870,1880,70-80,0.909
e369b14f-539a-4a89-b6f2-335170da9702,ALB-CN-1870-16903,isSameAs,ALB-CN-1880-18728,1870,1880,70-80,0.622
6fbc42aa-85ed-4403-a549-c2933a5e4138,ALB-CN-1870-16905,isSameAs,ALB-CN-1880-25555,1870,1880,70-80,0.711
5779c5bf-e170-4b59-beca-d08db6f4ade1,ALB-CN-1870-16906,isSameAs,ALB-CN-1880-12288,1870,1880,70-80,0.786
f8b20e18-aedf-4c9a-bace-6f4fccf7ea1e,ALB-CN-1870-16907,isSameAs,ALB-CN-1880-1189,1870,1880,70-80,0.711
12d41c29-840a-4e35-85aa-65deadc9e116,ALB-CN-1870-1691,isSameAs,ALB-CN-1880-22733,1870,1880,70-80,0.971
5c8e572c-efe4-4d11-a7d3-31e53918c8ad,ALB-CN-1870-16912,isSameAs,ALB-CN-1880-28451,1870,1880,70-80,0.881
d99d4543-44a1-4dc0-bfa6-0daa583f5703,ALB-CN-1870-16913,isSameAs,ALB-CN-1880-28452,1870,1880,70-80,0.818
3ffc1839-285b-42e4-8020-5b1c01ecf44e,ALB-CN-1870-16914,isSameAs,ALB-CN-1880-28453,1870,1880,70-80,0.646
d6add07e-3700-4986-8035-62d25d9d34d2,ALB-CN-1870-16915,isSameAs,ALB-CN-1880-25302,1870,1880,70-80,0.846
17548df3-eb1c-4204-9876-184fb1486a36,ALB-CN-1870-16917,isSameAs,ALB-CN-1880-25304,1870,1880,70-80,0.931
835ad57d-eac2-47f1-80f5-765069863cde,ALB-CN-1870-16919,isSameAs,ALB-CN-1880-25215,1870,1880,70-80,0.891
e95d0505-91ba-486e-8680-4195546ccb23,ALB-CN-1870-1692,isSameAs,ALB-CN-1880-22734,1870,1880,70-80,0.957
98e4e788-45a6-4583-a3ba-28e1af403cb0,ALB-CN-1870-16920,isSameAs,ALB-CN-1880-25216,1870,1880,70-80,0.987
82f21e41-90fe-46e2-b301-ee171f84b4c2,ALB-CN-1870-16921,isSameAs,ALB-CN-1880-25217,1870,1880,70-80,0.98
e3b63414-704e-44db-a85b-c055106affb6,ALB-CN-1870-16923,isSameAs,ALB-CN-1880-25218,1870,1880,70-80,0.971
894a2620-20ff-4164-b88b-8a5e78a1baaa,ALB-CN-1870-16925,isSameAs,ALB-CN-1880-25220,1870,1880,70-80,0.622
01294afe-2342-4fb3-8776-462e5bddf92c,ALB-CN-1870-16928,isSameAs,ALB-CN-1880-1077,1870,1880,70-80,0.881
879e985e-c303-4f53-bb6d-cdbb270b9591,ALB-CN-1870-16929,isSameAs,ALB-CN-1880-25525,1870,1880,70-80,0.846
62f920b6-29c7-45d1-9cc6-caa5c179fc6a,ALB-CN-1870-1693,isSameAs,ALB-CN-1880-22735,1870,1880,70-80,0.984
bd222c3b-055e-461d-9e18-103e81de975c,ALB-CN-1870-16932,isSameAs,ALB-CN-1880-25526,1870,1880,70-80,0.846
39bcea7b-c9e0-4561-a17d-6e57cd8c75fb,ALB-CN-1870-16936,isSameAs,ALB-CN-1880-11429,1870,1880,70-80,0.646
575cf4a8-6445-4384-b11e-6a41af36f9b7,ALB-CN-1870-16938,isSameAs,ALB-CN-1880-25715,1870,1880,70-80,0.832
e6309cf9-31b3-4c21-842d-db4280300d5b,ALB-CN-1870-16939,isSameAs,ALB-CN-1880-3549,1870,1880,70-80,0.957
c84955e8-2f3b-465e-a310-53a26801dc69,ALB-CN-1870-1694,isSameAs,ALB-CN-1880-22736,1870,1880,70-80,0.95
d0998bee-ed0e-4dcd-8794-9e26922a27db,ALB-CN-1870-16941,isSameAs,ALB-CN-1880-25579,1870,1880,70-80,0.948
ff454e5b-37d5-4921-b727-9d12589cba61,ALB-CN-1870-16943,isSameAs,ALB-CN-1880-25580,1870,1880,70-80,0.957
403c5ef0-b55c-44a8-b86d-5de20e4ebcf6,ALB-CN-1870-16944,isSameAs,ALB-CN-1880-29155,1870,1880,70-80,0.668
9054aa8a-14e6-4a42-b002-60dc1a34c5a2,ALB-CN-1870-16945,isSameAs,ALB-CN-1880-25581,1870,1880,70-80,0.957
2ff79665-5e8c-4d2c-bb15-2e5c2db13cf7,ALB-CN-1870-16946,isSameAs,ALB-CN-1880-25582,1870,1880,70-80,0.971
9aeb0eda-309e-4693-868b-0068db4322a3,ALB-CN-1870-16947,isSameAs,ALB-CN-1880-25707,1870,1880,70-80,0.99
bcab2b5e-bd02-4801-a711-02a10c7c8429,ALB-CN-1870-16948,isSameAs,ALB-CN-1880-25708,1870,1880,70-80,0.99
c33bedd1-b0a5-4550-91a1-0bacd0be310c,ALB-CN-1870-16949,isSameAs,ALB-CN-1880-25709,1870,1880,70-80,0.99
b3e5ecb2-e918-4144-bd60-70b6c81d2264,ALB-CN-1870-1695,isSameAs,ALB-CN-1880-22737,1870,1880,70-80,0.971
14ab7843-1292-4ceb-bca4-cf4e5c111663,ALB-CN-1870-16950,isSameAs,ALB-CN-1880-25710,1870,1880,70-80,0.99
a301c1b1-49b8-44c9-a11d-72a2b72ffad2,ALB-CN-1870-16951,isSameAs,ALB-CN-1880-25713,1870,1880,70-80,0.75
175a5aa8-9c68-4063-8785-a5ce78854d31,ALB-CN-1870-16960,isSameAs,ALB-CN-1880-25716,1870,1880,70-80,0.786
ffd27cf9-5f15-4529-898f-4c736f654767,ALB-CN-1870-16961,isSameAs,ALB-CN-1880-26491,1870,1880,70-80,0.909
ddf31218-6696-40db-9b44-e9fb5e5cce7c,ALB-CN-1870-16963,isSameAs,ALB-CN-1880-25633,1870,1880,70-80,0.711
6c7feb36-3dfa-4cb6-9ba3-57857a1296b8,ALB-CN-1870-16964,isSameAs,ALB-CN-1880-25630,1870,1880,70-80,0.846
dc441219-9841-4e66-9d01-d14c2fd24ec4,ALB-CN-1870-16967,isSameAs,ALB-CN-1880-25655,1870,1880,70-80,0.937
09a0845d-42f8-4805-9e2a-0908837ba30d,ALB-CN-1870-16972,isSameAs,ALB-CN-1880-24713,1870,1880,70-80,0.786
2b1f81dd-86f3-4bd9-b2fb-2b6493ceacd5,ALB-CN-1870-16975,isSameAs,ALB-CN-1880-24715,1870,1880,70-80,0.846
a595c4d1-52c1-4147-8f34-67337ab3b83e,ALB-CN-1870-16976,isSameAs,ALB-CN-1880-24716,1870,1880,70-80,0.846
4a72f0b5-2e73-4268-b0b2-e42e1aef843f,ALB-CN-1870-16979,isSameAs,ALB-CN-1880-25666,1870,1880,70-80,0.948
5c1ff7b3-fff8-44cf-97e8-0a2f70e3d559,ALB-CN-1870-1698,isSameAs,ALB-CN-1880-22610,1870,1880,70-80,0.948
141be356-c581-471e-9e3d-c8f7de010d9d,ALB-CN-1870-16982,isSameAs,ALB-CN-1880-32141,1870,1880,70-80,0.622
5c7bc3bd-9472-4e86-a0b8-58ad7a4fb7e7,ALB-CN-1870-16983,isSameAs,ALB-CN-1880-28954,1870,1880,70-80,0.75
95dd9194-d23b-49bc-94f0-16dbc82d6bb7,ALB-CN-1870-16986,isSameAs,ALB-CN-1880-25667,1870,1880,70-80,0.948
a9570fdd-2cec-4bd5-8d56-ee36dd705854,ALB-CN-1870-16987,isSameAs,ALB-CN-1880-32135,1870,1880,70-80,0.711
447cf5be-4194-4d85-bbb6-3a9789590ba0,ALB-CN-1870-16989,isSameAs,ALB-CN-1880-25701,1870,1880,70-80,0.668
d6bfcc95-5e4d-4c4f-b214-f0c7101435a3,ALB-CN-1870-1699,isSameAs,ALB-CN-1880-22613,1870,1880,70-80,0.98
92dab0c5-53d6-4cd2-8d72-82463e2acdd3,ALB-CN-1870-16990,isSameAs,ALB-CN-1880-25680,1870,1880,70-80,0.98
d5b91aab-cad3-4ba7-9e80-3206a7ff4fd3,ALB-CN-1870-16991,isSameAs,ALB-CN-1880-25681,1870,1880,70-80,0.924
3d66e06f-8a7d-4274-a3ba-98179f3b49ac,ALB-CN-1870-16996,isSameAs,ALB-CN-1880-25682,1870,1880,70-80,0.957
11a2badc-0e96-468f-ba22-5a70796bb241,ALB-CN-1870-16997,isSameAs,ALB-CN-1880-25683,1870,1880,70-80,0.957
2e3d31a4-3d59-41af-906d-0e50432ced38,ALB-CN-1870-16998,isSameAs,ALB-CN-1880-25675,1870,1880,70-80,0.948
c624b7fa-c660-408d-bf1b-27cf38563395,ALB-CN-1870-16999,isSameAs,ALB-CN-1880-25676,1870,1880,70-80,0.924
3c78fe2e-49b1-4513-8761-740ff549d62f,ALB-CN-1870-17,isSameAs,ALB-CN-1880-22068,1870,1880,70-80,0.971
b4d0571e-e222-46c8-8f43-25e2845a57bb,ALB-CN-1870-1700,isSameAs,ALB-CN-1880-22614,1870,1880,70-80,0.924
2085694b-b722-4013-933f-33af1221aca2,ALB-CN-1870-17002,isSameAs,ALB-CN-1880-19025,1870,1880,70-80,0.976
6ff7a7d8-b217-4a4c-9fc3-dd321316aaf2,ALB-CN-1870-17004,isSameAs,ALB-CN-1880-25677,1870,1880,70-80,0.818
209e287f-67dd-43ca-aeef-0d3fee2fd615,ALB-CN-1870-17014,isSameAs,ALB-CN-1880-25695,1870,1880,70-80,0.786
c72f3eb4-aa46-403d-918c-ff5b3a68168d,ALB-CN-1870-17015,isSameAs,ALB-CN-1880-4424,1870,1880,70-80,0.646
219e3990-09e3-4513-a933-0646afd239d5,ALB-CN-1870-17017,isSameAs,ALB-CN-1880-25684,1870,1880,70-80,0.948
c48f37bb-90c9-42ff-ba11-5f8ce987f87a,ALB-CN-1870-17018,isSameAs,ALB-CN-1880-3621,1870,1880,70-80,0.802
43fe726e-e07a-497c-bae4-6171836df122,ALB-CN-1870-17019,isSameAs,ALB-CN-1880-3624,1870,1880,70-80,0.917
e14f9a5b-c9d2-440b-bdee-d7b3cf62daa0,ALB-CN-1870-17020,isSameAs,ALB-CN-1880-2831,1870,1880,70-80,0.668
23deac00-a3cd-4992-b69b-f267a6b9b515,ALB-CN-1870-17022,isSameAs,ALB-CN-1880-26785,1870,1880,70-80,0.891
582c699d-2a08-44d3-b30c-6d8edcd41475,ALB-CN-1870-17024,isSameAs,ALB-CN-1880-25685,1870,1880,70-80,0.948
e34868cb-3b98-4e9e-a9c0-5cecccf8412e,ALB-CN-1870-17025,isSameAs,ALB-CN-1880-25686,1870,1880,70-80,0.948
3898ba40-f275-42c3-a65c-c1fde573c37b,ALB-CN-1870-17026,isSameAs,ALB-CN-1880-25687,1870,1880,70-80,0.948
43dc52d0-1e17-4ba8-acf5-d5e2e00edc8b,ALB-CN-1870-17029,isSameAs,ALB-CN-1880-25648,1870,1880,70-80,0.971
c753f0f9-398d-4195-8aec-1c816647b94b,ALB-CN-1870-17030,isSameAs,ALB-CN-1880-25619,1870,1880,70-80,0.786
36c962b2-0533-4f3f-835a-a02f7e39c88e,ALB-CN-1870-17032,isSameAs,ALB-CN-1880-25588,1870,1880,70-80,0.9
0e9ad5dd-08fa-4285-8f6b-b891cfbef65a,ALB-CN-1870-17033,isSameAs,ALB-CN-1880-25590,1870,1880,70-80,0.905
2bbbb74f-9526-4071-a513-0ac0fb693271,ALB-CN-1870-17034,isSameAs,ALB-CN-1880-25587,1870,1880,70-80,0.971
b22049c2-fe35-48e0-83ce-9405db78334b,ALB-CN-1870-17035,isSameAs,ALB-CN-1880-25589,1870,1880,70-80,0.957
63b88906-9ea8-4d11-92d2-2b6307d9d801,ALB-CN-1870-17036,isSameAs,ALB-CN-1880-25592,1870,1880,70-80,0.957
70dae8e8-05e2-4914-b421-95f345998a11,ALB-CN-1870-17040,isSameAs,ALB-CN-1880-3574,1870,1880,70-80,0.937
5e06ebbc-6ac2-404f-bbd0-f455a99d162f,ALB-CN-1870-17042,isSameAs,ALB-CN-1880-3575,1870,1880,70-80,0.825
0c0a6301-83cd-495c-b3b5-5748c9c465ac,ALB-CN-1870-17043,isSameAs,ALB-CN-1880-3576,1870,1880,70-80,0.909
b9b4f772-5985-405f-8f46-57c64fbbe9bc,ALB-CN-1870-17044,isSameAs,ALB-CN-1880-30910,1870,1880,70-80,0.937
e0801bfd-30b1-4d83-a800-acbd32030717,ALB-CN-1870-17047,isSameAs,ALB-CN-1880-30911,1870,1880,70-80,0.731
5cda700a-58c0-45d2-9334-6d7be059200a,ALB-CN-1870-17048,isSameAs,ALB-CN-1880-18781,1870,1880,70-80,0.846
487840ee-d686-473d-8805-dc55b65d2d43,ALB-CN-1870-17061,isSameAs,ALB-CN-1880-17888,1870,1880,70-80,0.646
ee1ee82a-da15-480b-b0e0-7dc8810c6348,ALB-CN-1870-17066,isSameAs,ALB-CN-1880-8109,1870,1880,70-80,0.679
97baa6f2-4d8c-46a5-9943-bfb1126dbce4,ALB-CN-1870-17067,isSameAs,ALB-CN-1880-3502,1870,1880,70-80,0.75
5c31ddeb-c6a4-4721-8424-0f2d73e771ac,ALB-CN-1870-17070,isSameAs,ALB-CN-1880-25466,1870,1880,70-80,0.891
5ea6a521-2fe7-45fe-bb9a-e5682296d93e,ALB-CN-1870-17071,isSameAs,ALB-CN-1880-25467,1870,1880,70-80,0.937
f0f9d954-56b9-45c4-b095-bd5f0682c422,ALB-CN-1870-17085,isSameAs,ALB-CN-1880-28765,1870,1880,70-80,0.668
e1ecd78e-9318-4be1-8c8f-8a8f658b3b80,ALB-CN-1870-1709,isSameAs,ALB-CN-1880-22546,1870,1880,70-80,0.846
c27c14ab-4ee8-43ca-96fb-99097dc45e00,ALB-CN-1870-17090,isSameAs,ALB-CN-1880-18531,1870,1880,70-80,0.622
e3dca545-0be2-4a4d-90ad-1dbf356d5e2f,ALB-CN-1870-17091,isSameAs,ALB-CN-1880-6296,1870,1880,70-80,0.957
5ba15135-1612-475b-9adf-9b0e4fcc1dd2,ALB-CN-1870-17093,isSameAs,ALB-CN-1880-26864,1870,1880,70-80,0.75
8ef0dc79-bc60-4da2-b18b-deb1fd1ed059,ALB-CN-1870-17094,isSameAs,ALB-CN-1880-26865,1870,1880,70-80,0.968
a8a2087a-16b2-4af7-b490-72f9e81ffe35,ALB-CN-1870-17096,isSameAs,ALB-CN-1880-25916,1870,1880,70-80,0.937
960c2121-98b5-4dcf-bad8-8c9628dd5852,ALB-CN-1870-17098,isSameAs,ALB-CN-1880-25915,1870,1880,70-80,0.976
3667d93b-8d5c-4672-a2a1-d600eb17e850,ALB-CN-1870-17099,isSameAs,ALB-CN-1880-26086,1870,1880,70-80,0.98
80d4cc65-af0f-4b36-8d9f-f4c7ff872eb2,ALB-CN-1870-17100,isSameAs,ALB-CN-1880-25917,1870,1880,70-80,0.731
561a8e39-413f-4522-a88c-92f148bf95c2,ALB-CN-1870-17101,isSameAs,ALB-CN-1880-25918,1870,1880,70-80,0.964
e3f55a9f-0bf4-435f-b29a-e400fd44ad7e,ALB-CN-1870-17103,isSameAs,ALB-CN-1880-25920,1870,1880,70-80,0.825
a9d3a6c0-f335-464a-a50b-0aeab2848435,ALB-CN-1870-17104,isSameAs,ALB-CN-1880-25909,1870,1880,70-80,0.886
aae26871-bed1-4855-a362-8f9aed5eedfc,ALB-CN-1870-17105,isSameAs,ALB-CN-1880-25910,1870,1880,70-80,0.98
a0c09a58-9a7b-4490-b44f-0f9e9e887f0b,ALB-CN-1870-17106,isSameAs,ALB-CN-1880-25055,1870,1880,70-80,0.668
5ac82f25-22d6-482e-bee6-38db0f303dc2,ALB-CN-1870-17108,isSameAs,ALB-CN-1880-25911,1870,1880,70-80,0.957
e7280094-685a-4d6a-927d-baf60f4c8364,ALB-CN-1870-17109,isSameAs,ALB-CN-1880-25912,1870,1880,70-80,0.971
c6916ad5-a85d-46e8-b15e-1e0587f5d44b,ALB-CN-1870-17110,isSameAs,ALB-CN-1880-25913,1870,1880,70-80,0.957
8836cb6b-7a44-41bc-ba79-69633fc7396e,ALB-CN-1870-17111,isSameAs,ALB-CN-1880-25928,1870,1880,70-80,0.818
3d8a81d9-b34a-40ae-9cc2-f619ace38308,ALB-CN-1870-17112,isSameAs,ALB-CN-1880-25929,1870,1880,70-80,0.657
d4384e2c-7c79-40fc-82c0-06cb1a00002b,ALB-CN-1870-17113,isSameAs,ALB-CN-1880-25930,1870,1880,70-80,0.741
5623c4ff-435c-4842-a755-1e20368759ff,ALB-CN-1870-17114,isSameAs,ALB-CN-1880-25931,1870,1880,70-80,0.909
09f82e5b-31b6-486b-bb66-c5dde1c89e8d,ALB-CN-1870-17115,isSameAs,ALB-CN-1880-25932,1870,1880,70-80,0.909
a010c5f2-293d-4444-ab1f-f230ee092b14,ALB-CN-1870-17116,isSameAs,ALB-CN-1880-25941,1870,1880,70-80,0.99
2e046c31-1a6e-4699-97a9-506c7fefe973,ALB-CN-1870-17117,isSameAs,ALB-CN-1880-25942,1870,1880,70-80,0.98
3fb67965-5df8-431b-b67a-d6f4e572f8b5,ALB-CN-1870-1712,isSameAs,ALB-CN-1880-23570,1870,1880,70-80,0.646
2e7ec98d-889f-4f89-8a60-24e5767038bc,ALB-CN-1870-17120,isSameAs,ALB-CN-1880-26120,1870,1880,70-80,0.909
cbc68d20-f50f-4343-ba3c-9b159a281fa8,ALB-CN-1870-17121,isSameAs,ALB-CN-1880-25943,1870,1880,70-80,0.924
89565971-50e6-4303-a41b-17bc4d079d8f,ALB-CN-1870-17122,isSameAs,ALB-CN-1880-25944,1870,1880,70-80,0.924
f6b51e7c-0754-4569-8b10-8670869d056a,ALB-CN-1870-17123,isSameAs,ALB-CN-1880-25753,1870,1880,70-80,0.98
a036b58c-19df-4dd8-a8da-5e482cd83132,ALB-CN-1870-17124,isSameAs,ALB-CN-1880-25754,1870,1880,70-80,0.964
a038c3d5-1713-4d96-af55-922c6b7869fc,ALB-CN-1870-17126,isSameAs,ALB-CN-1880-27253,1870,1880,70-80,0.846
bab0f8a8-c349-4eb2-ae7c-5e5dced93f4d,ALB-CN-1870-17127,isSameAs,ALB-CN-1880-2023,1870,1880,70-80,0.909
6b8da532-1a20-49d9-8257-6b2353e018d1,ALB-CN-1870-17128,isSameAs,ALB-CN-1880-25757,1870,1880,70-80,0.937
0639fa31-c689-4a5a-933b-b42e3f8a34b2,ALB-CN-1870-17129,isSameAs,ALB-CN-1880-26005,1870,1880,70-80,0.957
7f4a1ad4-2e85-4d31-ad73-807533320d01,ALB-CN-1870-17130,isSameAs,ALB-CN-1880-26006,1870,1880,70-80,0.964
d27bdb2f-92b6-4789-824d-e258a6de1199,ALB-CN-1870-17132,isSameAs,ALB-CN-1880-26007,1870,1880,70-80,0.957
0cf605f5-cc68-4cc3-94e6-927c5e388063,ALB-CN-1870-17133,isSameAs,ALB-CN-1880-26008,1870,1880,70-80,0.94
a33c83db-4403-460c-8f9a-09463f7f2103,ALB-CN-1870-17135,isSameAs,ALB-CN-1880-25609,1870,1880,70-80,0.9
0b593c55-8eb8-4775-8278-6b7e0185aba5,ALB-CN-1870-17136,isSameAs,ALB-CN-1880-25762,1870,1880,70-80,0.937
be439a2c-10fb-451d-b853-70922dbffe56,ALB-CN-1870-17137,isSameAs,ALB-CN-1880-25763,1870,1880,70-80,0.984
5f03f4d6-6ada-4e36-bb45-cb92b2c52eac,ALB-CN-1870-17140,isSameAs,ALB-CN-1880-25771,1870,1880,70-80,0.977
9743294e-fc4c-4159-86a0-a7c7a24601a0,ALB-CN-1870-17141,isSameAs,ALB-CN-1880-25764,1870,1880,70-80,0.984
c7903835-4056-4263-aba7-355ff1bb6622,ALB-CN-1870-17142,isSameAs,ALB-CN-1880-25765,1870,1880,70-80,0.989
38ca6b3f-b7ac-4fbd-afbf-5d8aa29b9d59,ALB-CN-1870-17144,isSameAs,ALB-CN-1880-25766,1870,1880,70-80,0.989
3086cf7d-3b0d-4311-9a09-dd783b534a96,ALB-CN-1870-17145,isSameAs,ALB-CN-1880-25767,1870,1880,70-80,0.984
2ab56b9d-af04-420d-af37-a9937491006d,ALB-CN-1870-17146,isSameAs,ALB-CN-1880-18976,1870,1880,70-80,0.69
78e9216d-1fcb-4dfe-9a1e-c61c57373af1,ALB-CN-1870-17147,isSameAs,ALB-CN-1880-25768,1870,1880,70-80,0.99
b4036b71-eac3-4d07-b3d3-a4f8770530ab,ALB-CN-1870-17148,isSameAs,ALB-CN-1880-25769,1870,1880,70-80,0.989
7cab4304-1e3b-470b-a240-3c3afe894884,ALB-CN-1870-17149,isSameAs,ALB-CN-1880-25770,1870,1880,70-80,0.976
c04ddebd-0072-4ae8-84a2-1b663f46996f,ALB-CN-1870-17150,isSameAs,ALB-CN-1880-25948,1870,1880,70-80,0.87
c4b72033-e727-4589-ba12-d84ecb6ba586,ALB-CN-1870-17151,isSameAs,ALB-CN-1880-25950,1870,1880,70-80,0.818
4768e2c5-9126-4984-8544-90476ecd0823,ALB-CN-1870-17152,isSameAs,ALB-CN-1880-25949,1870,1880,70-80,0.802
d984f0ae-7b3c-4b91-8eb3-ef10b3cbf4c4,ALB-CN-1870-17155,isSameAs,ALB-CN-1880-3663,1870,1880,70-80,0.846
c398d07f-b62e-49ef-97dd-2f10df47acef,ALB-CN-1870-17157,isSameAs,ALB-CN-1880-11515,1870,1880,70-80,0.948
d561ea29-d561-4b9d-84c8-4ea7e1608f7d,ALB-CN-1870-17158,isSameAs,ALB-CN-1880-3606,1870,1880,70-80,0.668
cdf27d88-2aa9-48f0-a306-bf6db625917e,ALB-CN-1870-17159,isSameAs,ALB-CN-1880-11517,1870,1880,70-80,0.989
e1fb9997-9471-4eed-aeb0-8ecade92a9b1,ALB-CN-1870-17160,isSameAs,ALB-CN-1880-11518,1870,1880,70-80,0.896
1957af24-0ff0-4b86-937d-b7289c8795b5,ALB-CN-1870-17161,isSameAs,ALB-CN-1880-11516,1870,1880,70-80,0.711
aedb35aa-32bf-481b-a3f0-54df3b883701,ALB-CN-1870-17162,isSameAs,ALB-CN-1880-11519,1870,1880,70-80,0.948
494cb69c-2aa0-44ee-b8b3-c0ea00436ed2,ALB-CN-1870-17163,isSameAs,ALB-CN-1880-3544,1870,1880,70-80,0.786
80e48a4e-0290-4646-930e-3c980a851010,ALB-CN-1870-17168,isSameAs,ALB-CN-1880-3545,1870,1880,70-80,0.786
589c6e25-5b12-4d54-97fb-81e926bd97ab,ALB-CN-1870-17169,isSameAs,ALB-CN-1880-3595,1870,1880,70-80,0.668
8410b08a-99d3-48c9-8ab7-4f819291e43a,ALB-CN-1870-17170,isSameAs,ALB-CN-1880-3596,1870,1880,70-80,0.846
a47da3cd-9e12-4248-ae20-c5393d57cbc0,ALB-CN-1870-17171,isSameAs,ALB-CN-1880-10916,1870,1880,70-80,0.75
f2346816-616c-4fa8-863a-63ec50595202,ALB-CN-1870-17173,isSameAs,ALB-CN-1880-27254,1870,1880,70-80,0.777
317b4ca7-57e1-4b58-96f0-445ee80bae77,ALB-CN-1870-17176,isSameAs,ALB-CN-1880-25572,1870,1880,70-80,0.711
b0a9208e-6867-4218-8872-aa672c4070dd,ALB-CN-1870-17178,isSameAs,ALB-CN-1880-29299,1870,1880,70-80,0.711
68351e68-eefc-43fe-a37b-c833d7d1a5c2,ALB-CN-1870-17179,isSameAs,ALB-CN-1880-27173,1870,1880,70-80,0.679
690a9b5d-7a54-4eae-a467-950624db1ff6,ALB-CN-1870-17180,isSameAs,ALB-CN-1880-22461,1870,1880,70-80,0.711
73066011-73cf-4184-a7b4-170d46169525,ALB-CN-1870-17181,isSameAs,ALB-CN-1880-3597,1870,1880,70-80,0.741
de23b00f-eea4-41eb-8167-c002c3dd6a7e,ALB-CN-1870-17189,isSameAs,ALB-CN-1880-25280,1870,1880,70-80,0.668
b69cb524-11f2-4db6-ad86-f945e0a06417,ALB-CN-1870-17190,isSameAs,ALB-CN-1880-25281,1870,1880,70-80,0.858
8953adff-1c1a-471d-98b7-1ec92d4d3e47,ALB-CN-1870-17192,isSameAs,ALB-CN-1880-21527,1870,1880,70-80,0.881
8d1d6222-ab65-41c8-8974-044283aee723,ALB-CN-1870-17193,isSameAs,ALB-CN-1880-25738,1870,1880,70-80,0.971
914d4458-c057-4964-89bb-1c57d35ba8f3,ALB-CN-1870-17195,isSameAs,ALB-CN-1880-25458,1870,1880,70-80,0.917
1abd66e3-e17c-4865-9b5c-f51369449c9a,ALB-CN-1870-17196,isSameAs,ALB-CN-1880-25739,1870,1880,70-80,0.971
392ffecb-9187-4199-b1d5-b88fc945d41a,ALB-CN-1870-17197,isSameAs,ALB-CN-1880-25740,1870,1880,70-80,0.99
16be4ff7-c4eb-4b40-9366-bf4cb3f9ae08,ALB-CN-1870-17198,isSameAs,ALB-CN-1880-25741,1870,1880,70-80,0.957
e4ad275d-8cba-4f3b-a5a9-46fdadcac449,ALB-CN-1870-172,isSameAs,ALB-CN-1880-24393,1870,1880,70-80,0.87
be47dfa4-e972-4587-b3b9-b8b9904dfada,ALB-CN-1870-17200,isSameAs,ALB-CN-1880-21523,1870,1880,70-80,0.802
1bef51cf-3517-453a-b6da-153b10ba333d,ALB-CN-1870-17204,isSameAs,ALB-CN-1880-6905,1870,1880,70-80,0.646
1aba2c9c-36c0-4b0e-80fa-27136b418cf2,ALB-CN-1870-17210,isSameAs,ALB-CN-1880-25560,1870,1880,70-80,0.846
619e983c-f40e-405d-b364-1b877c1e0086,ALB-CN-1870-17211,isSameAs,ALB-CN-1880-25556,1870,1880,70-80,0.917
43bd6381-6a46-4619-8759-ed14baa9729a,ALB-CN-1870-17212,isSameAs,ALB-CN-1880-25557,1870,1880,70-80,0.909
6c73d74a-82e4-40ae-8d54-7f21053497f6,ALB-CN-1870-17217,isSameAs,ALB-CN-1880-25530,1870,1880,70-80,0.982
5029d648-e49e-4db1-9e36-e725eb12a09a,ALB-CN-1870-17218,isSameAs,ALB-CN-1880-25531,1870,1880,70-80,0.971
56d8b63e-64db-4117-944c-6d628885da65,ALB-CN-1870-17219,isSameAs,ALB-CN-1880-25532,1870,1880,70-80,0.989
ad27ef70-60cc-4779-a6ca-bcafc07d0f5e,ALB-CN-1870-1722,isSameAs,ALB-CN-1880-21719,1870,1880,70-80,0.971
c0897f92-b9ef-4e98-80bf-265644788cbb,ALB-CN-1870-17220,isSameAs,ALB-CN-1880-25533,1870,1880,70-80,0.75
8ba91e72-3649-4690-b84e-0e35f55e305e,ALB-CN-1870-17224,isSameAs,ALB-CN-1880-12235,1870,1880,70-80,0.611
78b0f99c-bc05-445b-8688-79a8e2b568da,ALB-CN-1870-17226,isSameAs,ALB-CN-1880-25266,1870,1880,70-80,0.802
e72a6e7f-960c-48b2-8986-08545aaeff8d,ALB-CN-1870-17227,isSameAs,ALB-CN-1880-25272,1870,1880,70-80,0.69
c3454808-5007-4667-b4d9-5b168f648592,ALB-CN-1870-17228,isSameAs,ALB-CN-1880-25273,1870,1880,70-80,0.891
e9bae7eb-6f6a-4ecd-ae06-41e5822fe6bd,ALB-CN-1870-1723,isSameAs,ALB-CN-1880-21720,1870,1880,70-80,0.622
d1b6cc0c-e549-4953-8779-e3fb856baa35,ALB-CN-1870-1724,isSameAs,ALB-CN-1880-21721,1870,1880,70-80,0.971
eaab8c3b-0ff9-4433-bc79-5c0ff5c5df46,ALB-CN-1870-17246,isSameAs,ALB-CN-1880-25430,1870,1880,70-80,0.909
d715dcbd-d49e-442e-8479-dd9b35d4aad4,ALB-CN-1870-17247,isSameAs,ALB-CN-1880-20856,1870,1880,70-80,0.622
a46bf48d-7e14-4133-bd47-de9f7b95d2c4,ALB-CN-1870-1725,isSameAs,ALB-CN-1880-21722,1870,1880,70-80,0.953
ce2e47eb-a75b-44a4-b37e-edf633d9ad33,ALB-CN-1870-17258,isSameAs,ALB-CN-1880-11887,1870,1880,70-80,0.802
27e7fead-a871-4152-8d5a-7f992660d686,ALB-CN-1870-17259,isSameAs,ALB-CN-1880-26036,1870,1880,70-80,0.818
d6251544-b722-4a6c-ba73-ab62f15b6a29,ALB-CN-1870-17265,isSameAs,ALB-CN-1880-32185,1870,1880,70-80,0.87
2be6045a-1973-4054-8109-91cbf46662eb,ALB-CN-1870-17271,isSameAs,ALB-CN-1880-9520,1870,1880,70-80,0.679
0f9b3cd4-2c02-4b4c-8b6b-93c8cd0d3086,ALB-CN-1870-17272,isSameAs,ALB-CN-1880-31091,1870,1880,70-80,0.622
858c6e56-0aa1-4b9c-b94a-6d9ca0aa53a1,ALB-CN-1870-17273,isSameAs,ALB-CN-1880-25652,1870,1880,70-80,0.76
b27559b5-8b26-4815-a9ad-8ef9b1446854,ALB-CN-1870-17278,isSameAs,ALB-CN-1880-14327,1870,1880,70-80,0.852
d0290551-437a-49de-88f7-e3fd06c72439,ALB-CN-1870-17279,isSameAs,ALB-CN-1880-14328,1870,1880,70-80,0.896
026d2fb6-29f2-4d98-8aef-3c90964f72e3,ALB-CN-1870-1728,isSameAs,ALB-CN-1880-22406,1870,1880,70-80,0.984
6648824e-e9a3-4c17-9b9d-731ec29bbb58,ALB-CN-1870-17281,isSameAs,ALB-CN-1880-14329,1870,1880,70-80,0.924
0b2c19ef-56bf-4577-89fa-7a83f229667c,ALB-CN-1870-17282,isSameAs,ALB-CN-1880-3536,1870,1880,70-80,0.81
fbd71552-1812-4349-91ec-bc637b8eb1c8,ALB-CN-1870-17284,isSameAs,ALB-CN-1880-3542,1870,1880,70-80,0.99
f9e2d81a-7b6b-442a-8f9e-912daba7d4a3,ALB-CN-1870-17285,isSameAs,ALB-CN-1880-14330,1870,1880,70-80,0.948
21605d14-53c9-47f4-bc0c-09dad18b5f73,ALB-CN-1870-17286,isSameAs,ALB-CN-1880-14331,1870,1880,70-80,0.948
fa1c920f-e0ee-4949-b45d-0bda64f4adbe,ALB-CN-1870-17289,isSameAs,ALB-CN-1880-4415,1870,1880,70-80,0.987
13a97779-873a-4d31-8713-a7f83df8a188,ALB-CN-1870-1729,isSameAs,ALB-CN-1880-22407,1870,1880,70-80,0.971
ff440e50-9e10-4c58-ac42-fbd3d3d4d94e,ALB-CN-1870-17290,isSameAs,ALB-CN-1880-4416,1870,1880,70-80,0.917
c2b02679-319a-4f24-99e5-b8cb4d74efc4,ALB-CN-1870-17291,isSameAs,ALB-CN-1880-4417,1870,1880,70-80,0.968
dcef94c8-f6dc-4caa-a5bf-b4669c4d54ee,ALB-CN-1870-17292,isSameAs,ALB-CN-1880-4418,1870,1880,70-80,0.968
348c59ed-0859-4bf9-8e23-ccaaafe211dd,ALB-CN-1870-17296,isSameAs,ALB-CN-1880-3590,1870,1880,70-80,0.99
c3c865dd-13b8-4399-aee4-01a2fa96f71d,ALB-CN-1870-17297,isSameAs,ALB-CN-1880-3591,1870,1880,70-80,0.99
e91df4d0-8292-45be-97ed-1e3ef3c8510d,ALB-CN-1870-173,isSameAs,ALB-CN-1880-24394,1870,1880,70-80,0.846
7503af53-f028-4f1f-9e4d-bd844db44e9d,ALB-CN-1870-1730,isSameAs,ALB-CN-1880-22408,1870,1880,70-80,0.971
03d6e352-41c8-4ea2-824b-0d4e6a5a08db,ALB-CN-1870-17300,isSameAs,ALB-CN-1880-3594,1870,1880,70-80,0.989
7d8df694-b82f-44b2-bcbb-219efe8c25fa,ALB-CN-1870-17301,isSameAs,ALB-CN-1880-3593,1870,1880,70-80,0.943
44bf7e03-6106-4863-b17f-7019e110437f,ALB-CN-1870-17309,isSameAs,ALB-CN-1880-3607,1870,1880,70-80,0.961
42975c00-2d8b-4d42-9c2b-8688b1a97b28,ALB-CN-1870-1731,isSameAs,ALB-CN-1880-22409,1870,1880,70-80,0.971
6e52fed4-fed1-481e-9294-058c4a2f2a89,ALB-CN-1870-17310,isSameAs,ALB-CN-1880-3608,1870,1880,70-80,0.87
f1e02595-e041-4ba3-9576-beb5b5fd4872,ALB-CN-1870-17312,isSameAs,ALB-CN-1880-3609,1870,1880,70-80,0.668
358c69f9-1344-4d16-bc7b-76c2d8e26a11,ALB-CN-1870-17313,isSameAs,ALB-CN-1880-3610,1870,1880,70-80,0.976
1234c31c-6b5a-4993-ba24-bbf06a333d38,ALB-CN-1870-17314,isSameAs,ALB-CN-1880-3612,1870,1880,70-80,0.99
259c3c06-bdc1-4f5f-b109-381bb98936aa,ALB-CN-1870-17315,isSameAs,ALB-CN-1880-3611,1870,1880,70-80,0.75
1b6011e4-ad67-4c82-b50f-e1b763c260e5,ALB-CN-1870-17316,isSameAs,ALB-CN-1880-3613,1870,1880,70-80,0.75
9fbd94c3-dea8-48be-8f6d-1635cd85f6d0,ALB-CN-1870-17319,isSameAs,ALB-CN-1880-25747,1870,1880,70-80,0.858
a58f85aa-4073-44ab-bbc4-5a8d47bbf498,ALB-CN-1870-17322,isSameAs,ALB-CN-1880-31915,1870,1880,70-80,0.786
38092b6a-e804-4a57-a407-68b77e7eaea7,ALB-CN-1870-1733,isSameAs,ALB-CN-1880-29308,1870,1880,70-80,0.611
7d333af0-9b3d-4110-b2d8-9006c2c8f398,ALB-CN-1870-17330,isSameAs,ALB-CN-1880-3618,1870,1880,70-80,0.818
dae5d03d-4b22-45d1-8e57-56b83c751432,ALB-CN-1870-1734,isSameAs,ALB-CN-1880-21695,1870,1880,70-80,0.937
94e559e4-2bd0-4dad-9122-dded9d3daef1,ALB-CN-1870-17345,isSameAs,ALB-CN-1880-25748,1870,1880,70-80,0.905
07983c28-f69c-496f-af68-482d5f352235,ALB-CN-1870-17346,isSameAs,ALB-CN-1880-25749,1870,1880,70-80,0.622
b67c01e9-7854-46fc-a06a-8ae7aba3c16f,ALB-CN-1870-1735,isSameAs,ALB-CN-1880-21607,1870,1880,70-80,0.769
f912e780-e59b-4a8f-ad19-d819d31255ce,ALB-CN-1870-17353,isSameAs,ALB-CN-1880-3453,1870,1880,70-80,0.987
bfb68787-0439-40e0-9e53-efcfd32ddd3e,ALB-CN-1870-17356,isSameAs,ALB-CN-1880-12663,1870,1880,70-80,0.69
a1d5fc11-a43a-4d12-9bee-54f1afad6d8f,ALB-CN-1870-17357,isSameAs,ALB-CN-1880-3456,1870,1880,70-80,0.9
cebcb350-8f95-4faf-a966-524da7498fb4,ALB-CN-1870-17358,isSameAs,ALB-CN-1880-3457,1870,1880,70-80,0.971
73a36663-d67a-4346-bb34-ebb4bb5f8294,ALB-CN-1870-17359,isSameAs,ALB-CN-1880-3458,1870,1880,70-80,0.98
2b565d41-1d6d-4731-9923-72cc9f98ffe7,ALB-CN-1870-17360,isSameAs,ALB-CN-1880-3639,1870,1880,70-80,0.825
d08192f5-d59f-424a-a9fe-1c6048741b7b,ALB-CN-1870-17363,isSameAs,ALB-CN-1880-3641,1870,1880,70-80,0.76
34313ce9-70b7-4c85-9e53-b0b7ef0ddd78,ALB-CN-1870-17368,isSameAs,ALB-CN-1880-3661,1870,1880,70-80,0.87
f8c8c019-1019-49c6-aadb-ad196b3a39a2,ALB-CN-1870-17370,isSameAs,ALB-CN-1880-25626,1870,1880,70-80,0.957
196ac1d0-b53a-4066-b4d2-571cec4b156f,ALB-CN-1870-17371,isSameAs,ALB-CN-1880-25627,1870,1880,70-80,0.881
92ef0470-af83-450a-bc7e-2d34e04ac95d,ALB-CN-1870-17372,isSameAs,ALB-CN-1880-25628,1870,1880,70-80,0.98
5d7b2028-7e78-47d6-897d-9e8957afb895,ALB-CN-1870-17379,isSameAs,ALB-CN-1880-3635,1870,1880,70-80,0.931
c0a2dd9b-00bd-45e3-bd3c-3253a6846bba,ALB-CN-1870-17381,isSameAs,ALB-CN-1880-10045,1870,1880,70-80,0.846
6febb04e-167a-4e7c-97e1-965db3406225,ALB-CN-1870-17382,isSameAs,ALB-CN-1880-3636,1870,1880,70-80,0.924
064c768f-68c3-450b-817d-976fbcdde65b,ALB-CN-1870-17383,isSameAs,ALB-CN-1880-3637,1870,1880,70-80,0.971
55a4ec29-8beb-4ed7-9448-90878f97a483,ALB-CN-1870-17384,isSameAs,ALB-CN-1880-10348,1870,1880,70-80,0.937
eed84fd5-9374-42cd-8bce-ec31a1010c73,ALB-CN-1870-17385,isSameAs,ALB-CN-1880-10349,1870,1880,70-80,0.858
db9e65cc-0a7c-4fb9-8f37-e70638edb746,ALB-CN-1870-17386,isSameAs,ALB-CN-1880-10350,1870,1880,70-80,0.909
f8822862-c686-454f-ba71-ad6c7b4fb485,ALB-CN-1870-17388,isSameAs,ALB-CN-1880-25516,1870,1880,70-80,0.622
af7ce6fb-c80a-437e-84c6-538790cd39d6,ALB-CN-1870-1739,isSameAs,ALB-CN-1880-21708,1870,1880,70-80,0.98
5435d74b-ef09-42fc-ad56-cc6d9e69bd84,ALB-CN-1870-17390,isSameAs,ALB-CN-1880-14528,1870,1880,70-80,0.909
56eeb542-35e4-4b10-a4d2-c9879098b58e,ALB-CN-1870-17393,isSameAs,ALB-CN-1880-21529,1870,1880,70-80,0.711
657e53e1-c979-4e4b-ba75-1c0621f36eb2,ALB-CN-1870-17394,isSameAs,ALB-CN-1880-25517,1870,1880,70-80,0.971
88a7685b-ec55-4285-94df-b64b7323c4be,ALB-CN-1870-17400,isSameAs,ALB-CN-1880-5417,1870,1880,70-80,0.948
ba4d3f97-bcf5-4213-859b-1e661e693440,ALB-CN-1870-17404,isSameAs,ALB-CN-1880-9502,1870,1880,70-80,0.786
b61d0c26-23d8-4b29-aedb-6564744ec33a,ALB-CN-1870-17405,isSameAs,ALB-CN-1880-5418,1870,1880,70-80,0.984
c31530bc-523c-460a-96c4-4a674f23d9fc,ALB-CN-1870-17406,isSameAs,ALB-CN-1880-5419,1870,1880,70-80,0.99
612f72cc-2ca2-4990-83e5-70fc6f331346,ALB-CN-1870-17407,isSameAs,ALB-CN-1880-5420,1870,1880,70-80,0.98
466bb630-0c91-4d31-b7e2-ef7755b2a7c4,ALB-CN-1870-17408,isSameAs,ALB-CN-1880-10707,1870,1880,70-80,0.98
344a5470-26dc-4205-98f7-bc89fa1104b3,ALB-CN-1870-17409,isSameAs,ALB-CN-1880-10708,1870,1880,70-80,0.984
2dc8022a-24bb-4e18-9973-2ffe1657df96,ALB-CN-1870-17410,isSameAs,ALB-CN-1880-10709,1870,1880,70-80,0.971
c17a1ef5-df08-4217-a43b-13ce8dd4f194,ALB-CN-1870-17412,isSameAs,ALB-CN-1880-10711,1870,1880,70-80,0.971
ec8d1b91-58e4-4739-8cfa-0fba9eaa75ab,ALB-CN-1870-17414,isSameAs,ALB-CN-1880-10712,1870,1880,70-80,0.971
287957f8-b859-4fa9-8185-2d7dc405a247,ALB-CN-1870-17415,isSameAs,ALB-CN-1880-10713,1870,1880,70-80,0.957
b9198e45-e06c-4e66-8b1a-5ece1c8446a6,ALB-CN-1870-17417,isSameAs,ALB-CN-1880-10715,1870,1880,70-80,0.971
3b85c2bf-a349-42ec-9c91-063eeb1ce6ec,ALB-CN-1870-17418,isSameAs,ALB-CN-1880-10699,1870,1880,70-80,0.931
972ca7d3-ed56-4b6e-89fd-cfc602671e7d,ALB-CN-1870-17419,isSameAs,ALB-CN-1880-10700,1870,1880,70-80,0.909
2297dd24-3218-44db-b78e-c9af6c198b2f,ALB-CN-1870-1742,isSameAs,ALB-CN-1880-21712,1870,1880,70-80,0.937
543792cc-faf7-4b68-adbd-71df68f8d037,ALB-CN-1870-17421,isSameAs,ALB-CN-1880-25473,1870,1880,70-80,0.931
bb758f70-8ffd-4661-bd9e-6a85863fd0db,ALB-CN-1870-17422,isSameAs,ALB-CN-1880-25474,1870,1880,70-80,0.99
59a272d9-5491-4c92-ac12-4e931f612060,ALB-CN-1870-17423,isSameAs,ALB-CN-1880-25475,1870,1880,70-80,0.961
f77423ff-9543-4dff-93b1-3dd7b54b93a3,ALB-CN-1870-17424,isSameAs,ALB-CN-1880-25476,1870,1880,70-80,0.961
4d83c088-5629-4ffe-8484-a6a065ba041c,ALB-CN-1870-17428,isSameAs,ALB-CN-1880-1463,1870,1880,70-80,0.891
c35fdfb2-d5fe-4a2c-a066-2f668a4db04f,ALB-CN-1870-17429,isSameAs,ALB-CN-1880-25568,1870,1880,70-80,0.87
ac128309-d395-4033-8698-5b1ce4f2ad5f,ALB-CN-1870-17430,isSameAs,ALB-CN-1880-25569,1870,1880,70-80,0.948
da5dccc2-dce3-4af4-9cd7-bd96e8c71777,ALB-CN-1870-17431,isSameAs,ALB-CN-1880-25570,1870,1880,70-80,0.891
16417a6d-5cd2-45e5-808e-5e7e9351f83a,ALB-CN-1870-17434,isSameAs,ALB-CN-1880-10728,1870,1880,70-80,0.896
ac988d30-b6e8-447a-bec0-23e916a8ba00,ALB-CN-1870-17435,isSameAs,ALB-CN-1880-10729,1870,1880,70-80,0.964
db60cff9-ff59-4e3f-953f-007b2542f710,ALB-CN-1870-17440,isSameAs,ALB-CN-1880-10732,1870,1880,70-80,0.924
a0e9d20d-5058-472b-bf9f-303cc4ef045d,ALB-CN-1870-17442,isSameAs,ALB-CN-1880-10736,1870,1880,70-80,0.896
6e04c4e7-513d-4b20-a033-f52e4b241b6b,ALB-CN-1870-17444,isSameAs,ALB-CN-1880-10738,1870,1880,70-80,0.964
ca9ee99f-add6-489e-a8b5-c36f69462bf6,ALB-CN-1870-17445,isSameAs,ALB-CN-1880-10741,1870,1880,70-80,0.948
b555e511-2356-4a51-8abe-2a8080755dc0,ALB-CN-1870-17447,isSameAs,ALB-CN-1880-10739,1870,1880,70-80,0.924
7bebee7f-d2d0-4656-a9f0-be5d4eb21098,ALB-CN-1870-17452,isSameAs,ALB-CN-1880-30589,1870,1880,70-80,0.721
606ca90e-14f4-4036-b2f3-18c13a195df0,ALB-CN-1870-17457,isSameAs,ALB-CN-1880-4462,1870,1880,70-80,0.846
198cb42f-8dee-479d-9d21-3e1e13be71d9,ALB-CN-1870-17463,isSameAs,ALB-CN-1880-4563,1870,1880,70-80,0.989
0f05f3c1-e768-4cb1-92b5-b5c3ccb5f72a,ALB-CN-1870-17464,isSameAs,ALB-CN-1880-4564,1870,1880,70-80,0.75
4c7fb9dd-caab-46a7-adf3-353234993689,ALB-CN-1870-17466,isSameAs,ALB-CN-1880-4565,1870,1880,70-80,0.668
2f6ce476-6236-400c-80cb-cd413123250a,ALB-CN-1870-17468,isSameAs,ALB-CN-1880-4568,1870,1880,70-80,0.99
bbdd632b-fbf5-49ec-9433-a20870dcafb0,ALB-CN-1870-17469,isSameAs,ALB-CN-1880-4569,1870,1880,70-80,0.99
266e7a3a-4f56-4ffb-94b8-de67d0d836aa,ALB-CN-1870-17471,isSameAs,ALB-CN-1880-27540,1870,1880,70-80,0.668
28dbc735-6ee2-400e-a7e5-ec8bad4bf088,ALB-CN-1870-17472,isSameAs,ALB-CN-1880-27541,1870,1880,70-80,0.984
c957e852-28cd-4962-b10b-3e408b79556a,ALB-CN-1870-17473,isSameAs,ALB-CN-1880-30482,1870,1880,70-80,0.924
5b0928ce-f84c-46b7-a453-7c521c8092f0,ALB-CN-1870-17477,isSameAs,ALB-CN-1880-10252,1870,1880,70-80,0.786
c46a1c9b-2b56-4c3d-b6c1-4340dfc26e8d,ALB-CN-1870-17478,isSameAs,ALB-CN-1880-22724,1870,1880,70-80,0.948
aaa5a69e-0b73-4171-959c-91dc7bd31065,ALB-CN-1870-17479,isSameAs,ALB-CN-1880-22099,1870,1880,70-80,0.679
af2743b8-1aba-4206-80d4-9bd3df0270d7,ALB-CN-1870-17480,isSameAs,ALB-CN-1880-4445,1870,1880,70-80,0.924
00e424dc-655d-4161-8ca4-5e35a064366b,ALB-CN-1870-17482,isSameAs,ALB-CN-1880-27536,1870,1880,70-80,0.701
430b1528-d401-47a0-bb5d-6dfa6b13cdb6,ALB-CN-1870-17483,isSameAs,ALB-CN-1880-27537,1870,1880,70-80,0.964
194226d1-6c35-4391-9899-37c5c5e656f3,ALB-CN-1870-17487,isSameAs,ALB-CN-1880-11031,1870,1880,70-80,0.646
3b4e918b-172f-43f6-b153-3741fe45c215,ALB-CN-1870-17488,isSameAs,ALB-CN-1880-25649,1870,1880,70-80,0.87
a2243a85-e239-460c-a1cd-f9588a14bdcb,ALB-CN-1870-17489,isSameAs,ALB-CN-1880-25650,1870,1880,70-80,0.711
3db0e7c2-5092-400d-a899-cf5b615a9016,ALB-CN-1870-17491,isSameAs,ALB-CN-1880-25651,1870,1880,70-80,0.924
270a585f-4e60-4d1e-b5fc-fe3e91cef48d,ALB-CN-1870-17492,isSameAs,ALB-CN-1880-22006,1870,1880,70-80,0.69
63580249-18a6-4cca-9033-f2781d96fb80,ALB-CN-1870-17494,isSameAs,ALB-CN-1880-24991,1870,1880,70-80,0.75
b50d5756-9b33-4bc5-a862-762d71569e76,ALB-CN-1870-17495,isSameAs,ALB-CN-1880-4470,1870,1880,70-80,0.957
27387638-3321-44cc-a7cc-72d30541da72,ALB-CN-1870-17496,isSameAs,ALB-CN-1880-4471,1870,1880,70-80,0.928
761c91a9-9ba6-490a-9622-4d01afaa8ee3,ALB-CN-1870-17497,isSameAs,ALB-CN-1880-4472,1870,1880,70-80,0.786
d1f79a6c-dd5a-438c-85cd-e8b37f4f1027,ALB-CN-1870-17498,isSameAs,ALB-CN-1880-4473,1870,1880,70-80,0.913
defb57c2-466e-4f85-9061-3f93db92694c,ALB-CN-1870-1750,isSameAs,ALB-CN-1880-6724,1870,1880,70-80,0.646
680a74c4-4105-4e59-8161-771861457829,ALB-CN-1870-17500,isSameAs,ALB-CN-1880-4529,1870,1880,70-80,0.786
5bbc45d2-f4b7-4635-b8ad-1caa90674e66,ALB-CN-1870-17517,isSameAs,ALB-CN-1880-4508,1870,1880,70-80,0.891
4c5dc896-1611-4361-90be-b125ebc3c4be,ALB-CN-1870-17518,isSameAs,ALB-CN-1880-4432,1870,1880,70-80,0.786
38f4d740-b6c6-4662-8fcf-5f406567390b,ALB-CN-1870-17519,isSameAs,ALB-CN-1880-4502,1870,1880,70-80,0.825
6f78c7f8-f202-484d-9d0c-eb357eaead49,ALB-CN-1870-17520,isSameAs,ALB-CN-1880-4503,1870,1880,70-80,0.786
a863a3a5-4303-4327-be72-a9b27f160cd4,ALB-CN-1870-17521,isSameAs,ALB-CN-1880-4459,1870,1880,70-80,0.75
8a4932f5-3b4d-4226-9005-f7f102a83394,ALB-CN-1870-17523,isSameAs,ALB-CN-1880-385,1870,1880,70-80,0.679
049b7431-3e14-45b0-bba5-fe793759e0e6,ALB-CN-1870-17524,isSameAs,ALB-CN-1880-27535,1870,1880,70-80,0.802
490ccde3-98aa-418e-bbe2-dee642528ccc,ALB-CN-1870-17527,isSameAs,ALB-CN-1880-13673,1870,1880,70-80,0.668
c89d1c6d-25b9-4309-b3ea-50cec1a0eb67,ALB-CN-1870-17531,isSameAs,ALB-CN-1880-26418,1870,1880,70-80,0.917
e97917c5-aab4-4f68-a382-ec20e59013d8,ALB-CN-1870-17533,isSameAs,ALB-CN-1880-13748,1870,1880,70-80,0.81
aadc0db8-b1e6-4b35-b783-91b5e908e9cb,ALB-CN-1870-17534,isSameAs,ALB-CN-1880-30647,1870,1880,70-80,0.769
a499f253-7481-441b-bdb7-47c6efdac511,ALB-CN-1870-17538,isSameAs,ALB-CN-1880-4452,1870,1880,70-80,0.846
cc97d6ad-4c0a-4b08-84e0-8842f9473c8e,ALB-CN-1870-1754,isSameAs,ALB-CN-1880-22444,1870,1880,70-80,0.668
83d6faa1-6225-41e7-a9af-4be5f71980e5,ALB-CN-1870-17541,isSameAs,ALB-CN-1880-4537,1870,1880,70-80,0.634
71de553c-3b83-420f-890f-a9b63ece4752,ALB-CN-1870-17543,isSameAs,ALB-CN-1880-12816,1870,1880,70-80,0.711
2a335cbf-833a-4247-976a-b46251a62e2c,ALB-CN-1870-17544,isSameAs,ALB-CN-1880-12817,1870,1880,70-80,0.937
f958a982-d222-4c67-baf9-1021e54aa7b7,ALB-CN-1870-17545,isSameAs,ALB-CN-1880-4528,1870,1880,70-80,0.711
39cad7ee-5979-4b05-bb11-4fcc076edec9,ALB-CN-1870-17546,isSameAs,ALB-CN-1880-4523,1870,1880,70-80,0.846
06ba0b34-c8ae-4238-acab-df21799ebb04,ALB-CN-1870-17548,isSameAs,ALB-CN-1880-23821,1870,1880,70-80,0.657
dcd821f6-c198-40f1-9236-3fdc493be02a,ALB-CN-1870-17549,isSameAs,ALB-CN-1880-12819,1870,1880,70-80,0.891
03114ad4-2fd0-46f4-b5b6-2178f7835d2e,ALB-CN-1870-17550,isSameAs,ALB-CN-1880-4448,1870,1880,70-80,0.668
52516595-e3a0-4e8a-a6f1-53c20ddf333f,ALB-CN-1870-17552,isSameAs,ALB-CN-1880-4449,1870,1880,70-80,0.87
51b98977-5b43-4b26-9c27-8eed1abb53db,ALB-CN-1870-17553,isSameAs,ALB-CN-1880-4450,1870,1880,70-80,0.818
340babf4-af83-4e92-9432-4c9c974aaca2,ALB-CN-1870-17556,isSameAs,ALB-CN-1880-25976,1870,1880,70-80,0.875
7d177826-223f-4bf9-8985-06b148f55bfb,ALB-CN-1870-17558,isSameAs,ALB-CN-1880-25977,1870,1880,70-80,0.917
0c646eb9-b858-4f44-b501-8e834feecd1b,ALB-CN-1870-17559,isSameAs,ALB-CN-1880-25978,1870,1880,70-80,0.948
873e3ecb-cfc7-4906-861c-25df04b4ede2,ALB-CN-1870-1756,isSameAs,ALB-CN-1880-22450,1870,1880,70-80,0.731
bdc5d284-b17e-4ad5-8d89-e111b0956b8e,ALB-CN-1870-17561,isSameAs,ALB-CN-1880-25980,1870,1880,70-80,0.786
70ed772e-9a0a-4a4c-ba97-75b06a7434c8,ALB-CN-1870-17562,isSameAs,ALB-CN-1880-25981,1870,1880,70-80,0.786
2e000a71-c1f0-4392-a57c-e6575d012bdb,ALB-CN-1870-17570,isSameAs,ALB-CN-1880-4594,1870,1880,70-80,0.98
9051bc5e-e6b2-4530-9919-7d4037929b08,ALB-CN-1870-17571,isSameAs,ALB-CN-1880-4595,1870,1880,70-80,0.948
2ae77ba7-0484-44e3-ad1f-7e648ae1f687,ALB-CN-1870-17572,isSameAs,ALB-CN-1880-4597,1870,1880,70-80,0.971
caa708cf-bed2-4409-b7e2-288af8d6dd3e,ALB-CN-1870-17576,isSameAs,ALB-CN-1880-4596,1870,1880,70-80,0.957
5e0cc364-211e-4697-a44b-e77336178ead,ALB-CN-1870-1758,isSameAs,ALB-CN-1880-22337,1870,1880,70-80,0.948
3677ae4e-3cdc-43c6-8428-1ecd1dcb6fc3,ALB-CN-1870-17581,isSameAs,ALB-CN-1880-4670,1870,1880,70-80,0.668
b6c07f40-728c-459f-8dcf-932fc7f0f5a3,ALB-CN-1870-17585,isSameAs,ALB-CN-1880-4539,1870,1880,70-80,0.9
38d1f030-4faa-44fa-a6d2-a4ff3b6dab85,ALB-CN-1870-17586,isSameAs,ALB-CN-1880-4540,1870,1880,70-80,0.957
cb423c7a-6da9-4ac8-a348-69662b046b6d,ALB-CN-1870-17588,isSameAs,ALB-CN-1880-4541,1870,1880,70-80,0.957
599555d5-5d9a-4c5b-9680-46bfabb5383b,ALB-CN-1870-17589,isSameAs,ALB-CN-1880-4542,1870,1880,70-80,0.984
5946d39a-26ce-48dd-96ac-02b17cf6cb1d,ALB-CN-1870-1759,isSameAs,ALB-CN-1880-22338,1870,1880,70-80,0.99
beeb7a32-9dbd-4c81-b7cb-97f01c47761e,ALB-CN-1870-17590,isSameAs,ALB-CN-1880-4543,1870,1880,70-80,0.957
30ffbc63-ef64-4e79-94c2-bfe1c0c7e361,ALB-CN-1870-17591,isSameAs,ALB-CN-1880-4544,1870,1880,70-80,0.75
6f6b9128-6f17-4e98-a023-9c163cd0b48a,ALB-CN-1870-17592,isSameAs,ALB-CN-1880-4546,1870,1880,70-80,0.957
9b3b0808-fe53-49d4-88b6-7bc22c56ad26,ALB-CN-1870-17593,isSameAs,ALB-CN-1880-4547,1870,1880,70-80,0.957
accc757d-a72d-4d35-b6c2-c5f84415ebf6,ALB-CN-1870-17598,isSameAs,ALB-CN-1880-4584,1870,1880,70-80,0.646
3a7a17a8-5c10-4078-a95f-3dd443f5082a,ALB-CN-1870-176,isSameAs,ALB-CN-1880-24395,1870,1880,70-80,0.909
25676d0e-224f-45b3-a484-71fdbe25b9e4,ALB-CN-1870-17600,isSameAs,ALB-CN-1880-4598,1870,1880,70-80,0.875
4e18f03a-1576-41d5-a0f8-f057108191be,ALB-CN-1870-17601,isSameAs,ALB-CN-1880-4599,1870,1880,70-80,0.924
e7b4b3b0-83ec-4f0c-9624-84001b50c9ac,ALB-CN-1870-17602,isSameAs,ALB-CN-1880-4600,1870,1880,70-80,0.957
dbb1c3e5-300c-4746-ae22-1861a865ca75,ALB-CN-1870-17603,isSameAs,ALB-CN-1880-4601,1870,1880,70-80,0.75
704b5380-f584-45c4-8c48-ec0f8ade630f,ALB-CN-1870-17604,isSameAs,ALB-CN-1880-4489,1870,1880,70-80,0.957
0a56e3e0-4d50-4510-80c6-297f14a17ab3,ALB-CN-1870-17605,isSameAs,ALB-CN-1880-4490,1870,1880,70-80,0.802
edd2c7f1-c84e-4bc8-ae0c-a756cce4788d,ALB-CN-1870-17608,isSameAs,ALB-CN-1880-23564,1870,1880,70-80,0.818
4bf90690-1350-474e-969a-118098e27bf1,ALB-CN-1870-1761,isSameAs,ALB-CN-1880-22339,1870,1880,70-80,0.794
12ffe9f3-ed69-49c3-be58-f391050d7c65,ALB-CN-1870-17610,isSameAs,ALB-CN-1880-811,1870,1880,70-80,0.75
61a7283b-465f-412e-ab4b-48ba4774d643,ALB-CN-1870-17613,isSameAs,ALB-CN-1880-4690,1870,1880,70-80,0.75
a13d8d41-ee4d-4ea1-bc2f-7319e9f9085d,ALB-CN-1870-1762,isSameAs,ALB-CN-1880-22372,1870,1880,70-80,0.891
430fd6c2-71da-49ff-83d2-cb3d5b710d18,ALB-CN-1870-17620,isSameAs,ALB-CN-1880-4484,1870,1880,70-80,0.858
2195255f-e622-41b1-b559-82ae85f3cc2b,ALB-CN-1870-17621,isSameAs,ALB-CN-1880-4485,1870,1880,70-80,0.961
b2bfcdb7-d382-464c-8201-00325dc140cd,ALB-CN-1870-17623,isSameAs,ALB-CN-1880-24739,1870,1880,70-80,0.721
ea47db8d-555e-4c26-8f16-1d078377cee5,ALB-CN-1870-17625,isSameAs,ALB-CN-1880-4486,1870,1880,70-80,0.957
2b79fc91-6034-4caf-bcae-d8a7b0786adb,ALB-CN-1870-17626,isSameAs,ALB-CN-1880-4487,1870,1880,70-80,0.957
aee2469b-a48e-49c4-91a9-3c867e002130,ALB-CN-1870-17627,isSameAs,ALB-CN-1880-4488,1870,1880,70-80,0.818
473045bd-1cb5-4672-ac6b-c195608558d6,ALB-CN-1870-17630,isSameAs,ALB-CN-1880-4552,1870,1880,70-80,0.818
baa6c764-55b2-4a17-aa63-ebc614b08977,ALB-CN-1870-17633,isSameAs,ALB-CN-1880-4554,1870,1880,70-80,0.909
814ee17a-de16-48fc-a1e6-10f0d8b900f6,ALB-CN-1870-17638,isSameAs,ALB-CN-1880-4545,1870,1880,70-80,0.76
d0533ef1-52d9-4cfc-b9e9-54f46d1dbb74,ALB-CN-1870-17639,isSameAs,ALB-CN-1880-4474,1870,1880,70-80,0.984
896cadcd-6459-487f-b3f2-0942f75c486f,ALB-CN-1870-1764,isSameAs,ALB-CN-1880-22346,1870,1880,70-80,0.858
0a89d00f-8234-4f62-82d2-af9c3d7131e4,ALB-CN-1870-17640,isSameAs,ALB-CN-1880-4475,1870,1880,70-80,0.989
9c15680b-5a3f-4417-821f-3b68ef7ebd7c,ALB-CN-1870-17641,isSameAs,ALB-CN-1880-3199,1870,1880,70-80,0.858
f271dc8e-441a-4633-b80a-22c60d82373c,ALB-CN-1870-17642,isSameAs,ALB-CN-1880-4476,1870,1880,70-80,0.984
49ee19e6-f645-49b0-91f0-568c7ce4d1aa,ALB-CN-1870-17643,isSameAs,ALB-CN-1880-4477,1870,1880,70-80,0.984
6571c078-19a6-4788-83cd-061225c72972,ALB-CN-1870-1765,isSameAs,ALB-CN-1880-22347,1870,1880,70-80,0.937
cc7043f4-3649-4fd0-a4f2-1201cea87c7f,ALB-CN-1870-17656,isSameAs,ALB-CN-1880-5045,1870,1880,70-80,0.976
6feb0cc1-604a-43d8-8dc5-b918d9727ccd,ALB-CN-1870-17657,isSameAs,ALB-CN-1880-5053,1870,1880,70-80,0.943
a324772e-d201-429e-a2de-a03e4af98762,ALB-CN-1870-17658,isSameAs,ALB-CN-1880-5051,1870,1880,70-80,0.969
a98c4690-25ca-4bde-86c1-fcc15fe73e63,ALB-CN-1870-17659,isSameAs,ALB-CN-1880-5046,1870,1880,70-80,0.948
833d383a-cafb-464d-8c31-57070b4f420d,ALB-CN-1870-17660,isSameAs,ALB-CN-1880-5047,1870,1880,70-80,0.948
31e303d9-90c4-4cc2-9a16-ddc9953965e2,ALB-CN-1870-17662,isSameAs,ALB-CN-1880-5048,1870,1880,70-80,0.978
defaea4e-9f3a-4f09-923a-a2fcbaac1d56,ALB-CN-1870-17663,isSameAs,ALB-CN-1880-21465,1870,1880,70-80,0.964
f5bbbca1-fda6-4ec6-b026-b2dc305690e8,ALB-CN-1870-17667,isSameAs,ALB-CN-1880-12710,1870,1880,70-80,0.731
b46c7d8f-e1d1-451f-bda5-6841fe8d3f86,ALB-CN-1870-17668,isSameAs,ALB-CN-1880-5072,1870,1880,70-80,0.646
d2fcadf6-83d0-4fb3-b115-a297a76a006f,ALB-CN-1870-17669,isSameAs,ALB-CN-1880-5073,1870,1880,70-80,0.937
a81356b5-bef7-49d6-a9c2-44fb5481ec24,ALB-CN-1870-17671,isSameAs,ALB-CN-1880-13249,1870,1880,70-80,0.731
5150a7ec-ecae-4ed1-ab49-737d5c0ad514,ALB-CN-1870-17672,isSameAs,ALB-CN-1880-6709,1870,1880,70-80,0.971
cb7d42a2-223d-48cb-818a-66984eb0a0eb,ALB-CN-1870-17673,isSameAs,ALB-CN-1880-6710,1870,1880,70-80,0.948
105768ce-da38-47fd-be0d-2856aaf85018,ALB-CN-1870-17674,isSameAs,ALB-CN-1880-6711,1870,1880,70-80,0.832
8f39745f-9c3e-4e35-b961-e2e31fb551bb,ALB-CN-1870-17675,isSameAs,ALB-CN-1880-6712,1870,1880,70-80,0.891
146cb600-07ab-433c-bf15-10cf0e2d9646,ALB-CN-1870-17676,isSameAs,ALB-CN-1880-6713,1870,1880,70-80,0.924
3dea2d79-057d-4514-8a02-a9d09515874f,ALB-CN-1870-17678,isSameAs,ALB-CN-1880-4359,1870,1880,70-80,0.973
21378be1-b6aa-4d9d-b3ff-f28850338e4a,ALB-CN-1870-17679,isSameAs,ALB-CN-1880-4362,1870,1880,70-80,0.948
684ffdbe-bdf7-4179-bd3b-dc16c87b428d,ALB-CN-1870-17684,isSameAs,ALB-CN-1880-5380,1870,1880,70-80,0.953
a3725bcd-7c92-49ae-a75d-8aef4fadf710,ALB-CN-1870-17685,isSameAs,ALB-CN-1880-5381,1870,1880,70-80,0.957
1d503ff4-0282-40b3-8230-7ff953173a85,ALB-CN-1870-17686,isSameAs,ALB-CN-1880-5382,1870,1880,70-80,0.957
8aa61765-e8c2-4723-a67b-b1bc16e0a746,ALB-CN-1870-17687,isSameAs,ALB-CN-1880-5383,1870,1880,70-80,0.976
b81e7be3-bb77-49eb-8ee8-ef811cb03227,ALB-CN-1870-17688,isSameAs,ALB-CN-1880-5384,1870,1880,70-80,0.94
233ca514-6f8b-49cc-a369-028215feef89,ALB-CN-1870-17694,isSameAs,ALB-CN-1880-3664,1870,1880,70-80,0.646
0ad48d1c-7b70-4cd2-98c6-1e71bb8cd605,ALB-CN-1870-17695,isSameAs,ALB-CN-1880-3672,1870,1880,70-80,0.818
105bec14-7c81-4df4-8251-d520151675fd,ALB-CN-1870-17697,isSameAs,ALB-CN-1880-27073,1870,1880,70-80,0.721
11968004-f2a3-4a85-ae46-8ca558354d86,ALB-CN-1870-17698,isSameAs,ALB-CN-1880-22008,1870,1880,70-80,0.786
9d8b0601-b8b0-40cd-8836-63cd93dfae22,ALB-CN-1870-17699,isSameAs,ALB-CN-1880-13182,1870,1880,70-80,0.668
0b74613d-6d19-4668-9cb7-4e510817e697,ALB-CN-1870-177,isSameAs,ALB-CN-1880-24396,1870,1880,70-80,0.961
a6f157da-c1d0-454a-9fdd-8c44e7539d15,ALB-CN-1870-17700,isSameAs,ALB-CN-1880-7683,1870,1880,70-80,0.646
cf83077f-99b8-4cf4-8cd9-c08f5a364f3e,ALB-CN-1870-17704,isSameAs,ALB-CN-1880-2025,1870,1880,70-80,0.76
02ebf48d-3162-412f-a32b-9cdab5a4e9ee,ALB-CN-1870-17707,isSameAs,ALB-CN-1880-5396,1870,1880,70-80,0.978
ce3f5c53-69e5-49c7-b2cf-a312f3e19a3d,ALB-CN-1870-17708,isSameAs,ALB-CN-1880-5397,1870,1880,70-80,0.976
4ea1e04a-3b48-4ed9-b61a-661e8848015d,ALB-CN-1870-17710,isSameAs,ALB-CN-1880-5398,1870,1880,70-80,0.99
81002bc2-5a21-47f1-a0b2-3435ce319116,ALB-CN-1870-17722,isSameAs,ALB-CN-1880-25902,1870,1880,70-80,0.858
e127cb1c-63ca-45eb-92ac-8df045546497,ALB-CN-1870-17723,isSameAs,ALB-CN-1880-25903,1870,1880,70-80,0.832
f905e673-65aa-4d56-9172-0a347b786e33,ALB-CN-1870-17724,isSameAs,ALB-CN-1880-30784,1870,1880,70-80,0.646
93d08856-26ab-4fe7-8720-f227eeded26c,ALB-CN-1870-17725,isSameAs,ALB-CN-1880-5423,1870,1880,70-80,0.69
2d01295a-7cb6-49e0-b094-5dbe7c9494dc,ALB-CN-1870-17727,isSameAs,ALB-CN-1880-5453,1870,1880,70-80,0.891
a2819ba5-604b-46fd-be90-cd5d323d6833,ALB-CN-1870-17734,isSameAs,ALB-CN-1880-12358,1870,1880,70-80,0.802
43eda074-896d-42df-8875-c747a7617926,ALB-CN-1870-17739,isSameAs,ALB-CN-1880-5431,1870,1880,70-80,0.943
b8660ced-9bb4-4e7c-923f-c48ca9acc882,ALB-CN-1870-1774,isSameAs,ALB-CN-1880-22460,1870,1880,70-80,0.957
a0e67a3f-e3cf-42a5-8553-4e3d522de11a,ALB-CN-1870-17740,isSameAs,ALB-CN-1880-5432,1870,1880,70-80,0.961
fad5ece1-ba7f-4148-8439-8ab9f8a9f6cc,ALB-CN-1870-17741,isSameAs,ALB-CN-1880-5433,1870,1880,70-80,0.984
507cf65f-107f-4513-8d90-bd5ffdffe287,ALB-CN-1870-17742,isSameAs,ALB-CN-1880-5435,1870,1880,70-80,0.989
69658caf-a2c9-4015-8590-98066f42ecd6,ALB-CN-1870-17743,isSameAs,ALB-CN-1880-5436,1870,1880,70-80,0.818
56e8a1dd-5ed0-4604-afa2-f3ef65238b16,ALB-CN-1870-1775,isSameAs,ALB-CN-1880-16799,1870,1880,70-80,0.825
9754aa75-271e-47c3-8c23-4844bd531f1d,ALB-CN-1870-17752,isSameAs,ALB-CN-1880-4378,1870,1880,70-80,0.87
d53e7e4c-490a-4902-b2ce-1710188ee090,ALB-CN-1870-1776,isSameAs,ALB-CN-1880-22462,1870,1880,70-80,0.989
1b33987b-69ba-449a-8964-eca39a8a534d,ALB-CN-1870-17762,isSameAs,ALB-CN-1880-5165,1870,1880,70-80,0.875
e6ccfa9a-1a80-4e79-aa20-ef67555a0d00,ALB-CN-1870-17763,isSameAs,ALB-CN-1880-5166,1870,1880,70-80,0.948
87909893-f796-47e1-bbdb-3ad0605d5a40,ALB-CN-1870-17764,isSameAs,ALB-CN-1880-5168,1870,1880,70-80,0.875
8a5fb6ab-eb31-4337-bfe2-d589d6823fd0,ALB-CN-1870-17767,isSameAs,ALB-CN-1880-5167,1870,1880,70-80,0.668
12afbab2-5bf5-4f44-a2e7-d2a2164df79c,ALB-CN-1870-1777,isSameAs,ALB-CN-1880-22466,1870,1880,70-80,0.741
69aecf97-aabd-42b2-9d69-b8ba4f37aebc,ALB-CN-1870-17773,isSameAs,ALB-CN-1880-24246,1870,1880,70-80,0.825
1e20c375-ea88-4c40-99eb-2ebb23cf36ba,ALB-CN-1870-17776,isSameAs,ALB-CN-1880-4059,1870,1880,70-80,0.75
fa06559d-3493-4d94-ae9f-0ac7fe164ee3,ALB-CN-1870-17779,isSameAs,ALB-CN-1880-22688,1870,1880,70-80,0.948
2c812857-fb73-4b90-9f26-12c98f3bab15,ALB-CN-1870-1778,isSameAs,ALB-CN-1880-22463,1870,1880,70-80,0.957
5eb94140-2ac2-401c-b9b1-b6161ff386e6,ALB-CN-1870-17789,isSameAs,ALB-CN-1880-19478,1870,1880,70-80,0.611
76a39e25-506f-4c17-9c03-7a80748412fc,ALB-CN-1870-1779,isSameAs,ALB-CN-1880-22464,1870,1880,70-80,0.971
9fe440d6-6e26-4941-89cd-6cc6de79cc46,ALB-CN-1870-17793,isSameAs,ALB-CN-1880-4244,1870,1880,70-80,0.802
7c499cc3-8ec2-4bd4-9c12-120151e8186a,ALB-CN-1870-17794,isSameAs,ALB-CN-1880-21032,1870,1880,70-80,0.818
0d1ff4d9-b5c1-4873-9987-dcd223f54c6d,ALB-CN-1870-17795,isSameAs,ALB-CN-1880-4841,1870,1880,70-80,0.971
fd23f725-6c57-44e2-ab7b-50293ee897ac,ALB-CN-1870-17796,isSameAs,ALB-CN-1880-4842,1870,1880,70-80,0.818
fba40fba-622d-4f9c-9d2b-bedac52b8f24,ALB-CN-1870-17799,isSameAs,ALB-CN-1880-4843,1870,1880,70-80,0.94
1064f039-3b03-418b-a0b3-8844214b4987,ALB-CN-1870-1780,isSameAs,ALB-CN-1880-22465,1870,1880,70-80,0.99
f32e6e03-16d7-423e-bc17-e64db822281a,ALB-CN-1870-17800,isSameAs,ALB-CN-1880-4844,1870,1880,70-80,0.818
9578807e-370a-4eae-8888-9209bd4c84a4,ALB-CN-1870-17801,isSameAs,ALB-CN-1880-4845,1870,1880,70-80,0.99
742b6edf-0324-403a-b1b2-08603033fb2b,ALB-CN-1870-17802,isSameAs,ALB-CN-1880-4846,1870,1880,70-80,0.99
6423caa5-7272-4102-9795-961d53083cc6,ALB-CN-1870-17803,isSameAs,ALB-CN-1880-4847,1870,1880,70-80,0.913
91bafb6c-ae7c-4252-8d14-a51637934ee0,ALB-CN-1870-17804,isSameAs,ALB-CN-1880-6461,1870,1880,70-80,0.646
0275bce2-5115-418e-a7c8-e1a547abbcd5,ALB-CN-1870-17805,isSameAs,ALB-CN-1880-4952,1870,1880,70-80,0.959
27bb2e32-f13b-43ab-94d5-fd0038791d7c,ALB-CN-1870-17806,isSameAs,ALB-CN-1880-4953,1870,1880,70-80,0.971
1f68852b-c5a0-49b8-a638-8a1cc487ab3c,ALB-CN-1870-17807,isSameAs,ALB-CN-1880-4954,1870,1880,70-80,0.99
18a95811-c1df-4516-9898-5f65689a8b82,ALB-CN-1870-17808,isSameAs,ALB-CN-1880-4955,1870,1880,70-80,0.75
d25bcf03-7ef0-444b-a0a3-6483055d89b8,ALB-CN-1870-17809,isSameAs,ALB-CN-1880-4956,1870,1880,70-80,0.971
cd459ee3-afe9-45f3-bde9-17314ec20aa3,ALB-CN-1870-17810,isSameAs,ALB-CN-1880-4957,1870,1880,70-80,0.957
c4967d7c-8296-49a6-9099-0f6b1a735d74,ALB-CN-1870-17813,isSameAs,ALB-CN-1880-4360,1870,1880,70-80,0.679
b8db5054-6568-4a6c-b9db-5a8cdc83734c,ALB-CN-1870-17816,isSameAs,ALB-CN-1880-4364,1870,1880,70-80,0.87
ca15832b-2169-45fb-9505-6c3d3b3beb7a,ALB-CN-1870-17821,isSameAs,ALB-CN-1880-10110,1870,1880,70-80,0.646
43ff538a-9e85-44ff-8410-5eb4c38df95b,ALB-CN-1870-17822,isSameAs,ALB-CN-1880-9779,1870,1880,70-80,0.881
852cf0c3-a94e-438f-9ff6-99c72f8ca819,ALB-CN-1870-17833,isSameAs,ALB-CN-1880-4849,1870,1880,70-80,0.721
9814aca4-ec16-43fe-8476-4235c25917e8,ALB-CN-1870-17834,isSameAs,ALB-CN-1880-8933,1870,1880,70-80,0.711
1b369fa7-f1b1-4e17-857d-41e4b690a947,ALB-CN-1870-17835,isSameAs,ALB-CN-1880-8957,1870,1880,70-80,0.75
e5b3ef19-6415-4b83-99fc-0e2657c3a0d0,ALB-CN-1870-17838,isSameAs,ALB-CN-1880-5090,1870,1880,70-80,0.986
f2357a97-0cc0-41f1-931d-c0da0a8069f5,ALB-CN-1870-17839,isSameAs,ALB-CN-1880-5091,1870,1880,70-80,0.953
6194a8b1-d8e2-4371-81e9-1ace70f6c3aa,ALB-CN-1870-17840,isSameAs,ALB-CN-1880-5092,1870,1880,70-80,0.99
3c4d30f3-5e46-4357-b91f-662750613b40,ALB-CN-1870-17848,isSameAs,ALB-CN-1880-4947,1870,1880,70-80,0.921
ebf7c367-c474-422b-a20f-8294abb01e30,ALB-CN-1870-17855,isSameAs,ALB-CN-1880-5259,1870,1880,70-80,0.971
9979f003-e6b6-4fd1-9531-66bb22661315,ALB-CN-1870-17856,isSameAs,ALB-CN-1880-5260,1870,1880,70-80,0.971
aa7a2065-7f7c-4fe2-b859-a70a72d00c49,ALB-CN-1870-17857,isSameAs,ALB-CN-1880-23842,1870,1880,70-80,0.679
704a1bbc-7cb2-4205-92b0-a556b4f5db4c,ALB-CN-1870-17861,isSameAs,ALB-CN-1880-5261,1870,1880,70-80,0.971
707f29b9-4d3d-4e32-8621-57a3add5f5ea,ALB-CN-1870-17862,isSameAs,ALB-CN-1880-5262,1870,1880,70-80,0.957
6ac6d8d8-2096-4923-81a2-bb08a0fc05f2,ALB-CN-1870-17863,isSameAs,ALB-CN-1880-5263,1870,1880,70-80,0.668
85ca9efc-9420-49c3-8509-c6588767fa02,ALB-CN-1870-17864,isSameAs,ALB-CN-1880-5264,1870,1880,70-80,0.961
3363a78c-ec8a-4f19-9da7-178cadb9cc51,ALB-CN-1870-17868,isSameAs,ALB-CN-1880-9325,1870,1880,70-80,0.634
a0b2d079-0c16-41a0-be5a-667df6567ec8,ALB-CN-1870-17870,isSameAs,ALB-CN-1880-4937,1870,1880,70-80,0.769
1ca1ed76-54bf-42df-b918-6bc3a7af99e5,ALB-CN-1870-17871,isSameAs,ALB-CN-1880-5182,1870,1880,70-80,0.99
d548f5fa-9a27-46a4-9b90-8ad24941ea8d,ALB-CN-1870-17872,isSameAs,ALB-CN-1880-5183,1870,1880,70-80,0.966
1018ca5c-94eb-4173-b82e-2abfe0b6eff8,ALB-CN-1870-17873,isSameAs,ALB-CN-1880-5184,1870,1880,70-80,0.987
50bb29c2-dd00-4ba4-afff-f7636259b8d9,ALB-CN-1870-17880,isSameAs,ALB-CN-1880-904,1870,1880,70-80,0.957
cd49b865-9b03-4855-98af-67423f6cb8c4,ALB-CN-1870-17884,isSameAs,ALB-CN-1880-906,1870,1880,70-80,0.98
c693b150-c8ea-4f5e-9674-810a3ec85eea,ALB-CN-1870-17885,isSameAs,ALB-CN-1880-907,1870,1880,70-80,0.971
65604080-cd26-49d1-a248-00c1dc2860c8,ALB-CN-1870-17886,isSameAs,ALB-CN-1880-908,1870,1880,70-80,0.971
f2f05bc5-8d6b-4421-b937-7df943aa685b,ALB-CN-1870-17887,isSameAs,ALB-CN-1880-909,1870,1880,70-80,0.989
9a6e7ff2-9ca1-43c4-98c3-b7e2d0f2f0b2,ALB-CN-1870-17888,isSameAs,ALB-CN-1880-910,1870,1880,70-80,0.989
d91ebb8c-0a2c-464a-a55a-63ede3adbefd,ALB-CN-1870-17893,isSameAs,ALB-CN-1880-6404,1870,1880,70-80,0.622
8012de4f-29e6-4299-8f91-46720e9e3869,ALB-CN-1870-17896,isSameAs,ALB-CN-1880-5276,1870,1880,70-80,0.858
e44ff86f-e0e2-4e2b-97a7-bc12d303dbba,ALB-CN-1870-17898,isSameAs,ALB-CN-1880-5277,1870,1880,70-80,0.76
09b472be-941f-49ba-b490-a610152ded26,ALB-CN-1870-17904,isSameAs,ALB-CN-1880-6123,1870,1880,70-80,0.87
bf319e1a-84d9-4a02-8909-ed036eb51a0b,ALB-CN-1870-17906,isSameAs,ALB-CN-1880-5019,1870,1880,70-80,0.741
4ca414f9-a313-4145-b000-beb3158ff207,ALB-CN-1870-17907,isSameAs,ALB-CN-1880-2662,1870,1880,70-80,0.634
e126db55-308a-4eab-86b1-66ad53ff7a81,ALB-CN-1870-17908,isSameAs,ALB-CN-1880-5012,1870,1880,70-80,0.971
0514006d-2817-4b79-94ed-91e2ac93ef20,ALB-CN-1870-17909,isSameAs,ALB-CN-1880-5013,1870,1880,70-80,0.98
f207374d-0681-4605-9938-385146b5910b,ALB-CN-1870-1791,isSameAs,ALB-CN-1880-23360,1870,1880,70-80,0.976
74ba379e-596d-45e6-aa60-46b1c78b22a4,ALB-CN-1870-17910,isSameAs,ALB-CN-1880-5014,1870,1880,70-80,0.971
bee9083c-f6cf-4d47-a067-faf51b154850,ALB-CN-1870-17911,isSameAs,ALB-CN-1880-5015,1870,1880,70-80,0.989
3bb5fbf0-2889-4c86-ac35-5e70c90ac68d,ALB-CN-1870-1792,isSameAs,ALB-CN-1880-23361,1870,1880,70-80,0.957
9458c7b5-5038-4ece-bb77-670aa5172067,ALB-CN-1870-17920,isSameAs,ALB-CN-1880-32165,1870,1880,70-80,0.852
816722af-676f-4f20-b570-4bbd53f408ba,ALB-CN-1870-17924,isSameAs,ALB-CN-1880-5781,1870,1880,70-80,0.711
1a0b6a4d-1f11-4407-8be4-8f2c8952f29b,ALB-CN-1870-17926,isSameAs,ALB-CN-1880-5782,1870,1880,70-80,0.646
51e49fed-910f-4460-bfb6-68fa610ef882,ALB-CN-1870-17929,isSameAs,ALB-CN-1880-5267,1870,1880,70-80,0.881
031b1e99-521a-4d10-9160-fa346ac240f9,ALB-CN-1870-1793,isSameAs,ALB-CN-1880-23362,1870,1880,70-80,0.832
b3859a70-34e5-4620-8e81-cce214e163b5,ALB-CN-1870-17931,isSameAs,ALB-CN-1880-5269,1870,1880,70-80,0.858
a82d1863-e708-45c0-b8d3-550c3b467f0a,ALB-CN-1870-17934,isSameAs,ALB-CN-1880-5196,1870,1880,70-80,0.957
9929697d-73ef-4755-b456-69ddf919eb31,ALB-CN-1870-17938,isSameAs,ALB-CN-1880-5709,1870,1880,70-80,0.87
fa6ee06d-c864-46e1-82b3-7375c8e0e67b,ALB-CN-1870-17942,isSameAs,ALB-CN-1880-5711,1870,1880,70-80,0.731
86e56249-92c1-4ad1-9246-258adaebc0ec,ALB-CN-1870-17944,isSameAs,ALB-CN-1880-7637,1870,1880,70-80,0.634
18368440-249a-4a06-9119-35183d6cd4d9,ALB-CN-1870-17946,isSameAs,ALB-CN-1880-5229,1870,1880,70-80,0.668
c06f6d23-f4cc-40b2-9722-d72d6f1aa73c,ALB-CN-1870-17957,isSameAs,ALB-CN-1880-948,1870,1880,70-80,0.622
842aefc2-570a-4a65-a034-6f461c0dd8c0,ALB-CN-1870-17964,isSameAs,ALB-CN-1880-4322,1870,1880,70-80,0.98
f8a8ce06-560e-42dc-a23a-7c801e7ae82a,ALB-CN-1870-17965,isSameAs,ALB-CN-1880-4323,1870,1880,70-80,0.95
4252a461-68a6-42e9-98a8-de8edf314e20,ALB-CN-1870-17968,isSameAs,ALB-CN-1880-4324,1870,1880,70-80,0.913
1f19c2f6-965c-4f09-b7ba-b7e6835b120e,ALB-CN-1870-17969,isSameAs,ALB-CN-1880-4325,1870,1880,70-80,0.971
fa3f9667-0717-4ff0-8b60-42bc6e71a344,ALB-CN-1870-17972,isSameAs,ALB-CN-1880-5294,1870,1880,70-80,0.943
55c7fca7-3cdc-4950-a8da-ad7b022b6722,ALB-CN-1870-17974,isSameAs,ALB-CN-1880-5296,1870,1880,70-80,0.964
9ca8a2f3-21fc-42af-9323-9fe06805f570,ALB-CN-1870-17975,isSameAs,ALB-CN-1880-5297,1870,1880,70-80,0.975
852efd78-7c00-4a65-86e7-49f24ceb8c70,ALB-CN-1870-17981,isSameAs,ALB-CN-1880-5281,1870,1880,70-80,0.909
b7abb38d-ea16-4ccd-9325-8b5e3b06afef,ALB-CN-1870-17982,isSameAs,ALB-CN-1880-5282,1870,1880,70-80,0.937
8b31e0f2-0e10-4cea-8055-0ebfd8f87188,ALB-CN-1870-17987,isSameAs,ALB-CN-1880-7993,1870,1880,70-80,0.668
4ebc59a1-95cc-4973-89e8-2da7d4d94946,ALB-CN-1870-17989,isSameAs,ALB-CN-1880-8418,1870,1880,70-80,0.75
5bb3e278-416a-4e0d-8f87-5fd4f3f51f12,ALB-CN-1870-17990,isSameAs,ALB-CN-1880-6396,1870,1880,70-80,0.917
75a897f3-4b36-4db9-9b55-034f0f3abc6a,ALB-CN-1870-17991,isSameAs,ALB-CN-1880-6397,1870,1880,70-80,0.955
d32c5261-8a29-4cea-bad9-02652ff8e1b0,ALB-CN-1870-17993,isSameAs,ALB-CN-1880-21548,1870,1880,70-80,0.943
d72b4252-5c8e-42bc-bf0a-94dd2529c2e5,ALB-CN-1870-17994,isSameAs,ALB-CN-1880-6160,1870,1880,70-80,0.917
97e37ac1-315d-4382-aa8e-73c466d13866,ALB-CN-1870-17996,isSameAs,ALB-CN-1880-2257,1870,1880,70-80,0.964
83e8fb1d-b198-4ec5-b864-f352f83556ab,ALB-CN-1870-17998,isSameAs,ALB-CN-1880-2259,1870,1880,70-80,0.928
044f38e6-d0c5-4337-be07-4ee05f05b252,ALB-CN-1870-17999,isSameAs,ALB-CN-1880-2260,1870,1880,70-80,0.964
064344fc-0f6f-4379-aba0-f389280e7b8e,ALB-CN-1870-18,isSameAs,ALB-CN-1880-22069,1870,1880,70-80,0.957
33f0c8c2-bff2-472a-853e-c5fca337c6bf,ALB-CN-1870-18000,isSameAs,ALB-CN-1880-2261,1870,1880,70-80,0.971
0c034118-8a8f-40eb-81f9-ac0e8c127fb5,ALB-CN-1870-18002,isSameAs,ALB-CN-1880-3494,1870,1880,70-80,0.931
0dd4caf2-745b-4c7a-ba7c-f6d1a5c5b015,ALB-CN-1870-18003,isSameAs,ALB-CN-1880-3495,1870,1880,70-80,0.777
15ee3097-7194-403d-80bb-a43e04e8334f,ALB-CN-1870-18004,isSameAs,ALB-CN-1880-3496,1870,1880,70-80,0.9
525e287f-5a00-4e5c-b6b7-e24495a4c87d,ALB-CN-1870-18013,isSameAs,ALB-CN-1880-5105,1870,1880,70-80,0.846
bb881368-ea45-42a7-9907-21b8226a3225,ALB-CN-1870-18015,isSameAs,ALB-CN-1880-5106,1870,1880,70-80,0.964
a9e7212a-8cdc-408a-b003-df7898319736,ALB-CN-1870-18016,isSameAs,ALB-CN-1880-5107,1870,1880,70-80,0.964
e6134183-8de6-4bf5-b271-040767b757d6,ALB-CN-1870-18017,isSameAs,ALB-CN-1880-3516,1870,1880,70-80,0.75
3655f29d-4802-4273-93c5-d0fb9d337f46,ALB-CN-1870-18025,isSameAs,ALB-CN-1880-4810,1870,1880,70-80,0.846
876d3b9b-dbf6-464b-a41c-189a43202a0b,ALB-CN-1870-18026,isSameAs,ALB-CN-1880-4811,1870,1880,70-80,0.786
0186d9b3-9ef0-4cbb-b36f-2696ac5feece,ALB-CN-1870-18027,isSameAs,ALB-CN-1880-5319,1870,1880,70-80,0.786
89cf82be-7623-43d1-9ee4-52cebf69d67f,ALB-CN-1870-18028,isSameAs,ALB-CN-1880-4822,1870,1880,70-80,0.964
b05f72fb-fa96-4bee-b967-ede019b46bfa,ALB-CN-1870-18033,isSameAs,ALB-CN-1880-1467,1870,1880,70-80,0.924
807183ed-e9be-4065-9565-bbacf730cd87,ALB-CN-1870-18034,isSameAs,ALB-CN-1880-2228,1870,1880,70-80,0.711
94a5ae53-cd38-46da-ad70-90cba3972724,ALB-CN-1870-18035,isSameAs,ALB-CN-1880-2224,1870,1880,70-80,0.622
04a08b8e-3d54-48b0-84a7-4f1dddbeef59,ALB-CN-1870-18037,isSameAs,ALB-CN-1880-5810,1870,1880,70-80,0.943
2fbb6ef1-244a-4f52-9efd-a3688d69de21,ALB-CN-1870-18038,isSameAs,ALB-CN-1880-5811,1870,1880,70-80,0.976
55d8ac92-f7db-43ad-ab15-961be7a7caaa,ALB-CN-1870-18040,isSameAs,ALB-CN-1880-5812,1870,1880,70-80,0.975
62ced3f5-7523-4969-8eb5-6517f999a609,ALB-CN-1870-18043,isSameAs,ALB-CN-1880-4342,1870,1880,70-80,0.989
a570db18-ebc7-49be-8013-8a5154e23cda,ALB-CN-1870-18044,isSameAs,ALB-CN-1880-4343,1870,1880,70-80,0.961
07c973fc-293a-465d-975b-e58095bd346a,ALB-CN-1870-18045,isSameAs,ALB-CN-1880-4344,1870,1880,70-80,0.988
11c2d7ae-9bbd-41c9-a6d8-a8ad412610f1,ALB-CN-1870-18046,isSameAs,ALB-CN-1880-4345,1870,1880,70-80,0.976
ae76dcf8-887e-4151-bff6-3447bbecb153,ALB-CN-1870-18047,isSameAs,ALB-CN-1880-4346,1870,1880,70-80,0.864
eff14db6-324b-4bbe-9454-15fdf0a0e375,ALB-CN-1870-18048,isSameAs,ALB-CN-1880-4347,1870,1880,70-80,0.984
7b87db22-8813-472b-8dc7-b82178bc6210,ALB-CN-1870-18051,isSameAs,ALB-CN-1880-25034,1870,1880,70-80,0.711
2f556352-5031-4648-a1e2-573c91998a31,ALB-CN-1870-18071,isSameAs,ALB-CN-1880-4824,1870,1880,70-80,0.971
73fb18d1-bb92-4056-bdcc-a2b39a5e09c5,ALB-CN-1870-18072,isSameAs,ALB-CN-1880-4825,1870,1880,70-80,0.961
accde5e2-6316-4f29-9c6b-415be98a86eb,ALB-CN-1870-18073,isSameAs,ALB-CN-1880-4826,1870,1880,70-80,0.971
1ecab488-5557-4b87-af16-9fe838f3bfb0,ALB-CN-1870-18075,isSameAs,ALB-CN-1880-6173,1870,1880,70-80,0.875
1e6099a2-519b-42b2-8d76-fd396ed868b7,ALB-CN-1870-18076,isSameAs,ALB-CN-1880-6174,1870,1880,70-80,0.711
e98980c2-3083-474c-99d9-2351052b84c2,ALB-CN-1870-18077,isSameAs,ALB-CN-1880-6175,1870,1880,70-80,0.924
1c740c6b-b073-4f21-94d9-2a953a330965,ALB-CN-1870-18080,isSameAs,ALB-CN-1880-6177,1870,1880,70-80,0.622
4fd50a94-efc3-44e4-a6c7-7399059e03d4,ALB-CN-1870-18081,isSameAs,ALB-CN-1880-4288,1870,1880,70-80,0.9
08ca9029-0c7c-47e5-b266-2ebf1df8fd9f,ALB-CN-1870-18082,isSameAs,ALB-CN-1880-4289,1870,1880,70-80,0.948
f30174e5-670b-44a2-b17e-d0c9983e5ebf,ALB-CN-1870-18084,isSameAs,ALB-CN-1880-4291,1870,1880,70-80,0.75
7a6845c8-c8a5-4e6e-8674-1a82c48b0f56,ALB-CN-1870-18085,isSameAs,ALB-CN-1880-4292,1870,1880,70-80,0.957
5f76895a-5390-4d92-bfb1-66d45c163b8d,ALB-CN-1870-18087,isSameAs,ALB-CN-1880-4282,1870,1880,70-80,0.913
f6dc2065-ced4-4c6d-bbc6-8407eff7ca9f,ALB-CN-1870-18089,isSameAs,ALB-CN-1880-4284,1870,1880,70-80,0.657
b9aeafa4-4359-4b64-afdb-b0912d5cb1f4,ALB-CN-1870-18090,isSameAs,ALB-CN-1880-4316,1870,1880,70-80,0.957
217180b8-4578-4213-a810-9d8d17a51589,ALB-CN-1870-18095,isSameAs,ALB-CN-1880-4395,1870,1880,70-80,0.924
422683fe-f054-44ca-a53e-bb30cd73a352,ALB-CN-1870-18096,isSameAs,ALB-CN-1880-4272,1870,1880,70-80,0.973
45842b8f-de91-4256-bd89-7d0ee89ae915,ALB-CN-1870-18097,isSameAs,ALB-CN-1880-4273,1870,1880,70-80,0.99
d355883a-cf6e-4902-a37b-36a3104fd066,ALB-CN-1870-18098,isSameAs,ALB-CN-1880-4274,1870,1880,70-80,0.984
627bbbc4-7495-4a94-b1ac-0cd88e7d64cb,ALB-CN-1870-18099,isSameAs,ALB-CN-1880-4275,1870,1880,70-80,0.989
6f8867f8-2bd5-4bfe-97ba-32af5fa3fe45,ALB-CN-1870-18100,isSameAs,ALB-CN-1880-4276,1870,1880,70-80,0.984
41be051c-b181-4747-bd11-7ff179507320,ALB-CN-1870-18101,isSameAs,ALB-CN-1880-4277,1870,1880,70-80,0.989
9748060a-b311-45e2-a891-3443041bc2be,ALB-CN-1870-18104,isSameAs,ALB-CN-1880-5186,1870,1880,70-80,0.786
ff764230-a191-4b20-b3c5-9da33e334237,ALB-CN-1870-18105,isSameAs,ALB-CN-1880-24657,1870,1880,70-80,0.786
2a84cb85-ac92-445e-93c6-24e0ddb57ea2,ALB-CN-1870-18107,isSameAs,ALB-CN-1880-24659,1870,1880,70-80,0.622
8350190c-8885-44cc-a587-320d2850e9db,ALB-CN-1870-18108,isSameAs,ALB-CN-1880-24660,1870,1880,70-80,0.711
e48b8f16-744e-4b1d-99c4-babffb3f15eb,ALB-CN-1870-18109,isSameAs,ALB-CN-1880-24661,1870,1880,70-80,0.711
5f857432-8531-4d15-94d8-00019224ba9d,ALB-CN-1870-18110,isSameAs,ALB-CN-1880-964,1870,1880,70-80,0.711
1889f5bb-eedf-4f3e-a749-07bcf87277fb,ALB-CN-1870-18111,isSameAs,ALB-CN-1880-965,1870,1880,70-80,0.622
e59228c5-b2fc-4592-b155-2ada3cc1ed2a,ALB-CN-1870-18112,isSameAs,ALB-CN-1880-5189,1870,1880,70-80,0.846
ab7b1a99-725e-4258-96ab-cd49b0c66537,ALB-CN-1870-18116,isSameAs,ALB-CN-1880-5803,1870,1880,70-80,0.875
c44620d6-c62b-4a20-98dc-a84f86a0d2b4,ALB-CN-1870-18117,isSameAs,ALB-CN-1880-5804,1870,1880,70-80,0.9
6d1d4cff-4be8-437a-ba64-1cfdd7c906dc,ALB-CN-1870-18118,isSameAs,ALB-CN-1880-5805,1870,1880,70-80,0.909
a8cd776e-cf66-4267-985f-995dbfbdfc8a,ALB-CN-1870-1812,isSameAs,ALB-CN-1880-24855,1870,1880,70-80,0.75
6c2ea8c8-3c1d-448d-aa16-8b03f022b82c,ALB-CN-1870-18120,isSameAs,ALB-CN-1880-29667,1870,1880,70-80,0.864
84cea29b-5ab3-45e8-818c-6672877355d8,ALB-CN-1870-18136,isSameAs,ALB-CN-1880-28304,1870,1880,70-80,0.646
5e93cfaa-1d17-4402-8066-989bd4c63791,ALB-CN-1870-1814,isSameAs,ALB-CN-1880-1743,1870,1880,70-80,0.786
a5cdea9d-072a-4329-b0fc-833d2069c102,ALB-CN-1870-18140,isSameAs,ALB-CN-1880-5145,1870,1880,70-80,0.924
6f5c71d0-2f3e-4fb5-a595-94329157db61,ALB-CN-1870-18142,isSameAs,ALB-CN-1880-469,1870,1880,70-80,0.846
b1960519-1929-484e-9cb1-54acfa1b6701,ALB-CN-1870-18144,isSameAs,ALB-CN-1880-5172,1870,1880,70-80,0.668
948dbf01-d0ee-4b15-b3dd-2bc36f6e92af,ALB-CN-1870-18145,isSameAs,ALB-CN-1880-5173,1870,1880,70-80,0.953
f8788e7d-2066-4edc-8d5d-f0839cddb866,ALB-CN-1870-18146,isSameAs,ALB-CN-1880-5174,1870,1880,70-80,0.984
a878601e-fb05-4142-ba19-693af0830972,ALB-CN-1870-18147,isSameAs,ALB-CN-1880-5175,1870,1880,70-80,0.668
eccb7751-8cca-4fde-81d5-28a653ceecec,ALB-CN-1870-18153,isSameAs,ALB-CN-1880-20325,1870,1880,70-80,0.622
437d6cff-e74f-4e01-8954-73008885396f,ALB-CN-1870-18154,isSameAs,ALB-CN-1880-4796,1870,1880,70-80,0.984
f0da6572-8883-4a0b-bfdf-db197ebceae1,ALB-CN-1870-18155,isSameAs,ALB-CN-1880-4797,1870,1880,70-80,0.818
5407cf4d-41ff-4f4c-b805-ae30acc37493,ALB-CN-1870-18156,isSameAs,ALB-CN-1880-4798,1870,1880,70-80,0.973
0e236075-62c5-4809-8abf-bf292243da69,ALB-CN-1870-18158,isSameAs,ALB-CN-1880-4800,1870,1880,70-80,0.961
86a16a5c-f0bc-4611-b356-a9baea8b8afb,ALB-CN-1870-18159,isSameAs,ALB-CN-1880-4801,1870,1880,70-80,0.961
cbf74c76-c439-4dcb-8d86-0cb064f88f80,ALB-CN-1870-18160,isSameAs,ALB-CN-1880-4802,1870,1880,70-80,0.99
b3f7cb22-1279-4d1a-abcc-e7368640e09a,ALB-CN-1870-18161,isSameAs,ALB-CN-1880-4803,1870,1880,70-80,0.984
331097da-5fa7-4226-809e-61f6514db52b,ALB-CN-1870-18162,isSameAs,ALB-CN-1880-4805,1870,1880,70-80,0.982
f2dcfdc9-b645-4a77-bfe1-82626c524e92,ALB-CN-1870-18163,isSameAs,ALB-CN-1880-4804,1870,1880,70-80,0.973
eb816106-ca99-40e1-a880-6b90b8e2ac2b,ALB-CN-1870-18164,isSameAs,ALB-CN-1880-4806,1870,1880,70-80,0.982
52a64500-2667-4b00-bf51-85d26289f6f3,ALB-CN-1870-18165,isSameAs,ALB-CN-1880-4807,1870,1880,70-80,0.973
f6e1362f-563d-4196-9941-c40da45cbdd2,ALB-CN-1870-18166,isSameAs,ALB-CN-1880-5464,1870,1880,70-80,0.881
59498bab-7976-47df-8aac-332d12bb1e31,ALB-CN-1870-18167,isSameAs,ALB-CN-1880-5465,1870,1880,70-80,0.931
9918b232-0b5c-46e0-b789-bfe4d5ddc93f,ALB-CN-1870-18170,isSameAs,ALB-CN-1880-15737,1870,1880,70-80,0.646
e1cdef4f-536d-4796-99d7-fb77db46dc0e,ALB-CN-1870-18171,isSameAs,ALB-CN-1880-19259,1870,1880,70-80,0.711
9ad52810-9689-4c12-a9be-6d40b7e6bb82,ALB-CN-1870-18172,isSameAs,ALB-CN-1880-4924,1870,1880,70-80,0.953
bb74c1cd-4900-40b9-9552-7a5b4ddca6ee,ALB-CN-1870-18173,isSameAs,ALB-CN-1880-4925,1870,1880,70-80,0.69
0d4863bf-7d0b-4334-8dae-0a5c8866006e,ALB-CN-1870-18174,isSameAs,ALB-CN-1880-4926,1870,1880,70-80,0.931
321bcd23-0504-4781-99cd-447e86e77e74,ALB-CN-1870-18176,isSameAs,ALB-CN-1880-4927,1870,1880,70-80,0.957
fd050940-0958-4c6b-9baf-db99c4a3f083,ALB-CN-1870-18177,isSameAs,ALB-CN-1880-4928,1870,1880,70-80,0.971
29a8932d-2b0b-492f-8c73-908971a96a84,ALB-CN-1870-18178,isSameAs,ALB-CN-1880-4929,1870,1880,70-80,0.711
bba6a666-299b-4efe-bb41-9e594b2e2212,ALB-CN-1870-18179,isSameAs,ALB-CN-1880-4816,1870,1880,70-80,0.973
0c963567-4e03-4d76-943b-d17f29c39c67,ALB-CN-1870-18180,isSameAs,ALB-CN-1880-4817,1870,1880,70-80,0.968
5cc9fa37-6203-46d7-a8ce-08d76712bdbb,ALB-CN-1870-18181,isSameAs,ALB-CN-1880-4818,1870,1880,70-80,0.973
63170203-3df9-4000-bfa1-2da9fcd0d323,ALB-CN-1870-18182,isSameAs,ALB-CN-1880-17982,1870,1880,70-80,0.964
d21e05bc-0e04-46cd-b5d1-e25875184fab,ALB-CN-1870-18193,isSameAs,ALB-CN-1880-5337,1870,1880,70-80,0.983
0cb27d9c-bfff-4720-82d8-7ec9062016cd,ALB-CN-1870-18194,isSameAs,ALB-CN-1880-5338,1870,1880,70-80,0.948
d06a32aa-bb25-422d-b2df-56b1871df00a,ALB-CN-1870-18195,isSameAs,ALB-CN-1880-5339,1870,1880,70-80,0.924
9fec30f9-3bd6-4985-b1ed-04b946e31994,ALB-CN-1870-18196,isSameAs,ALB-CN-1880-5341,1870,1880,70-80,0.948
874b2ede-6c9e-45a9-a5b8-d8505edd56a5,ALB-CN-1870-18197,isSameAs,ALB-CN-1880-5342,1870,1880,70-80,0.931
de0f0369-af71-4245-97a0-c2161bc190a8,ALB-CN-1870-18198,isSameAs,ALB-CN-1880-31423,1870,1880,70-80,0.711
a7eeb8ca-053b-4058-ba98-4f5d10536332,ALB-CN-1870-18201,isSameAs,ALB-CN-1880-31425,1870,1880,70-80,0.711
26554188-cf38-435c-9b76-aa103a23921a,ALB-CN-1870-18205,isSameAs,ALB-CN-1880-31427,1870,1880,70-80,0.622
71dbb84a-f442-4025-b57f-0ff339354cc7,ALB-CN-1870-18208,isSameAs,ALB-CN-1880-5306,1870,1880,70-80,0.964
78787baa-e021-4b87-8ecd-66faed8d4c4c,ALB-CN-1870-18209,isSameAs,ALB-CN-1880-5314,1870,1880,70-80,0.9
898330d2-9fec-44a9-a1d3-faeeabc28dd0,ALB-CN-1870-18210,isSameAs,ALB-CN-1880-5307,1870,1880,70-80,0.971
7c7b9b74-5a76-4ee5-b834-41fed613eff4,ALB-CN-1870-18211,isSameAs,ALB-CN-1880-5308,1870,1880,70-80,0.971
bb79949d-dbbd-47fb-acce-20e31b662341,ALB-CN-1870-18220,isSameAs,ALB-CN-1880-28249,1870,1880,70-80,0.622
140cb306-e1f8-4daa-a220-c8b9731d594a,ALB-CN-1870-18221,isSameAs,ALB-CN-1880-18964,1870,1880,70-80,0.937
ed63c008-82f1-4644-9136-414ae02597ad,ALB-CN-1870-18223,isSameAs,ALB-CN-1880-18966,1870,1880,70-80,0.976
931da435-7c67-49fe-910d-ba05f7ffd03e,ALB-CN-1870-18229,isSameAs,ALB-CN-1880-5331,1870,1880,70-80,0.976
47ac12ed-f15f-4a9a-a995-8595f62b2044,ALB-CN-1870-1823,isSameAs,ALB-CN-1880-23435,1870,1880,70-80,0.875
a9723b6d-2e30-4a37-9f1d-6f29ed8e5c4e,ALB-CN-1870-18230,isSameAs,ALB-CN-1880-5332,1870,1880,70-80,0.937
a578e37f-8bae-4831-991e-4663bd495f6b,ALB-CN-1870-18232,isSameAs,ALB-CN-1880-5334,1870,1880,70-80,0.786
9b3ffff8-c452-4ab0-acce-00f4ec0af101,ALB-CN-1870-18233,isSameAs,ALB-CN-1880-4808,1870,1880,70-80,0.794
84f9c150-2d2b-4837-921b-cfeb16edf01d,ALB-CN-1870-18234,isSameAs,ALB-CN-1880-5096,1870,1880,70-80,0.964
4f86d690-1ba4-42a6-a87a-1b2931c6198f,ALB-CN-1870-18235,isSameAs,ALB-CN-1880-5097,1870,1880,70-80,0.957
61241b7d-0b3a-465d-b7b0-72fbbe99d171,ALB-CN-1870-18236,isSameAs,ALB-CN-1880-30787,1870,1880,70-80,0.731
f3ddd5d7-7fe2-43dc-bff8-170679af71e6,ALB-CN-1870-18239,isSameAs,ALB-CN-1880-5124,1870,1880,70-80,0.81
023b9a88-4642-4d69-8dcd-15fa5dee8f8e,ALB-CN-1870-1824,isSameAs,ALB-CN-1880-23436,1870,1880,70-80,0.741
99fbe89e-f21f-4a07-a26b-49073455ed6d,ALB-CN-1870-18240,isSameAs,ALB-CN-1880-12349,1870,1880,70-80,0.668
a7eff3f7-0482-4e14-867e-fdd44ef29155,ALB-CN-1870-18244,isSameAs,ALB-CN-1880-5128,1870,1880,70-80,0.741
d1e40f39-7bce-4b4f-8ef2-38c4f1e839d8,ALB-CN-1870-18245,isSameAs,ALB-CN-1880-5129,1870,1880,70-80,0.741
7810b856-d5a4-47c7-9b76-937ee96be797,ALB-CN-1870-18255,isSameAs,ALB-CN-1880-30536,1870,1880,70-80,0.964
c5924076-f8e6-45bd-b165-730241c85efe,ALB-CN-1870-18256,isSameAs,ALB-CN-1880-30537,1870,1880,70-80,0.679
a6730b0e-fa2f-441a-8497-5562651b0835,ALB-CN-1870-18257,isSameAs,ALB-CN-1880-30538,1870,1880,70-80,0.924
a8c73ef2-d740-405c-ac1c-d1d0365875d2,ALB-CN-1870-18259,isSameAs,ALB-CN-1880-30540,1870,1880,70-80,0.948
801f99b3-2dbf-4fdd-aa91-6fe56d8b3814,ALB-CN-1870-18264,isSameAs,ALB-CN-1880-30352,1870,1880,70-80,0.948
0deaef4a-17d0-46e1-a1e1-7d2d15a2ff0e,ALB-CN-1870-18265,isSameAs,ALB-CN-1880-30353,1870,1880,70-80,0.924
20d6a210-8128-4bae-85eb-c04b0f263a73,ALB-CN-1870-18267,isSameAs,ALB-CN-1880-30354,1870,1880,70-80,0.99
f1193f77-dda2-43f7-8438-669d7c157493,ALB-CN-1870-18268,isSameAs,ALB-CN-1880-30355,1870,1880,70-80,0.987
77b88d53-5cce-48d3-b4b3-cffad2edb03d,ALB-CN-1870-1827,isSameAs,ALB-CN-1880-16544,1870,1880,70-80,0.634
ac194167-c9a4-40db-afab-a2e9a3734b77,ALB-CN-1870-18275,isSameAs,ALB-CN-1880-13331,1870,1880,70-80,0.846
32e5e56b-40d1-4762-9659-1415f21d2911,ALB-CN-1870-18277,isSameAs,ALB-CN-1880-13333,1870,1880,70-80,0.634
0e0f5a72-09bb-454e-94c4-4b8d1c3f34ac,ALB-CN-1870-1828,isSameAs,ALB-CN-1880-23437,1870,1880,70-80,0.971
ed7d709e-7730-43b2-9c0d-3ac55f350865,ALB-CN-1870-18280,isSameAs,ALB-CN-1880-25851,1870,1880,70-80,0.948
3d7dbc43-d4eb-440e-b65a-a6b4ba271adb,ALB-CN-1870-18281,isSameAs,ALB-CN-1880-18760,1870,1880,70-80,0.622
987fdbb6-860c-476a-81c4-938bf91763b0,ALB-CN-1870-18282,isSameAs,ALB-CN-1880-25852,1870,1880,70-80,0.891
da7c98f2-30e1-4579-a9e8-56b14c1c7682,ALB-CN-1870-18283,isSameAs,ALB-CN-1880-25853,1870,1880,70-80,0.794
487c1c52-c7a9-457d-a8a2-3f967dbe3b30,ALB-CN-1870-18284,isSameAs,ALB-CN-1880-18762,1870,1880,70-80,0.917
f19d08a0-eb0d-4732-acc0-427b9f1b120d,ALB-CN-1870-18285,isSameAs,ALB-CN-1880-25855,1870,1880,70-80,0.957
0e9f412c-f3f0-41de-bd54-a9c8a3fa67f4,ALB-CN-1870-18286,isSameAs,ALB-CN-1880-25856,1870,1880,70-80,0.711
7401069b-f73c-4390-8ebe-75dd6c879a7f,ALB-CN-1870-18289,isSameAs,ALB-CN-1880-9530,1870,1880,70-80,0.937
5b93ddec-0efd-48d2-a4bb-8c740fd529fd,ALB-CN-1870-1829,isSameAs,ALB-CN-1880-16587,1870,1880,70-80,0.711
2619b8db-02d2-4b50-b13d-33f91de5f107,ALB-CN-1870-18290,isSameAs,ALB-CN-1880-9531,1870,1880,70-80,0.957
662c1871-0b0a-494d-8b1a-7ced9e9bff24,ALB-CN-1870-18293,isSameAs,ALB-CN-1880-28604,1870,1880,70-80,0.75
ab258e84-af7a-470d-af02-638ac360bfc9,ALB-CN-1870-18299,isSameAs,ALB-CN-1880-9993,1870,1880,70-80,0.731
a14d3274-07b4-4f98-af2e-83b0cce74396,ALB-CN-1870-1830,isSameAs,ALB-CN-1880-23438,1870,1880,70-80,0.957
58f87a43-ddb1-41e8-804b-3c408075eefe,ALB-CN-1870-18303,isSameAs,ALB-CN-1880-13335,1870,1880,70-80,0.634
f0ee9274-8577-438b-be73-1d96772516ec,ALB-CN-1870-18304,isSameAs,ALB-CN-1880-9556,1870,1880,70-80,0.924
69c7acfc-11e3-4aba-8842-d80d13772fb6,ALB-CN-1870-18309,isSameAs,ALB-CN-1880-9329,1870,1880,70-80,0.964
2985e462-42ae-46a6-8fe3-003f77ab4f2c,ALB-CN-1870-1831,isSameAs,ALB-CN-1880-23439,1870,1880,70-80,0.971
93d50949-6d65-4d17-8f96-0808da8938f0,ALB-CN-1870-18310,isSameAs,ALB-CN-1880-9330,1870,1880,70-80,0.971
bd9f6dd8-3d2e-4968-b18f-d255e0924c83,ALB-CN-1870-18311,isSameAs,ALB-CN-1880-9331,1870,1880,70-80,0.957
873d4d94-662f-46a7-a561-ae9bd6e641bd,ALB-CN-1870-18314,isSameAs,ALB-CN-1880-9305,1870,1880,70-80,0.971
aa5a9ec4-d21a-4f4b-b822-1ac437b412c6,ALB-CN-1870-18315,isSameAs,ALB-CN-1880-9306,1870,1880,70-80,0.959
4e7cdd5c-8b64-4469-b9e9-b7a2464db096,ALB-CN-1870-18316,isSameAs,ALB-CN-1880-9307,1870,1880,70-80,0.971
1966ec67-55ed-4ece-ae71-1b9333f79dcf,ALB-CN-1870-18317,isSameAs,ALB-CN-1880-7422,1870,1880,70-80,0.818
6914d3f0-25b5-44f2-abf2-fa09b0683f18,ALB-CN-1870-18318,isSameAs,ALB-CN-1880-9309,1870,1880,70-80,0.984
a70cad65-95ee-4380-869e-3e59de517912,ALB-CN-1870-18319,isSameAs,ALB-CN-1880-9462,1870,1880,70-80,0.94
f3cea2ea-a456-488b-a099-6bac895a4892,ALB-CN-1870-1832,isSameAs,ALB-CN-1880-23440,1870,1880,70-80,0.731
7b76b939-17da-45f0-a65f-1d31ed1aacb7,ALB-CN-1870-18320,isSameAs,ALB-CN-1880-9463,1870,1880,70-80,0.948
4bf54642-d957-4ed2-9eda-cbfcd99d9456,ALB-CN-1870-18321,isSameAs,ALB-CN-1880-9464,1870,1880,70-80,0.971
91b5e3ab-a5c7-4da3-b07e-1b6d85c87037,ALB-CN-1870-18322,isSameAs,ALB-CN-1880-9465,1870,1880,70-80,0.75
c5d8ce5e-72de-4320-8685-fe117436216f,ALB-CN-1870-18326,isSameAs,ALB-CN-1880-9313,1870,1880,70-80,0.964
65c8168c-7ed8-4661-b490-616ce06a2d60,ALB-CN-1870-18330,isSameAs,ALB-CN-1880-26392,1870,1880,70-80,0.832
ff7a0df3-ed98-462b-888e-9a2537136a1e,ALB-CN-1870-18334,isSameAs,ALB-CN-1880-12228,1870,1880,70-80,0.69
2b25bce6-84f3-430f-8fa5-874f9d56331a,ALB-CN-1870-18335,isSameAs,ALB-CN-1880-14286,1870,1880,70-80,0.622
20d18f07-a53d-4365-8bf3-8c0d0915d57c,ALB-CN-1870-18336,isSameAs,ALB-CN-1880-14287,1870,1880,70-80,0.711
6dc1fd54-b924-41da-99f8-eb3412454abf,ALB-CN-1870-18337,isSameAs,ALB-CN-1880-14288,1870,1880,70-80,0.777
0cf4e80c-e236-4c73-8059-8680796e04d1,ALB-CN-1870-18338,isSameAs,ALB-CN-1880-14289,1870,1880,70-80,0.711
aa4c5331-94c1-4dab-bfcc-79718095390e,ALB-CN-1870-18341,isSameAs,ALB-CN-1880-24700,1870,1880,70-80,0.972
c92ee7ff-df72-4d8e-99f5-f6f65d9f8a1e,ALB-CN-1870-18342,isSameAs,ALB-CN-1880-24701,1870,1880,70-80,0.978
6e496b28-f44f-44a7-ac91-e852146e6634,ALB-CN-1870-18343,isSameAs,ALB-CN-1880-24702,1870,1880,70-80,0.968
00aa0ba4-ae3c-46d6-a93f-805a33300764,ALB-CN-1870-18344,isSameAs,ALB-CN-1880-24703,1870,1880,70-80,0.622
dad2e7a4-ed38-4945-bd7d-6309bf737272,ALB-CN-1870-18349,isSameAs,ALB-CN-1880-24704,1870,1880,70-80,0.971
7a31de45-4a26-427f-ab7b-19571a6f2909,ALB-CN-1870-18350,isSameAs,ALB-CN-1880-24705,1870,1880,70-80,0.971
6ce92b86-e749-4179-b214-ae9c0d6cf2d6,ALB-CN-1870-18351,isSameAs,ALB-CN-1880-24706,1870,1880,70-80,0.957
f916dd71-f513-4a3f-85a9-fc244c8a568d,ALB-CN-1870-18352,isSameAs,ALB-CN-1880-24707,1870,1880,70-80,0.98
9f59f1f1-edcd-4c5c-ac60-ab4a51df916a,ALB-CN-1870-18355,isSameAs,ALB-CN-1880-9114,1870,1880,70-80,0.948
b7819aa7-811b-45a2-92db-a48dd03f64c8,ALB-CN-1870-18357,isSameAs,ALB-CN-1880-9116,1870,1880,70-80,0.948
0de9556e-690f-4103-a452-8cdb0ec216a7,ALB-CN-1870-18358,isSameAs,ALB-CN-1880-9117,1870,1880,70-80,0.711
9a2b2c81-5050-4da1-9b7b-95b7893afbb8,ALB-CN-1870-18361,isSameAs,ALB-CN-1880-12740,1870,1880,70-80,0.98
00ef66dc-8f81-4e53-a07a-fdea3a17fa7a,ALB-CN-1870-18362,isSameAs,ALB-CN-1880-12741,1870,1880,70-80,0.964
15bb85c1-c3dd-4ef1-98fc-d37de1bbbd6c,ALB-CN-1870-18363,isSameAs,ALB-CN-1880-12742,1870,1880,70-80,0.971
494ef836-6b03-46d0-a405-9be1caed5aa1,ALB-CN-1870-18364,isSameAs,ALB-CN-1880-12743,1870,1880,70-80,0.971
3f1460cd-89e4-44ee-b4e2-7757f3beb577,ALB-CN-1870-18365,isSameAs,ALB-CN-1880-9292,1870,1880,70-80,0.948
4f4f613b-fa35-461a-8365-89c0aab15cf7,ALB-CN-1870-18366,isSameAs,ALB-CN-1880-9293,1870,1880,70-80,0.937
8c8a35db-4866-4bad-aa4f-99c91aa5fc48,ALB-CN-1870-18367,isSameAs,ALB-CN-1880-9294,1870,1880,70-80,0.971
a75a8c04-84bb-46e3-8bc9-691e5b283745,ALB-CN-1870-18376,isSameAs,ALB-CN-1880-11135,1870,1880,70-80,0.917
1d4081ca-9f3b-4ef5-93f4-81f9d5d607c3,ALB-CN-1870-18377,isSameAs,ALB-CN-1880-11136,1870,1880,70-80,0.931
76dc619e-d530-4990-81db-d23551d1ec7a,ALB-CN-1870-18379,isSameAs,ALB-CN-1880-11140,1870,1880,70-80,0.948
b4d82c5a-82f8-43d8-86fa-db4aed60ac27,ALB-CN-1870-1838,isSameAs,ALB-CN-1880-4518,1870,1880,70-80,0.786
0140bd48-f4c9-4d4d-b42a-0c48b67e6f5c,ALB-CN-1870-18380,isSameAs,ALB-CN-1880-9211,1870,1880,70-80,0.668
d47080f4-db4d-49ab-bdcd-45f5d2f5aee9,ALB-CN-1870-18383,isSameAs,ALB-CN-1880-11137,1870,1880,70-80,0.9
843ba7d4-0247-40a6-8791-fa8cb723c291,ALB-CN-1870-18385,isSameAs,ALB-CN-1880-10155,1870,1880,70-80,0.891
f3310b71-871b-4e9f-87d7-369926133770,ALB-CN-1870-18386,isSameAs,ALB-CN-1880-9954,1870,1880,70-80,0.769
750f38c7-a0c4-4c14-b56f-048578b2f485,ALB-CN-1870-18387,isSameAs,ALB-CN-1880-11139,1870,1880,70-80,0.924
50c5a2fe-63f4-439a-9ef3-ed0f0100465e,ALB-CN-1870-18388,isSameAs,ALB-CN-1880-19251,1870,1880,70-80,0.622
129a0be3-ff24-4772-af28-d12c8fd3a83b,ALB-CN-1870-18389,isSameAs,ALB-CN-1880-9212,1870,1880,70-80,0.858
dd984c69-996b-4f0c-aae8-9ed72a1ca3f1,ALB-CN-1870-1839,isSameAs,ALB-CN-1880-27660,1870,1880,70-80,0.701
25fd1263-4e30-4e43-ada6-f5bfb49dbf0b,ALB-CN-1870-18394,isSameAs,ALB-CN-1880-28873,1870,1880,70-80,0.721
fd83c6c2-d66a-4bf8-a7f2-ed9d21d8147a,ALB-CN-1870-18401,isSameAs,ALB-CN-1880-9096,1870,1880,70-80,0.971
e029e80c-628f-48fe-b5e3-6c11da0826b5,ALB-CN-1870-18402,isSameAs,ALB-CN-1880-9093,1870,1880,70-80,0.971
e76fb11a-f52f-4630-bae8-56266f213dff,ALB-CN-1870-18405,isSameAs,ALB-CN-1880-9269,1870,1880,70-80,0.924
ce57d8a1-2128-4a73-ad0d-cb510185bd51,ALB-CN-1870-18407,isSameAs,ALB-CN-1880-9447,1870,1880,70-80,0.634
27b95ffe-da49-4525-8ed6-ee78ca20abda,ALB-CN-1870-18408,isSameAs,ALB-CN-1880-9097,1870,1880,70-80,0.957
d808ec1c-a0e6-4096-99e0-5ff622c438df,ALB-CN-1870-18409,isSameAs,ALB-CN-1880-9098,1870,1880,70-80,0.99
a34512eb-9598-4ebd-a29e-e474db6acf30,ALB-CN-1870-1841,isSameAs,ALB-CN-1880-4521,1870,1880,70-80,0.794
6959dc91-8b7a-45f0-9a79-9ff3fcfbea57,ALB-CN-1870-18410,isSameAs,ALB-CN-1880-9099,1870,1880,70-80,0.971
e8e38a87-f872-4bf8-a6bc-c01146305f07,ALB-CN-1870-18411,isSameAs,ALB-CN-1880-9100,1870,1880,70-80,0.668
34960c61-a1dc-4d45-92ae-87db60066fa5,ALB-CN-1870-18413,isSameAs,ALB-CN-1880-12260,1870,1880,70-80,0.731
06cb61bf-fbfd-4596-8a90-b524beef28fa,ALB-CN-1870-1842,isSameAs,ALB-CN-1880-23432,1870,1880,70-80,0.909
8f492284-d192-485b-887b-5543c6daf966,ALB-CN-1870-18421,isSameAs,ALB-CN-1880-12261,1870,1880,70-80,0.881
f198f20f-4acc-4237-8c15-63a2751ef295,ALB-CN-1870-18422,isSameAs,ALB-CN-1880-9107,1870,1880,70-80,0.989
84a4b4af-4c46-4f88-bc38-8442ba8170f2,ALB-CN-1870-18423,isSameAs,ALB-CN-1880-9108,1870,1880,70-80,0.98
63b08d6c-0d8c-4edc-8e6b-806b8762fa7a,ALB-CN-1870-18425,isSameAs,ALB-CN-1880-9109,1870,1880,70-80,0.989
bad36ae9-ca26-4ee3-b973-155cad5aef69,ALB-CN-1870-18426,isSameAs,ALB-CN-1880-9110,1870,1880,70-80,0.984
d0a02954-9a8e-48dd-b125-e8d806b3632b,ALB-CN-1870-18427,isSameAs,ALB-CN-1880-9111,1870,1880,70-80,0.953
bf574ef0-4984-4c9e-b127-e30256ff2f54,ALB-CN-1870-18428,isSameAs,ALB-CN-1880-9112,1870,1880,70-80,0.971
ad4b3bd6-f13a-417e-96e2-8be1e1037465,ALB-CN-1870-18429,isSameAs,ALB-CN-1880-11745,1870,1880,70-80,0.731
50d88935-319c-4770-90a5-252ae4c65d39,ALB-CN-1870-1843,isSameAs,ALB-CN-1880-23433,1870,1880,70-80,0.786
02069756-0a10-47c4-a8a0-efaee12edd5a,ALB-CN-1870-18435,isSameAs,ALB-CN-1880-9487,1870,1880,70-80,0.75
d2b9483e-b386-4c88-a75c-f57dd568f040,ALB-CN-1870-18438,isSameAs,ALB-CN-1880-9490,1870,1880,70-80,0.961
aaf038de-ef4d-44b8-91d3-ac648c71c70f,ALB-CN-1870-1844,isSameAs,ALB-CN-1880-23417,1870,1880,70-80,0.971
765c6a29-8d07-40c2-8b96-d12bbd01f097,ALB-CN-1870-18440,isSameAs,ALB-CN-1880-9491,1870,1880,70-80,0.989
6a0cfcdc-2e2e-4ff8-9bf7-85954a9ae7c9,ALB-CN-1870-18443,isSameAs,ALB-CN-1880-9285,1870,1880,70-80,0.937
9f7d0fbb-423e-4e3a-9094-bd12bc155c6a,ALB-CN-1870-18446,isSameAs,ALB-CN-1880-9082,1870,1880,70-80,0.858
9e981df3-d57c-4d4c-ae44-d2c31501f4e2,ALB-CN-1870-18448,isSameAs,ALB-CN-1880-10133,1870,1880,70-80,0.917
cc64d4a0-ff55-4b45-9762-65a023e4eda7,ALB-CN-1870-18449,isSameAs,ALB-CN-1880-10134,1870,1880,70-80,0.948
6419fc34-1c24-4f97-83e5-b471e8b6ae4e,ALB-CN-1870-1845,isSameAs,ALB-CN-1880-23418,1870,1880,70-80,0.978
897e5f39-5256-4efb-a584-423030d6b1ae,ALB-CN-1870-18450,isSameAs,ALB-CN-1880-10136,1870,1880,70-80,0.917
29876466-9cb8-4317-8fcc-fbcca2db1e95,ALB-CN-1870-18451,isSameAs,ALB-CN-1880-9264,1870,1880,70-80,0.794
918c1c61-bc0d-4ea9-9ed0-719a9258fd85,ALB-CN-1870-18452,isSameAs,ALB-CN-1880-9267,1870,1880,70-80,0.846
e38ac71d-abe4-41a7-8fea-2afe665e25ed,ALB-CN-1870-18453,isSameAs,ALB-CN-1880-9664,1870,1880,70-80,0.9
7714f0bb-5c6a-407c-a8ac-6c3bf9b62e35,ALB-CN-1870-18456,isSameAs,ALB-CN-1880-9666,1870,1880,70-80,0.955
18f219b2-08a6-47aa-9a17-385712cd4a5d,ALB-CN-1870-18466,isSameAs,ALB-CN-1880-21389,1870,1880,70-80,0.622
817102fe-8b35-4f4e-9abb-b93cbe5c9ca6,ALB-CN-1870-18467,isSameAs,ALB-CN-1880-9469,1870,1880,70-80,0.937
ea21f395-c330-4d43-b040-73a8146cfae5,ALB-CN-1870-18468,isSameAs,ALB-CN-1880-9470,1870,1880,70-80,0.971
9126d012-b21e-455c-b32d-d898a23a5315,ALB-CN-1870-18469,isSameAs,ALB-CN-1880-9471,1870,1880,70-80,0.957
a7968296-4aba-48ab-9079-297db2358b7a,ALB-CN-1870-18470,isSameAs,ALB-CN-1880-9473,1870,1880,70-80,0.977
b125acad-34cd-4d05-af1d-b9625183cbd9,ALB-CN-1870-18471,isSameAs,ALB-CN-1880-9474,1870,1880,70-80,0.971
59251abb-9f1c-430d-848c-1b5cacc9f892,ALB-CN-1870-18472,isSameAs,ALB-CN-1880-9475,1870,1880,70-80,0.971
9d262a4d-737f-4199-b1ac-36f359ad373f,ALB-CN-1870-18473,isSameAs,ALB-CN-1880-9476,1870,1880,70-80,0.957
3b44824d-9237-45a3-974d-d4e00869fa04,ALB-CN-1870-18474,isSameAs,ALB-CN-1880-12748,1870,1880,70-80,0.909
0b3fb90f-7561-4c58-9ade-f84e34d3bbb0,ALB-CN-1870-18478,isSameAs,ALB-CN-1880-12751,1870,1880,70-80,0.76
e5f0bc7b-e88f-4100-8670-8ffb55b0fc83,ALB-CN-1870-18479,isSameAs,ALB-CN-1880-7598,1870,1880,70-80,0.721
820034a6-4374-450a-893d-4aff75d406b2,ALB-CN-1870-1848,isSameAs,ALB-CN-1880-23419,1870,1880,70-80,0.953
545ce74d-5fd5-489e-9c1a-1274a3d341de,ALB-CN-1870-18487,isSameAs,ALB-CN-1880-12186,1870,1880,70-80,0.769
039c9d5e-ce7e-4e56-bce2-d08ce1db3ea8,ALB-CN-1870-1849,isSameAs,ALB-CN-1880-23420,1870,1880,70-80,0.971
a4f3e9eb-8d2e-4d12-9dac-f2014f86fc4f,ALB-CN-1870-18497,isSameAs,ALB-CN-1880-15428,1870,1880,70-80,0.875
3933d526-131c-449b-9055-8b1e6484f738,ALB-CN-1870-18499,isSameAs,ALB-CN-1880-9268,1870,1880,70-80,0.984
c0cbe803-969b-408c-a0bb-5f9a52b51572,ALB-CN-1870-18503,isSameAs,ALB-CN-1880-9047,1870,1880,70-80,0.679
ca79baa0-6830-4582-a5ec-5ee10a56f49f,ALB-CN-1870-18508,isSameAs,ALB-CN-1880-9921,1870,1880,70-80,0.924
7f800961-272d-41e9-ae3b-4336b34df9fa,ALB-CN-1870-18512,isSameAs,ALB-CN-1880-9928,1870,1880,70-80,0.711
32d240bc-41d5-48c2-8717-16a7d9891f33,ALB-CN-1870-18513,isSameAs,ALB-CN-1880-9923,1870,1880,70-80,0.924
49a0e195-c931-4b13-a6c2-d7a828e1530d,ALB-CN-1870-18515,isSameAs,ALB-CN-1880-9924,1870,1880,70-80,0.924
108852c5-778d-494f-9547-555db41edf35,ALB-CN-1870-18519,isSameAs,ALB-CN-1880-9256,1870,1880,70-80,0.668
2836273e-50ad-48c4-bcaa-46a6d84c7336,ALB-CN-1870-18520,isSameAs,ALB-CN-1880-14154,1870,1880,70-80,0.679
39fdcb39-bc23-4979-ba27-012a74ee9c54,ALB-CN-1870-18526,isSameAs,ALB-CN-1880-9260,1870,1880,70-80,0.75
0f0d0d00-01ed-47d2-9b35-cd5c39bdf171,ALB-CN-1870-18527,isSameAs,ALB-CN-1880-26239,1870,1880,70-80,0.909
ee6fbddd-32bd-49e9-9dca-2f1945fa3ab6,ALB-CN-1870-18528,isSameAs,ALB-CN-1880-10125,1870,1880,70-80,0.989
8311fbe9-d7f6-43b6-983e-b05650ca88ab,ALB-CN-1870-18530,isSameAs,ALB-CN-1880-10126,1870,1880,70-80,0.984
53fcd387-4c58-4e96-b292-59c392a6b796,ALB-CN-1870-18531,isSameAs,ALB-CN-1880-10127,1870,1880,70-80,0.818
6212892a-d5d5-4579-b4b1-1b5588cb1fb3,ALB-CN-1870-18532,isSameAs,ALB-CN-1880-10128,1870,1880,70-80,0.976
ea5cbe8d-3070-4fab-9c6d-50c4befc4a20,ALB-CN-1870-18533,isSameAs,ALB-CN-1880-26242,1870,1880,70-80,0.937
037c224d-3ad5-488c-acec-74c95f73a7c2,ALB-CN-1870-18541,isSameAs,ALB-CN-1880-9653,1870,1880,70-80,0.937
6e860fa2-07bb-420f-b657-de005d29487e,ALB-CN-1870-18542,isSameAs,ALB-CN-1880-9654,1870,1880,70-80,0.971
37e7880d-b2ca-43d7-83dc-b3f01def3479,ALB-CN-1870-18543,isSameAs,ALB-CN-1880-9439,1870,1880,70-80,0.818
fec0cd82-2478-4954-9806-06cea3965475,ALB-CN-1870-18545,isSameAs,ALB-CN-1880-9687,1870,1880,70-80,0.794
e3366d4d-7334-4db3-8d56-df521f1b36e4,ALB-CN-1870-18546,isSameAs,ALB-CN-1880-9655,1870,1880,70-80,0.957
707c7b1f-1c09-4443-b488-1f4961f6a90f,ALB-CN-1870-18547,isSameAs,ALB-CN-1880-9656,1870,1880,70-80,0.957
a592704a-4275-4ccd-95b3-1e86eee7931d,ALB-CN-1870-18548,isSameAs,ALB-CN-1880-9657,1870,1880,70-80,0.931
a8fa7a8f-efb4-4829-9b5e-ba6f51923b9e,ALB-CN-1870-18551,isSameAs,ALB-CN-1880-9647,1870,1880,70-80,0.987
0f5946c2-d2a4-4300-9e38-49c9b2aff984,ALB-CN-1870-18552,isSameAs,ALB-CN-1880-9648,1870,1880,70-80,0.976
e22aad26-2cb2-45bd-8c2d-a0eba0403e73,ALB-CN-1870-18553,isSameAs,ALB-CN-1880-9650,1870,1880,70-80,0.622
b42ce050-1866-4489-806e-262356fbcc5e,ALB-CN-1870-18554,isSameAs,ALB-CN-1880-12669,1870,1880,70-80,0.818
7ad512eb-cc41-4846-b93f-66a03dde403c,ALB-CN-1870-18557,isSameAs,ALB-CN-1880-8835,1870,1880,70-80,0.969
a0213c70-f39a-4d12-aae3-7ce38763b544,ALB-CN-1870-1856,isSameAs,ALB-CN-1880-22830,1870,1880,70-80,0.832
8288b2ed-d24f-4e48-a332-5970b36dfdfc,ALB-CN-1870-18560,isSameAs,ALB-CN-1880-9182,1870,1880,70-80,0.786
e6a6cd3d-3684-4718-90a0-a1b6ec00dcd4,ALB-CN-1870-18565,isSameAs,ALB-CN-1880-25599,1870,1880,70-80,0.634
8d9a29bb-2d99-42de-8e8a-24aad53678d9,ALB-CN-1870-18569,isSameAs,ALB-CN-1880-9228,1870,1880,70-80,0.971
df94f6c1-3bc6-4a2d-a6b3-b448539a6ae1,ALB-CN-1870-18570,isSameAs,ALB-CN-1880-9229,1870,1880,70-80,0.971
ba1ea628-aafd-40d3-ab4d-9535aeb18533,ALB-CN-1870-18572,isSameAs,ALB-CN-1880-9230,1870,1880,70-80,0.971
bab338d1-7430-460c-a416-efd55fd1812d,ALB-CN-1870-18576,isSameAs,ALB-CN-1880-9231,1870,1880,70-80,0.984
31917b04-2e4a-4c67-94c3-c2ff7fc3818f,ALB-CN-1870-18577,isSameAs,ALB-CN-1880-9232,1870,1880,70-80,0.957
06598a5a-3f69-4403-a5e4-c7fd3855bb51,ALB-CN-1870-1858,isSameAs,ALB-CN-1880-22831,1870,1880,70-80,0.988
83b9f062-ae5c-4f26-827b-5af6bc06ec35,ALB-CN-1870-18582,isSameAs,ALB-CN-1880-20767,1870,1880,70-80,0.846
0c99fa4d-bad4-4a14-9161-45d42e886f36,ALB-CN-1870-18586,isSameAs,ALB-CN-1880-12119,1870,1880,70-80,0.668
a950b0f2-8e87-4ea3-bba1-ea1955c00ab2,ALB-CN-1870-18587,isSameAs,ALB-CN-1880-12120,1870,1880,70-80,0.786
d4f9c4e4-428f-44e6-81e1-47c66d33052e,ALB-CN-1870-18588,isSameAs,ALB-CN-1880-22988,1870,1880,70-80,0.818
e88d1b91-6c17-41aa-b113-8db8916d00c9,ALB-CN-1870-18590,isSameAs,ALB-CN-1880-22990,1870,1880,70-80,0.87
16c75d2e-4a30-4dca-a1af-9ca158cacbd0,ALB-CN-1870-18591,isSameAs,ALB-CN-1880-3500,1870,1880,70-80,0.69
659e2804-b931-4e0f-8944-aa850934d08f,ALB-CN-1870-18596,isSameAs,ALB-CN-1880-9202,1870,1880,70-80,0.931
a33bab45-f6f1-4293-a6cc-f81840331c47,ALB-CN-1870-18597,isSameAs,ALB-CN-1880-9203,1870,1880,70-80,0.937
11054410-3bc8-4466-b470-6e5116a475ca,ALB-CN-1870-18598,isSameAs,ALB-CN-1880-9191,1870,1880,70-80,0.985
cf78d015-30d0-4581-ba80-6d557455d700,ALB-CN-1870-18599,isSameAs,ALB-CN-1880-9192,1870,1880,70-80,0.961
a624e58e-4b32-4c93-8707-e3ea4ab8287d,ALB-CN-1870-18601,isSameAs,ALB-CN-1880-9193,1870,1880,70-80,0.989
75611171-8c0b-4ed4-afeb-fd539e50f0d3,ALB-CN-1870-18602,isSameAs,ALB-CN-1880-9194,1870,1880,70-80,0.984
a252d127-bca6-454a-a7ea-5755bfc8b34e,ALB-CN-1870-18603,isSameAs,ALB-CN-1880-9195,1870,1880,70-80,0.989
f3e232c9-0e38-482c-8740-4d9d1f6a0b57,ALB-CN-1870-18606,isSameAs,ALB-CN-1880-27892,1870,1880,70-80,0.646
68506c11-10ef-43f5-95d4-3c4682bfc010,ALB-CN-1870-18607,isSameAs,ALB-CN-1880-9218,1870,1880,70-80,0.668
d4c73f79-6c29-4c24-9430-9e2afd3e56ad,ALB-CN-1870-18609,isSameAs,ALB-CN-1880-9199,1870,1880,70-80,0.802
30801345-5df0-4638-80b0-d30608ba0c5c,ALB-CN-1870-1861,isSameAs,ALB-CN-1880-30011,1870,1880,70-80,0.948
d5ca65d9-d3c6-4ad2-b5a4-5b4bba0ab839,ALB-CN-1870-18610,isSameAs,ALB-CN-1880-9207,1870,1880,70-80,0.852
ffece06c-32b8-40bf-8b3b-31a3df15636f,ALB-CN-1870-18611,isSameAs,ALB-CN-1880-9208,1870,1880,70-80,0.948
c7d4a697-163b-4fd9-9392-f7e80f0b522c,ALB-CN-1870-18612,isSameAs,ALB-CN-1880-9209,1870,1880,70-80,0.99
2f88c08a-a79c-4fab-82b0-d2551dfdfc50,ALB-CN-1870-18618,isSameAs,ALB-CN-1880-9251,1870,1880,70-80,0.948
92a7bd90-ee47-45f4-b737-e4330d87219d,ALB-CN-1870-18619,isSameAs,ALB-CN-1880-9252,1870,1880,70-80,0.802
818b91fb-da72-4e37-92eb-7ec1b796f194,ALB-CN-1870-18620,isSameAs,ALB-CN-1880-26303,1870,1880,70-80,0.711
38a6ac2c-8429-4d1d-b810-8236a8f41f65,ALB-CN-1870-18625,isSameAs,ALB-CN-1880-9603,1870,1880,70-80,0.69
1afbe384-0282-4948-904a-9453798ec3f5,ALB-CN-1870-18626,isSameAs,ALB-CN-1880-9604,1870,1880,70-80,0.87
63fe796b-9b5b-424a-8d06-354470b26df7,ALB-CN-1870-1863,isSameAs,ALB-CN-1880-14003,1870,1880,70-80,0.634
250efc13-6528-4d2d-8b7c-f4b1124ad24b,ALB-CN-1870-18630,isSameAs,ALB-CN-1880-9606,1870,1880,70-80,0.825
1ebd1228-0b3c-4ba0-ad5a-003bedfcf596,ALB-CN-1870-18637,isSameAs,ALB-CN-1880-27136,1870,1880,70-80,0.87
4f24ddae-38e6-4154-a8db-559514a83129,ALB-CN-1870-18638,isSameAs,ALB-CN-1880-27137,1870,1880,70-80,0.909
fb34ba8a-0fd0-4011-b931-2ae2fcd40aee,ALB-CN-1870-1864,isSameAs,ALB-CN-1880-24687,1870,1880,70-80,0.668
167ffb2b-a5ca-4b62-9f17-9039c26a5d26,ALB-CN-1870-18643,isSameAs,ALB-CN-1880-27138,1870,1880,70-80,0.818
a25efdca-a607-4be2-9bcc-3d5d8b9b46d7,ALB-CN-1870-18644,isSameAs,ALB-CN-1880-27139,1870,1880,70-80,0.987
eab99386-45fd-46ba-a144-0e6984e7c04b,ALB-CN-1870-18654,isSameAs,ALB-CN-1880-4423,1870,1880,70-80,0.881
010b64bf-a0c7-45bb-b098-44579534bfb8,ALB-CN-1870-18661,isSameAs,ALB-CN-1880-3566,1870,1880,70-80,0.668
25c37a98-e6b0-4296-b225-816947724413,ALB-CN-1870-18662,isSameAs,ALB-CN-1880-3690,1870,1880,70-80,0.846
8d61778b-6a59-4c8a-9551-d592bd1544ea,ALB-CN-1870-18669,isSameAs,ALB-CN-1880-26297,1870,1880,70-80,0.9
a3878e98-4aa3-4a19-836f-03485b72ba78,ALB-CN-1870-18670,isSameAs,ALB-CN-1880-26298,1870,1880,70-80,0.976
c92c3d8c-ad00-45eb-ad70-ac1d41ef524a,ALB-CN-1870-18671,isSameAs,ALB-CN-1880-28239,1870,1880,70-80,0.75
46a22a9e-609a-4e68-9764-f5df4b760165,ALB-CN-1870-18673,isSameAs,ALB-CN-1880-26302,1870,1880,70-80,0.711
7cc43d45-9d45-48a1-a9fc-2f26781ab96f,ALB-CN-1870-18674,isSameAs,ALB-CN-1880-26304,1870,1880,70-80,0.701
8a18b55a-c790-43cd-941a-a0aa4c09f9c2,ALB-CN-1870-1869,isSameAs,ALB-CN-1880-22923,1870,1880,70-80,0.957
f5af1fd0-a145-4da9-b5a9-ccfc7ff7a8f1,ALB-CN-1870-18695,isSameAs,ALB-CN-1880-24833,1870,1880,70-80,0.985
db4e7987-7127-4147-ac30-812256195080,ALB-CN-1870-18696,isSameAs,ALB-CN-1880-24834,1870,1880,70-80,0.961
489628bb-cccd-4a26-96a0-573c6a2b51a2,ALB-CN-1870-18697,isSameAs,ALB-CN-1880-24835,1870,1880,70-80,0.961
a9b39eb3-e15d-46d0-8c6e-235d4f4d6a12,ALB-CN-1870-18698,isSameAs,ALB-CN-1880-24836,1870,1880,70-80,0.943
9b822e4e-6092-42c0-8009-e8310658a8e9,ALB-CN-1870-18699,isSameAs,ALB-CN-1880-24837,1870,1880,70-80,0.978
2576a121-fd3b-4eae-bb5d-56bcf4bd9351,ALB-CN-1870-1870,isSameAs,ALB-CN-1880-23389,1870,1880,70-80,0.989
423861db-d8dd-4c73-a17f-723a20f89e80,ALB-CN-1870-18702,isSameAs,ALB-CN-1880-31056,1870,1880,70-80,0.786
4113164b-9ad1-4ba3-8f6c-a4b1bfbc479e,ALB-CN-1870-18703,isSameAs,ALB-CN-1880-31057,1870,1880,70-80,0.976
96d586a2-1e00-4981-bba6-f32f5830c4f5,ALB-CN-1870-18704,isSameAs,ALB-CN-1880-31058,1870,1880,70-80,0.786
56285883-b9ae-4aa4-88fd-a93491622019,ALB-CN-1870-18708,isSameAs,ALB-CN-1880-20504,1870,1880,70-80,0.731
6fd160f8-1972-4a88-9a92-61d245e485a0,ALB-CN-1870-18710,isSameAs,ALB-CN-1880-8404,1870,1880,70-80,0.657
b4e64f56-debe-4c60-98fa-4286bcdc469b,ALB-CN-1870-18715,isSameAs,ALB-CN-1880-4438,1870,1880,70-80,0.961
6c6c426d-19a5-4db6-9a5d-4731604f5ebd,ALB-CN-1870-1872,isSameAs,ALB-CN-1880-23391,1870,1880,70-80,0.668
38478b88-1062-48cf-991d-8e64a698a0cc,ALB-CN-1870-18721,isSameAs,ALB-CN-1880-7213,1870,1880,70-80,0.711
5ecc5863-6ba6-40b6-99ae-6518c25271aa,ALB-CN-1870-18722,isSameAs,ALB-CN-1880-7215,1870,1880,70-80,0.953
0667e8b7-adb8-4ee3-9ed9-b31881ac18fd,ALB-CN-1870-18723,isSameAs,ALB-CN-1880-7216,1870,1880,70-80,0.711
a60c077d-60a6-4abb-b688-ee4cdf9f564a,ALB-CN-1870-18724,isSameAs,ALB-CN-1880-7218,1870,1880,70-80,0.711
4e625f33-d6c0-4871-9469-eed2d610c7e9,ALB-CN-1870-18727,isSameAs,ALB-CN-1880-7214,1870,1880,70-80,0.622
e3bbce47-fa5d-4ec2-a353-f9d9a63825f5,ALB-CN-1870-1873,isSameAs,ALB-CN-1880-23392,1870,1880,70-80,0.984
0cc02b51-428e-48d3-8a44-90296cc49f5d,ALB-CN-1870-18730,isSameAs,ALB-CN-1880-9498,1870,1880,70-80,0.924
d1a7582a-5c72-4828-9779-aad12269b5da,ALB-CN-1870-18731,isSameAs,ALB-CN-1880-5715,1870,1880,70-80,0.622
6abe7ffc-caa4-4732-aaba-e09210bce69c,ALB-CN-1870-18732,isSameAs,ALB-CN-1880-26543,1870,1880,70-80,0.786
edc647f7-9810-4b65-8e31-80ff915be8d7,ALB-CN-1870-18733,isSameAs,ALB-CN-1880-3578,1870,1880,70-80,0.924
a2e68267-cdb0-49a2-8ef1-d6df4ae85c01,ALB-CN-1870-18734,isSameAs,ALB-CN-1880-3673,1870,1880,70-80,0.731
5a4d98a9-f798-4a68-a417-8bf6c800cdb0,ALB-CN-1870-18735,isSameAs,ALB-CN-1880-18867,1870,1880,70-80,0.711
9970374d-c8e3-42a3-bd17-9223039eacf3,ALB-CN-1870-18736,isSameAs,ALB-CN-1880-3580,1870,1880,70-80,0.99
ff02e8cc-c169-4081-bc1a-0fd6ea354bcb,ALB-CN-1870-18738,isSameAs,ALB-CN-1880-3581,1870,1880,70-80,0.622
232f88f6-4947-4b93-b19f-3f7bbbe08e0e,ALB-CN-1870-18739,isSameAs,ALB-CN-1880-3579,1870,1880,70-80,0.948
371092c7-c6e4-479b-9acd-240df4f363a0,ALB-CN-1870-1874,isSameAs,ALB-CN-1880-23393,1870,1880,70-80,0.984
3c012ba5-a226-4705-9cab-4ea6163f2e4f,ALB-CN-1870-18740,isSameAs,ALB-CN-1880-3582,1870,1880,70-80,0.948
51419ab5-0e26-4a20-947b-57066e2c3d0c,ALB-CN-1870-18741,isSameAs,ALB-CN-1880-3583,1870,1880,70-80,0.622
f1f0402d-a98e-4892-9063-3e5fdcd8c6d8,ALB-CN-1870-18745,isSameAs,ALB-CN-1880-4370,1870,1880,70-80,0.948
71cbbdbf-3030-40fd-ba3f-a1066350663d,ALB-CN-1870-18748,isSameAs,ALB-CN-1880-4372,1870,1880,70-80,0.886
ce1ab92d-5426-4b48-a185-a60fd505edb9,ALB-CN-1870-18749,isSameAs,ALB-CN-1880-31652,1870,1880,70-80,0.668
4f962204-9963-4627-ba06-90b3fea827ba,ALB-CN-1870-1875,isSameAs,ALB-CN-1880-23394,1870,1880,70-80,0.973
7f184337-8e4c-42bc-87b7-07e0849279b9,ALB-CN-1870-18750,isSameAs,ALB-CN-1880-4373,1870,1880,70-80,0.921
adc121a6-c1c1-4cb9-8bfc-c6e12020cd96,ALB-CN-1870-18751,isSameAs,ALB-CN-1880-4374,1870,1880,70-80,0.961
25b9123a-0c2d-4c14-baa1-3fe9b9b336bc,ALB-CN-1870-18752,isSameAs,ALB-CN-1880-220,1870,1880,70-80,0.891
772e2230-aaaf-4096-b6b9-5865da1a1e08,ALB-CN-1870-18753,isSameAs,ALB-CN-1880-26017,1870,1880,70-80,0.668
019d9ca6-6087-4e2b-8e1c-97acb91107bd,ALB-CN-1870-18758,isSameAs,ALB-CN-1880-10832,1870,1880,70-80,0.971
cf509c38-4125-4cc0-a5ed-d075dd6126be,ALB-CN-1870-18762,isSameAs,ALB-CN-1880-10834,1870,1880,70-80,0.971
e1de2b24-8dd0-4df4-84df-64f5eceebb34,ALB-CN-1870-18765,isSameAs,ALB-CN-1880-10836,1870,1880,70-80,0.622
528a17df-deb2-470c-badd-815ba568d31e,ALB-CN-1870-18766,isSameAs,ALB-CN-1880-10837,1870,1880,70-80,0.989
5a2a7c66-52f4-4438-a3d6-4011fbebedb1,ALB-CN-1870-18767,isSameAs,ALB-CN-1880-10838,1870,1880,70-80,0.924
740ed122-334b-4abb-8df5-978d546d3d39,ALB-CN-1870-18768,isSameAs,ALB-CN-1880-26016,1870,1880,70-80,0.957
2761c9b0-5532-447e-a2c7-ef9a3044b6a5,ALB-CN-1870-18770,isSameAs,ALB-CN-1880-26023,1870,1880,70-80,0.957
161dfa4a-4843-443c-83cf-789e21328f2d,ALB-CN-1870-18771,isSameAs,ALB-CN-1880-26024,1870,1880,70-80,0.957
9a85148b-9b28-4edd-8cd5-149f91c20176,ALB-CN-1870-18772,isSameAs,ALB-CN-1880-26018,1870,1880,70-80,0.953
b030e2f5-e04a-429b-be50-1509445b59ed,ALB-CN-1870-18773,isSameAs,ALB-CN-1880-26019,1870,1880,70-80,0.953
03018c47-3f3c-4f6c-b3c0-88b449133e23,ALB-CN-1870-18774,isSameAs,ALB-CN-1880-26020,1870,1880,70-80,0.971
b3c2fca3-1344-4199-b898-b598ba945e84,ALB-CN-1870-18775,isSameAs,ALB-CN-1880-26021,1870,1880,70-80,0.971
2885e4c5-e4cc-4e0d-84d6-87c85939753f,ALB-CN-1870-18776,isSameAs,ALB-CN-1880-16114,1870,1880,70-80,0.909
914c7a8d-5b10-4759-8a86-541e5b482040,ALB-CN-1870-18778,isSameAs,ALB-CN-1880-18379,1870,1880,70-80,0.931
c0b9fcc3-edcd-407a-88d7-97d171f4dbb0,ALB-CN-1870-18779,isSameAs,ALB-CN-1880-28524,1870,1880,70-80,0.896
67f9ea56-3d69-41f1-9cd5-925f37851c44,ALB-CN-1870-1878,isSameAs,ALB-CN-1880-24115,1870,1880,70-80,0.913
d3ebf9ca-0de9-44ce-ad4f-d23a65a35914,ALB-CN-1870-18780,isSameAs,ALB-CN-1880-7120,1870,1880,70-80,0.87
b7edeeef-1674-4b5f-9102-c02611304b0e,ALB-CN-1870-18781,isSameAs,ALB-CN-1880-28525,1870,1880,70-80,0.711
f0f0f541-14ff-4a1a-b322-9085304560fb,ALB-CN-1870-18782,isSameAs,ALB-CN-1880-24709,1870,1880,70-80,0.711
39421062-1a56-450e-80ad-1a6509a5e437,ALB-CN-1870-18784,isSameAs,ALB-CN-1880-5491,1870,1880,70-80,0.711
2b848d6f-8481-4169-8f14-cbf0eb5b281e,ALB-CN-1870-18792,isSameAs,ALB-CN-1880-8340,1870,1880,70-80,0.945
54eeb1af-a4f6-4838-aae5-1452b5fc6852,ALB-CN-1870-18793,isSameAs,ALB-CN-1880-8341,1870,1880,70-80,0.924
8ca731f9-7616-48e5-894b-439f533fa8d6,ALB-CN-1870-18794,isSameAs,ALB-CN-1880-8342,1870,1880,70-80,0.87
a07698a3-5963-47ec-9e85-2ec46a7e4431,ALB-CN-1870-18795,isSameAs,ALB-CN-1880-8343,1870,1880,70-80,0.917
01d1bcc4-5b75-44f7-8043-78b89aba0aeb,ALB-CN-1870-18796,isSameAs,ALB-CN-1880-20620,1870,1880,70-80,0.825
99a878ac-76ca-4523-9801-e9dfc141aee5,ALB-CN-1870-1880,isSameAs,ALB-CN-1880-24116,1870,1880,70-80,0.948
c6886674-031f-4ae0-8bf7-383fab46ae5d,ALB-CN-1870-18800,isSameAs,ALB-CN-1880-24008,1870,1880,70-80,0.668
af57f7a6-76f2-4867-ba02-b666fd55cc36,ALB-CN-1870-18802,isSameAs,ALB-CN-1880-5606,1870,1880,70-80,0.964
d8129766-31b9-4a09-8ce9-9a6980941ea5,ALB-CN-1870-18803,isSameAs,ALB-CN-1880-5607,1870,1880,70-80,0.937
caebbfc4-8fe5-45a7-92c3-7f8e5b3c7888,ALB-CN-1870-18804,isSameAs,ALB-CN-1880-10248,1870,1880,70-80,0.622
2e7934c8-a229-4b1b-a365-d7c4870dd0f7,ALB-CN-1870-18805,isSameAs,ALB-CN-1880-5608,1870,1880,70-80,0.971
cc828dca-445e-4870-acd1-caba1a65ef68,ALB-CN-1870-1881,isSameAs,ALB-CN-1880-24117,1870,1880,70-80,0.913
20e7970f-c988-438b-93f0-a808521815fc,ALB-CN-1870-18812,isSameAs,ALB-CN-1880-28530,1870,1880,70-80,0.75
68dbe76a-18da-4add-a310-3a238e203564,ALB-CN-1870-18817,isSameAs,ALB-CN-1880-28534,1870,1880,70-80,0.818
20823e64-7afc-4359-82eb-78faf51c5c57,ALB-CN-1870-1882,isSameAs,ALB-CN-1880-24119,1870,1880,70-80,0.971
00b117ca-22d6-4791-af1a-d3a10983a026,ALB-CN-1870-18820,isSameAs,ALB-CN-1880-28535,1870,1880,70-80,0.818
263b6b51-2825-4281-823e-5980820e3418,ALB-CN-1870-18821,isSameAs,ALB-CN-1880-28536,1870,1880,70-80,0.668
80e1fa27-ab8d-4121-8e1b-e172cd22fd6e,ALB-CN-1870-18826,isSameAs,ALB-CN-1880-5609,1870,1880,70-80,0.858
91902962-3723-43ef-827d-e5fb5208a666,ALB-CN-1870-18827,isSameAs,ALB-CN-1880-5610,1870,1880,70-80,0.913
ba3632d9-7e22-4320-8917-c7e6149e1a8f,ALB-CN-1870-18828,isSameAs,ALB-CN-1880-28531,1870,1880,70-80,0.818
c7f98900-2160-4afd-ad04-eccdd3d68a7a,ALB-CN-1870-18830,isSameAs,ALB-CN-1880-5611,1870,1880,70-80,0.9
b48f10bb-bf3b-4e15-9f1d-9b5c480f698c,ALB-CN-1870-18831,isSameAs,ALB-CN-1880-28533,1870,1880,70-80,0.818
298cfbf2-e86e-41b1-9f99-139ef6327723,ALB-CN-1870-18832,isSameAs,ALB-CN-1880-5613,1870,1880,70-80,0.971
e3fc1fa6-0804-4100-b4e0-e1b83f602413,ALB-CN-1870-18833,isSameAs,ALB-CN-1880-5614,1870,1880,70-80,0.937
ba7c5341-c6be-4e8c-981b-c553521c9cf5,ALB-CN-1870-18834,isSameAs,ALB-CN-1880-5598,1870,1880,70-80,0.985
0f76b94c-f901-43c2-9eb9-f4181e3202cc,ALB-CN-1870-18836,isSameAs,ALB-CN-1880-27788,1870,1880,70-80,0.622
9ebc66b7-e3c7-43c9-9979-5b992dab0389,ALB-CN-1870-18837,isSameAs,ALB-CN-1880-5601,1870,1880,70-80,0.75
17a9d5b2-9af5-41fb-8b62-e9ea30c09f7d,ALB-CN-1870-18841,isSameAs,ALB-CN-1880-5619,1870,1880,70-80,0.948
c7ce5bd1-9ac9-4d2f-a77b-dd407d443c5d,ALB-CN-1870-18843,isSameAs,ALB-CN-1880-5621,1870,1880,70-80,0.896
92f3ea45-b31d-4edf-af8f-988c55ae1f3a,ALB-CN-1870-18844,isSameAs,ALB-CN-1880-5622,1870,1880,70-80,0.622
0395df33-4ee0-4be9-9ac8-928de79aa593,ALB-CN-1870-18845,isSameAs,ALB-CN-1880-5623,1870,1880,70-80,0.924
df4a5525-081c-4585-bd85-c50afb55668d,ALB-CN-1870-18846,isSameAs,ALB-CN-1880-5640,1870,1880,70-80,0.846
df8417e4-bb35-4e2c-bf7a-54677007a9a7,ALB-CN-1870-18851,isSameAs,ALB-CN-1880-5088,1870,1880,70-80,0.931
873a5cf9-d691-437e-83c3-56e3ed05ca28,ALB-CN-1870-18854,isSameAs,ALB-CN-1880-5084,1870,1880,70-80,0.9
cb6a3813-8330-40af-8d07-b4201bc06372,ALB-CN-1870-18855,isSameAs,ALB-CN-1880-5076,1870,1880,70-80,0.989
7828df12-abe0-4dcf-8256-8b563d82e177,ALB-CN-1870-18857,isSameAs,ALB-CN-1880-4799,1870,1880,70-80,0.711
4b8bd6dd-497d-4c1c-b7cf-c348db1e5228,ALB-CN-1870-18858,isSameAs,ALB-CN-1880-5083,1870,1880,70-80,0.989
dcbc637a-863d-4762-a715-aed3f680628a,ALB-CN-1870-18859,isSameAs,ALB-CN-1880-5078,1870,1880,70-80,0.976
3f6f4b4a-48a8-4716-a9eb-961d9a275679,ALB-CN-1870-18861,isSameAs,ALB-CN-1880-5079,1870,1880,70-80,0.984
d21d1056-bc28-4503-a580-e7ef972a186c,ALB-CN-1870-18862,isSameAs,ALB-CN-1880-5080,1870,1880,70-80,0.984
88253e0a-e9f4-4b5a-b631-4c1a93fafb7e,ALB-CN-1870-18863,isSameAs,ALB-CN-1880-5081,1870,1880,70-80,0.976
e78a3da9-2973-44a8-bfcd-33b202810c71,ALB-CN-1870-18864,isSameAs,ALB-CN-1880-5082,1870,1880,70-80,0.75
e80883ac-ba66-4318-9f73-db79eb5d8fff,ALB-CN-1870-18868,isSameAs,ALB-CN-1880-5524,1870,1880,70-80,0.98
566e4c0f-bc2e-4c69-b04b-5a3394f5dd77,ALB-CN-1870-18869,isSameAs,ALB-CN-1880-5526,1870,1880,70-80,0.818
3ec93030-8c40-49d8-9ca7-f8b0a5b78115,ALB-CN-1870-18872,isSameAs,ALB-CN-1880-5528,1870,1880,70-80,0.94
4001f409-48e6-4779-9bc8-3f05d698f70f,ALB-CN-1870-18873,isSameAs,ALB-CN-1880-5529,1870,1880,70-80,0.971
46f33c60-756d-4139-8f7d-c21187e19ea9,ALB-CN-1870-18874,isSameAs,ALB-CN-1880-5530,1870,1880,70-80,0.971
7402b1a3-bf79-48ee-a6c0-0cfde912b961,ALB-CN-1870-18877,isSameAs,ALB-CN-1880-7105,1870,1880,70-80,0.846
fc18b113-997e-47ed-9d73-15296b1b7dcb,ALB-CN-1870-18878,isSameAs,ALB-CN-1880-7106,1870,1880,70-80,0.909
40685558-8a7e-46c9-b82f-590e879c6552,ALB-CN-1870-18883,isSameAs,ALB-CN-1880-5653,1870,1880,70-80,0.886
3eac477b-7763-48ca-9d4f-f33af2b5a8b4,ALB-CN-1870-18884,isSameAs,ALB-CN-1880-5654,1870,1880,70-80,0.94
d21dd21e-f391-4096-a1ee-800ac2558685,ALB-CN-1870-18885,isSameAs,ALB-CN-1880-5656,1870,1880,70-80,0.701
c75b45ae-1cbf-4212-9787-d105eb11314c,ALB-CN-1870-18886,isSameAs,ALB-CN-1880-5657,1870,1880,70-80,0.75
d71b1b34-ab26-4cf4-8f51-9f6f4dd930b4,ALB-CN-1870-18889,isSameAs,ALB-CN-1880-5599,1870,1880,70-80,0.881
5b5d6083-b903-4348-bb7a-973b62783f78,ALB-CN-1870-1889,isSameAs,ALB-CN-1880-23946,1870,1880,70-80,0.881
6d4ee1c1-b618-432b-af0b-5beb70a26d70,ALB-CN-1870-18890,isSameAs,ALB-CN-1880-5600,1870,1880,70-80,0.931
148cfded-9f13-48fe-b95e-5a5f1d1acfad,ALB-CN-1870-18891,isSameAs,ALB-CN-1880-3983,1870,1880,70-80,0.917
512bafd7-b2e5-4251-b600-c157546c5313,ALB-CN-1870-18896,isSameAs,ALB-CN-1880-5592,1870,1880,70-80,0.846
eb28e80f-efc5-4456-9a62-43787568bff7,ALB-CN-1870-189,isSameAs,ALB-CN-1880-14505,1870,1880,70-80,0.957
82eb1e09-f65a-4434-b69b-7148d585f31b,ALB-CN-1870-1890,isSameAs,ALB-CN-1880-23947,1870,1880,70-80,0.881
e9bf8821-eaf0-4109-8259-0c75c2cf3bd2,ALB-CN-1870-18900,isSameAs,ALB-CN-1880-7248,1870,1880,70-80,0.711
9a9142cb-adcf-4462-b859-14ce36e0ffb5,ALB-CN-1870-18902,isSameAs,ALB-CN-1880-3964,1870,1880,70-80,0.937
46201f49-933e-4b66-8978-e1670c7f5c8a,ALB-CN-1870-18903,isSameAs,ALB-CN-1880-3965,1870,1880,70-80,0.937
f60df608-165d-4311-a7ce-d83632f257dd,ALB-CN-1870-1891,isSameAs,ALB-CN-1880-23948,1870,1880,70-80,0.832
aa45b18d-e75e-4311-83bf-71b4b51e356a,ALB-CN-1870-18913,isSameAs,ALB-CN-1880-5616,1870,1880,70-80,0.909
608ab049-c319-45ba-a747-b29398ba17ae,ALB-CN-1870-18915,isSameAs,ALB-CN-1880-4133,1870,1880,70-80,0.731
7f64ed32-7eb8-4cd7-bd11-222d4190217d,ALB-CN-1870-18916,isSameAs,ALB-CN-1880-4134,1870,1880,70-80,0.846
572f04ed-0691-4d95-a6e0-bec7d5032ca0,ALB-CN-1870-1892,isSameAs,ALB-CN-1880-30949,1870,1880,70-80,0.668
559c8f14-1ea5-4c1c-9641-2054591a6aa9,ALB-CN-1870-18920,isSameAs,ALB-CN-1880-5670,1870,1880,70-80,0.937
33d01360-8a6d-4962-818a-cff3ecc7fbf4,ALB-CN-1870-18921,isSameAs,ALB-CN-1880-5671,1870,1880,70-80,0.909
1c0680f1-39df-4406-a986-62243c3cecf0,ALB-CN-1870-1893,isSameAs,ALB-CN-1880-24129,1870,1880,70-80,0.98
08889bad-5155-4a56-aa8e-97cd7bea54ad,ALB-CN-1870-18931,isSameAs,ALB-CN-1880-4100,1870,1880,70-80,0.957
cee5a1a6-f291-4c96-b38e-4dd24f783db2,ALB-CN-1870-18935,isSameAs,ALB-CN-1880-5663,1870,1880,70-80,0.959
546976b1-b732-40f7-be96-0dccff8be4bb,ALB-CN-1870-18936,isSameAs,ALB-CN-1880-5664,1870,1880,70-80,0.957
98e09557-bdbe-4d54-9e02-3ae8e6b1fc16,ALB-CN-1870-18937,isSameAs,ALB-CN-1880-18704,1870,1880,70-80,0.818
cbc768f1-1949-4ab8-81e5-de6cf30fbedf,ALB-CN-1870-18938,isSameAs,ALB-CN-1880-5665,1870,1880,70-80,0.971
14324347-7566-4256-96e2-c7ecc95826fe,ALB-CN-1870-1894,isSameAs,ALB-CN-1880-24130,1870,1880,70-80,0.943
de7c25e5-ed0d-4900-8d35-96ca0d0f4c3e,ALB-CN-1870-18940,isSameAs,ALB-CN-1880-24684,1870,1880,70-80,0.721
356cf70f-475d-41df-b515-661eadf24eb5,ALB-CN-1870-18941,isSameAs,ALB-CN-1880-5666,1870,1880,70-80,0.818
75f748e4-cabe-4d70-ac95-8dcf42a2f799,ALB-CN-1870-18942,isSameAs,ALB-CN-1880-5667,1870,1880,70-80,0.818
508a55c8-4bff-43e4-99c9-974e9a003503,ALB-CN-1870-18943,isSameAs,ALB-CN-1880-18705,1870,1880,70-80,0.75
a215bec8-e86f-4d8f-af29-6c6c796327bd,ALB-CN-1870-18946,isSameAs,ALB-CN-1880-5676,1870,1880,70-80,0.75
56e2907b-d6b8-41ae-ac7a-5366a835308c,ALB-CN-1870-18947,isSameAs,ALB-CN-1880-5677,1870,1880,70-80,0.777
92b5ede6-0459-4acb-bec3-1e544db88c3d,ALB-CN-1870-18948,isSameAs,ALB-CN-1880-5678,1870,1880,70-80,0.864
e54b18ed-3358-47fc-ab03-9da096c0e655,ALB-CN-1870-18949,isSameAs,ALB-CN-1880-5679,1870,1880,70-80,0.945
3513d79f-94d6-41a2-80c5-ac44d0bf2aa7,ALB-CN-1870-18955,isSameAs,ALB-CN-1880-31912,1870,1880,70-80,0.711
269fa2b2-4cc9-410e-b6ed-4828b0ba7797,ALB-CN-1870-18956,isSameAs,ALB-CN-1880-31913,1870,1880,70-80,0.924
c4519d7e-4508-43a6-8d3f-9f6acf19a10f,ALB-CN-1870-18958,isSameAs,ALB-CN-1880-1912,1870,1880,70-80,0.98
39a5e1ef-8f09-4569-99bc-d72bbfeab688,ALB-CN-1870-18959,isSameAs,ALB-CN-1880-31916,1870,1880,70-80,0.948
63b8f64c-e4c8-4d35-bc05-10c2d75b2c9d,ALB-CN-1870-1896,isSameAs,ALB-CN-1880-30258,1870,1880,70-80,0.832
6c3237aa-56ad-49eb-acf9-5fd3e89a951b,ALB-CN-1870-18960,isSameAs,ALB-CN-1880-31917,1870,1880,70-80,0.971
78f8ea7f-d204-4b0d-a843-27d3654751e1,ALB-CN-1870-18961,isSameAs,ALB-CN-1880-31918,1870,1880,70-80,0.948
07aa5051-e187-4f5e-a2f8-103339c3f279,ALB-CN-1870-18964,isSameAs,ALB-CN-1880-5761,1870,1880,70-80,0.69
db075d22-989a-482f-a948-ade6c4f5a4bc,ALB-CN-1870-18967,isSameAs,ALB-CN-1880-3999,1870,1880,70-80,0.948
540ba8f9-0611-4d2e-8ac5-f4a1870c6a3d,ALB-CN-1870-18969,isSameAs,ALB-CN-1880-4084,1870,1880,70-80,0.846
6c746f74-a49b-40cd-bc26-7ed08bfc5f47,ALB-CN-1870-18972,isSameAs,ALB-CN-1880-4002,1870,1880,70-80,0.924
d4b213e9-aad8-4b0f-bc82-e9fd6d77c123,ALB-CN-1870-18975,isSameAs,ALB-CN-1880-31084,1870,1880,70-80,0.668
c7efbc28-32ff-45b7-934a-51e88c7bb5bd,ALB-CN-1870-18977,isSameAs,ALB-CN-1880-4122,1870,1880,70-80,0.94
09d2f11b-6a9b-43c4-aa9b-bceaa9151612,ALB-CN-1870-18978,isSameAs,ALB-CN-1880-4123,1870,1880,70-80,0.957
7bb7655d-97e4-4b34-bd5b-7c7b056c3314,ALB-CN-1870-1898,isSameAs,ALB-CN-1880-24131,1870,1880,70-80,0.957
af8c8835-96b0-4178-ba64-a7fe88dde92a,ALB-CN-1870-18980,isSameAs,ALB-CN-1880-18765,1870,1880,70-80,0.786
4f2d08be-8886-42c5-936d-5edb61d89835,ALB-CN-1870-18981,isSameAs,ALB-CN-1880-18758,1870,1880,70-80,0.852
6915b741-c7ef-441d-9c92-8e5fcbad242e,ALB-CN-1870-18983,isSameAs,ALB-CN-1880-4124,1870,1880,70-80,0.913
bfd4f065-2808-44bf-a205-6a5d7c773893,ALB-CN-1870-18984,isSameAs,ALB-CN-1880-4125,1870,1880,70-80,0.957
25d08701-a23b-4e90-888a-83c17f24b43e,ALB-CN-1870-18985,isSameAs,ALB-CN-1880-4126,1870,1880,70-80,0.971
232c3368-c5b0-4e54-b93f-f87c80aa3f80,ALB-CN-1870-18986,isSameAs,ALB-CN-1880-31599,1870,1880,70-80,0.622
933bccc0-c11b-47ce-8183-5cbc00b57937,ALB-CN-1870-18987,isSameAs,ALB-CN-1880-4127,1870,1880,70-80,0.957
396fbd84-4a58-4e79-9601-7f6e233f3caa,ALB-CN-1870-18988,isSameAs,ALB-CN-1880-4128,1870,1880,70-80,0.966
c7836902-8946-47f8-af92-cb4c39f5e123,ALB-CN-1870-18992,isSameAs,ALB-CN-1880-4107,1870,1880,70-80,0.99
91451a61-5e96-4a86-88b2-f4c15af1769f,ALB-CN-1870-18994,isSameAs,ALB-CN-1880-4109,1870,1880,70-80,0.984
07f21c4f-27ba-4ec3-ab8e-e68500f9abce,ALB-CN-1870-18995,isSameAs,ALB-CN-1880-4110,1870,1880,70-80,0.984
4622e8b1-8229-436a-8825-aa589f402fc6,ALB-CN-1870-18996,isSameAs,ALB-CN-1880-4108,1870,1880,70-80,0.668
6d1f67b1-d3af-41fa-9e07-8a99b77520ce,ALB-CN-1870-19,isSameAs,ALB-CN-1880-22070,1870,1880,70-80,0.937
a1fe72c4-2b74-4b3e-8a18-006417975693,ALB-CN-1870-190,isSameAs,ALB-CN-1880-14506,1870,1880,70-80,0.971
19e13ad3-bcdf-47b3-8c6a-2a5bc247dbc2,ALB-CN-1870-19001,isSameAs,ALB-CN-1880-19742,1870,1880,70-80,0.611
9d2e2f4a-9a72-4747-90ae-7bca60a1b960,ALB-CN-1870-19007,isSameAs,ALB-CN-1880-5641,1870,1880,70-80,0.982
8d944632-3792-4f68-bc69-11bce4220144,ALB-CN-1870-19011,isSameAs,ALB-CN-1880-5642,1870,1880,70-80,0.984
68e9dcf5-7a43-467b-9076-e748ecff43c2,ALB-CN-1870-19012,isSameAs,ALB-CN-1880-5644,1870,1880,70-80,0.99
fda51a34-e025-453b-9dd9-76a82a2fbeff,ALB-CN-1870-19013,isSameAs,ALB-CN-1880-5643,1870,1880,70-80,0.75
f4809169-3ab0-4a7d-9166-8fefc920b471,ALB-CN-1870-19014,isSameAs,ALB-CN-1880-5646,1870,1880,70-80,0.95
2874e04d-6491-4f43-ab9f-9ab687dae7a9,ALB-CN-1870-19015,isSameAs,ALB-CN-1880-5645,1870,1880,70-80,0.982
2a2f8d09-f7d6-4354-8283-124ee59b2553,ALB-CN-1870-19016,isSameAs,ALB-CN-1880-5647,1870,1880,70-80,0.75
7a1349d7-447e-4479-b5fc-68958e9bfa0f,ALB-CN-1870-19017,isSameAs,ALB-CN-1880-13790,1870,1880,70-80,0.964
c8e8f656-d3a9-4f65-9a12-3d5e0cef352a,ALB-CN-1870-19018,isSameAs,ALB-CN-1880-13791,1870,1880,70-80,0.924
790cad71-f441-498b-ad65-280a2ec7316c,ALB-CN-1870-19022,isSameAs,ALB-CN-1880-13793,1870,1880,70-80,0.948
800a673c-f4d5-4f8b-a36b-f287c2cbfa70,ALB-CN-1870-19023,isSameAs,ALB-CN-1880-13794,1870,1880,70-80,0.924
faf0c5c4-3875-460f-ac7b-38c10de30c4f,ALB-CN-1870-19026,isSameAs,ALB-CN-1880-3725,1870,1880,70-80,0.794
3fc46e18-f48c-4e86-9f92-132fcfb87eec,ALB-CN-1870-19027,isSameAs,ALB-CN-1880-3817,1870,1880,70-80,0.794
bf04548d-f82d-4702-99bd-e370f55fb7b6,ALB-CN-1870-19031,isSameAs,ALB-CN-1880-3726,1870,1880,70-80,0.891
a3f9a070-819a-4b9d-b0ed-853eca186df9,ALB-CN-1870-19032,isSameAs,ALB-CN-1880-3727,1870,1880,70-80,0.891
c40d47c6-9095-4f64-a22c-13b73966d0e0,ALB-CN-1870-19041,isSameAs,ALB-CN-1880-3706,1870,1880,70-80,0.668
e0fe758c-2b44-4057-80b6-5b54c1b43604,ALB-CN-1870-19042,isSameAs,ALB-CN-1880-3707,1870,1880,70-80,0.731
bb5caee4-eb7e-47c4-8caf-2ede115f23cc,ALB-CN-1870-19045,isSameAs,ALB-CN-1880-3711,1870,1880,70-80,0.786
8462be31-cd0b-4a34-b929-e4ff9f4fde14,ALB-CN-1870-1906,isSameAs,ALB-CN-1880-27643,1870,1880,70-80,0.886
d0d0e87d-7f4f-462d-92e4-ff3d029fd49b,ALB-CN-1870-19061,isSameAs,ALB-CN-1880-3731,1870,1880,70-80,0.832
4647bdac-b3b1-4ebb-86b8-6cb5b2bd8e16,ALB-CN-1870-19062,isSameAs,ALB-CN-1880-3732,1870,1880,70-80,0.832
8dd114a7-b413-4afc-b1eb-fdf606cb4491,ALB-CN-1870-19063,isSameAs,ALB-CN-1880-3733,1870,1880,70-80,0.75
a786baa0-1cb5-488e-8d05-41afc8ff3a78,ALB-CN-1870-19064,isSameAs,ALB-CN-1880-3734,1870,1880,70-80,0.896
16b99755-84fd-4919-b611-3ba6748fa124,ALB-CN-1870-19065,isSameAs,ALB-CN-1880-3740,1870,1880,70-80,0.989
622300ef-6fe0-4c7b-ba58-703781204fdc,ALB-CN-1870-19066,isSameAs,ALB-CN-1880-3741,1870,1880,70-80,0.864
a166358f-0e79-4cb7-85e2-8600ff5f67e6,ALB-CN-1870-19067,isSameAs,ALB-CN-1880-12937,1870,1880,70-80,0.75
9db22345-3d28-4f5e-8c69-c4b9b94060a5,ALB-CN-1870-1907,isSameAs,ALB-CN-1880-24034,1870,1880,70-80,0.9
67a0518e-1b3a-4ee6-8d95-759deff8f4c1,ALB-CN-1870-19070,isSameAs,ALB-CN-1880-3747,1870,1880,70-80,0.943
374017d5-03d1-4717-a86f-91b65afb55ff,ALB-CN-1870-19073,isSameAs,ALB-CN-1880-5059,1870,1880,70-80,0.909
d7f03033-bfc5-4b80-b476-28260063bfdb,ALB-CN-1870-19076,isSameAs,ALB-CN-1880-5060,1870,1880,70-80,0.802
965ba2ca-55bb-4db3-af8f-9e1a39976766,ALB-CN-1870-19077,isSameAs,ALB-CN-1880-24886,1870,1880,70-80,0.731
8ea40e55-d987-4d32-915b-1442e43308ef,ALB-CN-1870-19079,isSameAs,ALB-CN-1880-19267,1870,1880,70-80,0.957
7e0caa98-b348-44bd-92f0-189acf2152ef,ALB-CN-1870-1908,isSameAs,ALB-CN-1880-24035,1870,1880,70-80,0.98
c22898cd-2e6e-433c-9e86-32d49ef1eda9,ALB-CN-1870-19080,isSameAs,ALB-CN-1880-19268,1870,1880,70-80,0.98
28eee908-eadd-4732-8af4-fa4b5ad5fd99,ALB-CN-1870-19083,isSameAs,ALB-CN-1880-21826,1870,1880,70-80,0.891
ebe7e5e7-2764-45ac-94ec-54a3e2f35296,ALB-CN-1870-19084,isSameAs,ALB-CN-1880-19295,1870,1880,70-80,0.818
091aec9c-46ae-497f-9a7a-f5ebbb0edded,ALB-CN-1870-19085,isSameAs,ALB-CN-1880-23170,1870,1880,70-80,0.891
21694d02-0de9-4a68-8226-35607be54307,ALB-CN-1870-19086,isSameAs,ALB-CN-1880-19269,1870,1880,70-80,0.971
2029ead5-2f53-40a1-ba61-19ff4b004d32,ALB-CN-1870-19088,isSameAs,ALB-CN-1880-19271,1870,1880,70-80,0.711
5be6d960-d970-4ab2-b911-645fdff8ecc4,ALB-CN-1870-19089,isSameAs,ALB-CN-1880-19272,1870,1880,70-80,0.924
82bdf8db-1a84-430d-97d0-afd4c439520f,ALB-CN-1870-1909,isSameAs,ALB-CN-1880-24036,1870,1880,70-80,0.9
a1acfb4c-ed8e-45e4-8b8a-cb854c9bd1ba,ALB-CN-1870-19097,isSameAs,ALB-CN-1880-5504,1870,1880,70-80,0.963
167bd25b-789c-44da-8783-8587d1bf6095,ALB-CN-1870-1911,isSameAs,ALB-CN-1880-24037,1870,1880,70-80,0.937
35809453-4e35-4347-8923-9e05a0c1dd7e,ALB-CN-1870-19113,isSameAs,ALB-CN-1880-11474,1870,1880,70-80,0.978
1326fa86-e83b-4507-91cd-3572756cd426,ALB-CN-1870-19114,isSameAs,ALB-CN-1880-11475,1870,1880,70-80,0.948
73493bfa-9b8d-4ca8-8ad6-224dbc6d5300,ALB-CN-1870-19115,isSameAs,ALB-CN-1880-11476,1870,1880,70-80,0.971
a364fb1c-39dd-4fbd-941c-1197ff1a6d2f,ALB-CN-1870-1912,isSameAs,ALB-CN-1880-24038,1870,1880,70-80,0.95
9acdcde6-6e88-4d0b-9d3d-a3e901d2ab62,ALB-CN-1870-19120,isSameAs,ALB-CN-1880-5506,1870,1880,70-80,0.864
28b8ef4e-f1b3-4d29-af8d-16dade99a646,ALB-CN-1870-19121,isSameAs,ALB-CN-1880-5507,1870,1880,70-80,0.917
b05909e0-6ded-4e28-b908-07060c005b18,ALB-CN-1870-1913,isSameAs,ALB-CN-1880-24039,1870,1880,70-80,0.937
bc453b25-6f59-4e0d-b757-fd342edd9f0a,ALB-CN-1870-19130,isSameAs,ALB-CN-1880-24598,1870,1880,70-80,0.931
050f163e-ce9f-4944-8686-77cf68edacfa,ALB-CN-1870-19131,isSameAs,ALB-CN-1880-24599,1870,1880,70-80,0.976
5aec30e2-5393-42fd-a80b-b8b2ef7fd902,ALB-CN-1870-19132,isSameAs,ALB-CN-1880-24600,1870,1880,70-80,0.931
5cd1e2c8-8fa3-49f1-b3c3-4fff682ec07e,ALB-CN-1870-1914,isSameAs,ALB-CN-1880-23066,1870,1880,70-80,0.945
0ab37a8d-fda8-4ef0-934c-36feb95e2128,ALB-CN-1870-19141,isSameAs,ALB-CN-1880-394,1870,1880,70-80,0.924
a135b6d7-8962-437d-b935-c1f25f47a0ad,ALB-CN-1870-19142,isSameAs,ALB-CN-1880-395,1870,1880,70-80,0.909
fbca4815-25f0-47c3-916e-a1426715e65d,ALB-CN-1870-19144,isSameAs,ALB-CN-1880-396,1870,1880,70-80,0.924
f8af8cfd-4d9b-411e-89cb-a5342b9044f6,ALB-CN-1870-19146,isSameAs,ALB-CN-1880-404,1870,1880,70-80,0.711
a52be427-5ad0-4b3c-9b5a-634245f77477,ALB-CN-1870-19147,isSameAs,ALB-CN-1880-26300,1870,1880,70-80,0.622
8ca8f373-2a20-4d52-af4b-836ed987fb34,ALB-CN-1870-19148,isSameAs,ALB-CN-1880-410,1870,1880,70-80,0.99
739fcc43-8688-423f-b40d-06136cc906a9,ALB-CN-1870-19149,isSameAs,ALB-CN-1880-6347,1870,1880,70-80,0.622
3d45e3ef-c479-451e-a7f4-1b3c94ff776a,ALB-CN-1870-1915,isSameAs,ALB-CN-1880-23666,1870,1880,70-80,0.731
7e9fa5d5-0d8b-46ab-8559-2a36f8b076c6,ALB-CN-1870-19150,isSameAs,ALB-CN-1880-6348,1870,1880,70-80,0.622
2b4cdd03-3012-4f9f-aa23-467b57539d45,ALB-CN-1870-19152,isSameAs,ALB-CN-1880-15957,1870,1880,70-80,0.937
550c2f28-026a-4576-826c-7acddbbfd9a4,ALB-CN-1870-19153,isSameAs,ALB-CN-1880-403,1870,1880,70-80,0.937
ce7c3aa6-00ee-4802-ae1d-2bb36118d03d,ALB-CN-1870-19158,isSameAs,ALB-CN-1880-12412,1870,1880,70-80,0.802
418d7a4e-bb27-496d-a64d-09ae05f99c4c,ALB-CN-1870-19159,isSameAs,ALB-CN-1880-1474,1870,1880,70-80,0.769
6bcaa66c-80b0-4da2-9556-2f6634ec194b,ALB-CN-1870-19176,isSameAs,ALB-CN-1880-3815,1870,1880,70-80,0.971
d32ede27-53e7-4b85-95ec-d249ff109bbc,ALB-CN-1870-19177,isSameAs,ALB-CN-1880-3816,1870,1880,70-80,0.881
c6c22ecc-f4f6-45c7-abdb-afd4fd44e437,ALB-CN-1870-19180,isSameAs,ALB-CN-1880-3818,1870,1880,70-80,0.818
fc3a6ace-bc87-4fbd-90ab-ad060c7dcfe6,ALB-CN-1870-19182,isSameAs,ALB-CN-1880-3820,1870,1880,70-80,0.864
695df7a8-fbc8-4784-9637-30d0d0b69bed,ALB-CN-1870-19188,isSameAs,ALB-CN-1880-3823,1870,1880,70-80,0.87
77aec9ba-6313-4ac8-a0b9-2ca286a1a503,ALB-CN-1870-19192,isSameAs,ALB-CN-1880-8329,1870,1880,70-80,0.634
aad2cf7e-8328-4269-9743-0e6064a56f8b,ALB-CN-1870-19194,isSameAs,ALB-CN-1880-27842,1870,1880,70-80,0.818
ea262b7b-f26a-4b24-bbfc-547288c458e9,ALB-CN-1870-1920,isSameAs,ALB-CN-1880-22540,1870,1880,70-80,0.818
f51c0feb-84de-485a-89dd-dc3fc035d67d,ALB-CN-1870-19209,isSameAs,ALB-CN-1880-3790,1870,1880,70-80,0.94
e0238611-3543-44a3-9c57-9555a139f28c,ALB-CN-1870-19210,isSameAs,ALB-CN-1880-3791,1870,1880,70-80,0.87
54f3aafb-e513-414a-8124-350bdfaca6c1,ALB-CN-1870-19211,isSameAs,ALB-CN-1880-3797,1870,1880,70-80,0.646
cfeedca2-ad45-42e9-82d7-143ab88596c7,ALB-CN-1870-19214,isSameAs,ALB-CN-1880-7506,1870,1880,70-80,0.917
155ace35-122f-415d-9b3a-f9f685c75941,ALB-CN-1870-19215,isSameAs,ALB-CN-1880-3798,1870,1880,70-80,0.75
f9c33bea-8902-4180-94c2-727e32a106c6,ALB-CN-1870-19217,isSameAs,ALB-CN-1880-3794,1870,1880,70-80,0.913
14d8510a-9635-44c3-9edf-91c566cb8647,ALB-CN-1870-19222,isSameAs,ALB-CN-1880-5562,1870,1880,70-80,0.818
9a597133-6f0b-4266-80b2-31bfa3bb997b,ALB-CN-1870-19223,isSameAs,ALB-CN-1880-5563,1870,1880,70-80,0.99
76fc7185-9d7b-4fdc-9e15-f7f4ae50920b,ALB-CN-1870-19224,isSameAs,ALB-CN-1880-5565,1870,1880,70-80,0.989
49eac2b6-3adf-4f15-b8d5-dd957ce30867,ALB-CN-1870-19225,isSameAs,ALB-CN-1880-5566,1870,1880,70-80,0.984
b2db0ac8-2e26-47ab-a7c2-8f386c8f90a6,ALB-CN-1870-19227,isSameAs,ALB-CN-1880-5568,1870,1880,70-80,0.984
7dd4a6d3-0c76-45ce-97f3-6a51f1a11134,ALB-CN-1870-19229,isSameAs,ALB-CN-1880-5567,1870,1880,70-80,0.989
7be85c86-bfbc-4f66-b9fa-fdb85e62aa8e,ALB-CN-1870-19230,isSameAs,ALB-CN-1880-5564,1870,1880,70-80,0.989
7a27bb09-53d7-4849-9b07-ea951c92e83f,ALB-CN-1870-19231,isSameAs,ALB-CN-1880-5551,1870,1880,70-80,0.982
71712099-0430-40ca-9c01-26e91ff79258,ALB-CN-1870-19232,isSameAs,ALB-CN-1880-5552,1870,1880,70-80,0.99
875dd04d-3653-4f2f-b537-8b2a3c3b7a2a,ALB-CN-1870-19233,isSameAs,ALB-CN-1880-5553,1870,1880,70-80,0.989
c738a120-c4cd-4d75-b76e-246267351322,ALB-CN-1870-19234,isSameAs,ALB-CN-1880-5554,1870,1880,70-80,0.982
3ead485e-5849-4921-a4c2-415927f8a831,ALB-CN-1870-19235,isSameAs,ALB-CN-1880-5555,1870,1880,70-80,0.973
ddc1d949-89a2-42f3-96f5-42db3ffa80c4,ALB-CN-1870-19238,isSameAs,ALB-CN-1880-3914,1870,1880,70-80,0.959
3076a373-a883-4992-b025-91dca992a775,ALB-CN-1870-19239,isSameAs,ALB-CN-1880-3915,1870,1880,70-80,0.964
14ec80ae-31f2-4276-b20d-fc6ee0ac6b39,ALB-CN-1870-19240,isSameAs,ALB-CN-1880-3916,1870,1880,70-80,0.971
d81316ef-fbf4-4cf8-97a9-b646c748c133,ALB-CN-1870-19241,isSameAs,ALB-CN-1880-3917,1870,1880,70-80,0.94
b96fa8cf-36a2-458e-89a5-76fa735bacd0,ALB-CN-1870-19250,isSameAs,ALB-CN-1880-25172,1870,1880,70-80,0.75
50acc886-fc94-427e-bf75-63d00ea6dba4,ALB-CN-1870-19253,isSameAs,ALB-CN-1880-4006,1870,1880,70-80,0.786
95c950ff-a3fa-463d-9d83-8725e6ad639d,ALB-CN-1870-19254,isSameAs,ALB-CN-1880-4007,1870,1880,70-80,0.668
784c0348-7f73-42c4-a90d-d1ce1dc82b8f,ALB-CN-1870-19255,isSameAs,ALB-CN-1880-4008,1870,1880,70-80,0.953
4e059489-21c7-4e34-b9f8-5dac43e67fcb,ALB-CN-1870-19256,isSameAs,ALB-CN-1880-4009,1870,1880,70-80,0.957
3f4fd0be-ef66-4a65-a57b-360e7d0b1b07,ALB-CN-1870-19259,isSameAs,ALB-CN-1880-5569,1870,1880,70-80,0.786
8f3c8233-0527-48ad-b313-29663e07b3b9,ALB-CN-1870-1926,isSameAs,ALB-CN-1880-21575,1870,1880,70-80,0.69
1357a0f3-a823-4bcf-a584-ae1ca2c5ced1,ALB-CN-1870-19260,isSameAs,ALB-CN-1880-5570,1870,1880,70-80,0.909
46c8069e-bd85-426c-804e-7a6efe5f3928,ALB-CN-1870-19262,isSameAs,ALB-CN-1880-13731,1870,1880,70-80,0.634
edc8c14c-7e89-4be0-8f91-8162aed13711,ALB-CN-1870-19263,isSameAs,ALB-CN-1880-13911,1870,1880,70-80,0.668
835dc345-6ca9-4848-8d3f-2957e25cd212,ALB-CN-1870-19264,isSameAs,ALB-CN-1880-5572,1870,1880,70-80,0.701
cb5063b2-4eac-475f-b06a-873fd1a5103a,ALB-CN-1870-19266,isSameAs,ALB-CN-1880-3829,1870,1880,70-80,0.984
05b61750-3b45-459d-8c7b-92bb2fe09e08,ALB-CN-1870-19267,isSameAs,ALB-CN-1880-3830,1870,1880,70-80,0.957
81c55de1-15d2-4499-a3e9-24fd3ac39900,ALB-CN-1870-19269,isSameAs,ALB-CN-1880-3832,1870,1880,70-80,0.858
2e22b208-b281-4668-a8f3-ca86df46b370,ALB-CN-1870-19270,isSameAs,ALB-CN-1880-3833,1870,1880,70-80,0.75
0c499e55-9654-47ef-a0a7-02044570febb,ALB-CN-1870-19271,isSameAs,ALB-CN-1880-3831,1870,1880,70-80,0.984
0ecef50b-d974-4720-9294-0c3e14ca1c2f,ALB-CN-1870-19272,isSameAs,ALB-CN-1880-3781,1870,1880,70-80,0.94
c28b01ec-621a-4e12-869c-faf8697a419f,ALB-CN-1870-19273,isSameAs,ALB-CN-1880-3782,1870,1880,70-80,0.971
db8b41f0-ea9b-4884-b312-d485800eae6e,ALB-CN-1870-19275,isSameAs,ALB-CN-1880-4907,1870,1880,70-80,0.858
ce01d2da-27cb-40e4-b4a5-fa08c50fe33f,ALB-CN-1870-19276,isSameAs,ALB-CN-1880-3783,1870,1880,70-80,0.984
1b5b5536-22fb-4ccf-b9e9-2147726f4b86,ALB-CN-1870-19277,isSameAs,ALB-CN-1880-3784,1870,1880,70-80,0.984
50156ace-c01a-4cda-bece-fe7956970ef2,ALB-CN-1870-1928,isSameAs,ALB-CN-1880-21630,1870,1880,70-80,0.864
b2f1c388-a970-4947-88fc-14f4d96db0bd,ALB-CN-1870-19282,isSameAs,ALB-CN-1880-3742,1870,1880,70-80,0.984
90bee2d9-c415-45dd-89cc-7c74ffccaafe,ALB-CN-1870-19283,isSameAs,ALB-CN-1880-3743,1870,1880,70-80,0.75
9190be6e-633a-45e9-a2f9-d4f0dd5416d5,ALB-CN-1870-19287,isSameAs,ALB-CN-1880-16602,1870,1880,70-80,0.634
8fe6d866-ff79-4024-a57e-dbaa38968fe5,ALB-CN-1870-1929,isSameAs,ALB-CN-1880-21563,1870,1880,70-80,0.69
9a0a456a-4c5c-40e6-807f-a5345fd6ae5e,ALB-CN-1870-19291,isSameAs,ALB-CN-1880-26087,1870,1880,70-80,0.846
8992c79e-eea0-4194-b90d-900c4e335f1a,ALB-CN-1870-19292,isSameAs,ALB-CN-1880-3757,1870,1880,70-80,0.98
431348dc-a1be-44e5-9f2c-80d9bf7296b5,ALB-CN-1870-19294,isSameAs,ALB-CN-1880-6476,1870,1880,70-80,0.711
89927d11-a1f9-4d50-9035-dae339932a5e,ALB-CN-1870-19295,isSameAs,ALB-CN-1880-3763,1870,1880,70-80,0.818
84dd37d0-4a50-4a23-8417-fad7636e5e52,ALB-CN-1870-19296,isSameAs,ALB-CN-1880-3767,1870,1880,70-80,0.75
692bfe28-739a-487a-b45c-9a5b426d0d51,ALB-CN-1870-19297,isSameAs,ALB-CN-1880-3762,1870,1880,70-80,0.948
bee2d355-0a85-4643-b135-9d38f76852e1,ALB-CN-1870-19298,isSameAs,ALB-CN-1880-3759,1870,1880,70-80,0.852
578b6666-6e96-4569-9963-ada3b36c4409,ALB-CN-1870-193,isSameAs,ALB-CN-1880-14508,1870,1880,70-80,0.989
c730cc08-834c-4bd2-8f2d-4649b8488fe7,ALB-CN-1870-1930,isSameAs,ALB-CN-1880-24581,1870,1880,70-80,0.825
4d9b9551-48c5-40f7-b372-b8e521cd1c72,ALB-CN-1870-19300,isSameAs,ALB-CN-1880-3758,1870,1880,70-80,0.711
294865ae-69c7-46e1-8c39-779e2cb47f06,ALB-CN-1870-19301,isSameAs,ALB-CN-1880-7912,1870,1880,70-80,0.934
d1451d66-7d2e-47a3-98bd-66228dbb230c,ALB-CN-1870-19302,isSameAs,ALB-CN-1880-18979,1870,1880,70-80,0.679
5a1b6376-468f-4b9c-bc5f-212e53ed48f9,ALB-CN-1870-19303,isSameAs,ALB-CN-1880-7914,1870,1880,70-80,0.961
e3ae9054-c1c4-4bbc-931d-ecd381374029,ALB-CN-1870-19304,isSameAs,ALB-CN-1880-7915,1870,1880,70-80,0.961
3fedb1ec-d11c-4590-924d-1b87141bebe1,ALB-CN-1870-19305,isSameAs,ALB-CN-1880-7916,1870,1880,70-80,0.943
59d84d7d-b5b5-4a4d-ace6-3661da55421b,ALB-CN-1870-19306,isSameAs,ALB-CN-1880-12832,1870,1880,70-80,0.87
fd548d19-fa36-462f-b5a0-75911a7d692a,ALB-CN-1870-1931,isSameAs,ALB-CN-1880-11881,1870,1880,70-80,0.646
c7b52475-eb00-4a44-9325-f10400cfba26,ALB-CN-1870-19310,isSameAs,ALB-CN-1880-13982,1870,1880,70-80,0.75
0d1454c3-69cc-4283-bdb3-64a2980c95ac,ALB-CN-1870-19312,isSameAs,ALB-CN-1880-7675,1870,1880,70-80,0.75
95774e5b-5271-4cce-a3d9-7732f04f7a18,ALB-CN-1870-19313,isSameAs,ALB-CN-1880-7672,1870,1880,70-80,0.75
7bb093ae-1778-410c-af3c-edf3c5eee6bf,ALB-CN-1870-19314,isSameAs,ALB-CN-1880-8837,1870,1880,70-80,0.75
51c7d04c-bce1-4eb2-9c27-2e4203a0f067,ALB-CN-1870-19319,isSameAs,ALB-CN-1880-1312,1870,1880,70-80,0.75
fa311562-8503-4b66-8e7e-4756e3c2c68d,ALB-CN-1870-1932,isSameAs,ALB-CN-1880-17632,1870,1880,70-80,0.711
1f11e6dc-3371-4af5-98cf-f674eeba94ff,ALB-CN-1870-19320,isSameAs,ALB-CN-1880-111,1870,1880,70-80,0.731
b6644fa1-a2fc-4b4d-99e8-929e073d11f9,ALB-CN-1870-19321,isSameAs,ALB-CN-1880-3814,1870,1880,70-80,0.777
e64db7dc-9177-4cdf-aa15-1ecac7d60191,ALB-CN-1870-1933,isSameAs,ALB-CN-1880-18338,1870,1880,70-80,0.9
6d23b012-e99c-49c9-98b6-12df1a8e897a,ALB-CN-1870-19333,isSameAs,ALB-CN-1880-5680,1870,1880,70-80,0.75
752a3c51-3f2b-4bde-9433-2ac043e148c8,ALB-CN-1870-19334,isSameAs,ALB-CN-1880-4129,1870,1880,70-80,0.937
f50e072e-2443-4880-a636-39a8047d7774,ALB-CN-1870-19335,isSameAs,ALB-CN-1880-4130,1870,1880,70-80,0.858
fdf82d1d-29b8-46f6-b6e7-b60535b18273,ALB-CN-1870-19337,isSameAs,ALB-CN-1880-4219,1870,1880,70-80,0.832
ae60c3a7-1f3b-4b1b-88fb-c956d292967e,ALB-CN-1870-19339,isSameAs,ALB-CN-1880-4183,1870,1880,70-80,0.909
99132c98-bcfd-4bbc-9481-dd0cb9a3f44d,ALB-CN-1870-1934,isSameAs,ALB-CN-1880-6626,1870,1880,70-80,0.786
ecb941a3-7c7e-48bf-913c-b40f252eba9d,ALB-CN-1870-19340,isSameAs,ALB-CN-1880-4184,1870,1880,70-80,0.634
11e03934-7abb-4366-b2ee-b315ba99a1de,ALB-CN-1870-19344,isSameAs,ALB-CN-1880-2845,1870,1880,70-80,0.622
1c5e44d6-a7c6-43d3-8685-0b45fa9b7711,ALB-CN-1870-19346,isSameAs,ALB-CN-1880-15550,1870,1880,70-80,0.721
3560a2d0-fb4c-4c3f-b612-c4b22e17d103,ALB-CN-1870-19348,isSameAs,ALB-CN-1880-22129,1870,1880,70-80,0.711
c122ac6a-627e-4b7f-9829-b0c9854e9161,ALB-CN-1870-1935,isSameAs,ALB-CN-1880-23922,1870,1880,70-80,0.948
7893b405-7134-40a0-b710-af00c7af8077,ALB-CN-1870-19353,isSameAs,ALB-CN-1880-5159,1870,1880,70-80,0.971
b31dac66-899d-434d-9e69-e03fac5193db,ALB-CN-1870-19354,isSameAs,ALB-CN-1880-5160,1870,1880,70-80,0.971
70de1219-5281-43f9-a436-4628a1774c6c,ALB-CN-1870-19355,isSameAs,ALB-CN-1880-5161,1870,1880,70-80,0.98
e52e02dc-1293-4425-9e91-bb5cf7d8286f,ALB-CN-1870-19357,isSameAs,ALB-CN-1880-5162,1870,1880,70-80,0.987
52a8bb72-ff19-48bf-be00-deac427a1bce,ALB-CN-1870-19358,isSameAs,ALB-CN-1880-29642,1870,1880,70-80,0.75
af21787f-6f90-4283-ba8e-94a1507d6e82,ALB-CN-1870-19359,isSameAs,ALB-CN-1880-5163,1870,1880,70-80,0.931
8639e60c-53a5-4b8f-956e-68bd03d844cb,ALB-CN-1870-1936,isSameAs,ALB-CN-1880-6627,1870,1880,70-80,0.634
f2bd564e-9349-489d-bc71-31f10e1e4bfa,ALB-CN-1870-19361,isSameAs,ALB-CN-1880-4303,1870,1880,70-80,0.858
b141fefe-1df5-4b47-a9e0-1385fcdddf53,ALB-CN-1870-19362,isSameAs,ALB-CN-1880-4304,1870,1880,70-80,0.881
291f6c2e-45b8-4710-8d07-7732b2464d3e,ALB-CN-1870-19363,isSameAs,ALB-CN-1880-4305,1870,1880,70-80,0.977
2402709c-e3aa-4eae-ab6f-b57105b7a117,ALB-CN-1870-19364,isSameAs,ALB-CN-1880-28022,1870,1880,70-80,0.634
bfe95def-fa7e-423f-9ae0-61f4227c7fd6,ALB-CN-1870-19365,isSameAs,ALB-CN-1880-4306,1870,1880,70-80,0.957
20372b0d-dedd-4cf2-9610-e944df64976a,ALB-CN-1870-19368,isSameAs,ALB-CN-1880-4075,1870,1880,70-80,0.69
debb7bdd-ad56-4d2d-888f-555cd678db29,ALB-CN-1870-19371,isSameAs,ALB-CN-1880-4233,1870,1880,70-80,0.94
bf76a8f3-546e-4597-a50c-8521c76a65f3,ALB-CN-1870-19372,isSameAs,ALB-CN-1880-30682,1870,1880,70-80,0.769
8dbdf600-0ff5-4727-86be-febfa5686baa,ALB-CN-1870-19373,isSameAs,ALB-CN-1880-4239,1870,1880,70-80,0.971
ccf25c50-e577-4316-b848-e921a20846f1,ALB-CN-1870-19375,isSameAs,ALB-CN-1880-4240,1870,1880,70-80,0.931
f778466f-4ee0-4ce6-ac35-3209fc48f112,ALB-CN-1870-19376,isSameAs,ALB-CN-1880-4234,1870,1880,70-80,0.957
c58c4c2d-f769-40fc-8995-4b246eccad73,ALB-CN-1870-19377,isSameAs,ALB-CN-1880-4235,1870,1880,70-80,0.818
9e9cef7d-9d62-4d71-b240-b2d5f6e1c0b2,ALB-CN-1870-19378,isSameAs,ALB-CN-1880-4236,1870,1880,70-80,0.977
9e120f6d-77bb-4e07-998e-8d6ea0325d35,ALB-CN-1870-19379,isSameAs,ALB-CN-1880-4237,1870,1880,70-80,0.957
77f3822d-cc7a-4c84-8d40-47ec01b1fe7c,ALB-CN-1870-19387,isSameAs,ALB-CN-1880-4151,1870,1880,70-80,0.786
1750d060-45e7-483d-8db7-5c813cce8e73,ALB-CN-1870-19388,isSameAs,ALB-CN-1880-5410,1870,1880,70-80,0.802
e7c6ed90-cc91-4793-add9-3c7d5021e3db,ALB-CN-1870-19389,isSameAs,ALB-CN-1880-9247,1870,1880,70-80,0.881
426aa878-0736-4edb-84f1-28cc3ffddc7a,ALB-CN-1870-19392,isSameAs,ALB-CN-1880-4158,1870,1880,70-80,0.622
7807075a-94a5-4e66-a12f-3f1248b0e67e,ALB-CN-1870-19393,isSameAs,ALB-CN-1880-5202,1870,1880,70-80,0.852
be36372f-b06b-45b2-a0af-d6fbbda44a4a,ALB-CN-1870-19395,isSameAs,ALB-CN-1880-4155,1870,1880,70-80,0.711
588e00ec-277a-4f53-8f16-54f02d3e2583,ALB-CN-1870-19396,isSameAs,ALB-CN-1880-4166,1870,1880,70-80,0.711
f4567799-05a0-42a9-be46-3c584b5b4b63,ALB-CN-1870-19397,isSameAs,ALB-CN-1880-4259,1870,1880,70-80,0.646
ed33db0b-2481-4ef6-81b0-4ad85e2e6eca,ALB-CN-1870-19398,isSameAs,ALB-CN-1880-3992,1870,1880,70-80,0.957
70039bf9-a2e1-43d8-b2a5-e2ae3e6efd47,ALB-CN-1870-19399,isSameAs,ALB-CN-1880-3993,1870,1880,70-80,0.99
7ae4b829-69d0-4f8a-be27-2b07fc1cfc91,ALB-CN-1870-194,isSameAs,ALB-CN-1880-14507,1870,1880,70-80,0.971
e0ad7495-85cc-4026-916b-fd5d16f1535c,ALB-CN-1870-19401,isSameAs,ALB-CN-1880-6555,1870,1880,70-80,0.909
21719d82-269d-4498-85ba-a39e8b9db769,ALB-CN-1870-19403,isSameAs,ALB-CN-1880-3994,1870,1880,70-80,0.931
79d6ed12-5d01-4555-a32b-16c504484a24,ALB-CN-1870-19405,isSameAs,ALB-CN-1880-3995,1870,1880,70-80,0.971
61264de2-c9ad-49f3-ac8e-0a8132dd4657,ALB-CN-1870-19406,isSameAs,ALB-CN-1880-3996,1870,1880,70-80,0.984
9a8a58b5-f152-408f-8a52-0d396185f291,ALB-CN-1870-1941,isSameAs,ALB-CN-1880-2116,1870,1880,70-80,0.818
9a7c5970-63d7-4b24-b348-7d4dea1f2fc2,ALB-CN-1870-1943,isSameAs,ALB-CN-1880-23088,1870,1880,70-80,0.881
ae9fda04-67d1-422d-a18f-00921fa0bfd2,ALB-CN-1870-19432,isSameAs,ALB-CN-1880-12768,1870,1880,70-80,0.87
42fff87e-bd06-4922-bb42-ca229c0f89f6,ALB-CN-1870-19436,isSameAs,ALB-CN-1880-9427,1870,1880,70-80,0.957
33dccac5-a7a5-4efc-bf5a-01cd38bb804c,ALB-CN-1870-19438,isSameAs,ALB-CN-1880-4032,1870,1880,70-80,0.964
3c906267-c977-48bc-9074-086bd7af8e4c,ALB-CN-1870-19439,isSameAs,ALB-CN-1880-4033,1870,1880,70-80,0.825
7f0c1018-9777-4289-911f-9d8a3ced2123,ALB-CN-1870-1944,isSameAs,ALB-CN-1880-23089,1870,1880,70-80,0.87
8d6c4ff4-1df5-4d8d-ba66-7959b20d7c89,ALB-CN-1870-19440,isSameAs,ALB-CN-1880-4034,1870,1880,70-80,0.622
4756b7b8-63e3-4a64-8242-c0b0505d23ee,ALB-CN-1870-19452,isSameAs,ALB-CN-1880-1345,1870,1880,70-80,0.731
6a3abe63-f7f7-4639-a159-871673d0be32,ALB-CN-1870-19453,isSameAs,ALB-CN-1880-7410,1870,1880,70-80,0.75
b71d35b6-c1e9-4e04-9267-f9e9edf8b842,ALB-CN-1870-19454,isSameAs,ALB-CN-1880-6932,1870,1880,70-80,0.721
244f6afe-5ff0-46b8-9519-b5c18c6374dc,ALB-CN-1870-19455,isSameAs,ALB-CN-1880-12553,1870,1880,70-80,0.646
894786a8-fb0e-40ff-8607-23080b49888e,ALB-CN-1870-19458,isSameAs,ALB-CN-1880-14788,1870,1880,70-80,0.818
63c0650e-d9fe-48ca-aa12-bbac87438608,ALB-CN-1870-19459,isSameAs,ALB-CN-1880-8008,1870,1880,70-80,0.611
e655db7e-1f3a-44bb-8bce-4f604678440f,ALB-CN-1870-19466,isSameAs,ALB-CN-1880-9621,1870,1880,70-80,0.622
621e5b44-ed44-4b1c-88fb-6b59f0248e30,ALB-CN-1870-19467,isSameAs,ALB-CN-1880-9622,1870,1880,70-80,0.852
cb9e682a-4250-456c-aabd-4146e24b2194,ALB-CN-1870-19468,isSameAs,ALB-CN-1880-12991,1870,1880,70-80,0.711
598445f7-a9c7-4809-af8c-68be73ceb92b,ALB-CN-1870-19469,isSameAs,ALB-CN-1880-12992,1870,1880,70-80,0.711
84b24cc2-f6c5-4e16-9fe0-be3e010fdba4,ALB-CN-1870-1947,isSameAs,ALB-CN-1880-21740,1870,1880,70-80,0.948
e4ea57d1-9650-4d19-9a57-ed78f4148629,ALB-CN-1870-19470,isSameAs,ALB-CN-1880-12993,1870,1880,70-80,0.711
cedbd53e-a716-4007-bbce-920f32586585,ALB-CN-1870-19471,isSameAs,ALB-CN-1880-19991,1870,1880,70-80,0.622
525942f4-824b-4cd1-9abb-af4bb762cfa6,ALB-CN-1870-19472,isSameAs,ALB-CN-1880-17023,1870,1880,70-80,0.794
2d152b55-5c0c-4723-80a8-c8139b50885b,ALB-CN-1870-19474,isSameAs,ALB-CN-1880-3929,1870,1880,70-80,0.611
db9e4a7f-fc3b-4cb5-803a-8c0c33a671dd,ALB-CN-1870-19476,isSameAs,ALB-CN-1880-3930,1870,1880,70-80,0.832
b37c8ecc-b34d-4bbf-89b5-12a8ba2fb0cf,ALB-CN-1870-19479,isSameAs,ALB-CN-1880-3932,1870,1880,70-80,0.891
02be6d96-0fb6-4eb1-be9b-98caaa1c08b5,ALB-CN-1870-1948,isSameAs,ALB-CN-1880-21741,1870,1880,70-80,0.948
760cfa94-8e15-47ff-b643-8c71d748ea3f,ALB-CN-1870-19480,isSameAs,ALB-CN-1880-11309,1870,1880,70-80,0.75
4e0645d6-b673-4fb4-a52c-982173e8fd98,ALB-CN-1870-19481,isSameAs,ALB-CN-1880-5778,1870,1880,70-80,0.622
b4bc10a2-1ba5-41ca-b395-86a9a9999517,ALB-CN-1870-19483,isSameAs,ALB-CN-1880-7553,1870,1880,70-80,0.668
7ff286fb-50ad-49dc-919e-044c37842643,ALB-CN-1870-19484,isSameAs,ALB-CN-1880-3875,1870,1880,70-80,0.731
93d5baa4-c6f6-4d61-8b2b-4870ef75af5c,ALB-CN-1870-19485,isSameAs,ALB-CN-1880-7554,1870,1880,70-80,0.948
fa3fc063-12db-43b7-ac7f-363a78b3ebd2,ALB-CN-1870-19487,isSameAs,ALB-CN-1880-8026,1870,1880,70-80,0.913
afb56878-c40c-4a2e-be8f-effc99d7482a,ALB-CN-1870-19488,isSameAs,ALB-CN-1880-7556,1870,1880,70-80,0.948
c001b23c-7aaa-4ac1-b0f3-e256f0837d42,ALB-CN-1870-19489,isSameAs,ALB-CN-1880-15688,1870,1880,70-80,0.646
6e6adea8-8896-42d5-9230-5667fa375dff,ALB-CN-1870-1949,isSameAs,ALB-CN-1880-21742,1870,1880,70-80,0.948
af55f13e-ab48-4f2a-bc12-2ab404ec65c5,ALB-CN-1870-19490,isSameAs,ALB-CN-1880-8053,1870,1880,70-80,0.99
becda804-02fc-422f-a93b-a141e10875cc,ALB-CN-1870-19491,isSameAs,ALB-CN-1880-8048,1870,1880,70-80,0.961
7f895355-c394-4ea7-8a1e-2e22d9c52471,ALB-CN-1870-19492,isSameAs,ALB-CN-1880-8049,1870,1880,70-80,0.978
184f9d74-a850-4706-96ff-df932e9b0b74,ALB-CN-1870-19493,isSameAs,ALB-CN-1880-8050,1870,1880,70-80,0.909
73a31cf6-06af-4e25-a278-b06c542a3703,ALB-CN-1870-19494,isSameAs,ALB-CN-1880-8051,1870,1880,70-80,0.961
350d0b5b-bf76-4459-9b5e-69049d0dab3c,ALB-CN-1870-19495,isSameAs,ALB-CN-1880-8052,1870,1880,70-80,0.943
a7c093c0-ec5e-45c5-bff4-1fe5d7371765,ALB-CN-1870-195,isSameAs,ALB-CN-1880-14509,1870,1880,70-80,0.931
0a519b63-d6cf-4f6c-a3fc-2c90c5ce3369,ALB-CN-1870-1950,isSameAs,ALB-CN-1880-21743,1870,1880,70-80,0.896
662ec6eb-0e82-4756-b271-c95ca6347271,ALB-CN-1870-19500,isSameAs,ALB-CN-1880-4068,1870,1880,70-80,0.973
849538c3-be3a-4334-9615-67f313fc8aac,ALB-CN-1870-19501,isSameAs,ALB-CN-1880-4069,1870,1880,70-80,0.711
ab7bb739-b087-4817-a8ca-c28bb9546da8,ALB-CN-1870-19502,isSameAs,ALB-CN-1880-4070,1870,1880,70-80,0.982
44025459-7e67-40e1-af55-d27a665daba8,ALB-CN-1870-19503,isSameAs,ALB-CN-1880-4071,1870,1880,70-80,0.973
4ae2603f-3fcd-4652-8cf7-33fb3d079c3a,ALB-CN-1870-19505,isSameAs,ALB-CN-1880-8752,1870,1880,70-80,0.668
3d5220f0-b82b-4de4-86d1-cbd2deeb9638,ALB-CN-1870-1951,isSameAs,ALB-CN-1880-18615,1870,1880,70-80,0.896
346c6a85-953b-4195-8bb4-4771710c03a2,ALB-CN-1870-19510,isSameAs,ALB-CN-1880-26167,1870,1880,70-80,0.622
81de65ea-eefa-46e7-addd-9772a10567cf,ALB-CN-1870-1952,isSameAs,ALB-CN-1880-21745,1870,1880,70-80,0.948
15deca87-f1c5-49ae-960c-6617e507d295,ALB-CN-1870-19520,isSameAs,ALB-CN-1880-16458,1870,1880,70-80,0.634
e403a3e5-2070-4744-af04-1f4ab2d12087,ALB-CN-1870-19527,isSameAs,ALB-CN-1880-14079,1870,1880,70-80,0.668
9c46fd28-fcd9-4e25-9152-13e2d95466f0,ALB-CN-1870-19528,isSameAs,ALB-CN-1880-29841,1870,1880,70-80,0.943
d13bebc1-ea8f-42b2-b990-fbadfc15839d,ALB-CN-1870-1953,isSameAs,ALB-CN-1880-22641,1870,1880,70-80,0.896
b80a310f-86a7-4ced-93f2-d413d9023ce8,ALB-CN-1870-19535,isSameAs,ALB-CN-1880-3974,1870,1880,70-80,0.928
66f85939-38fe-42c8-a9d5-210ea9eacdd0,ALB-CN-1870-19536,isSameAs,ALB-CN-1880-26314,1870,1880,70-80,0.634
52864271-c654-41fe-b8a1-9019e4cc6ab9,ALB-CN-1870-19537,isSameAs,ALB-CN-1880-7913,1870,1880,70-80,0.955
83e778d7-50ea-4bb8-8075-31cc5bced012,ALB-CN-1870-19538,isSameAs,ALB-CN-1880-7917,1870,1880,70-80,0.969
644d0e02-c029-437b-bc76-9a7f5f3cfd36,ALB-CN-1870-1954,isSameAs,ALB-CN-1880-22642,1870,1880,70-80,0.909
eb143db1-4d86-4ae4-8d7d-b91908e6a919,ALB-CN-1870-1955,isSameAs,ALB-CN-1880-22643,1870,1880,70-80,0.852
8509a55e-7ba7-4184-973f-d031eee117f0,ALB-CN-1870-1956,isSameAs,ALB-CN-1880-510,1870,1880,70-80,0.987
869e0ab3-ed1a-431a-825f-572ab8e93de9,ALB-CN-1870-19567,isSameAs,ALB-CN-1880-4018,1870,1880,70-80,0.957
607fff8e-be03-491b-aa0b-1ead254ad009,ALB-CN-1870-19568,isSameAs,ALB-CN-1880-4019,1870,1880,70-80,0.964
a0f267f4-9b75-440b-b8a4-24251bce223e,ALB-CN-1870-19570,isSameAs,ALB-CN-1880-4020,1870,1880,70-80,0.99
8439ec70-bae2-489f-a3da-004a385af0d4,ALB-CN-1870-19572,isSameAs,ALB-CN-1880-3954,1870,1880,70-80,0.881
7eafa0f3-4573-45a1-a387-b2ebfdae03b6,ALB-CN-1870-19575,isSameAs,ALB-CN-1880-3956,1870,1880,70-80,0.964
c33ae6b1-5a64-4ccd-b8e0-f7a6ef042ea2,ALB-CN-1870-19597,isSameAs,ALB-CN-1880-12490,1870,1880,70-80,0.802
df9b7b8e-74f7-4488-adb0-1e4caba29911,ALB-CN-1870-19599,isSameAs,ALB-CN-1880-12607,1870,1880,70-80,0.622
4933870b-b618-41d0-a451-f2803b7e1376,ALB-CN-1870-196,isSameAs,ALB-CN-1880-14510,1870,1880,70-80,0.99
6af24686-fb07-4b3f-827b-ff4b947d30d1,ALB-CN-1870-19600,isSameAs,ALB-CN-1880-12608,1870,1880,70-80,0.622
b083428c-dfd9-49ba-9fa1-cce8e28010be,ALB-CN-1870-19601,isSameAs,ALB-CN-1880-5194,1870,1880,70-80,0.668
bc6c552e-e8e5-4c40-a9b3-1b4599412158,ALB-CN-1870-19602,isSameAs,ALB-CN-1880-12610,1870,1880,70-80,0.622
7531a9f7-b344-49c9-9d61-7e364f3787de,ALB-CN-1870-19620,isSameAs,ALB-CN-1880-5759,1870,1880,70-80,0.858
a19aa586-8c2b-4f26-af10-3d34b1069166,ALB-CN-1870-19624,isSameAs,ALB-CN-1880-9675,1870,1880,70-80,0.622
28567a45-a716-4268-bd1e-bc57270237f3,ALB-CN-1870-19636,isSameAs,ALB-CN-1880-3835,1870,1880,70-80,0.982
cc2be615-72fd-4fd2-9b50-b16ba3afb1e8,ALB-CN-1870-19637,isSameAs,ALB-CN-1880-3836,1870,1880,70-80,0.968
c32e3a71-5e7b-474e-a3be-12789a1133b4,ALB-CN-1870-19638,isSameAs,ALB-CN-1880-3837,1870,1880,70-80,0.961
1dc78c1f-d5d0-4998-9b1e-52b79f11024e,ALB-CN-1870-19640,isSameAs,ALB-CN-1880-3842,1870,1880,70-80,0.846
c6a039e8-120c-4aea-96b2-309a483e1b14,ALB-CN-1870-1965,isSameAs,ALB-CN-1880-23335,1870,1880,70-80,0.731
13652ab5-c7d6-480f-af79-2b22339863ea,ALB-CN-1870-19652,isSameAs,ALB-CN-1880-19591,1870,1880,70-80,0.769
5523a62c-89fe-4902-960e-078a037ffe5c,ALB-CN-1870-19653,isSameAs,ALB-CN-1880-30135,1870,1880,70-80,0.622
f309f125-1cd2-4255-96bb-e4b4b150d906,ALB-CN-1870-19655,isSameAs,ALB-CN-1880-15745,1870,1880,70-80,0.953
be1c1624-876c-4cab-910d-fbb572612f0d,ALB-CN-1870-19656,isSameAs,ALB-CN-1880-15747,1870,1880,70-80,0.98
2c18fc47-0cc2-4496-bfd9-ad1a14d75564,ALB-CN-1870-19665,isSameAs,ALB-CN-1880-32170,1870,1880,70-80,0.896
7b195717-1232-4fab-9b88-00ae42c20c6a,ALB-CN-1870-19666,isSameAs,ALB-CN-1880-13614,1870,1880,70-80,0.818
85db1636-eceb-4e60-8f21-55aae229ac38,ALB-CN-1870-19667,isSameAs,ALB-CN-1880-32166,1870,1880,70-80,0.711
b057466f-181a-46d0-beff-d7b42b10cac7,ALB-CN-1870-19668,isSameAs,ALB-CN-1880-3698,1870,1880,70-80,0.961
7bb4396e-d186-431f-a313-e19be4d4b255,ALB-CN-1870-19669,isSameAs,ALB-CN-1880-3699,1870,1880,70-80,0.858
e7fbc0fd-058d-4862-9e94-504d26004b58,ALB-CN-1870-19670,isSameAs,ALB-CN-1880-23847,1870,1880,70-80,0.668
36c2ab53-d59f-450a-aae6-acdab314e049,ALB-CN-1870-19686,isSameAs,ALB-CN-1880-4789,1870,1880,70-80,0.622
3079cb36-d06f-4ef8-ad5a-89481c35fa13,ALB-CN-1870-19689,isSameAs,ALB-CN-1880-5346,1870,1880,70-80,0.852
68ad0db7-977b-483b-9168-38b542900fec,ALB-CN-1870-19691,isSameAs,ALB-CN-1880-5348,1870,1880,70-80,0.622
8f0e6793-0d9d-452e-9ba9-1dc5b9ff668a,ALB-CN-1870-19693,isSameAs,ALB-CN-1880-5349,1870,1880,70-80,0.711
45731d0a-1f38-4498-8440-c3b5be7096a2,ALB-CN-1870-19694,isSameAs,ALB-CN-1880-5351,1870,1880,70-80,0.622
6deb8a70-c999-472b-bb46-7d52c4a7ceef,ALB-CN-1870-19695,isSameAs,ALB-CN-1880-5352,1870,1880,70-80,0.794
ef232be3-02ee-41f0-80a5-32101753b08c,ALB-CN-1870-19696,isSameAs,ALB-CN-1880-5987,1870,1880,70-80,0.875
b44c6a26-212f-4b91-8f56-b3bb7b460dbc,ALB-CN-1870-19697,isSameAs,ALB-CN-1880-5988,1870,1880,70-80,0.875
f8973d32-96be-4894-ac18-ac441ebdbd48,ALB-CN-1870-197,isSameAs,ALB-CN-1880-15052,1870,1880,70-80,0.69
cabd5bb1-1849-4be3-8177-9003e3063443,ALB-CN-1870-19700,isSameAs,ALB-CN-1880-6998,1870,1880,70-80,0.858
04d8ad9e-5ca6-4b3a-adcb-c4a6b5e0bf63,ALB-CN-1870-19701,isSameAs,ALB-CN-1880-6280,1870,1880,70-80,0.818
6dedf10f-4f20-4229-bf44-6eb5de371c3d,ALB-CN-1870-19703,isSameAs,ALB-CN-1880-5989,1870,1880,70-80,0.731
19e1cb8f-2322-42cb-be77-89ee241bb1e7,ALB-CN-1870-19707,isSameAs,ALB-CN-1880-10721,1870,1880,70-80,0.948
96de2328-3985-4e40-beb6-292d69b970ab,ALB-CN-1870-19708,isSameAs,ALB-CN-1880-10722,1870,1880,70-80,0.917
43843e87-ea6b-4e13-a9e7-0a056d20707b,ALB-CN-1870-19709,isSameAs,ALB-CN-1880-10723,1870,1880,70-80,0.924
6182942c-6582-42c7-8bac-135c82ba23cc,ALB-CN-1870-19711,isSameAs,ALB-CN-1880-10347,1870,1880,70-80,0.75
6054ed8d-9af6-47af-9297-acfa2232baf0,ALB-CN-1870-19714,isSameAs,ALB-CN-1880-25509,1870,1880,70-80,0.69
43cabcf0-ba61-4f11-8e10-dc284228dcff,ALB-CN-1870-19716,isSameAs,ALB-CN-1880-25224,1870,1880,70-80,0.786
53dfc656-d9cf-42eb-9f5e-a785da111523,ALB-CN-1870-19717,isSameAs,ALB-CN-1880-25510,1870,1880,70-80,0.846
5de1b287-aa5f-4b77-ab27-e0dd4e75f560,ALB-CN-1870-19718,isSameAs,ALB-CN-1880-30766,1870,1880,70-80,0.731
09162639-6d43-4066-b08d-be653972dfe0,ALB-CN-1870-19719,isSameAs,ALB-CN-1880-10669,1870,1880,70-80,0.909
f4669bf6-8f4a-413a-9f40-38614ecaf1d7,ALB-CN-1870-19721,isSameAs,ALB-CN-1880-10691,1870,1880,70-80,0.948
30829efa-be20-47aa-8f3f-81a0f06c79f3,ALB-CN-1870-19722,isSameAs,ALB-CN-1880-10692,1870,1880,70-80,0.948
c15e1d96-5931-47e6-9acd-027cb53cf33c,ALB-CN-1870-19723,isSameAs,ALB-CN-1880-10761,1870,1880,70-80,0.832
23304994-54d2-40f8-bd8f-34b05f130103,ALB-CN-1870-19724,isSameAs,ALB-CN-1880-6144,1870,1880,70-80,0.668
da8e3a2c-f81f-4518-9768-4a5fa1e00030,ALB-CN-1870-19727,isSameAs,ALB-CN-1880-10694,1870,1880,70-80,0.769
b96f54cb-65c9-4d64-a342-e10b488a4e13,ALB-CN-1870-19729,isSameAs,ALB-CN-1880-6972,1870,1880,70-80,0.75
9db2a18e-f427-4573-a8c1-0052c3c2942f,ALB-CN-1870-19733,isSameAs,ALB-CN-1880-6975,1870,1880,70-80,0.957
7f2fc28e-6608-4a59-8c0e-5e6bf577aced,ALB-CN-1870-19734,isSameAs,ALB-CN-1880-6976,1870,1880,70-80,0.971
67a245dc-d7ae-4ed0-8bff-270a276f0cc4,ALB-CN-1870-19737,isSameAs,ALB-CN-1880-3774,1870,1880,70-80,0.928
b9b041b7-3561-4930-a4f6-8fe5c389e75a,ALB-CN-1870-19740,isSameAs,ALB-CN-1880-6979,1870,1880,70-80,0.69
075cb905-e00f-41a2-9a76-35d1e62ae5b6,ALB-CN-1870-19744,isSameAs,ALB-CN-1880-6797,1870,1880,70-80,0.679
1938003b-0103-436d-88a2-0cc05a4aa523,ALB-CN-1870-19745,isSameAs,ALB-CN-1880-6798,1870,1880,70-80,0.864
934073ba-846a-436f-8911-244ffec4fb01,ALB-CN-1870-19746,isSameAs,ALB-CN-1880-6799,1870,1880,70-80,0.977
0149b6c5-018d-4f0f-82c4-3efe33f44178,ALB-CN-1870-19747,isSameAs,ALB-CN-1880-6804,1870,1880,70-80,0.818
c82cf589-2328-45c7-902a-30ba22adf93d,ALB-CN-1870-19748,isSameAs,ALB-CN-1880-6805,1870,1880,70-80,0.98
63f0e2b3-8a3f-4ed3-aeca-b569ddf711a7,ALB-CN-1870-19749,isSameAs,ALB-CN-1880-6806,1870,1880,70-80,0.98
7c695325-2b37-4509-8aa3-46ffc99a5c53,ALB-CN-1870-19750,isSameAs,ALB-CN-1880-6424,1870,1880,70-80,0.741
261e5035-d771-44a5-ade8-a8d8b73d5f55,ALB-CN-1870-19754,isSameAs,ALB-CN-1880-6943,1870,1880,70-80,0.881
404348f2-ffe0-44eb-908e-1ab7486bdbe1,ALB-CN-1870-19755,isSameAs,ALB-CN-1880-6945,1870,1880,70-80,0.964
45acca48-d657-4bb6-b837-edfbc4f1aed2,ALB-CN-1870-19756,isSameAs,ALB-CN-1880-6946,1870,1880,70-80,0.852
dc5e8bec-b92f-458d-8f9a-1e03ccd1470f,ALB-CN-1870-19758,isSameAs,ALB-CN-1880-8302,1870,1880,70-80,0.786
74977fd5-819d-4440-8884-10eff4b81855,ALB-CN-1870-1976,isSameAs,ALB-CN-1880-14922,1870,1880,70-80,0.75
7f296ac9-8cfa-4695-b612-40f6735c505a,ALB-CN-1870-19761,isSameAs,ALB-CN-1880-1171,1870,1880,70-80,0.701
6c7134ac-b3fa-4924-baac-80d6687af5e6,ALB-CN-1870-19768,isSameAs,ALB-CN-1880-6777,1870,1880,70-80,0.982
8a53bafb-a5b1-4828-9575-e72913fef59f,ALB-CN-1870-19769,isSameAs,ALB-CN-1880-8484,1870,1880,70-80,0.769
bfe235d8-1480-4955-9a5b-9b5fe501d2fa,ALB-CN-1870-1977,isSameAs,ALB-CN-1880-4906,1870,1880,70-80,0.657
a301d71e-7dcc-4ab7-9375-b7511e1bc5ae,ALB-CN-1870-19770,isSameAs,ALB-CN-1880-6779,1870,1880,70-80,0.989
78b56ae2-dfb6-4c0f-83e8-85c43ec07510,ALB-CN-1870-19771,isSameAs,ALB-CN-1880-6780,1870,1880,70-80,0.75
05e55309-e10d-4fda-afb3-71bc91f265b4,ALB-CN-1870-19773,isSameAs,ALB-CN-1880-7018,1870,1880,70-80,0.839
56740599-253c-4b67-9ea5-f0dbda81eec0,ALB-CN-1870-19774,isSameAs,ALB-CN-1880-7019,1870,1880,70-80,0.937
0bc4e7a7-ab18-497a-af16-f0f6e085adf7,ALB-CN-1870-19778,isSameAs,ALB-CN-1880-6469,1870,1880,70-80,0.98
9099af2f-b753-4d28-a457-0d5c6e8b9472,ALB-CN-1870-19779,isSameAs,ALB-CN-1880-6470,1870,1880,70-80,0.987
d6d5fb15-9538-4f07-b56b-33fca16cd6d1,ALB-CN-1870-19780,isSameAs,ALB-CN-1880-6471,1870,1880,70-80,0.864
b7d6f053-764f-4959-93e2-51c41b53b2ae,ALB-CN-1870-19782,isSameAs,ALB-CN-1880-6472,1870,1880,70-80,0.98
ff29c872-2bc1-44ff-9ee2-33a8b01afee1,ALB-CN-1870-19783,isSameAs,ALB-CN-1880-6473,1870,1880,70-80,0.989
af90d2b2-cf49-4e02-ad89-b6073a45da3e,ALB-CN-1870-19784,isSameAs,ALB-CN-1880-6474,1870,1880,70-80,0.971
8e924570-ac39-4824-81a5-8ba0c729baa9,ALB-CN-1870-19785,isSameAs,ALB-CN-1880-6475,1870,1880,70-80,0.971
d6ca18e3-2817-45b8-a33e-4b90ccf84d0f,ALB-CN-1870-19787,isSameAs,ALB-CN-1880-19212,1870,1880,70-80,0.69
1d7a0d26-e1f5-4060-9fce-aba46868389b,ALB-CN-1870-19792,isSameAs,ALB-CN-1880-18013,1870,1880,70-80,0.769
f5e9ca57-e7fc-4d95-a684-88185c463eb1,ALB-CN-1870-198,isSameAs,ALB-CN-1880-29405,1870,1880,70-80,0.931
6c24e0d5-d44a-4837-807b-989e85702653,ALB-CN-1870-1980,isSameAs,ALB-CN-1880-4909,1870,1880,70-80,0.909
a8564f76-b22a-4e36-ad47-62691383cb47,ALB-CN-1870-19806,isSameAs,ALB-CN-1880-18174,1870,1880,70-80,0.87
3e032dd8-c59c-47d5-aba6-764fe3a8a03d,ALB-CN-1870-19808,isSameAs,ALB-CN-1880-8201,1870,1880,70-80,0.721
24772db6-af9c-42e8-8828-0c14807b865e,ALB-CN-1870-19809,isSameAs,ALB-CN-1880-8202,1870,1880,70-80,0.786
a7336771-a9c3-48f4-8de6-fb2fb327ec9b,ALB-CN-1870-1981,isSameAs,ALB-CN-1880-4910,1870,1880,70-80,0.909
44dfb22d-29b2-4878-8fc8-fdb503388d0b,ALB-CN-1870-19812,isSameAs,ALB-CN-1880-3924,1870,1880,70-80,0.76
c90a451e-5862-4a15-8a20-7a3245cc77c1,ALB-CN-1870-19813,isSameAs,ALB-CN-1880-3925,1870,1880,70-80,0.76
c64e9d6b-238f-497d-ae96-b05bb24a53ea,ALB-CN-1870-19817,isSameAs,ALB-CN-1880-7070,1870,1880,70-80,0.875
76078423-4fc9-44e4-9704-70c82f5adece,ALB-CN-1870-19818,isSameAs,ALB-CN-1880-7071,1870,1880,70-80,0.937
b46a3625-1e01-492f-b9bc-e4e521bbef07,ALB-CN-1870-19821,isSameAs,ALB-CN-1880-7773,1870,1880,70-80,0.622
70e05268-489b-4f5c-89e4-ebe6f634572a,ALB-CN-1870-19823,isSameAs,ALB-CN-1880-8780,1870,1880,70-80,0.924
25e27e08-092e-4a52-8b28-89dbb5087446,ALB-CN-1870-19824,isSameAs,ALB-CN-1880-8781,1870,1880,70-80,0.794
37d3cebd-f55a-49d1-8866-7a460e4f4c6b,ALB-CN-1870-19825,isSameAs,ALB-CN-1880-8782,1870,1880,70-80,0.852
e40e805a-8a55-4381-a26d-3fc915e3c479,ALB-CN-1870-19832,isSameAs,ALB-CN-1880-8293,1870,1880,70-80,0.69
5e14d365-50ef-4086-b7b1-c8d5e3edcf81,ALB-CN-1870-19833,isSameAs,ALB-CN-1880-21061,1870,1880,70-80,0.622
1919d9cd-7ce6-415f-b817-11224caa569f,ALB-CN-1870-19837,isSameAs,ALB-CN-1880-7033,1870,1880,70-80,0.964
5662dea9-0f43-47fa-a210-4f9b4c70f2c6,ALB-CN-1870-19838,isSameAs,ALB-CN-1880-7032,1870,1880,70-80,0.964
4edf79de-5ec1-4711-ab71-c94a731b7bc8,ALB-CN-1870-19840,isSameAs,ALB-CN-1880-7077,1870,1880,70-80,0.818
5451587a-dcc1-4160-b1f8-37fed9d6b9de,ALB-CN-1870-19842,isSameAs,ALB-CN-1880-8776,1870,1880,70-80,0.818
78ce75fe-f549-4bcb-aa15-5694c5e671e3,ALB-CN-1870-19843,isSameAs,ALB-CN-1880-8775,1870,1880,70-80,0.87
cafeed2d-a73d-447e-9db1-041c1aa74736,ALB-CN-1870-19844,isSameAs,ALB-CN-1880-8779,1870,1880,70-80,0.909
9e19d96a-e382-42a3-b11c-b0521e54fe90,ALB-CN-1870-19846,isSameAs,ALB-CN-1880-7762,1870,1880,70-80,0.721
36bef556-a1ba-47d4-8e09-32b8a4faac49,ALB-CN-1870-19848,isSameAs,ALB-CN-1880-8771,1870,1880,70-80,0.75
5db88f40-85c9-4013-b2ea-c97a505f86ac,ALB-CN-1870-19851,isSameAs,ALB-CN-1880-10093,1870,1880,70-80,0.818
cba526b1-c74b-49a3-bf1d-9042806724f3,ALB-CN-1870-19855,isSameAs,ALB-CN-1880-8854,1870,1880,70-80,0.921
ed2de21e-b3cd-47a7-9f85-4f77b49371dc,ALB-CN-1870-19858,isSameAs,ALB-CN-1880-4005,1870,1880,70-80,0.611
9052b559-224a-4083-8a78-c7e8e0482eaa,ALB-CN-1870-19859,isSameAs,ALB-CN-1880-17662,1870,1880,70-80,0.846
90646d92-cf90-482c-9db9-1c685d137930,ALB-CN-1870-19862,isSameAs,ALB-CN-1880-12031,1870,1880,70-80,0.786
dc79017d-08cc-421b-b501-8aa62e4423f9,ALB-CN-1870-19863,isSameAs,ALB-CN-1880-26870,1870,1880,70-80,0.917
1cbe54c1-5156-4d6e-a9a1-69a39ba69d11,ALB-CN-1870-19866,isSameAs,ALB-CN-1880-21929,1870,1880,70-80,0.953
ee092399-e62a-4a5f-ad77-035086f96162,ALB-CN-1870-19867,isSameAs,ALB-CN-1880-14860,1870,1880,70-80,0.777
caba504f-8e14-43ac-9371-683f4a277bcb,ALB-CN-1870-19868,isSameAs,ALB-CN-1880-6839,1870,1880,70-80,0.945
d2b47daf-1aeb-4159-9acc-6e0595dcf03c,ALB-CN-1870-19869,isSameAs,ALB-CN-1880-6840,1870,1880,70-80,0.846
601a4623-959a-4ac8-ba7d-f194b8c37731,ALB-CN-1870-1987,isSameAs,ALB-CN-1880-26299,1870,1880,70-80,0.657
44dbac51-99aa-45d1-927d-67ae5cba8cff,ALB-CN-1870-19870,isSameAs,ALB-CN-1880-5515,1870,1880,70-80,0.634
91924cac-5690-4f5c-9a54-84bc583c2bc2,ALB-CN-1870-19871,isSameAs,ALB-CN-1880-5513,1870,1880,70-80,0.711
294b8d93-9228-42d5-87cf-1ce7f34d4a7a,ALB-CN-1870-19872,isSameAs,ALB-CN-1880-4587,1870,1880,70-80,0.971
b3a91c72-8b63-487e-a871-0a44517f6053,ALB-CN-1870-19873,isSameAs,ALB-CN-1880-4588,1870,1880,70-80,0.75
40f6bf45-5ab8-4bc3-8c5b-73806640b9d7,ALB-CN-1870-19874,isSameAs,ALB-CN-1880-21806,1870,1880,70-80,0.646
5fc4859d-204c-4bfa-a144-25a28b0a1c9e,ALB-CN-1870-19875,isSameAs,ALB-CN-1880-4589,1870,1880,70-80,0.948
8140a130-ca4c-4b0d-adb9-bd8e90dedffe,ALB-CN-1870-19876,isSameAs,ALB-CN-1880-5514,1870,1880,70-80,0.786
f1817a08-2349-4ddb-aa23-45d65dc81120,ALB-CN-1870-19880,isSameAs,ALB-CN-1880-22055,1870,1880,70-80,0.75
af44bf00-18bc-418c-8839-f4eb617abb58,ALB-CN-1870-19882,isSameAs,ALB-CN-1880-5517,1870,1880,70-80,0.832
e8a7bbd8-57e1-415b-ae4d-cdeb5a3a5f49,ALB-CN-1870-19883,isSameAs,ALB-CN-1880-5518,1870,1880,70-80,0.701
82c5150b-1fdd-4d0e-8f6c-2208356bcab6,ALB-CN-1870-19886,isSameAs,ALB-CN-1880-7036,1870,1880,70-80,0.957
838ffded-b0c8-4eac-a417-a23aed05511b,ALB-CN-1870-19887,isSameAs,ALB-CN-1880-7037,1870,1880,70-80,0.864
12966b18-a842-48b6-87df-753f11b808b9,ALB-CN-1870-19888,isSameAs,ALB-CN-1880-7038,1870,1880,70-80,0.937
1fd3b830-660b-4280-9064-6383da5e9823,ALB-CN-1870-19890,isSameAs,ALB-CN-1880-7039,1870,1880,70-80,0.957
0b1b6ebd-def0-43cb-8bae-b9ff1ecc1ea9,ALB-CN-1870-19891,isSameAs,ALB-CN-1880-14479,1870,1880,70-80,0.711
dbb9c099-1607-472b-b743-a59544c5ee4c,ALB-CN-1870-19892,isSameAs,ALB-CN-1880-7040,1870,1880,70-80,0.94
3b4be635-c911-4a89-8790-9296c281b977,ALB-CN-1870-19893,isSameAs,ALB-CN-1880-7041,1870,1880,70-80,0.971
81b45fa0-4712-4ac0-95e7-f4221752c903,ALB-CN-1870-19894,isSameAs,ALB-CN-1880-6994,1870,1880,70-80,0.99
7bb985b1-4a77-404a-bb5f-6fea824f19b6,ALB-CN-1870-19897,isSameAs,ALB-CN-1880-15753,1870,1880,70-80,0.646
9398e3f7-c469-45bc-bfe5-1f05f49adc42,ALB-CN-1870-1990,isSameAs,ALB-CN-1880-21562,1870,1880,70-80,0.953
07f2dd37-f77d-4e97-894f-7accd874e9bc,ALB-CN-1870-19900,isSameAs,ALB-CN-1880-6996,1870,1880,70-80,0.964
ffd46f42-3c04-47d8-b876-6c329eea99d7,ALB-CN-1870-1991,isSameAs,ALB-CN-1880-12606,1870,1880,70-80,0.931
0550bd8f-ec8d-4d12-98d8-4425cca4f066,ALB-CN-1870-19916,isSameAs,ALB-CN-1880-10661,1870,1880,70-80,0.953
7640ba8c-ae79-4c7d-9865-ea745fd6810e,ALB-CN-1870-19917,isSameAs,ALB-CN-1880-10662,1870,1880,70-80,0.988
fdc4eb41-3423-445f-862b-dd86aab49d7f,ALB-CN-1870-19918,isSameAs,ALB-CN-1880-10663,1870,1880,70-80,0.864
490a0829-3b41-48d2-8cb7-7b2ba0e7ba2c,ALB-CN-1870-1992,isSameAs,ALB-CN-1880-21564,1870,1880,70-80,0.971
1e4ecd5e-1dd3-4140-afaa-fdad9c7f0dba,ALB-CN-1870-19921,isSameAs,ALB-CN-1880-31223,1870,1880,70-80,0.846
0be19c00-3c34-475c-82ef-5a01c6597aa2,ALB-CN-1870-19923,isSameAs,ALB-CN-1880-10295,1870,1880,70-80,0.98
0dc30234-6314-433e-9225-4e3284167a45,ALB-CN-1870-19924,isSameAs,ALB-CN-1880-17378,1870,1880,70-80,0.786
a31fc516-3949-4810-9166-0ff2a7491709,ALB-CN-1870-19925,isSameAs,ALB-CN-1880-219,1870,1880,70-80,0.891
43341aea-1a01-4cb5-b669-db8afdc4e327,ALB-CN-1870-19926,isSameAs,ALB-CN-1880-10297,1870,1880,70-80,0.953
5d2e7930-f6ab-4cfa-82ad-6266068dcdc3,ALB-CN-1870-19927,isSameAs,ALB-CN-1880-10299,1870,1880,70-80,0.971
4e308f5f-e113-49fb-91af-3f72acc1a529,ALB-CN-1870-19928,isSameAs,ALB-CN-1880-10300,1870,1880,70-80,0.99
1e6c25b3-f651-4a6e-945c-612677d54d48,ALB-CN-1870-19929,isSameAs,ALB-CN-1880-17381,1870,1880,70-80,0.794
5163eb2a-f1c5-4185-803d-c09a913d6d95,ALB-CN-1870-1993,isSameAs,ALB-CN-1880-11013,1870,1880,70-80,0.75
2d339479-58d5-476c-ba95-701129a316db,ALB-CN-1870-19930,isSameAs,ALB-CN-1880-10302,1870,1880,70-80,0.957
818118cc-d8c1-4f82-ae30-47380cd8f864,ALB-CN-1870-1994,isSameAs,ALB-CN-1880-21565,1870,1880,70-80,0.971
7e588c7f-ee09-4cc4-8498-46640df29bfd,ALB-CN-1870-19944,isSameAs,ALB-CN-1880-10378,1870,1880,70-80,0.858
dc4fdf57-01f3-4bbb-ae84-d27d06c577bc,ALB-CN-1870-19946,isSameAs,ALB-CN-1880-12386,1870,1880,70-80,0.87
2d426634-6c32-46ac-9780-db1b91e6e79d,ALB-CN-1870-19949,isSameAs,ALB-CN-1880-17689,1870,1880,70-80,0.634
b605922d-6be3-45af-8170-0e6beca88134,ALB-CN-1870-19950,isSameAs,ALB-CN-1880-12391,1870,1880,70-80,0.937
7eb57325-0a8a-4a82-9be7-ea555904d248,ALB-CN-1870-19954,isSameAs,ALB-CN-1880-11489,1870,1880,70-80,0.75
626e5ad1-8015-41bc-8f3f-2574029c8fa5,ALB-CN-1870-19967,isSameAs,ALB-CN-1880-10342,1870,1880,70-80,0.964
99cbe900-7d95-4d36-86ac-dee45b432498,ALB-CN-1870-19969,isSameAs,ALB-CN-1880-10343,1870,1880,70-80,0.881
e3affc9a-a808-406e-92d1-c7260a02ad5d,ALB-CN-1870-19982,isSameAs,ALB-CN-1880-10678,1870,1880,70-80,0.657
99d3a0a6-7bf2-4434-907f-59b86615bb77,ALB-CN-1870-19983,isSameAs,ALB-CN-1880-10675,1870,1880,70-80,0.87
922d222a-eb12-4804-8dc0-addb8a7765f5,ALB-CN-1870-19984,isSameAs,ALB-CN-1880-31670,1870,1880,70-80,0.721
1be415f2-5106-4f75-89ed-0e19e1920668,ALB-CN-1870-19986,isSameAs,ALB-CN-1880-10813,1870,1880,70-80,0.891
43868d6e-5297-4782-8867-8bc90dbdafb3,ALB-CN-1870-19989,isSameAs,ALB-CN-1880-13564,1870,1880,70-80,0.846
f4e558c4-c89b-4968-a420-6b46bf92e69e,ALB-CN-1870-19993,isSameAs,ALB-CN-1880-17303,1870,1880,70-80,0.711
ab9b4745-d346-4e20-bbe0-39d5c8830ea2,ALB-CN-1870-19999,isSameAs,ALB-CN-1880-24531,1870,1880,70-80,0.896
e071e661-79f1-4868-84d7-cdcdf6ab6ddf,ALB-CN-1870-2,isSameAs,ALB-CN-1880-22045,1870,1880,70-80,0.657
32ccc526-572f-4f26-956c-fb36985a4c75,ALB-CN-1870-20,isSameAs,ALB-CN-1880-22071,1870,1880,70-80,0.989
4bb87743-56c2-4000-aa8e-b2078f8f5601,ALB-CN-1870-2000,isSameAs,ALB-CN-1880-23310,1870,1880,70-80,0.731
fb686e9d-8e5f-456e-84be-1b0b37833f0b,ALB-CN-1870-20000,isSameAs,ALB-CN-1880-24532,1870,1880,70-80,0.87
8cc37d9d-67f2-4ebc-818f-18f5478d7721,ALB-CN-1870-20001,isSameAs,ALB-CN-1880-24533,1870,1880,70-80,0.99
6f2e23d0-1baf-42dd-b319-4fde20a5301c,ALB-CN-1870-20002,isSameAs,ALB-CN-1880-24534,1870,1880,70-80,0.971
0e134f56-01cd-4679-adbe-50251a223525,ALB-CN-1870-20006,isSameAs,ALB-CN-1880-28666,1870,1880,70-80,0.909
ed41cecb-110d-4103-a759-b6ecae97d2b5,ALB-CN-1870-20007,isSameAs,ALB-CN-1880-28667,1870,1880,70-80,0.858
b6e5003a-6b46-42c5-87e8-e605e74f3ba7,ALB-CN-1870-20009,isSameAs,ALB-CN-1880-10094,1870,1880,70-80,0.75
0e299cad-f5f4-4fae-97dd-4fa9547f5a87,ALB-CN-1870-2001,isSameAs,ALB-CN-1880-21551,1870,1880,70-80,0.973
ba02b3c3-2a55-4e8b-b1ba-073b96a58335,ALB-CN-1870-20012,isSameAs,ALB-CN-1880-31173,1870,1880,70-80,0.668
c7e29878-f527-4938-8045-9cdc522f0d74,ALB-CN-1870-20016,isSameAs,ALB-CN-1880-3599,1870,1880,70-80,0.76
0b509685-07f3-4932-a466-2c8d8e7765e3,ALB-CN-1870-2002,isSameAs,ALB-CN-1880-21552,1870,1880,70-80,0.982
3733cf65-1ea6-4d66-9f86-2438391d4d7b,ALB-CN-1870-2003,isSameAs,ALB-CN-1880-21553,1870,1880,70-80,0.961
842c9c81-f4aa-4010-b1d0-3dc123a51c51,ALB-CN-1870-20030,isSameAs,ALB-CN-1880-24987,1870,1880,70-80,0.786
7827185b-e5b4-4bda-b633-5b0a7da99418,ALB-CN-1870-20034,isSameAs,ALB-CN-1880-26788,1870,1880,70-80,0.622
1b4b884f-b939-4a77-8ce0-6f586720ea12,ALB-CN-1870-20039,isSameAs,ALB-CN-1880-9778,1870,1880,70-80,0.646
4c1fd89e-1f08-4201-a5e5-130c1e73dd51,ALB-CN-1870-2004,isSameAs,ALB-CN-1880-21554,1870,1880,70-80,0.985
900c4e96-ac12-424f-aa23-7bb7af80fbe9,ALB-CN-1870-20046,isSameAs,ALB-CN-1880-13241,1870,1880,70-80,0.786
214a3dc4-351a-4133-8b10-58c3c14a28cc,ALB-CN-1870-20047,isSameAs,ALB-CN-1880-9643,1870,1880,70-80,0.881
35efa8a5-ef83-48fa-a7eb-8dddab18fb1a,ALB-CN-1870-20049,isSameAs,ALB-CN-1880-9641,1870,1880,70-80,0.98
8447289e-d9bc-4434-8db3-d6d74be46455,ALB-CN-1870-2005,isSameAs,ALB-CN-1880-21555,1870,1880,70-80,0.961
de6e5c88-b98f-45d8-81d0-56efaa5d0d43,ALB-CN-1870-20050,isSameAs,ALB-CN-1880-8334,1870,1880,70-80,0.711
8f4d0b9b-304b-48a9-bdf2-92791965f91e,ALB-CN-1870-20051,isSameAs,ALB-CN-1880-9814,1870,1880,70-80,0.846
7b9ef516-ef76-4b9f-9f73-5ef652aeb4bf,ALB-CN-1870-20052,isSameAs,ALB-CN-1880-9642,1870,1880,70-80,0.98
b9566ee6-5674-48e6-859d-bf3ffe85d746,ALB-CN-1870-20053,isSameAs,ALB-CN-1880-10605,1870,1880,70-80,0.802
9d203e3f-b8dd-4107-a8cc-81589b38c7a8,ALB-CN-1870-20054,isSameAs,ALB-CN-1880-11841,1870,1880,70-80,0.924
212781ff-09f9-47db-9c83-36e257f6ee09,ALB-CN-1870-20055,isSameAs,ALB-CN-1880-9638,1870,1880,70-80,0.769
84b7d7e6-262a-4a0c-8521-55794ca57153,ALB-CN-1870-20057,isSameAs,ALB-CN-1880-9610,1870,1880,70-80,0.818
0e22129b-5b78-4c1b-bc8f-e7ab46a3f66f,ALB-CN-1870-20058,isSameAs,ALB-CN-1880-9611,1870,1880,70-80,0.98
5714c1f8-59ab-4ecf-84d9-93b290aacb13,ALB-CN-1870-20059,isSameAs,ALB-CN-1880-9612,1870,1880,70-80,0.99
108fbca6-9a67-44e0-9b68-a5f399a5b287,ALB-CN-1870-2006,isSameAs,ALB-CN-1880-21556,1870,1880,70-80,0.984
e0a199d1-1828-440c-8e2d-8fc4e85a9e97,ALB-CN-1870-20061,isSameAs,ALB-CN-1880-9613,1870,1880,70-80,0.989
a14cbc2a-f79d-44e8-b0c9-f0d58ce3a2ee,ALB-CN-1870-20062,isSameAs,ALB-CN-1880-15699,1870,1880,70-80,0.802
5e7649cb-c5cb-4761-a62b-b11e22dfd9ef,ALB-CN-1870-20066,isSameAs,ALB-CN-1880-27076,1870,1880,70-80,0.948
d6ea08fb-792f-43c3-a0d7-ce89f1ff51ac,ALB-CN-1870-20067,isSameAs,ALB-CN-1880-9452,1870,1880,70-80,0.891
e517858c-f5ed-4f15-ad1f-0a398f355cd3,ALB-CN-1870-2007,isSameAs,ALB-CN-1880-21557,1870,1880,70-80,0.973
30d17043-a023-4e79-b97a-d0d1ac5ea39e,ALB-CN-1870-20070,isSameAs,ALB-CN-1880-9366,1870,1880,70-80,0.99
5b745cad-d194-4a64-b3a4-a0b2aa7df538,ALB-CN-1870-20071,isSameAs,ALB-CN-1880-9367,1870,1880,70-80,0.968
bc77ee64-af0d-4672-ae37-24d782b64da5,ALB-CN-1870-20084,isSameAs,ALB-CN-1880-21027,1870,1880,70-80,0.668
81f760ec-6f46-46c9-ab23-46ee49a9984b,ALB-CN-1870-20094,isSameAs,ALB-CN-1880-11393,1870,1880,70-80,0.646
c0e74f0f-10ae-46d6-a39a-9a6e516fcb24,ALB-CN-1870-20098,isSameAs,ALB-CN-1880-8151,1870,1880,70-80,0.957
e82dcc46-9e28-4a40-b18c-76f92b65dd14,ALB-CN-1870-20100,isSameAs,ALB-CN-1880-8152,1870,1880,70-80,0.875
d93f9208-2aa4-440c-aada-a52bf5f5b188,ALB-CN-1870-20101,isSameAs,ALB-CN-1880-8153,1870,1880,70-80,0.937
23521a1a-e979-42e2-89b5-be34a0835b03,ALB-CN-1870-20107,isSameAs,ALB-CN-1880-9544,1870,1880,70-80,0.731
a0e68987-dd63-46c1-bf0e-d72ecb4c8c80,ALB-CN-1870-20108,isSameAs,ALB-CN-1880-24866,1870,1880,70-80,0.818
bf3980d7-5a84-4827-8305-e44875e797cd,ALB-CN-1870-20109,isSameAs,ALB-CN-1880-11446,1870,1880,70-80,0.668
c541334f-de3d-42e2-9599-a4fa8294d3c1,ALB-CN-1870-2012,isSameAs,ALB-CN-1880-21229,1870,1880,70-80,0.668
4d86a8c7-225e-4925-a231-c1fcce5bcf98,ALB-CN-1870-20127,isSameAs,ALB-CN-1880-30878,1870,1880,70-80,0.711
e8db50fd-cd98-49dd-be98-5193b2d9213d,ALB-CN-1870-20128,isSameAs,ALB-CN-1880-30879,1870,1880,70-80,0.948
c327d895-3028-4bf7-bcb7-74f0eeee1c66,ALB-CN-1870-20129,isSameAs,ALB-CN-1880-30880,1870,1880,70-80,0.948
e7047e1d-d8df-41e8-b2ca-ddf7e3ef7030,ALB-CN-1870-20130,isSameAs,ALB-CN-1880-30881,1870,1880,70-80,0.896
c6e09fda-5dc4-47f6-a95f-3af42669d9fd,ALB-CN-1870-20131,isSameAs,ALB-CN-1880-30882,1870,1880,70-80,0.948
bb573871-f5ab-45e4-a74e-694876ac4a94,ALB-CN-1870-20137,isSameAs,ALB-CN-1880-16208,1870,1880,70-80,0.731
fa3f8124-42b2-4ada-bea0-7fefe637b0be,ALB-CN-1870-20148,isSameAs,ALB-CN-1880-31574,1870,1880,70-80,0.731
1914758e-39aa-43f5-81c1-82be7ba77100,ALB-CN-1870-20150,isSameAs,ALB-CN-1880-31576,1870,1880,70-80,0.98
d03c529a-f825-4fc9-b401-1c819e2bd65c,ALB-CN-1870-20153,isSameAs,ALB-CN-1880-11143,1870,1880,70-80,0.668
21f63424-fadd-45c4-ae71-37b88c0ed10d,ALB-CN-1870-20160,isSameAs,ALB-CN-1880-9246,1870,1880,70-80,0.9
b3b28930-09e0-4be6-a168-734796ee6cb4,ALB-CN-1870-20161,isSameAs,ALB-CN-1880-23261,1870,1880,70-80,0.832
9d405b42-a41a-4c9d-86f1-53c538a6ca46,ALB-CN-1870-20162,isSameAs,ALB-CN-1880-9248,1870,1880,70-80,0.846
f1fbd2fb-59d6-4b99-870d-de708f546bb9,ALB-CN-1870-20165,isSameAs,ALB-CN-1880-14257,1870,1880,70-80,0.875
e625c8c9-0e0f-45fe-9339-3fdd633af563,ALB-CN-1870-20166,isSameAs,ALB-CN-1880-14258,1870,1880,70-80,0.909
2ad16c86-58f4-4be9-b795-59ebaa49910b,ALB-CN-1870-20172,isSameAs,ALB-CN-1880-14264,1870,1880,70-80,0.668
0e1b39c4-70d8-4447-a716-51973994edf6,ALB-CN-1870-20179,isSameAs,ALB-CN-1880-9551,1870,1880,70-80,0.668
fa8dd748-b360-47e4-a890-a7bc5be34539,ALB-CN-1870-20180,isSameAs,ALB-CN-1880-9552,1870,1880,70-80,0.971
6b931c7d-feee-4ac2-a35d-c66905a80d8c,ALB-CN-1870-20181,isSameAs,ALB-CN-1880-9554,1870,1880,70-80,0.953
950d771e-98ae-4ac1-9b95-d791edd63493,ALB-CN-1870-20183,isSameAs,ALB-CN-1880-11529,1870,1880,70-80,0.928
647e5c9e-1606-43b2-a6be-d152f5c29187,ALB-CN-1870-20184,isSameAs,ALB-CN-1880-11530,1870,1880,70-80,0.769
bb4930f2-dedd-4461-be40-797497e9c3b6,ALB-CN-1870-20185,isSameAs,ALB-CN-1880-11531,1870,1880,70-80,0.909
1d0ea9c8-a1a5-4d68-9c65-c5b162e5ea51,ALB-CN-1870-202,isSameAs,ALB-CN-1880-29407,1870,1880,70-80,0.81
a845d722-9a5f-4129-97af-72167ea41f69,ALB-CN-1870-20201,isSameAs,ALB-CN-1880-9418,1870,1880,70-80,0.891
7f6d2873-acdb-4c42-9d9f-bff61a97bed9,ALB-CN-1870-20203,isSameAs,ALB-CN-1880-9419,1870,1880,70-80,0.989
fdc09994-538a-438c-8306-c0c2be290261,ALB-CN-1870-20204,isSameAs,ALB-CN-1880-9420,1870,1880,70-80,0.957
9f87510c-1c41-4e41-9969-0d181bfc14fe,ALB-CN-1870-20205,isSameAs,ALB-CN-1880-28294,1870,1880,70-80,0.98
af95a565-0c3f-44db-936b-cc9b1b12937f,ALB-CN-1870-20206,isSameAs,ALB-CN-1880-9422,1870,1880,70-80,0.953
a8d855fa-cd88-40bc-a494-31037cafa1bc,ALB-CN-1870-20208,isSameAs,ALB-CN-1880-9423,1870,1880,70-80,0.913
247baecf-c666-4da6-99e4-5bc673e640e9,ALB-CN-1870-20209,isSameAs,ALB-CN-1880-12368,1870,1880,70-80,0.611
5c6706ea-d4de-4686-a719-019c90e24b33,ALB-CN-1870-20215,isSameAs,ALB-CN-1880-9460,1870,1880,70-80,0.964
5b5ffb20-824b-40cc-bcab-42275e21563a,ALB-CN-1870-20216,isSameAs,ALB-CN-1880-9424,1870,1880,70-80,0.721
9d3ab730-8f9a-453c-b948-e3c8958d9e5f,ALB-CN-1870-20231,isSameAs,ALB-CN-1880-9953,1870,1880,70-80,0.711
55618049-beb5-4388-b559-2657e0ceaf4d,ALB-CN-1870-20233,isSameAs,ALB-CN-1880-9782,1870,1880,70-80,0.76
d7af8103-1eea-44a9-8426-63e3131d7353,ALB-CN-1870-20234,isSameAs,ALB-CN-1880-9957,1870,1880,70-80,0.711
ea917dbd-fcc5-4a99-bbf3-667435f2e395,ALB-CN-1870-20235,isSameAs,ALB-CN-1880-9952,1870,1880,70-80,0.622
cbf91e3d-6428-496b-9538-900354873503,ALB-CN-1870-20240,isSameAs,ALB-CN-1880-26405,1870,1880,70-80,0.917
8fa67b7d-9107-45ea-b8f7-1466985f87c4,ALB-CN-1870-20241,isSameAs,ALB-CN-1880-26406,1870,1880,70-80,0.948
2bb05b2b-f642-45ef-9255-fb8bcc57ec02,ALB-CN-1870-20242,isSameAs,ALB-CN-1880-26407,1870,1880,70-80,0.924
29ef8936-16f6-4375-a6bc-5fddc1be9189,ALB-CN-1870-20244,isSameAs,ALB-CN-1880-8944,1870,1880,70-80,0.973
09a7910b-e2bf-4867-b0da-f0e82b34ef30,ALB-CN-1870-20245,isSameAs,ALB-CN-1880-8945,1870,1880,70-80,0.984
6c56f951-832c-4666-9eff-9a5c8486d5de,ALB-CN-1870-20246,isSameAs,ALB-CN-1880-8946,1870,1880,70-80,0.984
ca184191-9afd-4536-a417-e3898889d58c,ALB-CN-1870-20247,isSameAs,ALB-CN-1880-8947,1870,1880,70-80,0.982
38692ccd-66a2-46ad-898a-788e226fbcf6,ALB-CN-1870-20248,isSameAs,ALB-CN-1880-8948,1870,1880,70-80,0.989
e8dbda12-16aa-4d62-95b5-c299031874a8,ALB-CN-1870-20249,isSameAs,ALB-CN-1880-8949,1870,1880,70-80,0.75
37aab6b7-00e3-4e99-be41-7065c1d5bb26,ALB-CN-1870-2025,isSameAs,ALB-CN-1880-24402,1870,1880,70-80,0.646
34d3ebb8-5842-4798-8119-54d68923f831,ALB-CN-1870-20258,isSameAs,ALB-CN-1880-11310,1870,1880,70-80,0.987
886579b0-99e6-43b3-b334-05e8ac8d81cc,ALB-CN-1870-20259,isSameAs,ALB-CN-1880-11311,1870,1880,70-80,0.964
c6009897-e43e-4553-9f9b-6b18690215cc,ALB-CN-1870-20260,isSameAs,ALB-CN-1880-11313,1870,1880,70-80,0.846
01629ba0-75a5-425d-88c4-bf57a21339b1,ALB-CN-1870-20261,isSameAs,ALB-CN-1880-11312,1870,1880,70-80,0.971
1bf9c9c6-a393-47d2-8c8d-690d89c0de7c,ALB-CN-1870-20263,isSameAs,ALB-CN-1880-8897,1870,1880,70-80,0.937
a7b6dddf-9b65-401f-a1d7-e56abae47b79,ALB-CN-1870-20267,isSameAs,ALB-CN-1880-8901,1870,1880,70-80,0.964
2ad4e5a7-a9f7-4cea-bb8d-502a604ef09c,ALB-CN-1870-2027,isSameAs,ALB-CN-1880-20238,1870,1880,70-80,0.731
f0bb3c21-4ca7-404f-8ae7-9b98f19d54eb,ALB-CN-1870-20270,isSameAs,ALB-CN-1880-13645,1870,1880,70-80,0.875
ef1d43fe-0903-4e46-bef7-09e4c4d848d6,ALB-CN-1870-20271,isSameAs,ALB-CN-1880-13646,1870,1880,70-80,0.794
1fb9309a-f90f-40ab-bc50-25ed1525b1e2,ALB-CN-1870-20272,isSameAs,ALB-CN-1880-9981,1870,1880,70-80,0.909
bdd3231e-f5c7-4136-be26-754cc82d9430,ALB-CN-1870-20274,isSameAs,ALB-CN-1880-10166,1870,1880,70-80,0.731
933fec69-5c7f-4247-b2ba-25c5d6900403,ALB-CN-1870-20275,isSameAs,ALB-CN-1880-10167,1870,1880,70-80,0.721
f084fb21-976e-45c1-bd73-292d47929ef7,ALB-CN-1870-20276,isSameAs,ALB-CN-1880-9970,1870,1880,70-80,0.786
f5725822-c1a3-4409-96a1-acc99d274f88,ALB-CN-1870-20277,isSameAs,ALB-CN-1880-9971,1870,1880,70-80,0.668
57d6e111-4326-445a-b8eb-f58183af7c5d,ALB-CN-1870-20278,isSameAs,ALB-CN-1880-9972,1870,1880,70-80,0.98
7a492e6e-331a-4727-8417-7ce85e43d672,ALB-CN-1870-20280,isSameAs,ALB-CN-1880-23921,1870,1880,70-80,0.858
6a8dc71f-6921-4fab-bea6-08cdcd23e682,ALB-CN-1870-20283,isSameAs,ALB-CN-1880-23925,1870,1880,70-80,0.917
c24ce347-6e8e-4ff3-95db-bfcfb47d1f02,ALB-CN-1870-20286,isSameAs,ALB-CN-1880-9933,1870,1880,70-80,0.99
f8d8cd73-8925-4ccf-9936-1124b0ca6537,ALB-CN-1870-20287,isSameAs,ALB-CN-1880-9932,1870,1880,70-80,0.99
18b88c33-eec6-4ed6-a830-3461db697d64,ALB-CN-1870-20288,isSameAs,ALB-CN-1880-9934,1870,1880,70-80,0.973
bf92c159-d011-4aa0-b9f8-077b1c202972,ALB-CN-1870-20289,isSameAs,ALB-CN-1880-9935,1870,1880,70-80,0.989
cf4f7cd1-8918-4058-a049-116cc0aa708a,ALB-CN-1870-20290,isSameAs,ALB-CN-1880-9936,1870,1880,70-80,0.989
aa6ac86b-ecde-444d-9ab4-8f18e6c1a1eb,ALB-CN-1870-20293,isSameAs,ALB-CN-1880-7747,1870,1880,70-80,0.968
14221939-cbb8-485c-bf09-e663fed1e038,ALB-CN-1870-20294,isSameAs,ALB-CN-1880-7748,1870,1880,70-80,0.948
1f9f0c11-1036-4f0a-8827-bf074b5c2ed1,ALB-CN-1870-20295,isSameAs,ALB-CN-1880-7749,1870,1880,70-80,0.622
c496f768-fc6f-4f8a-8c39-6dfdbb41a631,ALB-CN-1870-20296,isSameAs,ALB-CN-1880-14295,1870,1880,70-80,0.622
4f45b5f2-8ded-41e3-bba8-2c44d3997142,ALB-CN-1870-20297,isSameAs,ALB-CN-1880-7750,1870,1880,70-80,0.971
5fbb7113-7b59-48b0-8e77-8de22458721d,ALB-CN-1870-20299,isSameAs,ALB-CN-1880-10140,1870,1880,70-80,0.891
9d6dbd96-f46f-4f9d-bd7d-c629a2198dce,ALB-CN-1870-20300,isSameAs,ALB-CN-1880-10141,1870,1880,70-80,0.937
1964836f-34ba-4fcd-9434-8fea52611bad,ALB-CN-1870-20301,isSameAs,ALB-CN-1880-9599,1870,1880,70-80,0.802
f9227fc0-08db-4bc1-aee7-341955ba0ac4,ALB-CN-1870-20304,isSameAs,ALB-CN-1880-8969,1870,1880,70-80,0.913
6c1a3f33-a14c-44fc-a6e9-ca0b6756a501,ALB-CN-1870-20305,isSameAs,ALB-CN-1880-8970,1870,1880,70-80,0.948
aaaa9e2a-4c5e-4e69-aa91-0c241e5d55ae,ALB-CN-1870-20309,isSameAs,ALB-CN-1880-8972,1870,1880,70-80,0.99
d73fb797-ae42-4342-b58c-5cf4a3244b9d,ALB-CN-1870-20315,isSameAs,ALB-CN-1880-8925,1870,1880,70-80,0.924
9ff7fc72-d4cf-4daa-a606-82c6a2e43537,ALB-CN-1870-20317,isSameAs,ALB-CN-1880-8927,1870,1880,70-80,0.852
258a40ae-af6b-4685-8921-4d862cc1fb2c,ALB-CN-1870-20318,isSameAs,ALB-CN-1880-9594,1870,1880,70-80,0.646
3ff8b484-4d3e-44a0-88b3-ac694fdede8b,ALB-CN-1870-2032,isSameAs,ALB-CN-1880-1395,1870,1880,70-80,0.75
c7d71afc-e93e-4fed-beb8-ffb6b79c5595,ALB-CN-1870-20321,isSameAs,ALB-CN-1880-9596,1870,1880,70-80,0.731
a089ec2e-7961-45d1-bcd6-fb6460a97f50,ALB-CN-1870-20323,isSameAs,ALB-CN-1880-16115,1870,1880,70-80,0.76
09e95d77-eabc-48eb-9b63-356bbcb842ac,ALB-CN-1870-20336,isSameAs,ALB-CN-1880-12523,1870,1880,70-80,0.98
dbe15407-d7d8-46de-aac2-1a3098f61b93,ALB-CN-1870-20339,isSameAs,ALB-CN-1880-29019,1870,1880,70-80,0.668
4ce29ca9-41bd-4eba-8b67-520cb4eaa000,ALB-CN-1870-20340,isSameAs,ALB-CN-1880-12525,1870,1880,70-80,0.98
64860ce8-ba04-4923-91ad-477fb06d2601,ALB-CN-1870-20341,isSameAs,ALB-CN-1880-12526,1870,1880,70-80,0.98
896bdce7-42ae-4e4e-bf62-c833fa58490d,ALB-CN-1870-20342,isSameAs,ALB-CN-1880-3251,1870,1880,70-80,0.81
d70d2a5a-8b7d-4a8d-a770-8bd234f32439,ALB-CN-1870-20343,isSameAs,ALB-CN-1880-12528,1870,1880,70-80,0.98
786b2f8d-0356-4abe-9623-6a9e63050a9d,ALB-CN-1870-20352,isSameAs,ALB-CN-1880-9794,1870,1880,70-80,0.891
dc722cc0-3ea0-4ec2-bcf1-a84699842247,ALB-CN-1870-20360,isSameAs,ALB-CN-1880-9912,1870,1880,70-80,0.75
bd612633-2f95-49a4-9213-a6f19428f3a6,ALB-CN-1870-20361,isSameAs,ALB-CN-1880-9913,1870,1880,70-80,0.731
3da09bd0-a69f-4055-af9b-a1c6fc482648,ALB-CN-1870-20364,isSameAs,ALB-CN-1880-11060,1870,1880,70-80,0.818
44bd3a48-43b7-420d-9410-781769db61f8,ALB-CN-1870-20366,isSameAs,ALB-CN-1880-28519,1870,1880,70-80,0.622
d16c3f30-8d2a-4d24-8695-bebcf825f8c1,ALB-CN-1870-20367,isSameAs,ALB-CN-1880-9937,1870,1880,70-80,0.846
1e0b8f61-860c-4d19-8d5c-fb24e4f6c970,ALB-CN-1870-20372,isSameAs,ALB-CN-1880-11359,1870,1880,70-80,0.786
d5e19e8e-be6c-4a29-8175-e123584a5461,ALB-CN-1870-20391,isSameAs,ALB-CN-1880-22580,1870,1880,70-80,0.852
ff4d3b4f-46a0-4403-b9cc-9d511d68de13,ALB-CN-1870-20393,isSameAs,ALB-CN-1880-22582,1870,1880,70-80,0.924
862c251a-853c-4dd3-b5f5-c1dd1e4c788e,ALB-CN-1870-20394,isSameAs,ALB-CN-1880-22583,1870,1880,70-80,0.989
0e0f448b-f538-4f99-9b5e-8ed4f0dada24,ALB-CN-1870-20395,isSameAs,ALB-CN-1880-22584,1870,1880,70-80,0.94
16bdc1e8-0461-48a9-8836-b729e387feb3,ALB-CN-1870-20396,isSameAs,ALB-CN-1880-22585,1870,1880,70-80,0.948
cb1106bd-dca8-4f46-8078-afbab55f4963,ALB-CN-1870-20407,isSameAs,ALB-CN-1880-9798,1870,1880,70-80,0.94
37183f1e-23b3-4616-b8f2-f6b5bcde9946,ALB-CN-1870-20408,isSameAs,ALB-CN-1880-16177,1870,1880,70-80,0.721
84152030-375c-48a7-9a9d-bdf38d02bcb1,ALB-CN-1870-20411,isSameAs,ALB-CN-1880-9800,1870,1880,70-80,0.896
db6db7ca-527a-4f99-8b2d-4b4098921721,ALB-CN-1870-20413,isSameAs,ALB-CN-1880-9806,1870,1880,70-80,0.802
90eafef4-ea2d-4572-be09-0be91b7b87a0,ALB-CN-1870-20423,isSameAs,ALB-CN-1880-9872,1870,1880,70-80,0.846
3b06b5d9-089a-4078-9ae3-d461bdbf18d9,ALB-CN-1870-20425,isSameAs,ALB-CN-1880-10864,1870,1880,70-80,0.794
f17ed8f5-03e3-4738-89dc-e1ef73f454e5,ALB-CN-1870-20426,isSameAs,ALB-CN-1880-9871,1870,1880,70-80,0.69
719705fc-fb30-467f-b322-8cf3d3615321,ALB-CN-1870-20429,isSameAs,ALB-CN-1880-9803,1870,1880,70-80,0.937
fc7fed22-5bd9-4041-b302-7758856d9bf0,ALB-CN-1870-20430,isSameAs,ALB-CN-1880-9804,1870,1880,70-80,0.846
1d10192a-1a54-436a-aaeb-87bca8244dc1,ALB-CN-1870-20431,isSameAs,ALB-CN-1880-10642,1870,1880,70-80,0.924
85b30b15-c392-4abe-9cdb-a1496e6f221d,ALB-CN-1870-20433,isSameAs,ALB-CN-1880-9905,1870,1880,70-80,0.983
8efe2a67-8ab3-4932-aace-6584127e5eca,ALB-CN-1870-20434,isSameAs,ALB-CN-1880-9906,1870,1880,70-80,0.976
4a76b2da-adfa-46cc-98cd-c9c0c2116f9c,ALB-CN-1870-20440,isSameAs,ALB-CN-1880-4138,1870,1880,70-80,0.786
c77d6dc0-57d9-4f18-8ef1-84a94c6d16db,ALB-CN-1870-20446,isSameAs,ALB-CN-1880-24027,1870,1880,70-80,0.668
84c4de89-8192-48da-85dc-ea9bef2d1433,ALB-CN-1870-20449,isSameAs,ALB-CN-1880-9816,1870,1880,70-80,0.896
05653c58-b8d6-431a-8c70-4ca3addb15cb,ALB-CN-1870-20450,isSameAs,ALB-CN-1880-9817,1870,1880,70-80,0.802
d3425e7f-0992-422f-90f9-ea1ddf270e07,ALB-CN-1870-20451,isSameAs,ALB-CN-1880-9818,1870,1880,70-80,0.959
151d40cc-e552-4437-999f-77fbae433d91,ALB-CN-1870-20452,isSameAs,ALB-CN-1880-9823,1870,1880,70-80,0.891
10d3a2d9-945f-4280-b931-4466af3cf60a,ALB-CN-1870-20456,isSameAs,ALB-CN-1880-9843,1870,1880,70-80,0.94
41707c02-5314-43cc-85b5-91bed3ac4a44,ALB-CN-1870-20457,isSameAs,ALB-CN-1880-9844,1870,1880,70-80,0.957
db558fdd-6572-4a32-8c71-c4561abf9de5,ALB-CN-1870-20458,isSameAs,ALB-CN-1880-9845,1870,1880,70-80,0.971
89cf4eeb-523a-4016-a2e0-75511a8baef9,ALB-CN-1870-20459,isSameAs,ALB-CN-1880-9846,1870,1880,70-80,0.971
530d4864-bb4e-4476-941f-be0347b51ec4,ALB-CN-1870-20460,isSameAs,ALB-CN-1880-9847,1870,1880,70-80,0.913
cef26305-2597-448b-9c66-49fbf587252c,ALB-CN-1870-20465,isSameAs,ALB-CN-1880-9857,1870,1880,70-80,0.881
775f5061-7a78-4502-abd1-dc1a65e221d8,ALB-CN-1870-20466,isSameAs,ALB-CN-1880-9858,1870,1880,70-80,0.99
3e8e156f-ed75-4a26-a8e1-e8b4b98185a3,ALB-CN-1870-20467,isSameAs,ALB-CN-1880-9859,1870,1880,70-80,0.99
8d5c4400-555f-42db-a957-a8ee6280d7ac,ALB-CN-1870-20468,isSameAs,ALB-CN-1880-9860,1870,1880,70-80,0.982
baa73e6d-237a-4ee1-babd-42df88db2e56,ALB-CN-1870-20469,isSameAs,ALB-CN-1880-9861,1870,1880,70-80,0.99
41dccfcc-20dc-4bfb-9d22-bd2868f1682b,ALB-CN-1870-20474,isSameAs,ALB-CN-1880-26253,1870,1880,70-80,0.953
4610c3b0-3198-4b52-bee2-d2039c088c5a,ALB-CN-1870-20476,isSameAs,ALB-CN-1880-9769,1870,1880,70-80,0.731
d18a059b-fa3c-457d-abe2-035476ce8c0b,ALB-CN-1870-20478,isSameAs,ALB-CN-1880-12541,1870,1880,70-80,0.924
7aaf3528-b48b-4ab2-b3b8-fa0f0bfb391c,ALB-CN-1870-20480,isSameAs,ALB-CN-1880-29713,1870,1880,70-80,0.75
f7ea5f4c-ec65-4877-bfcd-9b49560a6c21,ALB-CN-1870-20484,isSameAs,ALB-CN-1880-9830,1870,1880,70-80,0.794
830327b4-2a07-4ad5-a941-1e8e31980259,ALB-CN-1870-20487,isSameAs,ALB-CN-1880-13420,1870,1880,70-80,0.76
be2a8344-1a18-4e83-9081-29a403d15b58,ALB-CN-1870-20488,isSameAs,ALB-CN-1880-7919,1870,1880,70-80,0.76
408c2ef2-913d-43ee-8edc-deba4089da4f,ALB-CN-1870-20490,isSameAs,ALB-CN-1880-9743,1870,1880,70-80,0.891
b94ce547-bbc8-404f-be62-b4235ff642ca,ALB-CN-1870-20498,isSameAs,ALB-CN-1880-12489,1870,1880,70-80,0.769
9a634f68-afa1-41f1-87ef-043cd6d5338b,ALB-CN-1870-205,isSameAs,ALB-CN-1880-352,1870,1880,70-80,0.818
d1d00d9d-7c00-4bbc-804d-4c307cc8df13,ALB-CN-1870-20502,isSameAs,ALB-CN-1880-12491,1870,1880,70-80,0.769
0909a207-3dba-431a-a6db-0def0cdb0704,ALB-CN-1870-20503,isSameAs,ALB-CN-1880-12492,1870,1880,70-80,0.909
05598c01-d27a-48ef-9755-f3adddae5f0c,ALB-CN-1870-20504,isSameAs,ALB-CN-1880-9709,1870,1880,70-80,0.945
854dadee-2783-45fa-b056-8fe5cec8030d,ALB-CN-1870-20505,isSameAs,ALB-CN-1880-9710,1870,1880,70-80,0.931
cd055ca3-7f29-4b89-8933-c54eb0ef0db8,ALB-CN-1870-20507,isSameAs,ALB-CN-1880-23035,1870,1880,70-80,0.924
f98fe05c-09c3-4574-a19b-5ad87ca80606,ALB-CN-1870-20508,isSameAs,ALB-CN-1880-9711,1870,1880,70-80,0.909
7fa24c1a-2c28-4852-833f-b9f1a4e95989,ALB-CN-1870-20509,isSameAs,ALB-CN-1880-9712,1870,1880,70-80,0.943
2f4dbddf-1a27-44a2-8b86-549a31c0eb1f,ALB-CN-1870-20510,isSameAs,ALB-CN-1880-23036,1870,1880,70-80,0.711
c3e87e9e-6654-4ffe-89b3-5546ed9abc2f,ALB-CN-1870-20513,isSameAs,ALB-CN-1880-11506,1870,1880,70-80,0.818
1dc88906-bfdf-4587-bf82-1ca9f6295dcb,ALB-CN-1870-20517,isSameAs,ALB-CN-1880-10972,1870,1880,70-80,0.611
974b67db-b5e9-4a6e-964d-0a6c582e7b20,ALB-CN-1870-20523,isSameAs,ALB-CN-1880-10980,1870,1880,70-80,0.69
569073f7-9faf-4d73-ba4b-c3058c516c31,ALB-CN-1870-20524,isSameAs,ALB-CN-1880-26091,1870,1880,70-80,0.968
3b8cfa26-8eb4-4c47-baa8-7fd050a0de7f,ALB-CN-1870-20525,isSameAs,ALB-CN-1880-26092,1870,1880,70-80,0.972
2ead94d1-6d5f-4b7f-8a6b-328ea3629a63,ALB-CN-1870-20528,isSameAs,ALB-CN-1880-26097,1870,1880,70-80,0.622
ee575f4c-a488-4ee1-826e-e02544747cdc,ALB-CN-1870-20530,isSameAs,ALB-CN-1880-26096,1870,1880,70-80,0.957
c8f96489-34ab-4de4-9f4e-ce3bb324dffe,ALB-CN-1870-20531,isSameAs,ALB-CN-1880-26093,1870,1880,70-80,0.98
f02cf806-b5e2-420c-9f32-36f3a765232e,ALB-CN-1870-20532,isSameAs,ALB-CN-1880-26094,1870,1880,70-80,0.711
b5fc6191-d796-4fb8-bbfc-45fbcdab507c,ALB-CN-1870-20534,isSameAs,ALB-CN-1880-10778,1870,1880,70-80,0.924
24594f29-cd88-4113-a30a-868bb5f09a03,ALB-CN-1870-20537,isSameAs,ALB-CN-1880-9360,1870,1880,70-80,0.622
86dd9504-2970-4651-aaa0-5c339504bcc6,ALB-CN-1870-20540,isSameAs,ALB-CN-1880-9007,1870,1880,70-80,0.891
65dc3255-464e-4b2b-82f1-56d3febfb44b,ALB-CN-1870-20544,isSameAs,ALB-CN-1880-8968,1870,1880,70-80,0.917
09ec3f50-337a-4c7e-90ca-b921327bfefa,ALB-CN-1870-20552,isSameAs,ALB-CN-1880-10266,1870,1880,70-80,0.87
7ce824f2-cfc2-417f-8906-bee2fb9a1ffa,ALB-CN-1870-20553,isSameAs,ALB-CN-1880-10267,1870,1880,70-80,0.891
cfc3104c-851c-45d2-ba31-f28f19f8abd1,ALB-CN-1870-20556,isSameAs,ALB-CN-1880-13000,1870,1880,70-80,0.864
bd828e82-d95a-4fbc-a6cf-662cf4ec3c0c,ALB-CN-1870-20558,isSameAs,ALB-CN-1880-9914,1870,1880,70-80,0.964
46a5d88f-db4c-40c5-92d6-ba6ca9ded1e5,ALB-CN-1870-20560,isSameAs,ALB-CN-1880-9916,1870,1880,70-80,0.839
e734fb72-8192-49d5-9089-85ff4e69cc89,ALB-CN-1870-20561,isSameAs,ALB-CN-1880-9917,1870,1880,70-80,0.98
59ef94a1-3bae-4b41-8c36-77d46b533443,ALB-CN-1870-20562,isSameAs,ALB-CN-1880-9918,1870,1880,70-80,0.964
6da0d8c9-0f3b-4bea-85e5-77c3383db250,ALB-CN-1870-20563,isSameAs,ALB-CN-1880-10556,1870,1880,70-80,0.909
fd3136db-fff7-4d72-abb9-ad752f43afbd,ALB-CN-1870-20564,isSameAs,ALB-CN-1880-10557,1870,1880,70-80,0.891
941b633c-c315-42b5-8047-cc20c2240277,ALB-CN-1870-20565,isSameAs,ALB-CN-1880-19701,1870,1880,70-80,0.622
4ae4d147-c3e8-4282-94b5-8abd3a2102d2,ALB-CN-1870-20571,isSameAs,ALB-CN-1880-9188,1870,1880,70-80,0.769
782f4255-7176-432d-b623-1fa5ace6f307,ALB-CN-1870-20576,isSameAs,ALB-CN-1880-946,1870,1880,70-80,0.909
7e3b7d49-70aa-4df8-8b75-675858f7a0d5,ALB-CN-1870-20580,isSameAs,ALB-CN-1880-10521,1870,1880,70-80,0.94
2999ac91-b21c-475d-940d-3ad8552031ea,ALB-CN-1870-20581,isSameAs,ALB-CN-1880-10522,1870,1880,70-80,0.971
392fcecb-5be6-4531-838c-3f9aa2f864ae,ALB-CN-1870-20583,isSameAs,ALB-CN-1880-10536,1870,1880,70-80,0.786
98c59328-c4b6-4282-bd9a-cdfca2f270a9,ALB-CN-1870-20584,isSameAs,ALB-CN-1880-31862,1870,1880,70-80,0.76
bc959767-3195-433f-bca5-aacd0f9697dd,ALB-CN-1870-20586,isSameAs,ALB-CN-1880-10523,1870,1880,70-80,0.966
eec1ae6a-b4a9-4df2-8c71-f7ebf489361d,ALB-CN-1870-20588,isSameAs,ALB-CN-1880-10524,1870,1880,70-80,0.961
6fdac871-aada-4b41-842f-0314aad0be7c,ALB-CN-1870-2059,isSameAs,ALB-CN-1880-21181,1870,1880,70-80,0.968
54d28e2d-94d8-4877-8285-5ec4f138d97d,ALB-CN-1870-20590,isSameAs,ALB-CN-1880-10525,1870,1880,70-80,0.957
be39ed8a-ccb7-4f0f-8405-b742736fe819,ALB-CN-1870-20591,isSameAs,ALB-CN-1880-6607,1870,1880,70-80,0.964
5c8ee4c1-3ae0-4c56-af78-4532ebf4458e,ALB-CN-1870-20592,isSameAs,ALB-CN-1880-6608,1870,1880,70-80,0.937
93908e31-a64a-4ff9-84eb-328aa57196a0,ALB-CN-1870-20594,isSameAs,ALB-CN-1880-6609,1870,1880,70-80,0.948
8c7756e7-9d3b-4b0f-8861-92a32ce96e9e,ALB-CN-1870-20595,isSameAs,ALB-CN-1880-11028,1870,1880,70-80,0.668
1f8f015e-f0b4-46ae-8481-6c8a5c88c3d3,ALB-CN-1870-20596,isSameAs,ALB-CN-1880-7557,1870,1880,70-80,0.818
6a12a3ea-505b-4ebd-a905-27bef68b54c2,ALB-CN-1870-20597,isSameAs,ALB-CN-1880-7558,1870,1880,70-80,0.75
6d5c3521-29a5-4f4b-a1b4-e312c0fe436d,ALB-CN-1870-20599,isSameAs,ALB-CN-1880-13850,1870,1880,70-80,0.846
313d813e-c593-4a7b-8ab2-0aa7378508e3,ALB-CN-1870-20600,isSameAs,ALB-CN-1880-10462,1870,1880,70-80,0.964
3005c0f2-8fad-49d3-b727-3183d31f84fd,ALB-CN-1870-20601,isSameAs,ALB-CN-1880-10463,1870,1880,70-80,0.964
19fb075d-0b85-4522-a96c-2576fe97320d,ALB-CN-1870-20602,isSameAs,ALB-CN-1880-10464,1870,1880,70-80,0.948
1ab24ad1-799a-460a-8f27-86e891d11b8d,ALB-CN-1870-20603,isSameAs,ALB-CN-1880-23467,1870,1880,70-80,0.668
3f6db3e8-b733-48d8-b62e-c76299df5bd1,ALB-CN-1870-20619,isSameAs,ALB-CN-1880-10450,1870,1880,70-80,0.99
4245b76e-7275-42af-ab82-8eabfc0fcb26,ALB-CN-1870-2062,isSameAs,ALB-CN-1880-21183,1870,1880,70-80,0.622
90b9aee9-25ec-4caf-ad8f-28896e2a2a05,ALB-CN-1870-20621,isSameAs,ALB-CN-1880-10452,1870,1880,70-80,0.989
cc088079-f9c2-4b35-bb65-72901be7668e,ALB-CN-1870-20622,isSameAs,ALB-CN-1880-10453,1870,1880,70-80,0.984
bf0fc892-62f4-47eb-8f47-6a736fbae372,ALB-CN-1870-20623,isSameAs,ALB-CN-1880-6161,1870,1880,70-80,0.858
9bd7f924-c8a9-4113-8130-40204397a9c1,ALB-CN-1870-20624,isSameAs,ALB-CN-1880-8672,1870,1880,70-80,0.646
2d7f3079-addb-4fd6-9285-aed4b7782643,ALB-CN-1870-20627,isSameAs,ALB-CN-1880-10647,1870,1880,70-80,0.75
2ee1f26b-2bcc-4f74-9e43-ef1ec7d34095,ALB-CN-1870-20628,isSameAs,ALB-CN-1880-10428,1870,1880,70-80,0.846
7f696c63-b040-45b2-abfb-2c9bef2717af,ALB-CN-1870-2063,isSameAs,ALB-CN-1880-21184,1870,1880,70-80,0.957
f44080b4-7a5e-45dd-85f2-e3dfba38289e,ALB-CN-1870-20634,isSameAs,ALB-CN-1880-7981,1870,1880,70-80,0.769
1ff4f2aa-85e6-425a-910b-402ed861c375,ALB-CN-1870-20635,isSameAs,ALB-CN-1880-7345,1870,1880,70-80,0.94
be71f2a1-b408-43e6-958f-9a57a60fa10d,ALB-CN-1870-20636,isSameAs,ALB-CN-1880-7346,1870,1880,70-80,0.948
695b0cd2-5bc2-41d2-ae8c-329e5dea4ff5,ALB-CN-1870-20638,isSameAs,ALB-CN-1880-7347,1870,1880,70-80,0.971
914fa19e-b773-4575-a9e3-49eff4972347,ALB-CN-1870-20639,isSameAs,ALB-CN-1880-7984,1870,1880,70-80,0.769
7c8fa86e-3152-4cf5-ab21-fcec251a4c6d,ALB-CN-1870-2064,isSameAs,ALB-CN-1880-21185,1870,1880,70-80,0.99
58c4832c-53bb-4f29-ae47-2bc5a540aeeb,ALB-CN-1870-20640,isSameAs,ALB-CN-1880-7987,1870,1880,70-80,0.943
ca3c139f-b2bf-424d-abc0-61dcbe7e5241,ALB-CN-1870-20641,isSameAs,ALB-CN-1880-7986,1870,1880,70-80,0.69
b57d5e9b-0909-4d98-a0fe-961bebe0cc93,ALB-CN-1870-20642,isSameAs,ALB-CN-1880-7350,1870,1880,70-80,0.94
43da0194-9600-4064-90be-c4063735e37e,ALB-CN-1870-20644,isSameAs,ALB-CN-1880-10482,1870,1880,70-80,0.858
4f345298-c908-4581-be1c-e7712de09137,ALB-CN-1870-20649,isSameAs,ALB-CN-1880-10615,1870,1880,70-80,0.846
0e360dc3-9267-4f34-8972-693aeab91e9a,ALB-CN-1870-20650,isSameAs,ALB-CN-1880-29569,1870,1880,70-80,0.968
947c8c24-231f-4974-bb9d-5cbe484e13eb,ALB-CN-1870-20652,isSameAs,ALB-CN-1880-10584,1870,1880,70-80,0.937
9a7f84b7-c4f0-4660-a24f-84863884fd07,ALB-CN-1870-20653,isSameAs,ALB-CN-1880-7983,1870,1880,70-80,0.81
624eba6d-35ae-4153-9380-24c7a97c3b53,ALB-CN-1870-20654,isSameAs,ALB-CN-1880-29573,1870,1880,70-80,0.953
e1144db1-41b2-47dd-9348-b2cb32494bfb,ALB-CN-1870-20655,isSameAs,ALB-CN-1880-29574,1870,1880,70-80,0.953
33c3fc0b-8a69-41a7-8168-6396f2828196,ALB-CN-1870-20656,isSameAs,ALB-CN-1880-10619,1870,1880,70-80,0.75
dae123ea-c3b8-4ca2-a652-6f2d3910d74f,ALB-CN-1870-20659,isSameAs,ALB-CN-1880-10486,1870,1880,70-80,0.957
ab630496-459d-469d-a4dc-8fbb9f92c40f,ALB-CN-1870-20661,isSameAs,ALB-CN-1880-6964,1870,1880,70-80,0.75
f5876229-1f43-4077-b68b-f9abc741c411,ALB-CN-1870-20662,isSameAs,ALB-CN-1880-10512,1870,1880,70-80,0.977
2e78ec0e-5c77-4f3d-8885-7fb744baa98c,ALB-CN-1870-20664,isSameAs,ALB-CN-1880-6966,1870,1880,70-80,0.818
d5654ebb-6d23-4560-a650-547038e80f33,ALB-CN-1870-20665,isSameAs,ALB-CN-1880-6968,1870,1880,70-80,0.886
511188a0-a3c5-499d-b628-b20317594768,ALB-CN-1870-20666,isSameAs,ALB-CN-1880-16202,1870,1880,70-80,0.721
0a65e8b6-ab62-484c-b862-2c3c2a33bd2f,ALB-CN-1870-20667,isSameAs,ALB-CN-1880-10481,1870,1880,70-80,0.9
72c89989-783d-4e43-85c3-2165e29b3322,ALB-CN-1870-20670,isSameAs,ALB-CN-1880-10483,1870,1880,70-80,0.937
df8c5d1d-83fc-449a-b138-f8ca1e07b35e,ALB-CN-1870-20672,isSameAs,ALB-CN-1880-6620,1870,1880,70-80,0.69
48024e6a-a7a4-432f-8f58-2f13fa97fbd6,ALB-CN-1870-20673,isSameAs,ALB-CN-1880-6618,1870,1880,70-80,0.818
4f72cd00-5975-4090-9584-63d3d977c012,ALB-CN-1870-20674,isSameAs,ALB-CN-1880-6619,1870,1880,70-80,0.987
1fcdc530-3fdb-4ab6-a0ff-6b007ea0c0e6,ALB-CN-1870-20678,isSameAs,ALB-CN-1880-6622,1870,1880,70-80,0.989
8b614a11-8b10-45d5-9e6a-d1dc3fd067f8,ALB-CN-1870-20679,isSameAs,ALB-CN-1880-6623,1870,1880,70-80,0.966
7606c83f-2673-4609-b9cb-bcbe89a06a63,ALB-CN-1870-20681,isSameAs,ALB-CN-1880-10631,1870,1880,70-80,0.909
857b6286-2612-4f4d-b074-bfaee836c288,ALB-CN-1870-20682,isSameAs,ALB-CN-1880-10632,1870,1880,70-80,0.99
9e97e7b9-0725-44b6-a811-bdd5f5dbb131,ALB-CN-1870-20685,isSameAs,ALB-CN-1880-10633,1870,1880,70-80,0.989
4500c93e-572b-4801-a6e4-269af986e160,ALB-CN-1870-20686,isSameAs,ALB-CN-1880-10634,1870,1880,70-80,0.99
aa22a2a0-963f-45b5-927d-9ebebbc14c61,ALB-CN-1870-20687,isSameAs,ALB-CN-1880-10635,1870,1880,70-80,0.984
0173dd9e-317d-4a59-bf53-2b53ced6cf5c,ALB-CN-1870-20688,isSameAs,ALB-CN-1880-12038,1870,1880,70-80,0.711
8343c85d-0ed3-4dc7-9971-32b3ed45bf46,ALB-CN-1870-2069,isSameAs,ALB-CN-1880-3467,1870,1880,70-80,0.818
72b2a403-a1cd-4325-9d44-e98b7713afbc,ALB-CN-1870-20693,isSameAs,ALB-CN-1880-10,1870,1880,70-80,0.634
499ce669-d938-4f8d-ab4c-8ee0a3cf3079,ALB-CN-1870-20695,isSameAs,ALB-CN-1880-9060,1870,1880,70-80,0.668
fd7e32f3-c00c-41b4-a758-f382dd2556d1,ALB-CN-1870-20696,isSameAs,ALB-CN-1880-9061,1870,1880,70-80,0.646
276e2670-ef46-403c-a139-0ed6f888ac24,ALB-CN-1870-20700,isSameAs,ALB-CN-1880-10246,1870,1880,70-80,0.668
5914ce53-8b9a-404c-a55b-79724d16daf1,ALB-CN-1870-20706,isSameAs,ALB-CN-1880-25355,1870,1880,70-80,0.87
2541afd9-469b-43b0-8531-884201a4daad,ALB-CN-1870-2071,isSameAs,ALB-CN-1880-16095,1870,1880,70-80,0.731
ff81ff16-fc46-4057-9676-777fc3a4f7eb,ALB-CN-1870-20711,isSameAs,ALB-CN-1880-10257,1870,1880,70-80,0.646
ee3a3f8c-500f-4512-b01e-ca9425e95603,ALB-CN-1870-20713,isSameAs,ALB-CN-1880-25346,1870,1880,70-80,0.825
437f2632-d0de-4acf-bc7b-aa3f2593ba70,ALB-CN-1870-20715,isSameAs,ALB-CN-1880-25347,1870,1880,70-80,0.917
2f66791e-3d95-4839-9bad-4a0f312f196a,ALB-CN-1870-20717,isSameAs,ALB-CN-1880-25348,1870,1880,70-80,0.769
2b6e0cde-b9c5-46a7-a790-91bffc0e3d26,ALB-CN-1870-20718,isSameAs,ALB-CN-1880-25349,1870,1880,70-80,0.769
cf6cdf01-be84-469c-932a-7ccea87594cc,ALB-CN-1870-20719,isSameAs,ALB-CN-1880-25350,1870,1880,70-80,0.69
3b707602-03ce-4b34-9973-b49e65d98363,ALB-CN-1870-20721,isSameAs,ALB-CN-1880-7564,1870,1880,70-80,0.94
a3423964-a83a-4207-840f-fe36610c3378,ALB-CN-1870-20722,isSameAs,ALB-CN-1880-7565,1870,1880,70-80,0.99
eb97b2b1-8c4a-4667-90ab-ec5f989e09de,ALB-CN-1870-20723,isSameAs,ALB-CN-1880-28424,1870,1880,70-80,0.69
9bf3cdb2-9bd1-4c3f-9795-927d05874891,ALB-CN-1870-20724,isSameAs,ALB-CN-1880-7566,1870,1880,70-80,0.99
4de6d557-281f-4c6a-9d2a-8d7b80d4e4b5,ALB-CN-1870-20725,isSameAs,ALB-CN-1880-7568,1870,1880,70-80,0.957
10af2df6-733d-4721-b71b-6250cb481e89,ALB-CN-1870-20726,isSameAs,ALB-CN-1880-6661,1870,1880,70-80,0.622
2b4a4927-200c-4b3a-a019-d07f4bc35a9a,ALB-CN-1870-20729,isSameAs,ALB-CN-1880-6924,1870,1880,70-80,0.971
5b05dfa1-0349-47ba-88b6-4b5608fa5dcf,ALB-CN-1870-20730,isSameAs,ALB-CN-1880-6925,1870,1880,70-80,0.99
b0fb6977-2aa3-45ab-a86a-da3e04f74b0b,ALB-CN-1870-20731,isSameAs,ALB-CN-1880-6926,1870,1880,70-80,0.971
d1354728-b898-44bb-bab5-5b959756ad06,ALB-CN-1870-20732,isSameAs,ALB-CN-1880-6927,1870,1880,70-80,0.875
44d7cf1b-fe7c-49dc-b009-cb66f7fb480b,ALB-CN-1870-20733,isSameAs,ALB-CN-1880-28195,1870,1880,70-80,0.711
3fe8d17d-d2d5-41e2-ba4a-f96e237dd023,ALB-CN-1870-20734,isSameAs,ALB-CN-1880-9486,1870,1880,70-80,0.622
ed7a082b-9347-4320-8daa-d68deab01edc,ALB-CN-1870-20735,isSameAs,ALB-CN-1880-9488,1870,1880,70-80,0.875
b6ead91a-c6af-405a-b813-e690ab787a3a,ALB-CN-1870-20736,isSameAs,ALB-CN-1880-9489,1870,1880,70-80,0.94
851baa43-e968-4394-8497-76af007055b6,ALB-CN-1870-20737,isSameAs,ALB-CN-1880-9492,1870,1880,70-80,0.818
1aa6974c-9526-4f70-80c2-96bf8caa4925,ALB-CN-1870-20738,isSameAs,ALB-CN-1880-9614,1870,1880,70-80,0.802
c2b06cbd-a9e6-42d0-abbe-90aab571d95b,ALB-CN-1870-20739,isSameAs,ALB-CN-1880-9615,1870,1880,70-80,0.786
dc1d0dce-55df-48be-9963-08ecbd55b126,ALB-CN-1870-20740,isSameAs,ALB-CN-1880-9616,1870,1880,70-80,0.818
3e1acf4b-222e-4142-b3b3-29ac3c026fcf,ALB-CN-1870-20742,isSameAs,ALB-CN-1880-12289,1870,1880,70-80,0.711
7d2b5f73-8844-4d77-aea0-fb54204bf9f4,ALB-CN-1870-20755,isSameAs,ALB-CN-1880-13280,1870,1880,70-80,0.731
bca3c5eb-160f-4625-a328-7ce05bc16a21,ALB-CN-1870-20756,isSameAs,ALB-CN-1880-8440,1870,1880,70-80,0.711
9386d8bb-0b33-4157-81b8-4963a4ab2887,ALB-CN-1870-20757,isSameAs,ALB-CN-1880-24827,1870,1880,70-80,0.634
5de2b891-9b43-48f5-a898-c0bcc302f243,ALB-CN-1870-20758,isSameAs,ALB-CN-1880-8443,1870,1880,70-80,0.701
443b6bcf-91ac-4794-8e3f-02e2679254b3,ALB-CN-1870-20759,isSameAs,ALB-CN-1880-8442,1870,1880,70-80,0.711
56617371-8893-44d2-8c26-783863ffc783,ALB-CN-1870-2076,isSameAs,ALB-CN-1880-21039,1870,1880,70-80,0.731
2a1da28d-6001-4a98-8931-c9d5aae62fda,ALB-CN-1870-20760,isSameAs,ALB-CN-1880-8444,1870,1880,70-80,0.711
f36b8d1d-9bf0-4c34-ba9e-426b33dac6f1,ALB-CN-1870-20769,isSameAs,ALB-CN-1880-6462,1870,1880,70-80,0.87
33da1838-9659-45a4-93b0-702759f13dc4,ALB-CN-1870-2077,isSameAs,ALB-CN-1880-21199,1870,1880,70-80,0.891
c61af079-794b-40e7-950c-9f90bc8e8b63,ALB-CN-1870-20770,isSameAs,ALB-CN-1880-6463,1870,1880,70-80,0.802
d4b7d9f3-5ce8-41d5-b5c1-3df747124d68,ALB-CN-1870-20771,isSameAs,ALB-CN-1880-6464,1870,1880,70-80,0.646
615a19c0-d2d3-4f0a-a3af-fb8fe9554996,ALB-CN-1870-20776,isSameAs,ALB-CN-1880-9386,1870,1880,70-80,0.989
9c1b49c3-ff41-487d-a691-3891f8cea982,ALB-CN-1870-20777,isSameAs,ALB-CN-1880-9387,1870,1880,70-80,0.953
52d1de94-a3db-4169-918b-86d14f2efe59,ALB-CN-1870-20779,isSameAs,ALB-CN-1880-9388,1870,1880,70-80,0.905
95075413-4301-47d3-b8b4-9bf612b07203,ALB-CN-1870-20780,isSameAs,ALB-CN-1880-9389,1870,1880,70-80,0.957
98fe7568-9e0b-47b3-89d8-2fd318f7e6f8,ALB-CN-1870-20781,isSameAs,ALB-CN-1880-9390,1870,1880,70-80,0.75
6eae22a7-142c-4896-b756-fe6d05ede501,ALB-CN-1870-20782,isSameAs,ALB-CN-1880-9391,1870,1880,70-80,0.957
d3b0d2cb-b0cf-4015-8bce-66eb5ef42ba1,ALB-CN-1870-20783,isSameAs,ALB-CN-1880-9392,1870,1880,70-80,0.976
76e49862-0f07-4a65-b265-0a110c3bd83a,ALB-CN-1870-20799,isSameAs,ALB-CN-1880-9950,1870,1880,70-80,0.611
288d7cf5-2751-43b3-857f-f1d5c9732fa7,ALB-CN-1870-208,isSameAs,ALB-CN-1880-20851,1870,1880,70-80,0.924
b2b9046e-6b7c-4388-9fd4-0f5edb4ae4bf,ALB-CN-1870-20808,isSameAs,ALB-CN-1880-8904,1870,1880,70-80,0.76
00afba12-1b14-4d06-827d-68199bfc0e3c,ALB-CN-1870-2081,isSameAs,ALB-CN-1880-21209,1870,1880,70-80,0.622
4ed8cb7f-fbd8-4a07-9c1e-289ad17324fb,ALB-CN-1870-20810,isSameAs,ALB-CN-1880-8905,1870,1880,70-80,0.721
d65cd1a9-0ce8-4317-bbc8-b3854b55a6b2,ALB-CN-1870-20811,isSameAs,ALB-CN-1880-8906,1870,1880,70-80,0.786
933b37eb-454c-4000-be36-43a5694d154c,ALB-CN-1870-20814,isSameAs,ALB-CN-1880-9431,1870,1880,70-80,0.98
d0464633-46f0-4089-8af3-35f697fe1801,ALB-CN-1870-20815,isSameAs,ALB-CN-1880-9432,1870,1880,70-80,0.977
9bb696ad-c41b-4ad8-b964-704b63394f19,ALB-CN-1870-20816,isSameAs,ALB-CN-1880-16597,1870,1880,70-80,0.634
99166b1c-b1c6-4649-a00b-de1803bda752,ALB-CN-1870-20817,isSameAs,ALB-CN-1880-9433,1870,1880,70-80,0.957
7530baf9-ee0b-444a-8833-3283c889d854,ALB-CN-1870-20818,isSameAs,ALB-CN-1880-9434,1870,1880,70-80,0.94
e891adb7-e49f-4620-b4dd-0f891a0fff0a,ALB-CN-1870-20819,isSameAs,ALB-CN-1880-9435,1870,1880,70-80,0.937
9c684201-9034-4805-a311-e43700a80855,ALB-CN-1870-2082,isSameAs,ALB-CN-1880-21210,1870,1880,70-80,0.76
4bf828e4-7c28-4ef4-948f-43067742a18f,ALB-CN-1870-20821,isSameAs,ALB-CN-1880-9776,1870,1880,70-80,0.668
bdc08c7e-ab5b-4f5a-89d1-ac1dfb5cb9b5,ALB-CN-1870-20829,isSameAs,ALB-CN-1880-16055,1870,1880,70-80,0.924
2f552b43-866c-4699-9c76-5441c3d15c04,ALB-CN-1870-2083,isSameAs,ALB-CN-1880-21211,1870,1880,70-80,0.948
857cd45e-4010-4ae1-a0a2-a8d7ab9a2e7b,ALB-CN-1870-20830,isSameAs,ALB-CN-1880-16056,1870,1880,70-80,0.87
fa5a0016-0d98-40ed-8a82-572462f02258,ALB-CN-1870-20831,isSameAs,ALB-CN-1880-16057,1870,1880,70-80,0.924
5f40629d-aec3-45b4-b832-25f6739eb77a,ALB-CN-1870-20832,isSameAs,ALB-CN-1880-16058,1870,1880,70-80,0.924
e0ed37db-fd55-4c1a-95ec-971472c45acf,ALB-CN-1870-20840,isSameAs,ALB-CN-1880-23551,1870,1880,70-80,0.94
78b702df-93ee-453f-923b-226c849cfe05,ALB-CN-1870-20843,isSameAs,ALB-CN-1880-20581,1870,1880,70-80,0.976
3de940eb-6369-4852-b733-335d44c01483,ALB-CN-1870-20844,isSameAs,ALB-CN-1880-8110,1870,1880,70-80,0.711
d2266ac6-799a-4137-a522-3f32834c34a6,ALB-CN-1870-20845,isSameAs,ALB-CN-1880-15530,1870,1880,70-80,0.909
a2cd1047-5133-4e9a-bca4-f2e08d3fe006,ALB-CN-1870-20846,isSameAs,ALB-CN-1880-8112,1870,1880,70-80,0.622
1eb14340-df37-4322-a640-6b059b2c449f,ALB-CN-1870-20849,isSameAs,ALB-CN-1880-3148,1870,1880,70-80,0.711
c1a1590a-978e-4671-91ed-1ccd9517d92d,ALB-CN-1870-20856,isSameAs,ALB-CN-1880-7189,1870,1880,70-80,0.69
2473530d-e06c-435e-ba81-7f0ef334ebae,ALB-CN-1870-20861,isSameAs,ALB-CN-1880-7451,1870,1880,70-80,0.896
1d737c6e-dc1e-4867-a14a-5ef35290e851,ALB-CN-1870-20863,isSameAs,ALB-CN-1880-7453,1870,1880,70-80,0.971
d9dee859-7e7d-404e-aed5-2c36a5860ad9,ALB-CN-1870-20865,isSameAs,ALB-CN-1880-7454,1870,1880,70-80,0.948
f0069bc1-0f83-4a7f-88f0-7731c70c7002,ALB-CN-1870-20866,isSameAs,ALB-CN-1880-7455,1870,1880,70-80,0.924
e5320773-8b3e-4b4b-9e5d-141d323f9c33,ALB-CN-1870-20867,isSameAs,ALB-CN-1880-7456,1870,1880,70-80,0.94
7f00ca9c-56b2-40a3-bff7-29db0c1da87f,ALB-CN-1870-20868,isSameAs,ALB-CN-1880-7457,1870,1880,70-80,0.622
c9605f4c-0a94-4802-acb2-99aa8c4ec386,ALB-CN-1870-20869,isSameAs,ALB-CN-1880-7458,1870,1880,70-80,0.622
6ba0655c-0149-481d-a9d7-2f8cf09813d9,ALB-CN-1870-20874,isSameAs,ALB-CN-1880-16201,1870,1880,70-80,0.846
f3d46745-cb4c-41c1-acc3-d3c413dd66f8,ALB-CN-1870-20880,isSameAs,ALB-CN-1880-7114,1870,1880,70-80,0.973
180cbf79-cc1e-4250-b05f-efeb1935d689,ALB-CN-1870-20881,isSameAs,ALB-CN-1880-7115,1870,1880,70-80,0.948
9723b53b-97b7-43cc-bc91-cc9e705463f8,ALB-CN-1870-20883,isSameAs,ALB-CN-1880-7116,1870,1880,70-80,0.989
d5589abe-cc58-4e7d-aaba-8f702e7d797f,ALB-CN-1870-20884,isSameAs,ALB-CN-1880-7117,1870,1880,70-80,0.982
bc76797a-f935-4ac4-897f-2d5c72969b3b,ALB-CN-1870-20885,isSameAs,ALB-CN-1880-28169,1870,1880,70-80,0.711
3259f50b-2671-44fd-99ff-83585c400494,ALB-CN-1870-20886,isSameAs,ALB-CN-1880-23554,1870,1880,70-80,0.839
ff36c9cc-243c-497d-9e46-68e62d88e923,ALB-CN-1870-209,isSameAs,ALB-CN-1880-20852,1870,1880,70-80,0.971
092730a9-5395-4372-b631-485dc5e1d96f,ALB-CN-1870-20904,isSameAs,ALB-CN-1880-8096,1870,1880,70-80,0.909
435081b7-3e0f-452a-b491-7826c8d9d5aa,ALB-CN-1870-20906,isSameAs,ALB-CN-1880-7467,1870,1880,70-80,0.668
838702d3-6b66-4629-aae2-1419d742bc3d,ALB-CN-1870-20908,isSameAs,ALB-CN-1880-8102,1870,1880,70-80,0.964
9c9f0bde-66c2-470b-8fa9-9ce5e64a49fc,ALB-CN-1870-20909,isSameAs,ALB-CN-1880-8104,1870,1880,70-80,0.786
98980aa3-7e96-4281-a28c-5e1fd7fd7005,ALB-CN-1870-20910,isSameAs,ALB-CN-1880-8097,1870,1880,70-80,0.668
88bf9e0a-e6c7-45f6-87ba-a9cfc05d61ff,ALB-CN-1870-20916,isSameAs,ALB-CN-1880-10617,1870,1880,70-80,0.948
4a82832f-64a1-4d9c-8a42-37318857bd0d,ALB-CN-1870-20917,isSameAs,ALB-CN-1880-10581,1870,1880,70-80,0.611
4db38d6a-8a27-48bc-9846-a01ce13c7856,ALB-CN-1870-20918,isSameAs,ALB-CN-1880-10438,1870,1880,70-80,0.711
edc1cd67-f9d2-4e68-97a4-10302262de8a,ALB-CN-1870-20920,isSameAs,ALB-CN-1880-10618,1870,1880,70-80,0.943
9acf0b9e-c14c-415a-b29b-7014cf67af8e,ALB-CN-1870-20921,isSameAs,ALB-CN-1880-24351,1870,1880,70-80,0.75
0b965485-aef5-4cd9-99b8-397a45c70e6c,ALB-CN-1870-20922,isSameAs,ALB-CN-1880-8130,1870,1880,70-80,0.94
04d19b5e-9ac7-4bdf-92ce-68a9615383c0,ALB-CN-1870-20923,isSameAs,ALB-CN-1880-8131,1870,1880,70-80,0.852
5e0fe5ad-e3b7-4760-8c9f-c2b2aaa48e12,ALB-CN-1870-20924,isSameAs,ALB-CN-1880-8143,1870,1880,70-80,0.846
120c9146-4ca2-48ca-b01c-15d6da039ab0,ALB-CN-1870-20925,isSameAs,ALB-CN-1880-10670,1870,1880,70-80,0.891
1033bc9a-c510-41fa-9b8c-0aeb32e9cf4d,ALB-CN-1870-20926,isSameAs,ALB-CN-1880-8135,1870,1880,70-80,0.891
cd2c7912-77ca-4c84-a313-5ff591495a6c,ALB-CN-1870-20929,isSameAs,ALB-CN-1880-8132,1870,1880,70-80,0.957
dd28b861-2625-426a-963a-625bb29815db,ALB-CN-1870-20930,isSameAs,ALB-CN-1880-8133,1870,1880,70-80,0.75
7882807c-b167-426f-8302-fe89bc7aa86d,ALB-CN-1870-20931,isSameAs,ALB-CN-1880-4175,1870,1880,70-80,0.802
83912073-ffbb-40df-8b36-92c75e552f76,ALB-CN-1870-20932,isSameAs,ALB-CN-1880-7178,1870,1880,70-80,0.964
260416db-fe73-4572-8aad-03e84c725e4e,ALB-CN-1870-20933,isSameAs,ALB-CN-1880-22089,1870,1880,70-80,0.69
ac499702-abc8-4230-94dd-c683329ad175,ALB-CN-1870-20934,isSameAs,ALB-CN-1880-7179,1870,1880,70-80,0.971
8bf995bb-ca6a-4a3e-a5da-970af771999d,ALB-CN-1870-20935,isSameAs,ALB-CN-1880-7180,1870,1880,70-80,0.668
6a97ce6c-acd1-4827-b7fe-cf189dfd627e,ALB-CN-1870-20936,isSameAs,ALB-CN-1880-7181,1870,1880,70-80,0.9
5166cfe8-f176-4548-b8f8-1d74eff94fde,ALB-CN-1870-20937,isSameAs,ALB-CN-1880-22149,1870,1880,70-80,0.9
e38f9262-1049-46e9-a2be-a4d821877f26,ALB-CN-1870-20941,isSameAs,ALB-CN-1880-7148,1870,1880,70-80,0.786
20c3d68a-b247-48cc-b883-48c9249b73c6,ALB-CN-1870-20943,isSameAs,ALB-CN-1880-7150,1870,1880,70-80,0.668
2ae6a088-fec5-4bae-b370-0e1d9ce64f79,ALB-CN-1870-20945,isSameAs,ALB-CN-1880-7463,1870,1880,70-80,0.634
858c4caa-6017-4e17-9990-6107ee4052b3,ALB-CN-1870-20947,isSameAs,ALB-CN-1880-7149,1870,1880,70-80,0.818
fa71402d-38af-48e1-88a2-3486d93e9aa8,ALB-CN-1870-2095,isSameAs,ALB-CN-1880-5301,1870,1880,70-80,0.69
dde80b81-081f-4337-95e9-a9bfd909c4be,ALB-CN-1870-20963,isSameAs,ALB-CN-1880-24651,1870,1880,70-80,0.852
a09ff980-a5a0-4ead-8dbd-7395e9004ec8,ALB-CN-1870-20964,isSameAs,ALB-CN-1880-24652,1870,1880,70-80,0.909
2818e784-ccae-4db0-8805-e5a42681b06e,ALB-CN-1870-20966,isSameAs,ALB-CN-1880-5918,1870,1880,70-80,0.668
e35bde67-b6bd-47bf-bfc2-2b55103f9a13,ALB-CN-1870-20977,isSameAs,ALB-CN-1880-7139,1870,1880,70-80,0.99
08f70210-43b8-4c2d-be3c-487477ce634d,ALB-CN-1870-20978,isSameAs,ALB-CN-1880-7140,1870,1880,70-80,0.964
6c5709b1-989a-44cd-9648-b60b533a515b,ALB-CN-1870-20979,isSameAs,ALB-CN-1880-7145,1870,1880,70-80,0.968
2e6a602b-1cbc-46e6-bc8e-b302ce471be7,ALB-CN-1870-20980,isSameAs,ALB-CN-1880-7123,1870,1880,70-80,0.87
8806c2a0-b2b6-4e02-ab25-c3a92c5a2879,ALB-CN-1870-20981,isSameAs,ALB-CN-1880-7124,1870,1880,70-80,0.957
1ec28697-0435-45d1-8844-d1e40f13b545,ALB-CN-1870-20982,isSameAs,ALB-CN-1880-7125,1870,1880,70-80,0.984
158cc02f-f0fe-4018-a176-69b6eba866ff,ALB-CN-1870-20983,isSameAs,ALB-CN-1880-7126,1870,1880,70-80,0.875
f5bfc3ac-f87a-46c4-9982-cd82bec9fb70,ALB-CN-1870-20984,isSameAs,ALB-CN-1880-7127,1870,1880,70-80,0.75
b8d818d8-e710-4ab2-b374-c58a706aa9d0,ALB-CN-1870-20994,isSameAs,ALB-CN-1880-7759,1870,1880,70-80,0.786
a48a389c-b563-4118-a677-3e1f8725e329,ALB-CN-1870-20996,isSameAs,ALB-CN-1880-16165,1870,1880,70-80,0.679
36b10d88-ce41-4697-98fb-6f2df2dff9ab,ALB-CN-1870-20997,isSameAs,ALB-CN-1880-6894,1870,1880,70-80,0.959
c0dd4c31-3943-4c3b-abd7-76952e58f19c,ALB-CN-1870-20998,isSameAs,ALB-CN-1880-6895,1870,1880,70-80,0.98
dec26e5a-bdd9-4f76-ad91-b8cab083ebde,ALB-CN-1870-20999,isSameAs,ALB-CN-1880-6896,1870,1880,70-80,0.971
c1b57402-622f-4af3-95e9-68d0ae4c70da,ALB-CN-1870-210,isSameAs,ALB-CN-1880-20853,1870,1880,70-80,0.924
c5bfcf84-fd4f-4dc5-a9b9-978614972975,ALB-CN-1870-21001,isSameAs,ALB-CN-1880-6897,1870,1880,70-80,0.971
4dfd855c-5f7c-4535-bbbe-f18ededf3939,ALB-CN-1870-21002,isSameAs,ALB-CN-1880-6898,1870,1880,70-80,0.957
f65caab9-ee1c-4565-99d8-ee8ccab32b7a,ALB-CN-1870-21004,isSameAs,ALB-CN-1880-6899,1870,1880,70-80,0.846
9f63101f-2dea-43cd-87bc-51dbcd2287ee,ALB-CN-1870-21005,isSameAs,ALB-CN-1880-6900,1870,1880,70-80,0.9
a2feb83d-4adc-441e-96b9-ae1d405b273b,ALB-CN-1870-2101,isSameAs,ALB-CN-1880-31284,1870,1880,70-80,0.943
7771c37f-c13c-4b65-a94b-1b9a182b22a4,ALB-CN-1870-21014,isSameAs,ALB-CN-1880-6915,1870,1880,70-80,0.818
8b7f2531-a8ef-4ff7-aaf6-e51efa32d8db,ALB-CN-1870-21015,isSameAs,ALB-CN-1880-6916,1870,1880,70-80,0.87
4dbd8962-f826-4aaf-a310-76efb983d108,ALB-CN-1870-2102,isSameAs,ALB-CN-1880-31285,1870,1880,70-80,0.852
3d50c36b-e7c0-4825-9cf7-1d468d6bcb30,ALB-CN-1870-21024,isSameAs,ALB-CN-1880-7778,1870,1880,70-80,0.731
19186c9d-31f4-4c62-b3c9-92b1aa534843,ALB-CN-1870-21026,isSameAs,ALB-CN-1880-7779,1870,1880,70-80,0.924
02ec1685-0c04-48a3-ad7b-617e9b06b15d,ALB-CN-1870-21027,isSameAs,ALB-CN-1880-7780,1870,1880,70-80,0.971
d8fead49-d6d2-4e35-85f2-8697a0028390,ALB-CN-1870-2104,isSameAs,ALB-CN-1880-31287,1870,1880,70-80,0.948
f8d5d786-69a4-4f8e-af18-cf3f8585708f,ALB-CN-1870-21049,isSameAs,ALB-CN-1880-8871,1870,1880,70-80,0.948
4cb6099a-bcd5-46d7-984b-ea9df02fe8b6,ALB-CN-1870-2105,isSameAs,ALB-CN-1880-31288,1870,1880,70-80,0.924
4c0eea67-0161-413b-a949-128d028d8a67,ALB-CN-1870-21050,isSameAs,ALB-CN-1880-8872,1870,1880,70-80,0.937
a88fc165-1b56-42bc-a87b-a20dabe18b07,ALB-CN-1870-21051,isSameAs,ALB-CN-1880-8873,1870,1880,70-80,0.711
a842d1fb-26cd-4fb7-9413-5340ea376523,ALB-CN-1870-21052,isSameAs,ALB-CN-1880-8874,1870,1880,70-80,0.948
8b9a64d6-db3c-4e32-a212-796a9405cf51,ALB-CN-1870-21057,isSameAs,ALB-CN-1880-7658,1870,1880,70-80,0.721
b7ef387b-82e4-4b34-ac73-08bd53a4a16e,ALB-CN-1870-2106,isSameAs,ALB-CN-1880-20149,1870,1880,70-80,0.711
4db2a32d-d556-4948-9de1-a8aebdaae0a5,ALB-CN-1870-21061,isSameAs,ALB-CN-1880-7221,1870,1880,70-80,0.99
07245164-6d00-430e-a9cb-0d60c3c71295,ALB-CN-1870-21062,isSameAs,ALB-CN-1880-7222,1870,1880,70-80,0.95
0d7d74c2-0b7b-47db-ae76-eb1006bbe0c9,ALB-CN-1870-21063,isSameAs,ALB-CN-1880-7223,1870,1880,70-80,0.957
a57f0b41-1260-4564-8cbd-f2e77ea7b856,ALB-CN-1870-21064,isSameAs,ALB-CN-1880-17875,1870,1880,70-80,0.731
0bac9e33-f5a4-4133-bb86-996457224a53,ALB-CN-1870-21066,isSameAs,ALB-CN-1880-7007,1870,1880,70-80,0.9
07c9a89e-0ea7-4ddb-b55b-e58ec0e237f2,ALB-CN-1870-21067,isSameAs,ALB-CN-1880-20731,1870,1880,70-80,0.818
fe068717-a8b3-4fe6-8a55-cd97a489e881,ALB-CN-1870-2107,isSameAs,ALB-CN-1880-29010,1870,1880,70-80,0.711
95ff5e94-be89-40bf-b23f-155e2525737f,ALB-CN-1870-21078,isSameAs,ALB-CN-1880-7068,1870,1880,70-80,0.622
7453fd71-5918-45c1-b884-0b163169da37,ALB-CN-1870-21079,isSameAs,ALB-CN-1880-6834,1870,1880,70-80,0.881
d17ee13e-dced-45fc-9744-49ad58e8f8b4,ALB-CN-1870-21081,isSameAs,ALB-CN-1880-6836,1870,1880,70-80,0.846
7b28270e-8edf-4272-9eb8-59b2fe51495e,ALB-CN-1870-21082,isSameAs,ALB-CN-1880-12325,1870,1880,70-80,0.75
5e5f79d0-69f1-4a99-afff-fcc66f1d0f52,ALB-CN-1870-2109,isSameAs,ALB-CN-1880-15976,1870,1880,70-80,0.846
ec4cdde3-d291-4b6a-851e-d83c7838fda0,ALB-CN-1870-211,isSameAs,ALB-CN-1880-20854,1870,1880,70-80,0.957
8d027f2d-8aaf-4086-abc0-ab931ca90b7f,ALB-CN-1870-21101,isSameAs,ALB-CN-1880-6830,1870,1880,70-80,0.909
d387509c-c633-473e-8603-0b82e6e1c2a0,ALB-CN-1870-21103,isSameAs,ALB-CN-1880-25742,1870,1880,70-80,0.622
26af3414-7c61-4a57-9979-c27f05320020,ALB-CN-1870-21104,isSameAs,ALB-CN-1880-6831,1870,1880,70-80,0.948
4f38c5c5-76e5-4bb7-8905-af2a31444b1e,ALB-CN-1870-21107,isSameAs,ALB-CN-1880-20682,1870,1880,70-80,0.928
efd4c0e8-4363-48b0-aeab-49fd6417c0f8,ALB-CN-1870-21108,isSameAs,ALB-CN-1880-20683,1870,1880,70-80,0.9
18c92df2-0b03-41d3-8e36-e9314b7415e6,ALB-CN-1870-21109,isSameAs,ALB-CN-1880-20684,1870,1880,70-80,0.896
06a3ba33-f7cd-4853-a346-27cc5365ddb3,ALB-CN-1870-21110,isSameAs,ALB-CN-1880-20685,1870,1880,70-80,0.711
7c5fd492-7a1b-4a59-86bc-902011c22816,ALB-CN-1870-21120,isSameAs,ALB-CN-1880-29066,1870,1880,70-80,0.657
be134439-3753-4b23-984d-aa60dae677dc,ALB-CN-1870-21121,isSameAs,ALB-CN-1880-23827,1870,1880,70-80,0.721
ea74cebd-fbd2-4468-8980-f046f1175951,ALB-CN-1870-21123,isSameAs,ALB-CN-1880-6967,1870,1880,70-80,0.711
d08960e1-39d4-43bb-9a4b-97bda999b470,ALB-CN-1870-21124,isSameAs,ALB-CN-1880-7196,1870,1880,70-80,0.731
ef3a49a8-68b1-454b-9440-57be0dfd7c86,ALB-CN-1870-21128,isSameAs,ALB-CN-1880-18302,1870,1880,70-80,0.668
9cd17e19-7baf-4708-9d94-7558d68316ea,ALB-CN-1870-21136,isSameAs,ALB-CN-1880-15183,1870,1880,70-80,0.668
78a835af-fd82-4006-884f-8c823c73b4d4,ALB-CN-1870-21141,isSameAs,ALB-CN-1880-10092,1870,1880,70-80,0.75
be43754c-ad46-4c63-b708-2ee0fe77f1ae,ALB-CN-1870-21145,isSameAs,ALB-CN-1880-6835,1870,1880,70-80,0.846
5509bb9d-f23c-4ef1-90d7-28b566ff03e9,ALB-CN-1870-21146,isSameAs,ALB-CN-1880-8263,1870,1880,70-80,0.711
71ec861b-28b6-41bc-bb1c-d1f944525224,ALB-CN-1870-21147,isSameAs,ALB-CN-1880-25850,1870,1880,70-80,0.858
169895de-360f-4174-b3a2-90872c77e013,ALB-CN-1870-21148,isSameAs,ALB-CN-1880-8264,1870,1880,70-80,0.98
05a40422-de3b-4674-9957-ea4dfc0a2a30,ALB-CN-1870-21149,isSameAs,ALB-CN-1880-8265,1870,1880,70-80,0.98
d76043bf-c47e-4234-bf85-78878bf36163,ALB-CN-1870-21151,isSameAs,ALB-CN-1880-8267,1870,1880,70-80,0.971
324f5856-50c5-48df-bd74-1488ef3630c7,ALB-CN-1870-21154,isSameAs,ALB-CN-1880-8269,1870,1880,70-80,0.977
ee794645-726e-421a-a17f-63f5cfcfb195,ALB-CN-1870-21155,isSameAs,ALB-CN-1880-8270,1870,1880,70-80,0.931
5fc3a229-b2ea-4a9f-ad53-43fe802bad74,ALB-CN-1870-21156,isSameAs,ALB-CN-1880-13573,1870,1880,70-80,0.802
22f2903e-8feb-4627-a8f8-91d3fd9bfaee,ALB-CN-1870-21157,isSameAs,ALB-CN-1880-8271,1870,1880,70-80,0.984
758a0e2f-c2c7-4d53-894f-d47620e89fc6,ALB-CN-1870-21158,isSameAs,ALB-CN-1880-8272,1870,1880,70-80,0.99
7ee769fa-3f3e-41c7-923e-b8a81060d4cb,ALB-CN-1870-21159,isSameAs,ALB-CN-1880-12750,1870,1880,70-80,0.891
8ad1b1e0-8dac-491c-a677-f315f121d85b,ALB-CN-1870-21160,isSameAs,ALB-CN-1880-8274,1870,1880,70-80,0.99
66c788ec-0ae2-46f0-9a4f-19bcb7fab282,ALB-CN-1870-21169,isSameAs,ALB-CN-1880-8278,1870,1880,70-80,0.657
60393e8c-28d5-41b5-9f95-f85c2497ec79,ALB-CN-1870-2117,isSameAs,ALB-CN-1880-19556,1870,1880,70-80,0.858
8ab1bb2b-715b-4a89-8cf4-c312bc6e78a5,ALB-CN-1870-21170,isSameAs,ALB-CN-1880-8279,1870,1880,70-80,0.909
a285e7e3-4c58-404c-a59c-e30a1eab5191,ALB-CN-1870-21173,isSameAs,ALB-CN-1880-11697,1870,1880,70-80,0.668
41b39d0f-37f6-4b30-b0c4-daf13b79693f,ALB-CN-1870-21175,isSameAs,ALB-CN-1880-11350,1870,1880,70-80,0.75
5946c496-b70b-43f9-bdf3-d7ab9fbf62d9,ALB-CN-1870-21179,isSameAs,ALB-CN-1880-10013,1870,1880,70-80,0.75
9d53a35d-4c5a-4da1-99ba-74ea82d5a8ef,ALB-CN-1870-21180,isSameAs,ALB-CN-1880-7399,1870,1880,70-80,0.87
fe147b03-67d5-43f6-b079-3de64007aa19,ALB-CN-1870-21183,isSameAs,ALB-CN-1880-7397,1870,1880,70-80,0.87
f53ead13-c864-4336-bbef-48602e62a585,ALB-CN-1870-21195,isSameAs,ALB-CN-1880-7408,1870,1880,70-80,0.846
5e846260-98e9-4120-a562-38a2a42cee9f,ALB-CN-1870-21198,isSameAs,ALB-CN-1880-6948,1870,1880,70-80,0.679
f116ee99-3389-40af-8073-53a639dc8a26,ALB-CN-1870-212,isSameAs,ALB-CN-1880-20855,1870,1880,70-80,0.896
1770ef1a-1286-49b4-abd3-fd9c2afbec4c,ALB-CN-1870-2120,isSameAs,ALB-CN-1880-11564,1870,1880,70-80,0.75
f4a57192-30f6-4c7c-88d4-83faaf60ca13,ALB-CN-1870-21201,isSameAs,ALB-CN-1880-7663,1870,1880,70-80,0.937
e5853255-8bd3-43b0-9df4-5f385f0e15cb,ALB-CN-1870-21202,isSameAs,ALB-CN-1880-8461,1870,1880,70-80,0.891
002226f7-5a15-4a47-8a00-3a3978be8e49,ALB-CN-1870-21204,isSameAs,ALB-CN-1880-7665,1870,1880,70-80,0.87
f48a0ab1-5766-48f6-8457-ffb72db75233,ALB-CN-1870-21208,isSameAs,ALB-CN-1880-6642,1870,1880,70-80,0.896
094095eb-5eed-425d-bb91-8dfadeec9b4f,ALB-CN-1870-21209,isSameAs,ALB-CN-1880-6643,1870,1880,70-80,0.937
9e8e1b4d-638c-4d3f-9169-f643457f2a00,ALB-CN-1870-21210,isSameAs,ALB-CN-1880-6644,1870,1880,70-80,0.948
4f113fdf-d836-4968-bb23-5c1257b26572,ALB-CN-1870-21211,isSameAs,ALB-CN-1880-6645,1870,1880,70-80,0.924
b537f0ec-1f41-4100-9c66-de11b8a16884,ALB-CN-1870-21212,isSameAs,ALB-CN-1880-8460,1870,1880,70-80,0.909
6d0899f0-a237-4d47-bec6-0b3cc0a38de0,ALB-CN-1870-21213,isSameAs,ALB-CN-1880-7632,1870,1880,70-80,0.668
d4001d28-982c-44c7-9692-15cc29938aa1,ALB-CN-1870-21214,isSameAs,ALB-CN-1880-8462,1870,1880,70-80,0.909
0758a11b-5ab7-4836-9ee2-c92594573638,ALB-CN-1870-21217,isSameAs,ALB-CN-1880-10490,1870,1880,70-80,0.896
f46db987-1909-489f-8c2f-57f3d88cb04e,ALB-CN-1870-21218,isSameAs,ALB-CN-1880-15769,1870,1880,70-80,0.75
b7d3b08d-34dc-45b3-be9e-bd4c82a57267,ALB-CN-1870-21219,isSameAs,ALB-CN-1880-10492,1870,1880,70-80,0.924
dd095dca-26c5-49a0-846f-9dcffd8cfdc4,ALB-CN-1870-21220,isSameAs,ALB-CN-1880-10493,1870,1880,70-80,0.622
1855c08e-7d93-4d14-aa25-325c640822d7,ALB-CN-1870-21222,isSameAs,ALB-CN-1880-7445,1870,1880,70-80,0.679
e05fd8a4-8019-4a8f-acd0-54342777317b,ALB-CN-1870-21225,isSameAs,ALB-CN-1880-7446,1870,1880,70-80,0.87
8a4971f0-f538-4190-baf5-4f82b2dfc7d4,ALB-CN-1870-21234,isSameAs,ALB-CN-1880-7387,1870,1880,70-80,0.852
aff10c67-802e-4dfd-9b27-192d9bd280b0,ALB-CN-1870-21235,isSameAs,ALB-CN-1880-7388,1870,1880,70-80,0.818
da023248-e6d8-4867-bdcb-42a026d5e8ff,ALB-CN-1870-21241,isSameAs,ALB-CN-1880-7389,1870,1880,70-80,0.924
1778078c-eb4a-4cce-90c9-753f2ca99944,ALB-CN-1870-21250,isSameAs,ALB-CN-1880-10451,1870,1880,70-80,0.668
a12febdd-f6c8-49bd-9281-3aa6ec7eb05b,ALB-CN-1870-21252,isSameAs,ALB-CN-1880-2266,1870,1880,70-80,0.881
334da5cf-e00a-45f3-8b89-c20b25bc5d66,ALB-CN-1870-21254,isSameAs,ALB-CN-1880-6749,1870,1880,70-80,0.69
c6b8996a-d0c4-4247-bf86-85c9fdaca1a3,ALB-CN-1870-21255,isSameAs,ALB-CN-1880-7321,1870,1880,70-80,0.622
c463015a-a7d1-432e-9232-a438817a29ea,ALB-CN-1870-2126,isSameAs,ALB-CN-1880-19626,1870,1880,70-80,0.825
65d9ee4a-ec8c-45b1-bacf-325616de1183,ALB-CN-1870-21262,isSameAs,ALB-CN-1880-7323,1870,1880,70-80,0.94
1db31018-3008-4370-accf-2b07b316df12,ALB-CN-1870-21263,isSameAs,ALB-CN-1880-7324,1870,1880,70-80,0.852
389d9d18-7656-4b49-9958-c50193e4e4de,ALB-CN-1870-21264,isSameAs,ALB-CN-1880-7325,1870,1880,70-80,0.971
dabbfdfe-8de0-4053-8d1a-1ee28a46313e,ALB-CN-1870-21267,isSameAs,ALB-CN-1880-17877,1870,1880,70-80,0.786
bedbfb42-87a2-41c0-806a-11307938ee5b,ALB-CN-1870-2127,isSameAs,ALB-CN-1880-19627,1870,1880,70-80,0.76
cc0a6087-c800-4bc5-87c3-fb677945fc9a,ALB-CN-1870-21281,isSameAs,ALB-CN-1880-6738,1870,1880,70-80,0.968
865e47e9-6623-491c-aaf2-da6729adf4da,ALB-CN-1870-21286,isSameAs,ALB-CN-1880-11647,1870,1880,70-80,0.711
cbe4c38c-e43d-4014-bca5-2e7bb994a0ef,ALB-CN-1870-21288,isSameAs,ALB-CN-1880-5883,1870,1880,70-80,0.87
3868d8b5-c67a-4158-af3e-c285e8b22f28,ALB-CN-1870-21289,isSameAs,ALB-CN-1880-11649,1870,1880,70-80,0.622
bb683418-d29c-4ffb-8a39-638e21cce46e,ALB-CN-1870-2129,isSameAs,ALB-CN-1880-19776,1870,1880,70-80,0.99
888c4c96-8369-4fb5-a956-0cfa62442d03,ALB-CN-1870-21290,isSameAs,ALB-CN-1880-21468,1870,1880,70-80,0.711
de4db054-9405-4d1b-accb-d556118d8995,ALB-CN-1870-21294,isSameAs,ALB-CN-1880-2271,1870,1880,70-80,0.881
51af4634-fbfe-41a4-b86a-df68a15e35d2,ALB-CN-1870-2130,isSameAs,ALB-CN-1880-19777,1870,1880,70-80,0.985
cb560820-8a6c-4841-a378-43519c7de508,ALB-CN-1870-2131,isSameAs,ALB-CN-1880-20377,1870,1880,70-80,0.846
955489b0-c3c0-4de1-b6de-4ecfbd98d01e,ALB-CN-1870-21311,isSameAs,ALB-CN-1880-8919,1870,1880,70-80,0.786
dc09f0dd-6f38-4cae-83fb-e3f3cd0dd419,ALB-CN-1870-2132,isSameAs,ALB-CN-1880-19778,1870,1880,70-80,0.988
3ac34d9b-219e-4d6f-adf5-0ee8743aabf4,ALB-CN-1870-21327,isSameAs,ALB-CN-1880-9233,1870,1880,70-80,0.909
62ddc7de-ec42-47f8-a3c7-3a82160b4810,ALB-CN-1870-2133,isSameAs,ALB-CN-1880-19779,1870,1880,70-80,0.99
33c229c0-23b0-41aa-a64d-592ef44dc140,ALB-CN-1870-21334,isSameAs,ALB-CN-1880-10291,1870,1880,70-80,0.891
7ac14bb5-d486-473d-89e2-ee4991d9dc39,ALB-CN-1870-21340,isSameAs,ALB-CN-1880-9308,1870,1880,70-80,0.741
474424bb-5364-4c54-b1ce-0fa09ccdf988,ALB-CN-1870-21341,isSameAs,ALB-CN-1880-11037,1870,1880,70-80,0.711
262291a4-d615-4fc4-9033-e6ae79955154,ALB-CN-1870-21342,isSameAs,ALB-CN-1880-10293,1870,1880,70-80,0.846
353b86e9-6992-4188-a474-6019c8bbdc49,ALB-CN-1870-21343,isSameAs,ALB-CN-1880-10294,1870,1880,70-80,0.909
0b3c9d22-427e-4e33-8227-ef9236b51264,ALB-CN-1870-21345,isSameAs,ALB-CN-1880-11034,1870,1880,70-80,0.875
1120f0c1-ae73-4dd6-8186-81867395909f,ALB-CN-1870-21346,isSameAs,ALB-CN-1880-10203,1870,1880,70-80,0.622
5387fe45-6b6c-4ad5-9337-0baeeac94099,ALB-CN-1870-21347,isSameAs,ALB-CN-1880-9298,1870,1880,70-80,0.622
7043586d-0b01-4ef0-9f07-fc06f7e07165,ALB-CN-1870-21349,isSameAs,ALB-CN-1880-11038,1870,1880,70-80,0.711
5ffbd7ed-326f-4f52-a912-c1d4bd392b79,ALB-CN-1870-2135,isSameAs,ALB-CN-1880-19780,1870,1880,70-80,0.968
d0b9c55d-17e5-4839-8c81-9a1223e5e7c1,ALB-CN-1870-21351,isSameAs,ALB-CN-1880-17230,1870,1880,70-80,0.832
a10db19c-f367-43f9-8f92-a98959c46a5f,ALB-CN-1870-21355,isSameAs,ALB-CN-1880-17232,1870,1880,70-80,0.924
dd5e6193-7a10-4ea7-96a9-dc06c615ce81,ALB-CN-1870-21356,isSameAs,ALB-CN-1880-17233,1870,1880,70-80,0.881
bbbf0e75-79d8-4b15-9495-f924acd6f160,ALB-CN-1870-21357,isSameAs,ALB-CN-1880-17234,1870,1880,70-80,0.948
8a8ce274-c5ea-4753-b2cf-6fc7dd5ea05a,ALB-CN-1870-21358,isSameAs,ALB-CN-1880-17728,1870,1880,70-80,0.721
e700cbf7-788b-4496-af88-febf9bd4b123,ALB-CN-1870-2136,isSameAs,ALB-CN-1880-19782,1870,1880,70-80,0.896
564e85e4-38f1-4bd6-a4a2-93d368e0a2f4,ALB-CN-1870-21367,isSameAs,ALB-CN-1880-7695,1870,1880,70-80,0.973
1d5dfe46-d55b-443a-ad33-2669f9ea1bd1,ALB-CN-1870-21368,isSameAs,ALB-CN-1880-7696,1870,1880,70-80,0.987
05b54dce-3aaa-48c6-af70-06a2fa8972f7,ALB-CN-1870-21369,isSameAs,ALB-CN-1880-8742,1870,1880,70-80,0.622
57f8f167-078b-42ce-875c-f80b5ae2530d,ALB-CN-1870-2137,isSameAs,ALB-CN-1880-19783,1870,1880,70-80,0.985
bc4cc898-ddef-4721-b45c-f4a7533c34d7,ALB-CN-1870-21371,isSameAs,ALB-CN-1880-7718,1870,1880,70-80,0.75
af6df830-8554-43f9-bd09-66115a156e18,ALB-CN-1870-21382,isSameAs,ALB-CN-1880-7692,1870,1880,70-80,0.858
2c8a8233-fbfe-4e4c-aa19-656482561dc4,ALB-CN-1870-21385,isSameAs,ALB-CN-1880-14340,1870,1880,70-80,0.948
c4a4d67c-d510-442a-a816-3982c054cc98,ALB-CN-1870-21389,isSameAs,ALB-CN-1880-7700,1870,1880,70-80,0.984
455e7d71-0db1-4859-ac67-a3f9319bdc36,ALB-CN-1870-21390,isSameAs,ALB-CN-1880-7701,1870,1880,70-80,0.948
46f3085d-e747-450a-81bc-5cfe99df9aac,ALB-CN-1870-21392,isSameAs,ALB-CN-1880-7704,1870,1880,70-80,0.721
ae222eb6-b896-4701-9322-e81caabfa281,ALB-CN-1870-21393,isSameAs,ALB-CN-1880-7702,1870,1880,70-80,0.971
f4f617df-554f-4b6c-b549-1f15efd4793b,ALB-CN-1870-21394,isSameAs,ALB-CN-1880-8860,1870,1880,70-80,0.924
2bf46319-7570-4f25-8312-bd0136e3e3b6,ALB-CN-1870-21401,isSameAs,ALB-CN-1880-8726,1870,1880,70-80,0.961
409ed038-7220-4a25-8e11-a58e87871843,ALB-CN-1870-21406,isSameAs,ALB-CN-1880-8728,1870,1880,70-80,0.924
32415fa8-bac4-42f8-8298-e3a2ec8b3e46,ALB-CN-1870-21407,isSameAs,ALB-CN-1880-8729,1870,1880,70-80,0.943
8bd6486f-3bea-4015-84d3-38e194f91850,ALB-CN-1870-21410,isSameAs,ALB-CN-1880-30131,1870,1880,70-80,0.731
012ba98d-b529-45ef-9a5e-39572a71f371,ALB-CN-1870-21414,isSameAs,ALB-CN-1880-21550,1870,1880,70-80,0.81
7b1cc9ce-629f-42d7-aefc-356f7e503ca2,ALB-CN-1870-21415,isSameAs,ALB-CN-1880-7082,1870,1880,70-80,0.976
2440cf80-d0be-44dd-9f4a-37366d87976d,ALB-CN-1870-21420,isSameAs,ALB-CN-1880-7435,1870,1880,70-80,0.953
0d1c41fb-fadb-40c9-a268-8e347efd4a6e,ALB-CN-1870-21421,isSameAs,ALB-CN-1880-7436,1870,1880,70-80,0.986
5d5ab960-908c-4348-bdcc-c337870aee91,ALB-CN-1870-21422,isSameAs,ALB-CN-1880-7437,1870,1880,70-80,0.971
e01f3ef8-647d-4e2f-8ec0-9bc2fd2719f1,ALB-CN-1870-21423,isSameAs,ALB-CN-1880-11318,1870,1880,70-80,0.75
fc8fe57d-69c8-45c2-9ae8-6844acd725f2,ALB-CN-1870-21424,isSameAs,ALB-CN-1880-7440,1870,1880,70-80,0.711
176af44b-f3e4-4866-8ab5-d79d329ad8b2,ALB-CN-1870-21425,isSameAs,ALB-CN-1880-25040,1870,1880,70-80,0.9
396b8ef9-b08c-4b5b-a3fe-f6e55ee9acea,ALB-CN-1870-21426,isSameAs,ALB-CN-1880-7439,1870,1880,70-80,0.711
d96a0573-65de-4088-ad31-08c16641b5b7,ALB-CN-1870-21427,isSameAs,ALB-CN-1880-10188,1870,1880,70-80,0.9
ebda0e94-7cca-45e4-862a-20232de7643c,ALB-CN-1870-21433,isSameAs,ALB-CN-1880-3808,1870,1880,70-80,0.611
e7dd1020-f2ce-4795-ad76-1df7a782ac4f,ALB-CN-1870-21440,isSameAs,ALB-CN-1880-19813,1870,1880,70-80,0.818
ac09ac54-2af8-4c00-ab78-75eb1c2fdd8c,ALB-CN-1870-21441,isSameAs,ALB-CN-1880-7608,1870,1880,70-80,0.741
dcd98acf-9cdd-4621-aa4f-6d9786a9e11f,ALB-CN-1870-21443,isSameAs,ALB-CN-1880-7610,1870,1880,70-80,0.961
e7847f2b-d253-463c-a480-fc2201f81816,ALB-CN-1870-21444,isSameAs,ALB-CN-1880-7611,1870,1880,70-80,0.984
d04bf3e1-fdf7-4ee2-816a-045abd4d9fda,ALB-CN-1870-21445,isSameAs,ALB-CN-1880-7612,1870,1880,70-80,0.984
e37cc317-f30a-41e1-846d-4d20be2ec71a,ALB-CN-1870-21446,isSameAs,ALB-CN-1880-7613,1870,1880,70-80,0.989
8ba56e05-8fe8-4a31-9104-1173f23a70f2,ALB-CN-1870-21447,isSameAs,ALB-CN-1880-7609,1870,1880,70-80,0.75
f925ef67-a4ac-4883-b4a7-ff8cb2add972,ALB-CN-1870-21448,isSameAs,ALB-CN-1880-10172,1870,1880,70-80,0.957
8a55879f-98c6-48f2-b9f5-8150f63ef558,ALB-CN-1870-21450,isSameAs,ALB-CN-1880-10174,1870,1880,70-80,0.937
54d67dd2-8d73-4fa1-bd90-bae03c11cde6,ALB-CN-1870-21451,isSameAs,ALB-CN-1880-10175,1870,1880,70-80,0.957
545fe3fd-9010-489b-962e-42398ce40dcd,ALB-CN-1870-21452,isSameAs,ALB-CN-1880-10176,1870,1880,70-80,0.99
079234de-1316-4449-a177-c3b66dfd21c2,ALB-CN-1870-21453,isSameAs,ALB-CN-1880-10177,1870,1880,70-80,0.961
62001ab4-2e2b-4a3c-a3ee-2efab639703d,ALB-CN-1870-21454,isSameAs,ALB-CN-1880-8138,1870,1880,70-80,0.711
56960972-748d-4345-8032-a2e64b3a6f15,ALB-CN-1870-21462,isSameAs,ALB-CN-1880-10259,1870,1880,70-80,0.989
e5a845fd-5c8e-4e76-97a8-e5e164edb41a,ALB-CN-1870-21463,isSameAs,ALB-CN-1880-10260,1870,1880,70-80,0.99
4de511a0-8273-4f9c-8894-36f0b7b8123a,ALB-CN-1870-21466,isSameAs,ALB-CN-1880-30319,1870,1880,70-80,0.646
e887bc0c-1474-41f5-a16c-747a242f9fd0,ALB-CN-1870-21467,isSameAs,ALB-CN-1880-10261,1870,1880,70-80,0.984
744cfe54-249a-4641-a31c-4500f464c5ea,ALB-CN-1870-21468,isSameAs,ALB-CN-1880-10262,1870,1880,70-80,0.961
a6a19846-ace1-4e0d-848c-356bbd73f2be,ALB-CN-1870-21469,isSameAs,ALB-CN-1880-10263,1870,1880,70-80,0.99
54ea8188-c0b1-4026-ad56-dea41e90790d,ALB-CN-1870-2147,isSameAs,ALB-CN-1880-20398,1870,1880,70-80,0.973
aa094655-b743-4675-8072-a78fe9f9cc01,ALB-CN-1870-21470,isSameAs,ALB-CN-1880-10264,1870,1880,70-80,0.937
00aa469e-1bd5-4c8e-820d-6a7bdebf767f,ALB-CN-1870-21471,isSameAs,ALB-CN-1880-23431,1870,1880,70-80,0.721
732bb9d6-2a22-4ae2-add3-7154e4b8b82e,ALB-CN-1870-21477,isSameAs,ALB-CN-1880-9453,1870,1880,70-80,0.76
01f39e3f-7caf-468a-b20e-28128dacd23b,ALB-CN-1870-21478,isSameAs,ALB-CN-1880-9454,1870,1880,70-80,0.957
f3f6c5f1-a95c-4714-b4bb-25f788ffe237,ALB-CN-1870-21479,isSameAs,ALB-CN-1880-9455,1870,1880,70-80,0.741
75f14916-0cde-4bc9-81b8-63f204821d30,ALB-CN-1870-2148,isSameAs,ALB-CN-1880-20399,1870,1880,70-80,0.931
456f542d-7fc1-4512-8f99-b1637ada3ffe,ALB-CN-1870-21481,isSameAs,ALB-CN-1880-7604,1870,1880,70-80,0.832
ba7f6957-e86d-4d80-9f99-1928df09be76,ALB-CN-1870-21487,isSameAs,ALB-CN-1880-21436,1870,1880,70-80,0.622
298ed253-ce81-4d59-a876-3247ceb0f6be,ALB-CN-1870-21488,isSameAs,ALB-CN-1880-10222,1870,1880,70-80,0.99
4a5ff5c9-8c34-4c9d-ac17-1e11778e54e0,ALB-CN-1870-21489,isSameAs,ALB-CN-1880-10223,1870,1880,70-80,0.99
aa9b2491-6c5f-42c8-bcb5-f164cf8bc18a,ALB-CN-1870-2149,isSameAs,ALB-CN-1880-20400,1870,1880,70-80,0.825
4b650b34-ecfd-4dbb-8467-00f69420b792,ALB-CN-1870-21491,isSameAs,ALB-CN-1880-10224,1870,1880,70-80,0.971
9f14d75f-4956-42fe-ba9b-8cb5721e0c89,ALB-CN-1870-21492,isSameAs,ALB-CN-1880-10225,1870,1880,70-80,0.75
0e4e8b40-9c24-4d31-b91c-3a6e6c7ca4e6,ALB-CN-1870-21494,isSameAs,ALB-CN-1880-10226,1870,1880,70-80,0.966
b70c9377-9950-446e-91a1-5029a79579a6,ALB-CN-1870-21496,isSameAs,ALB-CN-1880-10227,1870,1880,70-80,0.984
176edd94-57da-4c6a-9b71-148d037d34f6,ALB-CN-1870-21497,isSameAs,ALB-CN-1880-29993,1870,1880,70-80,0.711
daf87d83-f1d4-4dac-812f-e7cae5fcd64d,ALB-CN-1870-21499,isSameAs,ALB-CN-1880-13549,1870,1880,70-80,0.777
633cdf2c-0cfb-4bbf-ae46-5860a993b6ae,ALB-CN-1870-2150,isSameAs,ALB-CN-1880-20401,1870,1880,70-80,0.937
a3c60878-c608-4bc5-824f-1e3c1da568d1,ALB-CN-1870-21502,isSameAs,ALB-CN-1880-10017,1870,1880,70-80,0.622
60bd080f-1327-4cf6-9ea0-e3879fe71910,ALB-CN-1870-21508,isSameAs,ALB-CN-1880-7237,1870,1880,70-80,0.721
0f45d708-02a0-4527-ad10-7f4a0cf4da07,ALB-CN-1870-21512,isSameAs,ALB-CN-1880-10229,1870,1880,70-80,0.973
6edd2cc5-1eb9-4f4c-bae8-51e232b71e38,ALB-CN-1870-21513,isSameAs,ALB-CN-1880-10230,1870,1880,70-80,0.989
0bf96b52-7560-480e-a968-c230163d16c5,ALB-CN-1870-21514,isSameAs,ALB-CN-1880-10231,1870,1880,70-80,0.99
045c8b15-d248-4234-b220-2565e82f4392,ALB-CN-1870-21515,isSameAs,ALB-CN-1880-10232,1870,1880,70-80,0.984
0906fa35-4df1-410a-b2eb-6e2b7a2e3736,ALB-CN-1870-21516,isSameAs,ALB-CN-1880-10233,1870,1880,70-80,0.984
caa0d468-ad11-4b68-85ca-36819e73c1a6,ALB-CN-1870-21531,isSameAs,ALB-CN-1880-6634,1870,1880,70-80,0.964
bebde72c-18a2-40cd-9934-440a5039386e,ALB-CN-1870-21533,isSameAs,ALB-CN-1880-6630,1870,1880,70-80,0.891
36b40583-f734-489c-9e48-c394d0aa1712,ALB-CN-1870-21534,isSameAs,ALB-CN-1880-10459,1870,1880,70-80,0.891
790e2d0f-97c3-468a-87a0-91b1b1ad6f0f,ALB-CN-1870-21535,isSameAs,ALB-CN-1880-31426,1870,1880,70-80,0.846
191ccda1-e5a7-4058-8f27-589efbabc150,ALB-CN-1870-21537,isSameAs,ALB-CN-1880-6636,1870,1880,70-80,0.971
23d15ad3-9774-4420-aca3-9159c187dd45,ALB-CN-1870-21538,isSameAs,ALB-CN-1880-6637,1870,1880,70-80,0.924
d31f745d-2c30-4e9b-a48d-2d9023e82c62,ALB-CN-1870-21541,isSameAs,ALB-CN-1880-22414,1870,1880,70-80,0.75
0fa5722e-0630-4f4f-a58e-7fd217add4f1,ALB-CN-1870-21542,isSameAs,ALB-CN-1880-27659,1870,1880,70-80,0.769
65172c48-5d9d-464d-af0d-42844297a94a,ALB-CN-1870-21543,isSameAs,ALB-CN-1880-15465,1870,1880,70-80,0.832
97d65a61-37a4-4c74-b3c1-73192464f0ef,ALB-CN-1870-21546,isSameAs,ALB-CN-1880-27095,1870,1880,70-80,0.825
cab454a0-263c-4f1a-a130-cb99a6edee44,ALB-CN-1870-21547,isSameAs,ALB-CN-1880-27097,1870,1880,70-80,0.924
9687eecc-cac1-491a-b753-e1e751a68d80,ALB-CN-1870-21548,isSameAs,ALB-CN-1880-10411,1870,1880,70-80,0.973
84bc98a9-9d29-4f54-811a-f00ba2ff4c51,ALB-CN-1870-21549,isSameAs,ALB-CN-1880-10412,1870,1880,70-80,0.69
c9434be4-7ee9-4f3b-a59f-ea8ce4419668,ALB-CN-1870-2155,isSameAs,ALB-CN-1880-16285,1870,1880,70-80,0.679
f501c292-d266-4cee-9140-722587738039,ALB-CN-1870-21550,isSameAs,ALB-CN-1880-10413,1870,1880,70-80,0.968
a4f914df-eabe-414f-9140-45721fd67892,ALB-CN-1870-21551,isSameAs,ALB-CN-1880-10414,1870,1880,70-80,0.839
1295151a-6068-4f2b-9215-6047e195f9bd,ALB-CN-1870-21561,isSameAs,ALB-CN-1880-27177,1870,1880,70-80,0.69
eaf0be22-59a2-4ffb-aba4-9894d4b6ef41,ALB-CN-1870-21562,isSameAs,ALB-CN-1880-16108,1870,1880,70-80,0.76
193f00d8-3599-446c-93c7-9f57c413a35f,ALB-CN-1870-21563,isSameAs,ALB-CN-1880-27179,1870,1880,70-80,0.921
c3053c7b-f248-4b3b-8ea1-f3fa273eeb96,ALB-CN-1870-21564,isSameAs,ALB-CN-1880-13500,1870,1880,70-80,0.786
fa1535a5-78b5-431c-9121-a8496d038769,ALB-CN-1870-21566,isSameAs,ALB-CN-1880-13502,1870,1880,70-80,0.646
51cac6ea-ffb8-40c3-8f60-35744a06bab3,ALB-CN-1870-21569,isSameAs,ALB-CN-1880-22373,1870,1880,70-80,0.75
d19d77a4-5621-4543-bfed-96a0fd061e0d,ALB-CN-1870-21572,isSameAs,ALB-CN-1880-3871,1870,1880,70-80,0.786
4c8edb54-9aef-49bf-b53a-7d65a321c450,ALB-CN-1870-21574,isSameAs,ALB-CN-1880-7710,1870,1880,70-80,0.909
3bb8a3e7-be5c-4212-93b0-d163e055a159,ALB-CN-1870-21576,isSameAs,ALB-CN-1880-3866,1870,1880,70-80,0.846
00643502-1646-4f51-ad80-81e53e517d30,ALB-CN-1870-21577,isSameAs,ALB-CN-1880-3869,1870,1880,70-80,0.75
1e2a2e0b-c350-4212-ad6e-17037a42c51f,ALB-CN-1870-21580,isSameAs,ALB-CN-1880-10534,1870,1880,70-80,0.69
c66c070a-6a89-4914-89fe-bdce24961927,ALB-CN-1870-21586,isSameAs,ALB-CN-1880-31270,1870,1880,70-80,0.75
6c7155dd-5bfe-42bb-9a33-ace36ed93977,ALB-CN-1870-21590,isSameAs,ALB-CN-1880-15866,1870,1880,70-80,0.75
47fb6e18-3555-4db9-8184-878cec8d7ee6,ALB-CN-1870-21593,isSameAs,ALB-CN-1880-15761,1870,1880,70-80,0.75
b18f4928-e039-4c59-afd4-0d3fcaff741e,ALB-CN-1870-21594,isSameAs,ALB-CN-1880-32211,1870,1880,70-80,0.634
5366c32e-29b7-400b-bc5b-84dde519b45b,ALB-CN-1870-21596,isSameAs,ALB-CN-1880-6431,1870,1880,70-80,0.622
30f39543-7cca-46b8-ab76-92a0350dc18b,ALB-CN-1870-21599,isSameAs,ALB-CN-1880-7920,1870,1880,70-80,0.964
fbbdef0f-2a04-45b2-81a0-3456ff087600,ALB-CN-1870-21601,isSameAs,ALB-CN-1880-7922,1870,1880,70-80,0.896
126f879d-252e-4049-bafa-74640fa08feb,ALB-CN-1870-21602,isSameAs,ALB-CN-1880-28938,1870,1880,70-80,0.721
0a2cadb4-53fe-4be3-8cbe-7c7b0b590e6d,ALB-CN-1870-21603,isSameAs,ALB-CN-1880-6790,1870,1880,70-80,0.896
6a1f31ae-e397-4a0c-abbf-5b848d77de17,ALB-CN-1870-21604,isSameAs,ALB-CN-1880-6791,1870,1880,70-80,0.909
fa1fc9d1-aec9-482f-a2d9-df55a246b601,ALB-CN-1870-21605,isSameAs,ALB-CN-1880-6792,1870,1880,70-80,0.948
f615db2c-e1be-47be-9fd5-09391e485bb5,ALB-CN-1870-21606,isSameAs,ALB-CN-1880-6793,1870,1880,70-80,0.622
f1a6707c-0937-4312-a747-b564a2aedcf2,ALB-CN-1870-21608,isSameAs,ALB-CN-1880-7954,1870,1880,70-80,0.896
54f85807-10c0-4a41-a038-53f59321ac31,ALB-CN-1870-21609,isSameAs,ALB-CN-1880-7955,1870,1880,70-80,0.937
1a174b80-8842-4934-9895-8aa18907b239,ALB-CN-1870-21610,isSameAs,ALB-CN-1880-7956,1870,1880,70-80,0.948
d53e953d-72c6-4c86-97a7-b251201ac8d0,ALB-CN-1870-21614,isSameAs,ALB-CN-1880-7949,1870,1880,70-80,0.711
70158b10-f27e-4642-896d-08c345a05ab8,ALB-CN-1870-21615,isSameAs,ALB-CN-1880-7950,1870,1880,70-80,0.928
d6bedf1c-a31b-4850-9775-68d901232e11,ALB-CN-1870-21619,isSameAs,ALB-CN-1880-7951,1870,1880,70-80,0.924
0eb710c9-2446-432c-b241-7b6e964bfa1d,ALB-CN-1870-2162,isSameAs,ALB-CN-1880-25021,1870,1880,70-80,0.891
0ec13e71-d709-4f87-9ee2-5528c224fe90,ALB-CN-1870-21624,isSameAs,ALB-CN-1880-32399,1870,1880,70-80,0.931
75219436-c183-4027-b2e9-10be793140de,ALB-CN-1870-21630,isSameAs,ALB-CN-1880-7515,1870,1880,70-80,0.622
1ccf711f-a7a7-4500-ad65-07455e169858,ALB-CN-1870-21632,isSameAs,ALB-CN-1880-7517,1870,1880,70-80,0.711
5c18eacf-2b5b-478f-922d-d22be3a15452,ALB-CN-1870-21634,isSameAs,ALB-CN-1880-7518,1870,1880,70-80,0.622
32ed1726-30b8-4b2b-86f1-c660656e194c,ALB-CN-1870-21635,isSameAs,ALB-CN-1880-7519,1870,1880,70-80,0.622
6aa895fa-c6a5-49e2-9022-1a1ff0f8f6bd,ALB-CN-1870-21643,isSameAs,ALB-CN-1880-16729,1870,1880,70-80,0.668
540d8321-e125-4281-9c87-16980d91eb80,ALB-CN-1870-21646,isSameAs,ALB-CN-1880-16732,1870,1880,70-80,0.825
38e858ea-c58b-4ce2-ae5a-8b0839620139,ALB-CN-1870-21648,isSameAs,ALB-CN-1880-9072,1870,1880,70-80,0.679
2430a141-43b3-45be-9696-9c6a607d7a75,ALB-CN-1870-21652,isSameAs,ALB-CN-1880-15684,1870,1880,70-80,0.973
5a2fc538-9e7d-45a1-a951-f431f89a8e99,ALB-CN-1870-21653,isSameAs,ALB-CN-1880-8992,1870,1880,70-80,0.953
d99c5c69-f033-4c15-8b1b-eccad1678fe0,ALB-CN-1870-21660,isSameAs,ALB-CN-1880-6841,1870,1880,70-80,0.668
e4c5d219-e43e-4de5-9e01-d214e6b260ed,ALB-CN-1870-21663,isSameAs,ALB-CN-1880-10511,1870,1880,70-80,0.896
4bef9a01-cadd-4ae8-a060-25a9ab62787a,ALB-CN-1870-21665,isSameAs,ALB-CN-1880-10513,1870,1880,70-80,0.924
9dcabef4-48fa-4bb4-a5e6-a727709c63a3,ALB-CN-1870-21666,isSameAs,ALB-CN-1880-10514,1870,1880,70-80,0.948
27728a65-72ae-415e-adee-6659523ad361,ALB-CN-1870-21668,isSameAs,ALB-CN-1880-10515,1870,1880,70-80,0.711
cbd04e8b-f99b-4f7f-82ed-664d09b716be,ALB-CN-1870-21669,isSameAs,ALB-CN-1880-10516,1870,1880,70-80,0.622
4b76e80d-6c17-46b4-a3df-759bfc6eb846,ALB-CN-1870-21676,isSameAs,ALB-CN-1880-8175,1870,1880,70-80,0.928
9691c194-ef14-4444-a839-c5714431ec8c,ALB-CN-1870-21677,isSameAs,ALB-CN-1880-8176,1870,1880,70-80,0.937
50c3735e-d4d3-4cbb-acac-0ffa9153b087,ALB-CN-1870-21678,isSameAs,ALB-CN-1880-8177,1870,1880,70-80,0.891
03d9ed67-3977-4a8a-a4eb-2091ce3b4a4b,ALB-CN-1870-21681,isSameAs,ALB-CN-1880-9053,1870,1880,70-80,0.75
af90aeb3-5d39-47f6-8bf4-cd67bef122c5,ALB-CN-1870-21683,isSameAs,ALB-CN-1880-9050,1870,1880,70-80,0.957
338d7ee3-28b2-4f4d-a779-5d163e4e9d49,ALB-CN-1870-21685,isSameAs,ALB-CN-1880-9054,1870,1880,70-80,0.9
d2c2418c-dcde-43c1-9c49-23a15ebd8ac2,ALB-CN-1870-21686,isSameAs,ALB-CN-1880-9055,1870,1880,70-80,0.711
94cd7716-d9e9-42a6-9898-0926b8814ac3,ALB-CN-1870-21688,isSameAs,ALB-CN-1880-9056,1870,1880,70-80,0.9
573f6866-0a2d-4c3d-a7ec-b58dff7b2115,ALB-CN-1870-21689,isSameAs,ALB-CN-1880-9057,1870,1880,70-80,0.622
30829c66-a4bc-4299-b468-2e6eb60e60d5,ALB-CN-1870-2169,isSameAs,ALB-CN-1880-18260,1870,1880,70-80,0.964
b3c4cdb9-eae8-4cb2-aee9-61afbeac5c87,ALB-CN-1870-21690,isSameAs,ALB-CN-1880-9058,1870,1880,70-80,0.622
a4a1092c-b8b4-42af-b620-7944b1dde470,ALB-CN-1870-21691,isSameAs,ALB-CN-1880-8189,1870,1880,70-80,0.984
be4f4904-86dd-4cb1-a1d5-de3a212fa04a,ALB-CN-1870-21692,isSameAs,ALB-CN-1880-8190,1870,1880,70-80,0.99
8d51bd5f-98fa-4016-99e6-17e49800577d,ALB-CN-1870-21695,isSameAs,ALB-CN-1880-8191,1870,1880,70-80,0.984
fc416371-7ee6-4e33-a28e-399d4045296f,ALB-CN-1870-21696,isSameAs,ALB-CN-1880-8192,1870,1880,70-80,0.976
f4a5a141-ef6b-42bb-bb26-041330939412,ALB-CN-1870-21697,isSameAs,ALB-CN-1880-8193,1870,1880,70-80,0.75
21954dc4-b471-43e1-8061-1e798b6ce551,ALB-CN-1870-21698,isSameAs,ALB-CN-1880-8194,1870,1880,70-80,0.75
1f6f5286-1768-4b7d-9429-6b08383fa6a7,ALB-CN-1870-21699,isSameAs,ALB-CN-1880-8195,1870,1880,70-80,0.973
47e27011-69c8-4e9d-a9bc-010fa649a30c,ALB-CN-1870-21700,isSameAs,ALB-CN-1880-8197,1870,1880,70-80,0.984
d4ae03ae-5fd0-46bf-bd66-e5b948e82909,ALB-CN-1870-21703,isSameAs,ALB-CN-1880-6755,1870,1880,70-80,0.881
610b511b-7099-4b69-8f9f-eac4dfecf388,ALB-CN-1870-21705,isSameAs,ALB-CN-1880-9073,1870,1880,70-80,0.891
32d2909a-2cf0-4f00-acde-1da325a0fe36,ALB-CN-1870-21706,isSameAs,ALB-CN-1880-6757,1870,1880,70-80,0.69
cd60d5a5-524d-4918-862b-a511fbc8c1c4,ALB-CN-1870-21707,isSameAs,ALB-CN-1880-8347,1870,1880,70-80,0.846
400058ca-1b53-496f-9b77-bcc5b9fce30c,ALB-CN-1870-2171,isSameAs,ALB-CN-1880-18262,1870,1880,70-80,0.948
5110fc1a-ed25-424e-8f88-56f485c82dfc,ALB-CN-1870-21711,isSameAs,ALB-CN-1880-8349,1870,1880,70-80,0.909
ded2bac9-926d-4fa0-9c40-fa3adbcdf948,ALB-CN-1870-21712,isSameAs,ALB-CN-1880-8350,1870,1880,70-80,0.937
f96d7db1-3a14-4c1b-818a-57196a0b71da,ALB-CN-1870-21717,isSameAs,ALB-CN-1880-25986,1870,1880,70-80,0.76
34e59551-c2d6-41f3-8210-f64293e8297e,ALB-CN-1870-21721,isSameAs,ALB-CN-1880-25990,1870,1880,70-80,0.909
7f16d914-702d-40f0-ba03-d9867ba50e1f,ALB-CN-1870-21727,isSameAs,ALB-CN-1880-9048,1870,1880,70-80,0.972
b7dd794b-eaae-4b6d-90b1-c63c48744657,ALB-CN-1870-21728,isSameAs,ALB-CN-1880-25737,1870,1880,70-80,0.668
c200c5fa-07b5-498c-92b6-79422e33708f,ALB-CN-1870-2173,isSameAs,ALB-CN-1880-18263,1870,1880,70-80,0.881
8ad64f7e-492e-43a4-aa48-6062fd433e33,ALB-CN-1870-21730,isSameAs,ALB-CN-1880-9049,1870,1880,70-80,0.891
26ee2863-344c-4830-b76c-39109a291462,ALB-CN-1870-21734,isSameAs,ALB-CN-1880-8172,1870,1880,70-80,0.668
e5ad6990-f848-4668-81f1-ed20cc9b420b,ALB-CN-1870-2174,isSameAs,ALB-CN-1880-19640,1870,1880,70-80,0.975
0a37d728-b767-4eed-9900-81d5f33962dc,ALB-CN-1870-21742,isSameAs,ALB-CN-1880-7797,1870,1880,70-80,0.711
1228d689-6024-462c-8824-18e41992b393,ALB-CN-1870-21743,isSameAs,ALB-CN-1880-7790,1870,1880,70-80,0.928
7ef00d87-0a94-4ea6-b724-63b4c9dd9ef0,ALB-CN-1870-21744,isSameAs,ALB-CN-1880-7791,1870,1880,70-80,0.924
a409eba3-2bc3-42a5-9084-83ea0197d8b8,ALB-CN-1870-21745,isSameAs,ALB-CN-1880-7792,1870,1880,70-80,0.94
3394af4b-bdb0-4094-a857-8b53cf6a8460,ALB-CN-1870-21746,isSameAs,ALB-CN-1880-7793,1870,1880,70-80,0.839
c2aa3a75-56b4-42a2-a8ba-898bd2650910,ALB-CN-1870-21747,isSameAs,ALB-CN-1880-7794,1870,1880,70-80,0.852
2619ff4f-0fc5-4254-8103-ba5aa767272b,ALB-CN-1870-2175,isSameAs,ALB-CN-1880-19641,1870,1880,70-80,0.955
e9e747d3-0296-4442-a37c-edb4b34ab8b3,ALB-CN-1870-21775,isSameAs,ALB-CN-1880-9363,1870,1880,70-80,0.741
62e46aa4-be66-425d-b501-c39adb9ab04e,ALB-CN-1870-21776,isSameAs,ALB-CN-1880-9365,1870,1880,70-80,0.9
662f9dfb-d5f4-4774-8046-637a73882088,ALB-CN-1870-21778,isSameAs,ALB-CN-1880-23024,1870,1880,70-80,0.786
3626f4e9-51b2-4518-8449-cf00e17df8f8,ALB-CN-1870-21785,isSameAs,ALB-CN-1880-11020,1870,1880,70-80,0.786
45afec0a-0137-4794-afd1-d45514493313,ALB-CN-1870-21789,isSameAs,ALB-CN-1880-8657,1870,1880,70-80,0.917
db4ee8f3-0e43-4c01-aa71-0a3b78bd2e10,ALB-CN-1870-21790,isSameAs,ALB-CN-1880-8658,1870,1880,70-80,0.937
71a721be-de30-4508-b282-ed026e54b392,ALB-CN-1870-21791,isSameAs,ALB-CN-1880-8659,1870,1880,70-80,0.832
49bc1ae4-7744-4112-b021-931ad2f5648f,ALB-CN-1870-21793,isSameAs,ALB-CN-1880-25275,1870,1880,70-80,0.928
f84dd190-a627-4279-a219-6697bbe2a103,ALB-CN-1870-21794,isSameAs,ALB-CN-1880-25276,1870,1880,70-80,0.976
1cf49145-c506-44f5-a86f-e5de0393c390,ALB-CN-1870-21799,isSameAs,ALB-CN-1880-25278,1870,1880,70-80,0.891
419c5c30-666f-4f29-9b25-30d628e57456,ALB-CN-1870-21831,isSameAs,ALB-CN-1880-7819,1870,1880,70-80,0.786
9cc7d3d9-4e9b-4762-b79a-1fe8b69c5cea,ALB-CN-1870-21832,isSameAs,ALB-CN-1880-7869,1870,1880,70-80,0.98
eacffd74-f9a4-418b-8510-fe5bab0c6371,ALB-CN-1870-21833,isSameAs,ALB-CN-1880-7868,1870,1880,70-80,0.98
1af234a1-1928-4145-8c8c-9a67feaed883,ALB-CN-1870-21834,isSameAs,ALB-CN-1880-7870,1870,1880,70-80,0.957
aa2aaeab-7288-4e79-9c04-d920fccd7c64,ALB-CN-1870-21835,isSameAs,ALB-CN-1880-7871,1870,1880,70-80,0.98
81e5f21d-5976-4e1f-9dfe-f6fcd0520e04,ALB-CN-1870-21836,isSameAs,ALB-CN-1880-7712,1870,1880,70-80,0.931
529c0f93-d68a-4054-ac4c-48594b66c400,ALB-CN-1870-21837,isSameAs,ALB-CN-1880-2740,1870,1880,70-80,0.802
bedc552e-5598-4366-872a-93d0abc5d47c,ALB-CN-1870-21839,isSameAs,ALB-CN-1880-6909,1870,1880,70-80,0.984
f0cc2961-7239-4628-b3b4-5f421eab4658,ALB-CN-1870-2184,isSameAs,ALB-CN-1880-20116,1870,1880,70-80,0.953
fcf0b789-64a1-4536-b482-7db64a5f9a1a,ALB-CN-1870-21840,isSameAs,ALB-CN-1880-6910,1870,1880,70-80,0.964
427c2595-dc8d-460e-80b7-ff5c2906fe5a,ALB-CN-1870-21841,isSameAs,ALB-CN-1880-6912,1870,1880,70-80,0.971
f1f427fc-fc2e-4aad-8345-974a7e9c1cd1,ALB-CN-1870-21842,isSameAs,ALB-CN-1880-7297,1870,1880,70-80,0.832
c50dfc28-cc41-4708-a2ca-8f77a520529e,ALB-CN-1870-21844,isSameAs,ALB-CN-1880-7299,1870,1880,70-80,0.769
2989e1d2-1430-4968-864e-cd3fa6005c09,ALB-CN-1870-2185,isSameAs,ALB-CN-1880-20117,1870,1880,70-80,0.99
6c45f62c-cb9b-4cfc-ada7-4362979a8f37,ALB-CN-1870-21854,isSameAs,ALB-CN-1880-7897,1870,1880,70-80,0.953
6d3e03f2-b061-475b-a2a6-273e41c1962d,ALB-CN-1870-21855,isSameAs,ALB-CN-1880-7904,1870,1880,70-80,0.976
a717540b-c4ad-4397-8d3e-2cd4458b10d9,ALB-CN-1870-21856,isSameAs,ALB-CN-1880-7898,1870,1880,70-80,0.934
bea11eb3-6cba-476f-bc5a-de28fb46c899,ALB-CN-1870-21857,isSameAs,ALB-CN-1880-7900,1870,1880,70-80,0.886
95228583-d5df-4811-89ad-3acec2cc141d,ALB-CN-1870-21858,isSameAs,ALB-CN-1880-7270,1870,1880,70-80,0.769
28010c23-af5f-4e11-8c4d-9306e5b0e7e3,ALB-CN-1870-21859,isSameAs,ALB-CN-1880-7899,1870,1880,70-80,0.984
7a8c34a5-1d5f-4077-a880-bd4a10ce64e9,ALB-CN-1870-2186,isSameAs,ALB-CN-1880-20118,1870,1880,70-80,0.957
de94f935-3a1e-49e8-bbd7-5659cdf4d1b9,ALB-CN-1870-21869,isSameAs,ALB-CN-1880-21531,1870,1880,70-80,0.622
df0db5bd-fcb6-4ace-928e-c7ce617f00f0,ALB-CN-1870-2187,isSameAs,ALB-CN-1880-20119,1870,1880,70-80,0.957
62637a1a-556c-4981-a087-709308f5f301,ALB-CN-1870-21870,isSameAs,ALB-CN-1880-21525,1870,1880,70-80,0.852
05890f7b-1ed6-48b2-8f43-6d5893f4820d,ALB-CN-1870-21874,isSameAs,ALB-CN-1880-10157,1870,1880,70-80,0.679
66f0ea38-4d22-40a2-9b44-278832a774e5,ALB-CN-1870-21876,isSameAs,ALB-CN-1880-7877,1870,1880,70-80,0.711
16886bfc-c7c4-4439-afca-e3da17e8ab91,ALB-CN-1870-2188,isSameAs,ALB-CN-1880-20120,1870,1880,70-80,0.971
5ca87ec6-d9bf-4af3-9c5b-a9e74d87035c,ALB-CN-1870-21881,isSameAs,ALB-CN-1880-6917,1870,1880,70-80,0.95
8177a129-b64b-43ec-a0ac-ba9309b67b0e,ALB-CN-1870-21882,isSameAs,ALB-CN-1880-6918,1870,1880,70-80,0.976
fceed023-27b1-4ae2-841b-71bb65371b4e,ALB-CN-1870-21883,isSameAs,ALB-CN-1880-12176,1870,1880,70-80,0.668
41cb00cf-0d80-4b8c-98ae-4a0950db6ec5,ALB-CN-1870-21884,isSameAs,ALB-CN-1880-1610,1870,1880,70-80,0.76
3ab2f26a-764d-4982-99a5-31d76242e5ba,ALB-CN-1870-21888,isSameAs,ALB-CN-1880-8688,1870,1880,70-80,0.988
0e8bd209-7f83-4a4a-a460-3515396c5884,ALB-CN-1870-21889,isSameAs,ALB-CN-1880-8689,1870,1880,70-80,0.987
8bc7e67d-9d9d-4c24-8192-d02c7ff26304,ALB-CN-1870-2189,isSameAs,ALB-CN-1880-20121,1870,1880,70-80,0.971
fdf45e01-6af2-4275-9405-31ef663c47d5,ALB-CN-1870-21894,isSameAs,ALB-CN-1880-8692,1870,1880,70-80,0.668
a940953a-f8dc-4ddf-9751-eccadbc97c48,ALB-CN-1870-21896,isSameAs,ALB-CN-1880-8693,1870,1880,70-80,0.99
531960ce-d78c-4141-adf4-831548c34ccb,ALB-CN-1870-21899,isSameAs,ALB-CN-1880-8902,1870,1880,70-80,0.622
7fed85d3-d8fa-4a0c-a8b8-98bf47083723,ALB-CN-1870-2190,isSameAs,ALB-CN-1880-19749,1870,1880,70-80,0.832
1ae8025a-3e74-4fab-a474-9262ee975422,ALB-CN-1870-21900,isSameAs,ALB-CN-1880-8662,1870,1880,70-80,0.948
4b213ebb-f3a5-446e-b6ee-deb2fcd94bb0,ALB-CN-1870-21901,isSameAs,ALB-CN-1880-3787,1870,1880,70-80,0.769
e31c80f7-6f3a-4ca2-a7f6-97f6b069286b,ALB-CN-1870-21902,isSameAs,ALB-CN-1880-8663,1870,1880,70-80,0.891
3e22b0eb-8620-43b5-8587-f95bfd4f4e65,ALB-CN-1870-21903,isSameAs,ALB-CN-1880-8664,1870,1880,70-80,0.891
2c0b041c-d5c9-4788-90be-ac6b3b10d50e,ALB-CN-1870-21904,isSameAs,ALB-CN-1880-8665,1870,1880,70-80,0.924
2d53d71d-18c5-4593-95cf-fb501f63b7d2,ALB-CN-1870-21906,isSameAs,ALB-CN-1880-3880,1870,1880,70-80,0.668
37945bfa-4909-4c35-a660-757987b93340,ALB-CN-1870-21909,isSameAs,ALB-CN-1880-3882,1870,1880,70-80,0.931
b8bc7a48-be36-4642-bc6a-0d21ac19637e,ALB-CN-1870-21914,isSameAs,ALB-CN-1880-6429,1870,1880,70-80,0.731
7508fbea-2f4d-4c52-b080-c1269c9583b3,ALB-CN-1870-21920,isSameAs,ALB-CN-1880-6758,1870,1880,70-80,0.945
da6fff28-815c-4eeb-937a-351c60bd8e1a,ALB-CN-1870-21921,isSameAs,ALB-CN-1880-6759,1870,1880,70-80,0.886
0c23867c-d9e3-4ea4-b2cc-667142ea4c32,ALB-CN-1870-21923,isSameAs,ALB-CN-1880-6760,1870,1880,70-80,0.943
a45ee404-7b87-4331-8434-3b5a0a872859,ALB-CN-1870-21924,isSameAs,ALB-CN-1880-6761,1870,1880,70-80,0.978
728a76ba-2b60-4e4f-a73a-598702f7b5a4,ALB-CN-1870-21925,isSameAs,ALB-CN-1880-6762,1870,1880,70-80,0.968
4ce118c0-c982-4264-b8c4-a7b0b2804421,ALB-CN-1870-21930,isSameAs,ALB-CN-1880-6133,1870,1880,70-80,0.832
f59e0d6c-02f9-4272-baef-184e2dbf0bc3,ALB-CN-1870-21933,isSameAs,ALB-CN-1880-10042,1870,1880,70-80,0.881
88ccf2ed-ec93-4d0f-a2db-8b2d008fab3e,ALB-CN-1870-21942,isSameAs,ALB-CN-1880-7706,1870,1880,70-80,0.634
d195e75e-e6f1-486d-98ae-e7e52d23312d,ALB-CN-1870-21944,isSameAs,ALB-CN-1880-7709,1870,1880,70-80,0.846
3af98e65-eb98-4b6a-97f6-1310ab5df335,ALB-CN-1870-21947,isSameAs,ALB-CN-1880-430,1870,1880,70-80,0.711
14257e3d-8fbe-4a81-8717-8904f3ae99b9,ALB-CN-1870-21953,isSameAs,ALB-CN-1880-892,1870,1880,70-80,0.786
458a6723-dff0-448a-95ac-92825be7dd1f,ALB-CN-1870-21954,isSameAs,ALB-CN-1880-10585,1870,1880,70-80,0.98
d3381614-bef8-4c01-b23f-9708514f4748,ALB-CN-1870-21955,isSameAs,ALB-CN-1880-10586,1870,1880,70-80,0.98
9cac4cbe-d45e-48f6-b0b3-b46aa7791969,ALB-CN-1870-21956,isSameAs,ALB-CN-1880-10587,1870,1880,70-80,0.98
59e081d5-ab46-4370-8156-6844e0d00174,ALB-CN-1870-21957,isSameAs,ALB-CN-1880-10588,1870,1880,70-80,0.953
745ff8e6-a858-4d1f-b66d-01e6007ab6bc,ALB-CN-1870-21958,isSameAs,ALB-CN-1880-10654,1870,1880,70-80,0.937
c3d86a95-5538-48be-9dc3-5d466f3ad0a8,ALB-CN-1870-21959,isSameAs,ALB-CN-1880-10591,1870,1880,70-80,0.953
3e89315b-abad-480d-9020-292d3a6f6118,ALB-CN-1870-21960,isSameAs,ALB-CN-1880-10589,1870,1880,70-80,0.971
232eeb2f-55af-4216-a2d2-4305af21f86f,ALB-CN-1870-21961,isSameAs,ALB-CN-1880-10595,1870,1880,70-80,0.924
2a407402-8f4a-4a1a-9617-90cc1c79837d,ALB-CN-1870-21962,isSameAs,ALB-CN-1880-10596,1870,1880,70-80,0.909
8c18a0a0-7e4b-4130-acf5-db7793ef80be,ALB-CN-1870-21963,isSameAs,ALB-CN-1880-10597,1870,1880,70-80,0.99
03d56b7e-4666-4e8a-8f71-3efe758e5f5e,ALB-CN-1870-21968,isSameAs,ALB-CN-1880-25659,1870,1880,70-80,0.98
9a277692-4f53-4541-8aa6-b16a3d3887e1,ALB-CN-1870-21969,isSameAs,ALB-CN-1880-25660,1870,1880,70-80,0.972
98c643a2-894c-47b1-a1b4-3f4524052f13,ALB-CN-1870-21971,isSameAs,ALB-CN-1880-25661,1870,1880,70-80,0.931
0dc673fd-8cdb-468d-af38-bb32eda7720a,ALB-CN-1870-21974,isSameAs,ALB-CN-1880-25662,1870,1880,70-80,0.9
d0e0562d-8f67-40c8-a7ff-b7142832268a,ALB-CN-1870-21975,isSameAs,ALB-CN-1880-25663,1870,1880,70-80,0.794
5ff47b8a-575c-4ce6-9efe-1e4412e997fa,ALB-CN-1870-21976,isSameAs,ALB-CN-1880-25664,1870,1880,70-80,0.924
007a4ebb-7eff-47bf-8ec8-af25e534cc9d,ALB-CN-1870-21979,isSameAs,ALB-CN-1880-27883,1870,1880,70-80,0.657
dcbe1ba9-8089-48b7-b56e-9054d6760436,ALB-CN-1870-2198,isSameAs,ALB-CN-1880-19871,1870,1880,70-80,0.646
f3716c25-52ce-4e71-a602-44643a81de7a,ALB-CN-1870-21987,isSameAs,ALB-CN-1880-10275,1870,1880,70-80,0.75
72b6e780-240c-455b-99ac-52b0e855de2e,ALB-CN-1870-21988,isSameAs,ALB-CN-1880-10276,1870,1880,70-80,0.75
dc0a415e-0a17-4e6e-ab7f-56d2df7e2c44,ALB-CN-1870-2199,isSameAs,ALB-CN-1880-15685,1870,1880,70-80,0.858
922937e1-008c-4057-b044-0177a07e4612,ALB-CN-1870-21991,isSameAs,ALB-CN-1880-6920,1870,1880,70-80,0.825
cb4b85c6-69bf-422b-a18b-8edbade3af82,ALB-CN-1870-21999,isSameAs,ALB-CN-1880-6708,1870,1880,70-80,0.646
73392460-56c5-4749-89e6-04d0edf1d4cf,ALB-CN-1870-220,isSameAs,ALB-CN-1880-11724,1870,1880,70-80,0.646
d5a9ce84-88a6-4f54-86b3-6cd865d9d097,ALB-CN-1870-22000,isSameAs,ALB-CN-1880-7419,1870,1880,70-80,0.87
faeccfa2-1ff0-48ab-953a-74605630ec4a,ALB-CN-1870-22001,isSameAs,ALB-CN-1880-7420,1870,1880,70-80,0.832
0de42703-3f99-4108-80f7-c32e8de72863,ALB-CN-1870-22002,isSameAs,ALB-CN-1880-7421,1870,1880,70-80,0.924
bc5eeb65-b0a3-40f9-a0d1-999cdd92d599,ALB-CN-1870-22004,isSameAs,ALB-CN-1880-6451,1870,1880,70-80,0.711
ac242e10-fe66-47d0-b882-41331320dc17,ALB-CN-1870-22006,isSameAs,ALB-CN-1880-6453,1870,1880,70-80,0.711
67b503c8-6637-4c20-9d55-3a96b4099bca,ALB-CN-1870-22007,isSameAs,ALB-CN-1880-6800,1870,1880,70-80,0.852
9418e9e1-5d95-426f-89b2-1ee58cd85908,ALB-CN-1870-22010,isSameAs,ALB-CN-1880-8239,1870,1880,70-80,0.622
174bf5de-1eb9-44e6-a14c-1d00ae95f765,ALB-CN-1870-22016,isSameAs,ALB-CN-1880-10090,1870,1880,70-80,0.971
375c9c36-bc89-4647-846e-2fb66250860e,ALB-CN-1870-22017,isSameAs,ALB-CN-1880-10091,1870,1880,70-80,0.924
90c8f46d-d46a-460c-8e37-47a20b4c3f67,ALB-CN-1870-22018,isSameAs,ALB-CN-1880-9681,1870,1880,70-80,0.769
8494383c-00c2-4d9e-a303-5530db21e12d,ALB-CN-1870-22020,isSameAs,ALB-CN-1880-10087,1870,1880,70-80,0.989
c3a95d3a-10e2-4271-b1d1-399e0fbe2443,ALB-CN-1870-22021,isSameAs,ALB-CN-1880-7061,1870,1880,70-80,0.75
f6813bc7-855a-41a1-adc9-627e0773b391,ALB-CN-1870-22023,isSameAs,ALB-CN-1880-10088,1870,1880,70-80,0.94
472b3764-aff6-4189-a3a8-07cba9c3e53b,ALB-CN-1870-22024,isSameAs,ALB-CN-1880-20957,1870,1880,70-80,0.622
700bfb38-cf53-4d54-8c8c-028d9a2cb266,ALB-CN-1870-22025,isSameAs,ALB-CN-1880-22178,1870,1880,70-80,0.701
f1081d07-b604-49e3-91c7-905f8e107e03,ALB-CN-1870-22032,isSameAs,ALB-CN-1880-9031,1870,1880,70-80,0.825
09642988-37a3-4c8f-8dcc-3f54814e0d3f,ALB-CN-1870-22033,isSameAs,ALB-CN-1880-22185,1870,1880,70-80,0.711
f9f96bb0-157a-4243-9a82-fc20d668088d,ALB-CN-1870-22037,isSameAs,ALB-CN-1880-10658,1870,1880,70-80,0.668
88e49f62-32c4-4052-8d91-6a6afe78a6a9,ALB-CN-1870-2204,isSameAs,ALB-CN-1880-19653,1870,1880,70-80,0.731
0fcd9b37-f5bd-4b23-8b86-8e380a8c9d49,ALB-CN-1870-22040,isSameAs,ALB-CN-1880-9380,1870,1880,70-80,0.971
543eba89-4395-499d-870f-c24a4bb4a839,ALB-CN-1870-22042,isSameAs,ALB-CN-1880-9382,1870,1880,70-80,0.966
b32b1ebe-1536-40c7-b7ed-15b683532568,ALB-CN-1870-22043,isSameAs,ALB-CN-1880-9383,1870,1880,70-80,0.957
9ae3e52b-029e-437b-ac00-c16eed8e971c,ALB-CN-1870-22044,isSameAs,ALB-CN-1880-9384,1870,1880,70-80,0.971
d0ef4e7c-4989-4890-8d06-c0fb3a255819,ALB-CN-1870-22045,isSameAs,ALB-CN-1880-9385,1870,1880,70-80,0.957
1f0fdd22-fa52-49ed-8b36-15477d99693c,ALB-CN-1870-22056,isSameAs,ALB-CN-1880-11629,1870,1880,70-80,0.9
5cdf775d-2d08-4891-b7ea-643fd2ee0357,ALB-CN-1870-22057,isSameAs,ALB-CN-1880-30487,1870,1880,70-80,0.818
5b0958a9-16c7-4e87-839d-784294f8b68c,ALB-CN-1870-22058,isSameAs,ALB-CN-1880-10084,1870,1880,70-80,0.964
4f831526-74ab-4a1a-80ac-30a2a8cafc91,ALB-CN-1870-22059,isSameAs,ALB-CN-1880-10085,1870,1880,70-80,0.928
9f3695dc-0486-4bdb-9bf7-e2e7d35c8714,ALB-CN-1870-22063,isSameAs,ALB-CN-1880-10078,1870,1880,70-80,0.948
2cae05f3-1909-48bb-9bc7-a71f48f8ff1b,ALB-CN-1870-22064,isSameAs,ALB-CN-1880-10079,1870,1880,70-80,0.948
0c3503ad-0532-4539-bd7a-591a3bcb81a5,ALB-CN-1870-22076,isSameAs,ALB-CN-1880-9406,1870,1880,70-80,0.948
7368474b-5f96-4f53-9208-df5649d0e186,ALB-CN-1870-22077,isSameAs,ALB-CN-1880-9407,1870,1880,70-80,0.948
c48419e0-096d-40e8-a959-e7fc15449b28,ALB-CN-1870-22078,isSameAs,ALB-CN-1880-9408,1870,1880,70-80,0.943
be9cb95c-75fd-4e79-9245-a319bdcb708f,ALB-CN-1870-22079,isSameAs,ALB-CN-1880-9409,1870,1880,70-80,0.94
7805f863-d0f9-4bab-b6c2-ac935811a6c9,ALB-CN-1870-2208,isSameAs,ALB-CN-1880-20381,1870,1880,70-80,0.969
fc4a6b86-0313-406f-9881-5582c2ac0194,ALB-CN-1870-2209,isSameAs,ALB-CN-1880-20382,1870,1880,70-80,0.955
fc82789f-13cc-486e-bdcb-d0238c521421,ALB-CN-1870-22092,isSameAs,ALB-CN-1880-12755,1870,1880,70-80,0.948
c873b9ed-aeb4-4d98-93e1-90a2b915bcd0,ALB-CN-1870-22093,isSameAs,ALB-CN-1880-5578,1870,1880,70-80,0.858
86f87515-763b-465c-8e08-20a05d0495b1,ALB-CN-1870-22095,isSameAs,ALB-CN-1880-25780,1870,1880,70-80,0.634
23ebdda2-1cd1-4976-b59c-c7e8655ed135,ALB-CN-1870-22096,isSameAs,ALB-CN-1880-12759,1870,1880,70-80,0.701
395f0668-f3ac-42f3-9817-42d6544e0597,ALB-CN-1870-22097,isSameAs,ALB-CN-1880-12758,1870,1880,70-80,0.711
a9823b82-04b8-40d5-a135-44e341087028,ALB-CN-1870-2210,isSameAs,ALB-CN-1880-20383,1870,1880,70-80,0.961
9eaf39ee-2af1-40fd-827d-20172c858c55,ALB-CN-1870-22104,isSameAs,ALB-CN-1880-11498,1870,1880,70-80,0.832
7f9c17c3-5a3b-4d50-b07f-5a908606b6fb,ALB-CN-1870-22107,isSameAs,ALB-CN-1880-26979,1870,1880,70-80,0.971
4a9df3c1-09d1-40cc-8e44-21ec46d3da05,ALB-CN-1870-2211,isSameAs,ALB-CN-1880-20384,1870,1880,70-80,0.961
d55dd3d2-dfb3-4d0e-88f7-0ac840066596,ALB-CN-1870-22116,isSameAs,ALB-CN-1880-4581,1870,1880,70-80,0.818
53bf74a8-dd71-41eb-8e75-de3ea02d6355,ALB-CN-1870-2212,isSameAs,ALB-CN-1880-20385,1870,1880,70-80,0.99
2a784281-c3ef-49b0-a4e7-05a1cb5020ed,ALB-CN-1870-22127,isSameAs,ALB-CN-1880-6457,1870,1880,70-80,0.99
012c1c66-5eb2-41b6-9290-44e5dd29e4b5,ALB-CN-1870-22130,isSameAs,ALB-CN-1880-8685,1870,1880,70-80,0.891
fcf49f3a-051c-414d-9fcd-92e2f7c5e1bc,ALB-CN-1870-22132,isSameAs,ALB-CN-1880-23974,1870,1880,70-80,0.622
abad8c57-9ba4-4fc4-ba57-1985e04913cd,ALB-CN-1870-22133,isSameAs,ALB-CN-1880-6459,1870,1880,70-80,0.891
e246afe3-7c97-48fb-a1c2-98c57ecfdd19,ALB-CN-1870-22134,isSameAs,ALB-CN-1880-6460,1870,1880,70-80,0.852
6a8de112-466d-4732-89ec-c2bdc1cbcbf3,ALB-CN-1870-22135,isSameAs,ALB-CN-1880-23977,1870,1880,70-80,0.622
11763237-6df4-471f-bdc6-0829fcd8a26f,ALB-CN-1870-22136,isSameAs,ALB-CN-1880-6446,1870,1880,70-80,0.818
4917f134-f053-47f3-9008-f8e8daf2f344,ALB-CN-1870-22137,isSameAs,ALB-CN-1880-6447,1870,1880,70-80,0.964
c81d11a8-aa0e-491b-b3c5-3105f69eb93c,ALB-CN-1870-22139,isSameAs,ALB-CN-1880-6449,1870,1880,70-80,0.668
f1bf41cd-2c94-4cbf-8bf5-113f2a5ec176,ALB-CN-1870-22141,isSameAs,ALB-CN-1880-6448,1870,1880,70-80,0.957
188b9f28-f391-486e-b7a4-65dc8bfc5810,ALB-CN-1870-22142,isSameAs,ALB-CN-1880-6437,1870,1880,70-80,0.99
0f08293e-761d-4484-a185-e6257325a021,ALB-CN-1870-22143,isSameAs,ALB-CN-1880-6438,1870,1880,70-80,0.984
b2c1845b-e554-4946-a0be-5a05568fc67f,ALB-CN-1870-22145,isSameAs,ALB-CN-1880-6439,1870,1880,70-80,0.971
60c6f7a8-33e2-4034-ad2e-a6be93dd6b80,ALB-CN-1870-22146,isSameAs,ALB-CN-1880-6440,1870,1880,70-80,0.957
e7875b27-9e2e-4082-80e5-61636e62e0bf,ALB-CN-1870-22147,isSameAs,ALB-CN-1880-6441,1870,1880,70-80,0.957
e39f70ae-8184-4319-a70f-b1b210344b5f,ALB-CN-1870-22148,isSameAs,ALB-CN-1880-6866,1870,1880,70-80,0.94
3bad37aa-103c-44f8-b223-4b5d5d084671,ALB-CN-1870-22149,isSameAs,ALB-CN-1880-6443,1870,1880,70-80,0.937
311ac837-d95f-4576-8cec-59d2e9654929,ALB-CN-1870-22150,isSameAs,ALB-CN-1880-6444,1870,1880,70-80,0.957
01a50120-e39e-43c1-87d5-046c2a90b484,ALB-CN-1870-22156,isSameAs,ALB-CN-1880-7503,1870,1880,70-80,0.69
8b37b720-473a-4dfb-bbd1-c00a952fc78e,ALB-CN-1870-22158,isSameAs,ALB-CN-1880-10963,1870,1880,70-80,0.896
b75e4011-e587-4746-83d7-eef0ff8c7319,ALB-CN-1870-22159,isSameAs,ALB-CN-1880-10962,1870,1880,70-80,0.769
21ea5518-4960-4340-ae53-52761ac3906e,ALB-CN-1870-2216,isSameAs,ALB-CN-1880-19562,1870,1880,70-80,0.622
d2a6296c-bd06-4111-80b7-0425cebf5b8f,ALB-CN-1870-22162,isSameAs,ALB-CN-1880-6864,1870,1880,70-80,0.69
f5d08d5c-f321-4c70-9424-898fe972a95d,ALB-CN-1870-22165,isSameAs,ALB-CN-1880-6422,1870,1880,70-80,0.891
9b749062-ab13-4074-9a95-1ad4dbe0f62a,ALB-CN-1870-22166,isSameAs,ALB-CN-1880-29561,1870,1880,70-80,0.852
69b6b628-9c4d-4207-9836-2aaad2c4b9ee,ALB-CN-1870-22167,isSameAs,ALB-CN-1880-6423,1870,1880,70-80,0.924
ba6336ad-0240-4260-ae66-caf2c6fab8ea,ALB-CN-1870-22168,isSameAs,ALB-CN-1880-6442,1870,1880,70-80,0.931
abde816f-2730-421d-9bde-14d38ff2e93b,ALB-CN-1870-22169,isSameAs,ALB-CN-1880-6867,1870,1880,70-80,0.769
2034558a-cffe-412d-83f6-8a793335520d,ALB-CN-1870-2217,isSameAs,ALB-CN-1880-19563,1870,1880,70-80,0.825
d8b72678-1c94-43aa-870d-a60866ae6675,ALB-CN-1870-22172,isSameAs,ALB-CN-1880-16341,1870,1880,70-80,0.976
d42321c2-542b-4635-88a0-833680d4eea3,ALB-CN-1870-22173,isSameAs,ALB-CN-1880-9187,1870,1880,70-80,0.802
72332c00-2a8e-41a6-872d-69f545cc3419,ALB-CN-1870-22174,isSameAs,ALB-CN-1880-4908,1870,1880,70-80,0.9
6eaf38df-9d6c-4259-afa1-28fbacfbe474,ALB-CN-1870-22175,isSameAs,ALB-CN-1880-6465,1870,1880,70-80,0.622
4eb7c14c-78dd-499c-a901-7a7655500b45,ALB-CN-1870-22176,isSameAs,ALB-CN-1880-16343,1870,1880,70-80,0.948
ddeca509-e763-4d16-bd68-c9860b7d1f7f,ALB-CN-1870-22178,isSameAs,ALB-CN-1880-3824,1870,1880,70-80,0.818
bab38128-b48d-4153-bcfe-c69471780f27,ALB-CN-1870-22187,isSameAs,ALB-CN-1880-8987,1870,1880,70-80,0.87
b83b594d-a0be-49b6-8764-701728926769,ALB-CN-1870-2219,isSameAs,ALB-CN-1880-19565,1870,1880,70-80,0.896
254adde7-c2d8-4907-b292-65e42c5c075e,ALB-CN-1870-222,isSameAs,ALB-CN-1880-24311,1870,1880,70-80,0.948
56ca9784-d6d0-4fb0-b384-c14b85bbd289,ALB-CN-1870-22202,isSameAs,ALB-CN-1880-7231,1870,1880,70-80,0.668
d2fb1c52-10d1-40cd-bad9-18447ee38a76,ALB-CN-1870-22203,isSameAs,ALB-CN-1880-18954,1870,1880,70-80,0.668
1a8e2e69-12cf-4f82-ae9b-91a2fc547f0f,ALB-CN-1870-22206,isSameAs,ALB-CN-1880-18176,1870,1880,70-80,0.786
67e7dbf1-df7e-46a5-a156-589a38e6019f,ALB-CN-1870-22207,isSameAs,ALB-CN-1880-8391,1870,1880,70-80,0.864
2169f6ad-7937-48a1-a30b-276a9e58e675,ALB-CN-1870-22210,isSameAs,ALB-CN-1880-8395,1870,1880,70-80,0.646
8019ef7c-1209-45ca-ad6e-207999316a1f,ALB-CN-1870-22211,isSameAs,ALB-CN-1880-8392,1870,1880,70-80,0.9
4bd59c08-09e9-4b7f-8844-f25379035710,ALB-CN-1870-22213,isSameAs,ALB-CN-1880-27774,1870,1880,70-80,0.721
fdec7c1c-fb5f-4eef-aca4-21de25805d26,ALB-CN-1870-22220,isSameAs,ALB-CN-1880-7972,1870,1880,70-80,0.971
8dad74f4-5df0-4bd4-a2b2-df9449ee6caf,ALB-CN-1870-22221,isSameAs,ALB-CN-1880-7973,1870,1880,70-80,0.75
e43814b6-e6d3-40d8-a051-bf1723aeba04,ALB-CN-1870-22222,isSameAs,ALB-CN-1880-7974,1870,1880,70-80,0.957
960a7f75-e096-46da-96ac-7611f83658b6,ALB-CN-1870-22223,isSameAs,ALB-CN-1880-7975,1870,1880,70-80,0.931
c50e7a01-a77d-4289-9211-6328bcfa4e06,ALB-CN-1870-22224,isSameAs,ALB-CN-1880-7976,1870,1880,70-80,0.81
5ddfb97f-c5f7-497e-9ee2-f4114d792451,ALB-CN-1870-22225,isSameAs,ALB-CN-1880-8061,1870,1880,70-80,0.948
7ea9791a-caad-475f-91da-942638f9d794,ALB-CN-1870-22227,isSameAs,ALB-CN-1880-8060,1870,1880,70-80,0.928
91d6a6fe-5c15-4b8f-9f10-46d178c9395a,ALB-CN-1870-22229,isSameAs,ALB-CN-1880-8064,1870,1880,70-80,0.839
cc5614f5-4256-4204-99ed-1a28bd95ef27,ALB-CN-1870-22230,isSameAs,ALB-CN-1880-8062,1870,1880,70-80,0.948
dc0bce1d-ce84-4566-b6fc-23d8e3bf1285,ALB-CN-1870-22249,isSameAs,ALB-CN-1880-8578,1870,1880,70-80,0.987
abe36f01-abf8-48c1-b3ae-721c09bc4631,ALB-CN-1870-22250,isSameAs,ALB-CN-1880-8579,1870,1880,70-80,0.668
61b1e07b-0452-45ce-af13-c8de11d51d5f,ALB-CN-1870-22253,isSameAs,ALB-CN-1880-4178,1870,1880,70-80,0.769
4332b0d6-f0c4-4041-9441-31d01c17c911,ALB-CN-1870-2226,isSameAs,ALB-CN-1880-20456,1870,1880,70-80,0.825
24557dc5-5a64-4e56-a10f-8fae48d33b6c,ALB-CN-1870-22263,isSameAs,ALB-CN-1880-8218,1870,1880,70-80,0.731
1fba33f2-e3b8-4a59-8d7b-1224d288de0a,ALB-CN-1870-22264,isSameAs,ALB-CN-1880-8436,1870,1880,70-80,0.646
92a63611-33e5-4eda-83a0-966de0b36cd3,ALB-CN-1870-22277,isSameAs,ALB-CN-1880-8409,1870,1880,70-80,0.818
d2c9cd0f-835c-4fca-9e84-5c4bd1d5ff3a,ALB-CN-1870-22279,isSameAs,ALB-CN-1880-8573,1870,1880,70-80,0.953
6923af2f-f19d-418b-b76a-8fffd1f860ad,ALB-CN-1870-22282,isSameAs,ALB-CN-1880-8412,1870,1880,70-80,0.668
9a023a29-9c62-43ef-b780-6692dd509fa3,ALB-CN-1870-22283,isSameAs,ALB-CN-1880-15099,1870,1880,70-80,0.721
07f6086e-ce8d-4cc6-b52a-5eb0273a5b59,ALB-CN-1870-22284,isSameAs,ALB-CN-1880-8571,1870,1880,70-80,0.931
b6f0f267-c696-4524-b899-78d3a9aaf537,ALB-CN-1870-22285,isSameAs,ALB-CN-1880-8572,1870,1880,70-80,0.931
50a370b4-60dd-4f40-9d8d-b52df6d551ac,ALB-CN-1870-22288,isSameAs,ALB-CN-1880-13271,1870,1880,70-80,0.611
d81c0ab9-6e2b-4476-9828-9c7de770d292,ALB-CN-1870-22297,isSameAs,ALB-CN-1880-8647,1870,1880,70-80,0.721
ffe3083f-08e6-4b97-9952-d96a3d83199a,ALB-CN-1870-223,isSameAs,ALB-CN-1880-24312,1870,1880,70-80,0.957
8b5424ea-326b-47da-9f87-3be097893533,ALB-CN-1870-22302,isSameAs,ALB-CN-1880-14338,1870,1880,70-80,0.802
bf7e65f3-11f7-4acf-8681-ac24c4232d7a,ALB-CN-1870-22305,isSameAs,ALB-CN-1880-22780,1870,1880,70-80,0.646
207d6c36-f06a-4a5e-9b6e-6c1130924157,ALB-CN-1870-22307,isSameAs,ALB-CN-1880-14342,1870,1880,70-80,0.909
128c84d6-e98a-4480-b9b2-bce0f43942d1,ALB-CN-1870-22308,isSameAs,ALB-CN-1880-13268,1870,1880,70-80,0.891
3b116c13-97e0-4ed6-9042-805c7602d3d5,ALB-CN-1870-22310,isSameAs,ALB-CN-1880-6482,1870,1880,70-80,0.69
048279eb-0fc2-42f9-ad8e-12fe1b204d80,ALB-CN-1870-22314,isSameAs,ALB-CN-1880-6511,1870,1880,70-80,0.802
1e165467-e4a6-4390-ba5c-4e183eb78b78,ALB-CN-1870-22323,isSameAs,ALB-CN-1880-8648,1870,1880,70-80,0.634
44663ce2-1d09-490c-8eb3-d7d8728742f1,ALB-CN-1870-22328,isSameAs,ALB-CN-1880-7605,1870,1880,70-80,0.832
fecd05ff-78fa-4110-baa3-9aa29f8b6996,ALB-CN-1870-22332,isSameAs,ALB-CN-1880-7532,1870,1880,70-80,0.896
41feb953-e051-40cd-a214-de2bd5e1077f,ALB-CN-1870-22333,isSameAs,ALB-CN-1880-7533,1870,1880,70-80,0.87
3d29909a-62e1-461e-b875-534a49dc7baf,ALB-CN-1870-22336,isSameAs,ALB-CN-1880-7535,1870,1880,70-80,0.924
b2e12c9b-028a-49d7-b66a-3728d4db0f8f,ALB-CN-1870-22339,isSameAs,ALB-CN-1880-7524,1870,1880,70-80,0.881
92f47537-7661-46aa-9a20-0c6ce1c821cd,ALB-CN-1870-22340,isSameAs,ALB-CN-1880-7525,1870,1880,70-80,0.937
b423061c-bf07-42a9-87ba-38bbfe5ec73d,ALB-CN-1870-22341,isSameAs,ALB-CN-1880-7547,1870,1880,70-80,0.891
40ea45e4-5e45-428b-9a65-3c7b68fc7948,ALB-CN-1870-22342,isSameAs,ALB-CN-1880-7548,1870,1880,70-80,0.786
60af4aa9-ed39-480c-8549-ee21187f182c,ALB-CN-1870-22343,isSameAs,ALB-CN-1880-7526,1870,1880,70-80,0.832
3049b1da-fd43-458d-a480-4710147a3cbd,ALB-CN-1870-22344,isSameAs,ALB-CN-1880-25593,1870,1880,70-80,0.711
b712bd61-d183-4a85-8b6d-68bb75b1dfbd,ALB-CN-1870-22349,isSameAs,ALB-CN-1880-7536,1870,1880,70-80,0.94
00949733-1325-4543-962f-604f3bda3eac,ALB-CN-1870-22350,isSameAs,ALB-CN-1880-7537,1870,1880,70-80,0.971
6c09ff39-922a-407b-838e-6205ce37d976,ALB-CN-1870-22351,isSameAs,ALB-CN-1880-7538,1870,1880,70-80,0.984
6d253b9e-83c4-4b3e-aea2-151096007c10,ALB-CN-1870-22354,isSameAs,ALB-CN-1880-7539,1870,1880,70-80,0.75
42c25692-4b1d-4002-b6dc-a7adbdbf7677,ALB-CN-1870-22355,isSameAs,ALB-CN-1880-7540,1870,1880,70-80,0.818
d1c4d1fc-e585-4049-83a9-e16fffa301f1,ALB-CN-1870-22356,isSameAs,ALB-CN-1880-7512,1870,1880,70-80,0.794
c2396ae3-9cbb-446f-ad6f-925af3ef58e4,ALB-CN-1870-22362,isSameAs,ALB-CN-1880-597,1870,1880,70-80,0.802
d306e745-9e12-437b-82d3-07b22c144b57,ALB-CN-1870-22366,isSameAs,ALB-CN-1880-9884,1870,1880,70-80,0.909
98c111ba-1148-4309-85d0-56bda8fdf4f3,ALB-CN-1870-22399,isSameAs,ALB-CN-1880-26706,1870,1880,70-80,0.711
74034468-4b43-47de-bdc1-e64e658d0c34,ALB-CN-1870-22402,isSameAs,ALB-CN-1880-8551,1870,1880,70-80,0.87
64c35f90-4f8d-4a98-aabb-087e651a2bbc,ALB-CN-1870-22403,isSameAs,ALB-CN-1880-26709,1870,1880,70-80,0.622
c3698eb0-bcba-4cf0-881c-60fca2f04247,ALB-CN-1870-22404,isSameAs,ALB-CN-1880-26716,1870,1880,70-80,0.622
57bbc939-dade-4ef4-9892-5293f2ec7cbd,ALB-CN-1870-22405,isSameAs,ALB-CN-1880-26710,1870,1880,70-80,0.622
5a8b1a95-64f8-4902-8107-05a891b70531,ALB-CN-1870-22406,isSameAs,ALB-CN-1880-14888,1870,1880,70-80,0.711
307836da-7f98-45b9-be09-b84f81cae617,ALB-CN-1870-22412,isSameAs,ALB-CN-1880-30830,1870,1880,70-80,0.75
948d371b-a6c5-4996-9a15-f8cadfb730b6,ALB-CN-1870-22418,isSameAs,ALB-CN-1880-8533,1870,1880,70-80,0.87
cff6e5a6-ac01-45bb-991c-8187524fb8c0,ALB-CN-1870-22423,isSameAs,ALB-CN-1880-5450,1870,1880,70-80,0.825
60afc712-4b21-4484-ab47-0961ec195636,ALB-CN-1870-22427,isSameAs,ALB-CN-1880-8546,1870,1880,70-80,0.955
2436eb34-b74a-4ddd-b8f6-10b7242dbed5,ALB-CN-1870-22428,isSameAs,ALB-CN-1880-29600,1870,1880,70-80,0.87
d855409b-6fb0-4c9e-8d35-53156b45b68d,ALB-CN-1870-22429,isSameAs,ALB-CN-1880-14911,1870,1880,70-80,0.786
8f97dc08-0b9a-46bb-9dee-0e3f580d1436,ALB-CN-1870-22430,isSameAs,ALB-CN-1880-7365,1870,1880,70-80,0.87
1351536f-ec18-482e-b5fd-d26113f9fde5,ALB-CN-1870-22431,isSameAs,ALB-CN-1880-7366,1870,1880,70-80,0.909
5f297b80-f76f-4277-bb5b-c9aff3816372,ALB-CN-1870-22432,isSameAs,ALB-CN-1880-8401,1870,1880,70-80,0.786
a073a891-34a9-4cdb-8c0b-9423ef43e946,ALB-CN-1870-22433,isSameAs,ALB-CN-1880-8402,1870,1880,70-80,0.964
de101ea9-5851-48be-b286-5582f80606f3,ALB-CN-1870-22434,isSameAs,ALB-CN-1880-8403,1870,1880,70-80,0.971
c2bce6b0-e0fb-40ca-9757-0e1de175c693,ALB-CN-1870-22437,isSameAs,ALB-CN-1880-15270,1870,1880,70-80,0.769
4daffa0f-006d-4158-a911-f3f29c10cee5,ALB-CN-1870-22442,isSameAs,ALB-CN-1880-8363,1870,1880,70-80,0.721
fce511ac-3336-4d91-a7fb-444195f8635d,ALB-CN-1870-22443,isSameAs,ALB-CN-1880-8364,1870,1880,70-80,0.846
4dc5bb2f-cbcd-4706-8582-dfd1c05db957,ALB-CN-1870-22444,isSameAs,ALB-CN-1880-8463,1870,1880,70-80,0.966
de31b041-bf3e-4154-a397-5daf3da3d8f0,ALB-CN-1870-22447,isSameAs,ALB-CN-1880-8465,1870,1880,70-80,0.75
55f9bd49-b864-4969-bcfb-a21c46366c61,ALB-CN-1870-22449,isSameAs,ALB-CN-1880-8467,1870,1880,70-80,0.858
ae4308f9-7751-4e6b-bbd9-e317560ce4fe,ALB-CN-1870-22450,isSameAs,ALB-CN-1880-8469,1870,1880,70-80,0.622
1730ba7a-6b6e-4ffb-8f46-801cd62ff6f7,ALB-CN-1870-22451,isSameAs,ALB-CN-1880-8468,1870,1880,70-80,0.937
f5f2bf2e-bcce-4dd7-9a58-f4b19c146f28,ALB-CN-1870-22452,isSameAs,ALB-CN-1880-8482,1870,1880,70-80,0.875
6c68a222-99b1-409b-982f-d4c273256d19,ALB-CN-1870-22455,isSameAs,ALB-CN-1880-8485,1870,1880,70-80,0.98
6bce62b9-57c0-40bc-854c-8fef48bff8f5,ALB-CN-1870-22456,isSameAs,ALB-CN-1880-8486,1870,1880,70-80,0.971
ac3f72a9-f9b5-4760-8c86-4395dd444b7f,ALB-CN-1870-22459,isSameAs,ALB-CN-1880-8487,1870,1880,70-80,0.971
d7df8d76-528c-4228-977a-369d57ad9ea6,ALB-CN-1870-22460,isSameAs,ALB-CN-1880-8488,1870,1880,70-80,0.957
99af43c4-5297-4d47-9d93-bc0a05308ba0,ALB-CN-1870-22461,isSameAs,ALB-CN-1880-8489,1870,1880,70-80,0.957
2cba9653-a3bf-4b3c-87e2-4148b50cccdf,ALB-CN-1870-22463,isSameAs,ALB-CN-1880-8506,1870,1880,70-80,0.891
2f4b5820-c91f-4751-b2d7-18d4e154e05c,ALB-CN-1870-22471,isSameAs,ALB-CN-1880-8555,1870,1880,70-80,0.87
2a489bd4-7785-4985-93dd-21c63696cc95,ALB-CN-1870-22472,isSameAs,ALB-CN-1880-8556,1870,1880,70-80,0.971
e3075e72-2de2-4153-a93a-9c1252119de6,ALB-CN-1870-22476,isSameAs,ALB-CN-1880-8558,1870,1880,70-80,0.937
05b94270-8577-4473-bd8b-3abbba7d5fd1,ALB-CN-1870-22477,isSameAs,ALB-CN-1880-8557,1870,1880,70-80,0.668
e9764566-a25e-47de-a909-621984ed8984,ALB-CN-1870-22478,isSameAs,ALB-CN-1880-8559,1870,1880,70-80,0.75
9fe59fc8-5ba6-4acf-b8fd-0fc9cc565d26,ALB-CN-1870-22480,isSameAs,ALB-CN-1880-8569,1870,1880,70-80,0.802
de4ba2bd-467d-4e4b-8e78-051152051663,ALB-CN-1870-22481,isSameAs,ALB-CN-1880-15100,1870,1880,70-80,0.769
72671789-ff68-47d3-9b1d-6d23e92cf1a0,ALB-CN-1870-22482,isSameAs,ALB-CN-1880-15081,1870,1880,70-80,0.846
1f93eae7-2abf-4985-af57-6839212f4825,ALB-CN-1870-22483,isSameAs,ALB-CN-1880-8570,1870,1880,70-80,0.913
16f91898-58ec-46ec-8fa1-e1e4c630eed7,ALB-CN-1870-22484,isSameAs,ALB-CN-1880-6523,1870,1880,70-80,0.646
8e193b92-637a-4607-8c85-000032064c12,ALB-CN-1870-22490,isSameAs,ALB-CN-1880-10474,1870,1880,70-80,0.721
5da400c2-aab8-4d98-837b-6242d233877d,ALB-CN-1870-22495,isSameAs,ALB-CN-1880-8542,1870,1880,70-80,0.711
aed33287-0703-4f8b-beb4-4cf4a99afa17,ALB-CN-1870-22498,isSameAs,ALB-CN-1880-8536,1870,1880,70-80,0.668
58659f3f-a0b2-4985-804e-f471968c4d88,ALB-CN-1870-225,isSameAs,ALB-CN-1880-20195,1870,1880,70-80,0.668
cc8d0834-58b1-4c3c-b999-ac2b8d3201f1,ALB-CN-1870-22503,isSameAs,ALB-CN-1880-13494,1870,1880,70-80,0.76
d266ff75-5d68-43be-814b-7613304eac47,ALB-CN-1870-22506,isSameAs,ALB-CN-1880-991,1870,1880,70-80,0.731
5a261ac5-aea1-454c-b5d5-567be3477da5,ALB-CN-1870-22507,isSameAs,ALB-CN-1880-3905,1870,1880,70-80,0.711
69bfed0c-685a-4079-8d60-8c646f12968d,ALB-CN-1870-22508,isSameAs,ALB-CN-1880-10301,1870,1880,70-80,0.9
262be8a7-cf48-4716-a480-c2c51900f591,ALB-CN-1870-22510,isSameAs,ALB-CN-1880-10720,1870,1880,70-80,0.948
10c806fd-3d12-48cb-9576-74f7bfa64e86,ALB-CN-1870-22511,isSameAs,ALB-CN-1880-23380,1870,1880,70-80,0.973
75b2fa65-d89c-43bd-b2e4-ac2197b83380,ALB-CN-1870-22518,isSameAs,ALB-CN-1880-6863,1870,1880,70-80,0.76
7d7ddd39-569b-4221-b555-234f41a56d6d,ALB-CN-1870-22522,isSameAs,ALB-CN-1880-6865,1870,1880,70-80,0.943
01dfc7db-3fc0-4847-81b4-5a7337331c23,ALB-CN-1870-22524,isSameAs,ALB-CN-1880-6869,1870,1880,70-80,0.679
3c9cd2e0-fbfa-402c-9325-77c41a7bc87b,ALB-CN-1870-22526,isSameAs,ALB-CN-1880-6868,1870,1880,70-80,0.69
cf1b85d0-0fac-4f2d-8648-8ca2f5a07695,ALB-CN-1870-22527,isSameAs,ALB-CN-1880-25212,1870,1880,70-80,0.657
3a3633a8-505e-46e5-a666-1035c2bcbdee,ALB-CN-1870-22530,isSameAs,ALB-CN-1880-21163,1870,1880,70-80,0.701
d145f774-9f52-4be0-9fb5-75c5a053a323,ALB-CN-1870-22532,isSameAs,ALB-CN-1880-21164,1870,1880,70-80,0.924
e0ef6c63-e263-4473-ac47-394cf79ddfbb,ALB-CN-1870-22533,isSameAs,ALB-CN-1880-20462,1870,1880,70-80,0.75
d881cd8b-6ac2-4d42-ad82-8aff46261370,ALB-CN-1870-22536,isSameAs,ALB-CN-1880-29659,1870,1880,70-80,0.858
ef4231f0-2186-421a-a52e-c70b43a1cbe9,ALB-CN-1870-22539,isSameAs,ALB-CN-1880-1039,1870,1880,70-80,0.711
6cc8b28c-1409-431e-afee-69ed2dda00fe,ALB-CN-1870-22543,isSameAs,ALB-CN-1880-22483,1870,1880,70-80,0.75
6fc31923-a1fa-403a-b664-a04b3fe2a607,ALB-CN-1870-22545,isSameAs,ALB-CN-1880-7485,1870,1880,70-80,0.721
03ef19c7-6e2c-4564-87fb-831fa6c6538a,ALB-CN-1870-2256,isSameAs,ALB-CN-1880-19875,1870,1880,70-80,0.969
269f8145-59ee-4257-8120-8e485158a052,ALB-CN-1870-22560,isSameAs,ALB-CN-1880-6853,1870,1880,70-80,0.846
d6cee7cb-a5ec-42b4-838b-236c086967b8,ALB-CN-1870-2257,isSameAs,ALB-CN-1880-19876,1870,1880,70-80,0.955
f8186bb2-0de7-45ea-91b8-12033d21353d,ALB-CN-1870-22570,isSameAs,ALB-CN-1880-6698,1870,1880,70-80,0.69
870aa0c8-b865-4131-8e88-824d4563dbc2,ALB-CN-1870-22572,isSameAs,ALB-CN-1880-31877,1870,1880,70-80,0.622
fe101f01-3fe5-45ff-948a-b773846f02f5,ALB-CN-1870-22582,isSameAs,ALB-CN-1880-26181,1870,1880,70-80,0.721
0908f4f2-dde4-4560-878a-7784276b7f17,ALB-CN-1870-2265,isSameAs,ALB-CN-1880-17142,1870,1880,70-80,0.864
6c377315-22da-42a1-8241-804cbc7ce11f,ALB-CN-1870-2272,isSameAs,ALB-CN-1880-19915,1870,1880,70-80,0.909
fde97b01-46b6-4a9e-bb92-4482863c3720,ALB-CN-1870-2273,isSameAs,ALB-CN-1880-19846,1870,1880,70-80,0.846
dc22c82f-e806-4f40-84e8-4b269f02dd6e,ALB-CN-1870-2277,isSameAs,ALB-CN-1880-19932,1870,1880,70-80,0.989
eddbdc38-f806-4009-8429-96aa16c18d5f,ALB-CN-1870-2278,isSameAs,ALB-CN-1880-19933,1870,1880,70-80,0.966
47aaac9f-f09d-4689-8ee3-cb27aa84296a,ALB-CN-1870-2282,isSameAs,ALB-CN-1880-19934,1870,1880,70-80,0.984
b6f9a427-cb71-4e37-ba4e-474fbfb0f927,ALB-CN-1870-2283,isSameAs,ALB-CN-1880-19935,1870,1880,70-80,0.99
05359f94-9283-4305-aafa-3c8fac9607a1,ALB-CN-1870-2284,isSameAs,ALB-CN-1880-19936,1870,1880,70-80,0.989
71f3738d-6cb3-492b-917e-b3eb50f0892e,ALB-CN-1870-2285,isSameAs,ALB-CN-1880-19937,1870,1880,70-80,0.984
718c624b-4675-40a5-a41d-80251f4e43c0,ALB-CN-1870-2286,isSameAs,ALB-CN-1880-19938,1870,1880,70-80,0.99
b6ea8800-8e6f-431d-8df4-1b9ab0568dbd,ALB-CN-1870-2288,isSameAs,ALB-CN-1880-19719,1870,1880,70-80,0.917
11571f3c-9925-47cb-b857-cec3a374f9a1,ALB-CN-1870-2289,isSameAs,ALB-CN-1880-19720,1870,1880,70-80,0.937
19bd26e5-936d-4577-842c-99cae14cbd13,ALB-CN-1870-229,isSameAs,ALB-CN-1880-22043,1870,1880,70-80,0.721
62f91f55-803a-498a-8d8e-4eb1e4f9fcd4,ALB-CN-1870-2291,isSameAs,ALB-CN-1880-22171,1870,1880,70-80,0.896
3ff818e1-ee17-47cb-a638-5a852c8f732b,ALB-CN-1870-2292,isSameAs,ALB-CN-1880-22172,1870,1880,70-80,0.611
5efcec32-6ca5-424d-8ac0-e4cf9af6d5b2,ALB-CN-1870-2293,isSameAs,ALB-CN-1880-22173,1870,1880,70-80,0.924
afed04da-c50e-40f8-b3a0-a5d364b6a1ec,ALB-CN-1870-2294,isSameAs,ALB-CN-1880-22174,1870,1880,70-80,0.896
e8c6d0ee-901b-4354-8abc-e555272a37e3,ALB-CN-1870-2296,isSameAs,ALB-CN-1880-22177,1870,1880,70-80,0.986
efe8c5ab-c56c-419c-b4d5-64eff39aefd7,ALB-CN-1870-2297,isSameAs,ALB-CN-1880-16015,1870,1880,70-80,0.9
5db4cf9e-b6c8-4709-8804-021d92b38674,ALB-CN-1870-2302,isSameAs,ALB-CN-1880-19618,1870,1880,70-80,0.87
2344e50c-81da-41cf-927d-8025359843d0,ALB-CN-1870-2307,isSameAs,ALB-CN-1880-31848,1870,1880,70-80,0.634
18b9e59b-d91b-4ab9-91d7-fc43eee6c129,ALB-CN-1870-2308,isSameAs,ALB-CN-1880-19620,1870,1880,70-80,0.924
f550a245-400d-430d-8d6d-465fff79ce0b,ALB-CN-1870-2318,isSameAs,ALB-CN-1880-2864,1870,1880,70-80,0.909
af227a11-361f-4fe2-9dde-bca734e6cbab,ALB-CN-1870-2319,isSameAs,ALB-CN-1880-21340,1870,1880,70-80,0.786
ab7fa429-38ca-424d-a56c-8625dc5636ea,ALB-CN-1870-2320,isSameAs,ALB-CN-1880-21341,1870,1880,70-80,0.87
af270b00-137d-4c64-8536-7522fd263d3f,ALB-CN-1870-2321,isSameAs,ALB-CN-1880-19109,1870,1880,70-80,0.846
ed20091c-aeaf-4923-8aec-834f36c50370,ALB-CN-1870-2325,isSameAs,ALB-CN-1880-21053,1870,1880,70-80,0.769
bdba3385-f007-4af0-9487-ed83b38062c7,ALB-CN-1870-2336,isSameAs,ALB-CN-1880-19827,1870,1880,70-80,0.769
cd1ea9c9-69e6-4134-8697-f93d2e3efa88,ALB-CN-1870-2338,isSameAs,ALB-CN-1880-19829,1870,1880,70-80,0.985
a40b41b2-b81d-4a49-8507-c3f9c4906107,ALB-CN-1870-2340,isSameAs,ALB-CN-1880-19830,1870,1880,70-80,0.69
a63f83e7-fcb4-43ef-8789-0fdfa1a634c7,ALB-CN-1870-2341,isSameAs,ALB-CN-1880-19831,1870,1880,70-80,0.99
ec5972b7-440e-4c1c-9c6b-e050ac05e8b1,ALB-CN-1870-2343,isSameAs,ALB-CN-1880-19715,1870,1880,70-80,0.982
b2645a01-bafb-45dc-a34a-e9b7ead4576f,ALB-CN-1870-2344,isSameAs,ALB-CN-1880-19716,1870,1880,70-80,0.98
3861b036-c39c-45c5-b4f7-48f765e5d93c,ALB-CN-1870-2346,isSameAs,ALB-CN-1880-19717,1870,1880,70-80,0.81
ad3a3bc5-a80b-4c59-b83c-d5ff931e5bbc,ALB-CN-1870-2347,isSameAs,ALB-CN-1880-19718,1870,1880,70-80,0.818
189a4e57-4597-4d6c-81f3-2e58689cb07a,ALB-CN-1870-2348,isSameAs,ALB-CN-1880-19725,1870,1880,70-80,0.909
ffe4f2cd-31b4-42a1-bd28-3b6ce683dcaa,ALB-CN-1870-2349,isSameAs,ALB-CN-1880-19726,1870,1880,70-80,0.937
417eb20c-19bd-4302-8ede-812be3c0f70b,ALB-CN-1870-2362,isSameAs,ALB-CN-1880-19819,1870,1880,70-80,0.668
8c7d6a8b-63e5-436d-8ad9-2e04643598fd,ALB-CN-1870-2364,isSameAs,ALB-CN-1880-19544,1870,1880,70-80,0.886
299a9b6c-cc72-4811-a86e-c40a543ce080,ALB-CN-1870-2365,isSameAs,ALB-CN-1880-19545,1870,1880,70-80,0.886
06cb2af1-5fb9-455d-aceb-7e71cca27597,ALB-CN-1870-2367,isSameAs,ALB-CN-1880-19546,1870,1880,70-80,0.921
784c475b-a192-4e28-99e8-0f8a96fd72fc,ALB-CN-1870-2368,isSameAs,ALB-CN-1880-19547,1870,1880,70-80,0.886
d07db574-903f-4843-8c88-b80dc188169a,ALB-CN-1870-2369,isSameAs,ALB-CN-1880-19548,1870,1880,70-80,0.886
a3d30270-f146-44dc-af77-48c5215e5d00,ALB-CN-1870-2372,isSameAs,ALB-CN-1880-20413,1870,1880,70-80,0.985
ac5b7be1-9877-4bb6-8cf2-172ae4035253,ALB-CN-1870-2373,isSameAs,ALB-CN-1880-20414,1870,1880,70-80,0.945
0e7eb05a-a148-4970-bada-62ba99798843,ALB-CN-1870-2374,isSameAs,ALB-CN-1880-20415,1870,1880,70-80,0.976
37b13f65-a18b-4383-96cc-55f48838744d,ALB-CN-1870-2375,isSameAs,ALB-CN-1880-20416,1870,1880,70-80,0.964
10a898f0-d579-46c1-b8a4-6755699c8691,ALB-CN-1870-2377,isSameAs,ALB-CN-1880-19924,1870,1880,70-80,0.976
7525b00c-a6de-455c-bfb7-a959cadf0278,ALB-CN-1870-2378,isSameAs,ALB-CN-1880-19925,1870,1880,70-80,0.964
1263480d-e108-4782-a3be-b465a0f2ace7,ALB-CN-1870-2379,isSameAs,ALB-CN-1880-19926,1870,1880,70-80,0.769
1d0c8069-9cd8-4d23-9278-0c4d4e8255fd,ALB-CN-1870-2381,isSameAs,ALB-CN-1880-19927,1870,1880,70-80,0.976
3503b600-6157-4053-998b-de1a33ec318e,ALB-CN-1870-2382,isSameAs,ALB-CN-1880-19928,1870,1880,70-80,0.985
8c615863-a6ea-4038-a3d6-3c9ddef5daf4,ALB-CN-1870-2383,isSameAs,ALB-CN-1880-19929,1870,1880,70-80,0.985
b300552c-3f81-4978-8c2b-92fae7f4c5f4,ALB-CN-1870-2385,isSameAs,ALB-CN-1880-9997,1870,1880,70-80,0.864
f26d204b-0418-4270-acfd-3cb3b1a5b1fd,ALB-CN-1870-2396,isSameAs,ALB-CN-1880-19663,1870,1880,70-80,0.957
dbe3c9b9-8356-4ee4-b7d4-2bc6b985dc63,ALB-CN-1870-2399,isSameAs,ALB-CN-1880-20305,1870,1880,70-80,0.948
b7c9e689-4e2d-4301-bd31-32e4dfbcb53e,ALB-CN-1870-24,isSameAs,ALB-CN-1880-22085,1870,1880,70-80,0.909
67649e5b-d8db-46b7-80ab-a3258f20a329,ALB-CN-1870-240,isSameAs,ALB-CN-1880-16222,1870,1880,70-80,0.711
c763f6c7-48e8-42fa-b064-de0a3d9ba145,ALB-CN-1870-2400,isSameAs,ALB-CN-1880-20306,1870,1880,70-80,0.852
79c159b8-5318-49d4-a8e8-58e5d6b47879,ALB-CN-1870-2403,isSameAs,ALB-CN-1880-31601,1870,1880,70-80,0.646
e340c49d-6ee7-4bc0-9a24-43c2c2172653,ALB-CN-1870-2408,isSameAs,ALB-CN-1880-20152,1870,1880,70-80,0.961
8848e60f-2ba4-46c2-ad4c-f975152bef3d,ALB-CN-1870-2409,isSameAs,ALB-CN-1880-19732,1870,1880,70-80,0.846
4af56094-c393-4e11-b524-dbd1d518facb,ALB-CN-1870-2410,isSameAs,ALB-CN-1880-20153,1870,1880,70-80,0.943
60670607-1b1e-44d3-b8df-cc38f90d165a,ALB-CN-1870-2411,isSameAs,ALB-CN-1880-20154,1870,1880,70-80,0.825
5653c156-0030-404f-b997-78858229b140,ALB-CN-1870-2412,isSameAs,ALB-CN-1880-20155,1870,1880,70-80,0.909
419e4507-cbed-4ecb-b557-b38d49f0cb30,ALB-CN-1870-242,isSameAs,ALB-CN-1880-25919,1870,1880,70-80,0.731
1aee81ed-3328-49a2-bc9d-6f7ba6764da1,ALB-CN-1870-2420,isSameAs,ALB-CN-1880-20438,1870,1880,70-80,0.711
454841b7-1e7f-4ae2-853b-7971a05354e8,ALB-CN-1870-2421,isSameAs,ALB-CN-1880-19948,1870,1880,70-80,0.909
a4e4ec66-a35c-4116-b169-18a9d8fb587e,ALB-CN-1870-2422,isSameAs,ALB-CN-1880-19949,1870,1880,70-80,0.721
cd1e2935-ae19-4638-845c-b532e8dda4af,ALB-CN-1870-2423,isSameAs,ALB-CN-1880-18395,1870,1880,70-80,0.87
e14a6934-189f-4a9e-a83d-92f5c94921c6,ALB-CN-1870-2427,isSameAs,ALB-CN-1880-20422,1870,1880,70-80,0.87
9cadfc77-2afe-4f03-a5ef-1193f4561e54,ALB-CN-1870-2431,isSameAs,ALB-CN-1880-21656,1870,1880,70-80,0.968
b836c24a-dd76-4813-94b8-cd1a5d35975b,ALB-CN-1870-2432,isSameAs,ALB-CN-1880-21657,1870,1880,70-80,0.943
1de63433-e82b-4f02-b670-52f786f08728,ALB-CN-1870-2433,isSameAs,ALB-CN-1880-21658,1870,1880,70-80,0.968
d41e5aa3-a049-4b73-a0b4-1471c53bde3a,ALB-CN-1870-2436,isSameAs,ALB-CN-1880-22330,1870,1880,70-80,0.976
1b3c9bda-86f5-4e5a-8ad1-8ef7fcae5688,ALB-CN-1870-2437,isSameAs,ALB-CN-1880-20812,1870,1880,70-80,0.9
b28a5aae-af3c-4ff8-9a83-3271a044dbe7,ALB-CN-1870-2439,isSameAs,ALB-CN-1880-22332,1870,1880,70-80,0.989
30389eb9-bbd8-4b39-a4bb-6ef1d3bf225d,ALB-CN-1870-244,isSameAs,ALB-CN-1880-9781,1870,1880,70-80,0.794
6f92300f-8d82-4fee-8065-3b17d6a5cb0f,ALB-CN-1870-2440,isSameAs,ALB-CN-1880-22333,1870,1880,70-80,0.984
9835860c-dfb4-4e7c-83d1-273f278945c5,ALB-CN-1870-2441,isSameAs,ALB-CN-1880-22334,1870,1880,70-80,0.99
f661c4a9-c1a9-4a8d-ba02-766d2a7f802f,ALB-CN-1870-2442,isSameAs,ALB-CN-1880-22335,1870,1880,70-80,0.961
21f247ad-d5af-4f67-92b7-b09b59b66b44,ALB-CN-1870-2446,isSameAs,ALB-CN-1880-22490,1870,1880,70-80,0.802
cac63bde-7f1f-40fc-9c8a-c497222e860c,ALB-CN-1870-2448,isSameAs,ALB-CN-1880-21727,1870,1880,70-80,0.786
a1a32f94-29b8-4d67-8c4f-544917d20da5,ALB-CN-1870-245,isSameAs,ALB-CN-1880-20160,1870,1880,70-80,0.846
ab4a8884-8a0d-4473-9f91-2b5dabd6c743,ALB-CN-1870-2457,isSameAs,ALB-CN-1880-20175,1870,1880,70-80,0.786
570458af-e8af-45cd-b0b1-ced2410af5f5,ALB-CN-1870-246,isSameAs,ALB-CN-1880-9959,1870,1880,70-80,0.75
8cfa6254-1668-444d-b05f-fbe0f537fecc,ALB-CN-1870-2460,isSameAs,ALB-CN-1880-22430,1870,1880,70-80,0.917
7ef5686a-2972-4279-9873-8be3fc19e5c2,ALB-CN-1870-2463,isSameAs,ALB-CN-1880-22431,1870,1880,70-80,0.924
1399c9d2-c472-464c-9810-d06143e1f9a1,ALB-CN-1870-2464,isSameAs,ALB-CN-1880-22432,1870,1880,70-80,0.917
dea25a88-9ffc-44ed-878d-5ba7aef9da0b,ALB-CN-1870-2465,isSameAs,ALB-CN-1880-22433,1870,1880,70-80,0.948
92100655-ffdd-4e94-8679-f71346140004,ALB-CN-1870-2466,isSameAs,ALB-CN-1880-22453,1870,1880,70-80,0.924
d5229038-dda9-434e-a5c6-00f953f1aa0b,ALB-CN-1870-2469,isSameAs,ALB-CN-1880-21381,1870,1880,70-80,0.909
01bc789d-6a48-4be1-9f2a-d66fe0dc1c58,ALB-CN-1870-247,isSameAs,ALB-CN-1880-23313,1870,1880,70-80,0.891
8c8df4eb-8ae0-4258-9ae3-99655bd1a61f,ALB-CN-1870-2470,isSameAs,ALB-CN-1880-21382,1870,1880,70-80,0.964
c9b852f1-5f7a-4b8a-b4ae-7859f7e62890,ALB-CN-1870-2471,isSameAs,ALB-CN-1880-21383,1870,1880,70-80,0.87
a637e080-026a-4425-90a7-41d8e38d5f18,ALB-CN-1870-2479,isSameAs,ALB-CN-1880-22415,1870,1880,70-80,0.87
b03e4837-04a2-4735-a114-991a03aac5e7,ALB-CN-1870-248,isSameAs,ALB-CN-1880-22018,1870,1880,70-80,0.948
212a3f80-d5e9-42a5-b900-c30d8edc7b49,ALB-CN-1870-2482,isSameAs,ALB-CN-1880-22343,1870,1880,70-80,0.957
b1a1922a-2f33-4fc0-b1bf-f161e54ed273,ALB-CN-1870-2483,isSameAs,ALB-CN-1880-22344,1870,1880,70-80,0.909
445cecb9-d50e-4e7e-8020-f32e8e3442a2,ALB-CN-1870-2484,isSameAs,ALB-CN-1880-22345,1870,1880,70-80,0.986
a803c8f1-8a24-4ca3-9f4c-6b8521adb890,ALB-CN-1870-2495,isSameAs,ALB-CN-1880-21641,1870,1880,70-80,0.76
99a276cb-c657-412d-8fbc-276e0dc847a9,ALB-CN-1870-250,isSameAs,ALB-CN-1880-18804,1870,1880,70-80,0.646
89b85a12-6439-4130-9779-847a6bbc5560,ALB-CN-1870-2502,isSameAs,ALB-CN-1880-21363,1870,1880,70-80,0.846
82f0b6bc-5370-4860-9ef0-69707ba37b9b,ALB-CN-1870-2504,isSameAs,ALB-CN-1880-24031,1870,1880,70-80,0.679
63b1fa0d-0d6a-4f46-a5b4-fd191ff378d4,ALB-CN-1870-2505,isSameAs,ALB-CN-1880-14962,1870,1880,70-80,0.622
74ec30aa-0282-4f5d-9a76-f98112fef314,ALB-CN-1870-2507,isSameAs,ALB-CN-1880-21453,1870,1880,70-80,0.832
802ce269-9aab-4b5b-a6f9-59a119c405f2,ALB-CN-1870-251,isSameAs,ALB-CN-1880-22022,1870,1880,70-80,0.948
9a86e373-9cd8-4901-9d6e-51dcd1c6b3b0,ALB-CN-1870-2510,isSameAs,ALB-CN-1880-21449,1870,1880,70-80,0.964
1432878b-5bb6-41a1-be44-a0803a73158c,ALB-CN-1870-2513,isSameAs,ALB-CN-1880-8273,1870,1880,70-80,0.786
b4b808ef-271c-48b9-bd4d-3ad0477e80d1,ALB-CN-1870-2518,isSameAs,ALB-CN-1880-2694,1870,1880,70-80,0.69
9be69902-4afb-44d6-ab09-9c69b806daf5,ALB-CN-1870-252,isSameAs,ALB-CN-1880-16022,1870,1880,70-80,0.881
fe8714ce-c4de-473e-8cbe-31856a4d84b5,ALB-CN-1870-2524,isSameAs,ALB-CN-1880-21411,1870,1880,70-80,0.891
fbe940c7-8967-421f-9197-f4587c96f58d,ALB-CN-1870-2525,isSameAs,ALB-CN-1880-21412,1870,1880,70-80,0.909
7682a344-2ea7-4c3c-87d2-ddda87c1ea10,ALB-CN-1870-2526,isSameAs,ALB-CN-1880-21413,1870,1880,70-80,0.852
4738d7a7-653d-4ba4-9fae-83c90f896def,ALB-CN-1870-253,isSameAs,ALB-CN-1880-22017,1870,1880,70-80,0.924
1dbc8ea9-1c5c-47a9-afe9-8c49390aea19,ALB-CN-1870-2533,isSameAs,ALB-CN-1880-21017,1870,1880,70-80,0.75
d8181a31-d698-4c5f-b4a3-638c032e8f92,ALB-CN-1870-2534,isSameAs,ALB-CN-1880-21024,1870,1880,70-80,0.864
718f680c-7fde-4076-bdd1-5bc7a1205424,ALB-CN-1870-254,isSameAs,ALB-CN-1880-22021,1870,1880,70-80,0.924
ee29c8e1-e6f7-4c0d-b61a-2a5188c9d0be,ALB-CN-1870-2541,isSameAs,ALB-CN-1880-21326,1870,1880,70-80,0.937
27f73e95-0763-4448-89f1-8624fb5929e8,ALB-CN-1870-2543,isSameAs,ALB-CN-1880-21359,1870,1880,70-80,0.909
4bb76b6d-fd2f-4e7e-a04b-7ad9257b5aab,ALB-CN-1870-2548,isSameAs,ALB-CN-1880-21361,1870,1880,70-80,0.846
da9bc3e1-3dad-4f3d-b997-6ba2f89c4eba,ALB-CN-1870-2550,isSameAs,ALB-CN-1880-21347,1870,1880,70-80,0.794
a484ccd4-6278-441e-a682-c67c4d221825,ALB-CN-1870-2559,isSameAs,ALB-CN-1880-22393,1870,1880,70-80,0.909
6609b761-bb34-45d3-a31e-360a7b4aab9c,ALB-CN-1870-2562,isSameAs,ALB-CN-1880-22399,1870,1880,70-80,0.937
f607402e-9bd1-4867-88b4-1d24e3ceafd2,ALB-CN-1870-2564,isSameAs,ALB-CN-1880-21927,1870,1880,70-80,0.646
9a3cd999-68f6-4629-8320-26496cf028e5,ALB-CN-1870-2565,isSameAs,ALB-CN-1880-19710,1870,1880,70-80,0.711
615c31c0-9858-4380-b8d1-14933f9db42a,ALB-CN-1870-2566,isSameAs,ALB-CN-1880-19711,1870,1880,70-80,0.943
ac3ca6fc-7b32-485a-8bc9-7e43b72b5f47,ALB-CN-1870-2567,isSameAs,ALB-CN-1880-19712,1870,1880,70-80,0.989
05c1850e-b3cb-48d1-ad8c-59f826003e5d,ALB-CN-1870-2568,isSameAs,ALB-CN-1880-19713,1870,1880,70-80,0.98
b502d026-4c20-4622-8e8f-c23373d758a7,ALB-CN-1870-257,isSameAs,ALB-CN-1880-17035,1870,1880,70-80,0.794
b9ea5bc2-7261-4c48-97b9-a6b0b31f6484,ALB-CN-1870-2570,isSameAs,ALB-CN-1880-21375,1870,1880,70-80,0.76
4c7377a7-dd41-476a-b574-cc475d3ac7b6,ALB-CN-1870-2573,isSameAs,ALB-CN-1880-21376,1870,1880,70-80,0.909
82fa1941-f5c3-4d40-a706-b499ce27e0a3,ALB-CN-1870-2574,isSameAs,ALB-CN-1880-21377,1870,1880,70-80,0.87
adbac5ea-cc78-4621-9408-2adfa1eeca54,ALB-CN-1870-2576,isSameAs,ALB-CN-1880-21319,1870,1880,70-80,0.76
d2617a9e-e05f-4ca9-9ed3-09d399c103a4,ALB-CN-1870-2577,isSameAs,ALB-CN-1880-21320,1870,1880,70-80,0.909
cf37ee4d-c68a-4a1c-9323-aaece10c5368,ALB-CN-1870-2578,isSameAs,ALB-CN-1880-20990,1870,1880,70-80,0.711
c17fb6e9-81da-49e8-bef0-a1fe4dbc8228,ALB-CN-1870-258,isSameAs,ALB-CN-1880-17034,1870,1880,70-80,0.846
8af9cde9-7cd1-4ede-b23e-5e4e6b3d0c75,ALB-CN-1870-2580,isSameAs,ALB-CN-1880-20992,1870,1880,70-80,0.875
0ace1e02-68a1-45fd-8438-700b427ff28a,ALB-CN-1870-2585,isSameAs,ALB-CN-1880-22400,1870,1880,70-80,0.957
82687a98-8e3e-436d-890e-24698c50936e,ALB-CN-1870-2590,isSameAs,ALB-CN-1880-22402,1870,1880,70-80,0.957
3137e837-2f47-40ce-a5c0-e7b3a373839c,ALB-CN-1870-2591,isSameAs,ALB-CN-1880-22405,1870,1880,70-80,0.957
ca0cc5ac-35aa-4e20-a870-7bb7cbe2499c,ALB-CN-1870-2593,isSameAs,ALB-CN-1880-22403,1870,1880,70-80,0.99
0a577f77-03a4-499e-a8bb-e23b397b1656,ALB-CN-1870-2594,isSameAs,ALB-CN-1880-22404,1870,1880,70-80,0.937
93aca307-d478-4373-8575-4f6b9c1b7690,ALB-CN-1870-2597,isSameAs,ALB-CN-1880-19916,1870,1880,70-80,0.909
a387ff56-ffb8-4906-8509-1d6d68d33ab1,ALB-CN-1870-2598,isSameAs,ALB-CN-1880-19908,1870,1880,70-80,0.75
9f0fb6f6-d5b2-4f59-8a6e-9e9a29158c2c,ALB-CN-1870-2599,isSameAs,ALB-CN-1880-19917,1870,1880,70-80,0.711
bbb1c1dd-ddae-475c-9c55-57c840e02c50,ALB-CN-1870-2601,isSameAs,ALB-CN-1880-19848,1870,1880,70-80,0.846
cccee2d4-0a4b-4b64-bc44-6d05099898c5,ALB-CN-1870-2602,isSameAs,ALB-CN-1880-19918,1870,1880,70-80,0.622
ab3ffe10-b954-4d4a-b5dd-d167eebd6d45,ALB-CN-1870-2608,isSameAs,ALB-CN-1880-21068,1870,1880,70-80,0.75
5e808dd4-59df-467f-8a20-879041868b9e,ALB-CN-1870-2609,isSameAs,ALB-CN-1880-21069,1870,1880,70-80,0.711
38db5005-c61b-482f-9f56-b04dea16c96a,ALB-CN-1870-2610,isSameAs,ALB-CN-1880-12872,1870,1880,70-80,0.832
23701aaf-dd36-4733-a906-e880f4be502b,ALB-CN-1870-2611,isSameAs,ALB-CN-1880-12873,1870,1880,70-80,0.69
4e8e901b-90e1-45bb-9795-9cd91eac8ad0,ALB-CN-1870-2615,isSameAs,ALB-CN-1880-19919,1870,1880,70-80,0.971
33bf9fa9-79f0-4d0c-90d6-578e7093c8fc,ALB-CN-1870-2617,isSameAs,ALB-CN-1880-11645,1870,1880,70-80,0.711
c34a3128-ba23-4ae0-a7ce-009acebb4515,ALB-CN-1870-2618,isSameAs,ALB-CN-1880-4992,1870,1880,70-80,0.931
32b73623-6abd-45fc-902a-c2055edd7ca1,ALB-CN-1870-2619,isSameAs,ALB-CN-1880-6155,1870,1880,70-80,0.76
3db2a5f2-169a-407e-b56f-f68e3813e809,ALB-CN-1870-2620,isSameAs,ALB-CN-1880-21029,1870,1880,70-80,0.622
a47aa4f2-22f2-4a98-a02b-3add4186b9b2,ALB-CN-1870-2621,isSameAs,ALB-CN-1880-11648,1870,1880,70-80,0.971
ae27774d-d418-46c9-a3fe-3d9da2cafef0,ALB-CN-1870-2622,isSameAs,ALB-CN-1880-21030,1870,1880,70-80,0.971
8f73c35e-40ac-4f08-a45c-784270048301,ALB-CN-1870-2623,isSameAs,ALB-CN-1880-9785,1870,1880,70-80,0.971
fb0bb75c-282d-4b12-a6fd-fe551d680bbf,ALB-CN-1870-2624,isSameAs,ALB-CN-1880-9783,1870,1880,70-80,0.711
8ab8943e-03c7-421c-a5dc-5d316009414c,ALB-CN-1870-2631,isSameAs,ALB-CN-1880-24282,1870,1880,70-80,0.802
43743a47-1659-4818-a9a8-ca3e4ce0cdd4,ALB-CN-1870-2633,isSameAs,ALB-CN-1880-14667,1870,1880,70-80,0.786
b51a424a-aa38-471c-87a5-0d02ffff541c,ALB-CN-1870-264,isSameAs,ALB-CN-1880-16887,1870,1880,70-80,0.668
ed686a06-80ed-4fb4-bc90-371a7646adaa,ALB-CN-1870-2641,isSameAs,ALB-CN-1880-21330,1870,1880,70-80,0.98
74d636c8-bd72-41ba-888e-7c54af559cb8,ALB-CN-1870-2642,isSameAs,ALB-CN-1880-21331,1870,1880,70-80,0.818
e7f26cff-22ff-49f7-8718-2f04c1a79c06,ALB-CN-1870-2643,isSameAs,ALB-CN-1880-21332,1870,1880,70-80,0.971
e80df517-976f-4006-bec0-cbacd48687e6,ALB-CN-1870-2644,isSameAs,ALB-CN-1880-21333,1870,1880,70-80,0.75
cfece2da-019a-4ac1-9e13-121d15fec616,ALB-CN-1870-2645,isSameAs,ALB-CN-1880-21334,1870,1880,70-80,0.971
b54bc44f-1338-4e46-a994-549dcd58d400,ALB-CN-1870-2649,isSameAs,ALB-CN-1880-22423,1870,1880,70-80,0.989
65bd5392-1900-4c90-b870-cd627a9698d5,ALB-CN-1870-2650,isSameAs,ALB-CN-1880-22424,1870,1880,70-80,0.989
8f5220f1-a71f-489f-8f7d-0cfe295178ca,ALB-CN-1870-2651,isSameAs,ALB-CN-1880-22425,1870,1880,70-80,0.976
319c604b-820d-4a08-847e-664e0199d90e,ALB-CN-1870-2652,isSameAs,ALB-CN-1880-22426,1870,1880,70-80,0.984
64cd851d-5aab-459f-924e-1d3a8d92c930,ALB-CN-1870-2653,isSameAs,ALB-CN-1880-22427,1870,1880,70-80,0.989
3e001f1d-f81d-4e6e-9f4e-12fc2c8d02d8,ALB-CN-1870-2669,isSameAs,ALB-CN-1880-19950,1870,1880,70-80,0.989
90edc137-8339-4b06-b725-4039ed2c1ca8,ALB-CN-1870-2670,isSameAs,ALB-CN-1880-19951,1870,1880,70-80,0.957
f4dfe082-6ca9-47e2-928b-51efa924dab9,ALB-CN-1870-2671,isSameAs,ALB-CN-1880-19952,1870,1880,70-80,0.977
095a1cfb-781c-4b60-b66d-32f1eedaf4fc,ALB-CN-1870-2673,isSameAs,ALB-CN-1880-27839,1870,1880,70-80,0.846
a8059973-f0e0-42ea-8417-de55801ac1c7,ALB-CN-1870-2674,isSameAs,ALB-CN-1880-19954,1870,1880,70-80,0.982
0105315c-484e-4592-88ca-fe01c7605621,ALB-CN-1870-2678,isSameAs,ALB-CN-1880-21257,1870,1880,70-80,0.769
ede6883d-4efd-4a6f-8ee7-28ce0d83920c,ALB-CN-1870-2680,isSameAs,ALB-CN-1880-21259,1870,1880,70-80,0.971
03f1b016-c0a5-476e-a2e8-712799b58a42,ALB-CN-1870-2682,isSameAs,ALB-CN-1880-23938,1870,1880,70-80,0.634
87e5d437-d004-476f-aa9c-bf23db84d235,ALB-CN-1870-2691,isSameAs,ALB-CN-1880-11376,1870,1880,70-80,0.622
7c9406b9-fda4-48b2-a950-ce5c9f2a8e66,ALB-CN-1870-2695,isSameAs,ALB-CN-1880-16223,1870,1880,70-80,0.909
6d6a7a7f-d187-453b-a84d-a3ba16eafc73,ALB-CN-1870-2699,isSameAs,ALB-CN-1880-16225,1870,1880,70-80,0.9
6cfa84cf-51fa-4de8-b8e8-c55feb3643ce,ALB-CN-1870-2707,isSameAs,ALB-CN-1880-19750,1870,1880,70-80,0.75
e1c7b3cc-7f2c-4807-9271-17f02b16f707,ALB-CN-1870-2708,isSameAs,ALB-CN-1880-19751,1870,1880,70-80,0.989
a3b71968-6a97-435a-b909-e58f627eec41,ALB-CN-1870-2711,isSameAs,ALB-CN-1880-542,1870,1880,70-80,0.802
ae5c6b8e-399d-4a07-ab8a-0df3ab1942f3,ALB-CN-1870-2712,isSameAs,ALB-CN-1880-19752,1870,1880,70-80,0.989
27f0fa0f-f46a-4328-ad41-ad53c5e96240,ALB-CN-1870-2713,isSameAs,ALB-CN-1880-19753,1870,1880,70-80,0.961
b4eaad2d-c48f-4f44-8d6b-01519f76cf5e,ALB-CN-1870-2714,isSameAs,ALB-CN-1880-19754,1870,1880,70-80,0.989
aebf4335-6882-4765-9a36-b95aab236ed2,ALB-CN-1870-2718,isSameAs,ALB-CN-1880-19639,1870,1880,70-80,0.937
cb96a8a7-f6be-443b-875b-eb74045d836b,ALB-CN-1870-2721,isSameAs,ALB-CN-1880-31006,1870,1880,70-80,0.75
d3024530-ae5f-4539-8f4f-75547f65e81d,ALB-CN-1870-273,isSameAs,ALB-CN-1880-12421,1870,1880,70-80,0.794
2c47a99a-b3e6-49cb-a20e-734340e1ef81,ALB-CN-1870-2732,isSameAs,ALB-CN-1880-21011,1870,1880,70-80,0.721
51674876-03f8-4282-8ef1-e31d240eabe5,ALB-CN-1870-2735,isSameAs,ALB-CN-1880-21007,1870,1880,70-80,0.931
820934ce-07e8-426d-9c0a-2d62a2fc30fc,ALB-CN-1870-2736,isSameAs,ALB-CN-1880-16012,1870,1880,70-80,0.711
0140a45a-17cf-4615-87b6-441d0b327e2b,ALB-CN-1870-2737,isSameAs,ALB-CN-1880-21009,1870,1880,70-80,0.943
100ae013-a29d-4adb-9056-92c1d8abda13,ALB-CN-1870-2738,isSameAs,ALB-CN-1880-15484,1870,1880,70-80,0.701
2b4b80b4-e55e-4a5f-8161-fe0fbd91af6e,ALB-CN-1870-274,isSameAs,ALB-CN-1880-29873,1870,1880,70-80,0.818
bf0384aa-e358-4a32-b5a3-5dd32064f1fd,ALB-CN-1870-2744,isSameAs,ALB-CN-1880-20137,1870,1880,70-80,0.852
dadab699-7154-45ec-a2ba-3018b2a8ef27,ALB-CN-1870-2745,isSameAs,ALB-CN-1880-20138,1870,1880,70-80,0.679
8ad17d90-0ca9-4b0d-85b8-956ea1036263,ALB-CN-1870-2746,isSameAs,ALB-CN-1880-20139,1870,1880,70-80,0.948
1a3c971d-3a59-445d-b515-c72c966c585d,ALB-CN-1870-2747,isSameAs,ALB-CN-1880-20140,1870,1880,70-80,0.957
0eeb46df-3652-4119-9adf-9908ec2b30fa,ALB-CN-1870-275,isSameAs,ALB-CN-1880-30183,1870,1880,70-80,0.76
37dd8114-ce8d-4fdf-bea9-d53523372190,ALB-CN-1870-2751,isSameAs,ALB-CN-1880-21279,1870,1880,70-80,0.668
41a58665-4b71-4ec4-a1cf-a345cf89e084,ALB-CN-1870-2754,isSameAs,ALB-CN-1880-20605,1870,1880,70-80,0.76
e22f9c9e-9359-4415-88ec-82e71fc41468,ALB-CN-1870-2755,isSameAs,ALB-CN-1880-21290,1870,1880,70-80,0.968
b53716f7-4ad0-4dd8-9052-64574df079c7,ALB-CN-1870-2756,isSameAs,ALB-CN-1880-21291,1870,1880,70-80,0.931
8be84e12-6d8a-47f4-8969-ea5bc95775a9,ALB-CN-1870-2757,isSameAs,ALB-CN-1880-27931,1870,1880,70-80,0.711
15b5c160-646f-4986-9208-5697f71ddcc9,ALB-CN-1870-2758,isSameAs,ALB-CN-1880-21292,1870,1880,70-80,0.971
e07a3a28-21bb-4b59-80b0-d4d650cd90bd,ALB-CN-1870-2759,isSameAs,ALB-CN-1880-21293,1870,1880,70-80,0.968
74abd289-a498-469e-95d1-1d0b997273b5,ALB-CN-1870-2760,isSameAs,ALB-CN-1880-21294,1870,1880,70-80,0.971
cdb610b2-24f1-438b-a83a-6a2c2e6d2ef1,ALB-CN-1870-2761,isSameAs,ALB-CN-1880-21295,1870,1880,70-80,0.971
44f67edd-2e35-44c9-878e-a98242772db1,ALB-CN-1870-2762,isSameAs,ALB-CN-1880-21296,1870,1880,70-80,0.622
40547e09-d27b-4a0c-af37-a5e498bdf5d1,ALB-CN-1870-2763,isSameAs,ALB-CN-1880-21297,1870,1880,70-80,0.98
43edc12f-57be-4c6c-9512-8cae7cfac258,ALB-CN-1870-2768,isSameAs,ALB-CN-1880-19693,1870,1880,70-80,0.971
603515a1-be20-495c-b8bb-aa106ddc5e91,ALB-CN-1870-2769,isSameAs,ALB-CN-1880-19694,1870,1880,70-80,0.971
496eddc6-3a09-4e0b-a21e-aab6d10e19a2,ALB-CN-1870-277,isSameAs,ALB-CN-1880-14192,1870,1880,70-80,0.891
446cb901-7263-4291-b275-a68829dbd012,ALB-CN-1870-2770,isSameAs,ALB-CN-1880-19695,1870,1880,70-80,0.94
587b629e-249b-490d-93bd-60e04b668913,ALB-CN-1870-2771,isSameAs,ALB-CN-1880-19696,1870,1880,70-80,0.957
a9971631-6880-4095-8fc8-4b9be642226b,ALB-CN-1870-2772,isSameAs,ALB-CN-1880-518,1870,1880,70-80,0.622
15ec16c2-b29d-4def-9f09-c0093fadaff2,ALB-CN-1870-2776,isSameAs,ALB-CN-1880-20665,1870,1880,70-80,0.948
6f41c6e9-e3a4-4d2d-a360-3edcf8259cf5,ALB-CN-1870-2777,isSameAs,ALB-CN-1880-20666,1870,1880,70-80,0.928
e922d59b-4308-476c-9090-0b772af8d04d,ALB-CN-1870-2779,isSameAs,ALB-CN-1880-20671,1870,1880,70-80,0.943
41df3cdf-a0f6-419a-bbff-96512630aece,ALB-CN-1870-278,isSameAs,ALB-CN-1880-12033,1870,1880,70-80,0.881
3ccb7b9a-9268-498a-bb2c-6be27b35cd86,ALB-CN-1870-2781,isSameAs,ALB-CN-1880-18595,1870,1880,70-80,0.634
246fee0b-dead-42d1-b2e8-b3e199559449,ALB-CN-1870-2782,isSameAs,ALB-CN-1880-20372,1870,1880,70-80,0.622
3b7da9e5-e5cb-466d-ace5-195c44d697aa,ALB-CN-1870-2783,isSameAs,ALB-CN-1880-21892,1870,1880,70-80,0.964
2a60e48c-d6cb-4cc4-8f9c-40bab9cd14fc,ALB-CN-1870-2784,isSameAs,ALB-CN-1880-7300,1870,1880,70-80,0.76
aace9d2f-6319-4387-8460-600953cea66f,ALB-CN-1870-2789,isSameAs,ALB-CN-1880-22049,1870,1880,70-80,0.711
21d15190-ad5e-41a1-9045-766b9ea03bb5,ALB-CN-1870-2790,isSameAs,ALB-CN-1880-22050,1870,1880,70-80,0.786
f5fdd0b9-b037-42aa-b81a-35b186b6fed1,ALB-CN-1870-2791,isSameAs,ALB-CN-1880-20679,1870,1880,70-80,0.948
eb7f463e-8263-4f0c-8104-ee12c24163ef,ALB-CN-1870-2792,isSameAs,ALB-CN-1880-15529,1870,1880,70-80,0.769
2d58ec43-f0ad-48d9-98a8-40d042225d1c,ALB-CN-1870-2793,isSameAs,ALB-CN-1880-531,1870,1880,70-80,0.769
b26bd462-74b4-4a66-a939-4ed5a3936ae7,ALB-CN-1870-2794,isSameAs,ALB-CN-1880-533,1870,1880,70-80,0.769
f4804418-3ca9-483a-8988-d8b9b6a607b2,ALB-CN-1870-2795,isSameAs,ALB-CN-1880-15531,1870,1880,70-80,0.917
136b0fb6-c901-4141-a0c9-422a1c963880,ALB-CN-1870-2796,isSameAs,ALB-CN-1880-2514,1870,1880,70-80,0.896
69ad0389-604d-44f7-a8f7-db5e7de09627,ALB-CN-1870-2803,isSameAs,ALB-CN-1880-20926,1870,1880,70-80,0.818
6e0535ab-16b3-42bf-a977-42a37068762c,ALB-CN-1870-2808,isSameAs,ALB-CN-1880-23179,1870,1880,70-80,0.721
476f6a14-051f-40b1-9cd2-a33b7ac15121,ALB-CN-1870-2810,isSameAs,ALB-CN-1880-20232,1870,1880,70-80,0.948
8118a122-9cbf-4d7d-9480-445a6ad77646,ALB-CN-1870-2813,isSameAs,ALB-CN-1880-20234,1870,1880,70-80,0.924
63d14e56-250e-4392-adca-9f8d736c08ba,ALB-CN-1870-2814,isSameAs,ALB-CN-1880-20235,1870,1880,70-80,0.948
11e399d1-36cc-4226-be4e-deea458d7b9d,ALB-CN-1870-2816,isSameAs,ALB-CN-1880-20237,1870,1880,70-80,0.891
a8a7792e-6913-40fb-8248-2b6aa3cb4a22,ALB-CN-1870-2820,isSameAs,ALB-CN-1880-24026,1870,1880,70-80,0.891
0b83740a-bcdb-4df1-8d72-10d54c3cfe6a,ALB-CN-1870-2823,isSameAs,ALB-CN-1880-22308,1870,1880,70-80,0.891
018cb76d-208f-453c-ab9f-59cd8d9145d3,ALB-CN-1870-2827,isSameAs,ALB-CN-1880-870,1870,1880,70-80,0.69
ad63d9ca-bee9-493e-9f66-6605b119ddbe,ALB-CN-1870-2828,isSameAs,ALB-CN-1880-22352,1870,1880,70-80,0.99
2f799b7d-fe92-4177-a2a3-b57cf682aa84,ALB-CN-1870-2829,isSameAs,ALB-CN-1880-22353,1870,1880,70-80,0.943
26087b9b-1248-4f20-ac92-f20f50c49946,ALB-CN-1870-2831,isSameAs,ALB-CN-1880-22354,1870,1880,70-80,0.978
1a566725-2640-48f9-af90-f8ddb4677160,ALB-CN-1870-2832,isSameAs,ALB-CN-1880-22355,1870,1880,70-80,0.978
aa61a181-50ea-4e0d-b3c4-ce854d699cfd,ALB-CN-1870-2834,isSameAs,ALB-CN-1880-27654,1870,1880,70-80,0.905
dc693553-e52c-4e1f-9a02-850177eff0ab,ALB-CN-1870-2838,isSameAs,ALB-CN-1880-23047,1870,1880,70-80,0.924
790b7604-ca60-4b77-b3b1-5a783b213361,ALB-CN-1870-2839,isSameAs,ALB-CN-1880-23048,1870,1880,70-80,0.909
ba91a23c-531a-4fb4-823f-229b3e65d160,ALB-CN-1870-2842,isSameAs,ALB-CN-1880-23051,1870,1880,70-80,0.987
4d761a34-8520-4264-b9a5-226e22fa1bdc,ALB-CN-1870-2844,isSameAs,ALB-CN-1880-23052,1870,1880,70-80,0.948
df050da9-bf74-420a-b904-6cadfdfedf32,ALB-CN-1870-2850,isSameAs,ALB-CN-1880-28168,1870,1880,70-80,0.711
b8e9a1d0-43d9-4adc-8f45-833fe54f8138,ALB-CN-1870-2851,isSameAs,ALB-CN-1880-4758,1870,1880,70-80,0.668
8df77475-eb98-4cdf-a170-dd5ac822fa3f,ALB-CN-1870-2852,isSameAs,ALB-CN-1880-532,1870,1880,70-80,0.76
69abea2f-c19a-42f6-81c4-90519e7b58fa,ALB-CN-1870-2854,isSameAs,ALB-CN-1880-7119,1870,1880,70-80,0.622
29da1ba7-f3a6-492e-9d26-f303e6dc218c,ALB-CN-1870-287,isSameAs,ALB-CN-1880-11705,1870,1880,70-80,0.622
3486f9f0-5235-415e-9f47-85051cefbcde,ALB-CN-1870-288,isSameAs,ALB-CN-1880-29273,1870,1880,70-80,0.928
8cc2f0b8-0bae-4cb2-9900-12b21ac07c01,ALB-CN-1870-2883,isSameAs,ALB-CN-1880-22270,1870,1880,70-80,0.924
aeb60f90-8675-4236-9cd9-ff8544842672,ALB-CN-1870-2885,isSameAs,ALB-CN-1880-22272,1870,1880,70-80,0.948
7a478c8d-2084-402d-a831-c6bed2039216,ALB-CN-1870-2888,isSameAs,ALB-CN-1880-22278,1870,1880,70-80,0.913
3af43e99-ab50-4fcf-a8ae-a5e432c1b56a,ALB-CN-1870-2889,isSameAs,ALB-CN-1880-22279,1870,1880,70-80,0.94
a57c20bd-7810-4153-9f47-82440cef1711,ALB-CN-1870-289,isSameAs,ALB-CN-1880-29274,1870,1880,70-80,0.948
aaf08fd1-b8d7-44af-9991-bde0bc4fc02a,ALB-CN-1870-2891,isSameAs,ALB-CN-1880-22281,1870,1880,70-80,0.875
6aec8837-d1dc-448d-a70a-e63e9468bb6a,ALB-CN-1870-2892,isSameAs,ALB-CN-1880-22282,1870,1880,70-80,0.957
bba7adc8-b8b7-4a40-bb34-571c082457c1,ALB-CN-1870-2898,isSameAs,ALB-CN-1880-5754,1870,1880,70-80,0.711
67f647fa-9d70-44a9-b6df-0845194d0018,ALB-CN-1870-2899,isSameAs,ALB-CN-1880-21364,1870,1880,70-80,0.948
a60f3038-e9f2-4baa-a0dd-1df7ecae296b,ALB-CN-1870-29,isSameAs,ALB-CN-1880-14858,1870,1880,70-80,0.634
9ca85501-f45f-4b0e-a9ee-1287edab4066,ALB-CN-1870-290,isSameAs,ALB-CN-1880-29275,1870,1880,70-80,0.622
53deefeb-9825-422e-90c0-e47822654e67,ALB-CN-1870-2902,isSameAs,ALB-CN-1880-21366,1870,1880,70-80,0.668
1ede8f2f-32fa-40b0-ba2e-7c9e74ac1913,ALB-CN-1870-2903,isSameAs,ALB-CN-1880-21367,1870,1880,70-80,0.769
ac2bfc20-56be-41e9-831a-adaf29ca933d,ALB-CN-1870-2904,isSameAs,ALB-CN-1880-21664,1870,1880,70-80,0.973
c2582019-b8db-49dd-9dc0-74b97adf7cab,ALB-CN-1870-2907,isSameAs,ALB-CN-1880-21667,1870,1880,70-80,0.832
dc6e7566-fbbe-45f0-bb1d-eaa937bd844a,ALB-CN-1870-291,isSameAs,ALB-CN-1880-29276,1870,1880,70-80,0.971
b8163591-5430-4210-8ab0-214e3febf303,ALB-CN-1870-2914,isSameAs,ALB-CN-1880-22323,1870,1880,70-80,0.957
5871343e-ca2c-4361-9ca0-2a42f9f60f81,ALB-CN-1870-2915,isSameAs,ALB-CN-1880-22324,1870,1880,70-80,0.875
d74af175-246b-4d6f-93c5-fe77a285ea98,ALB-CN-1870-2916,isSameAs,ALB-CN-1880-22325,1870,1880,70-80,0.99
94d7a5ac-588f-42fa-b1f7-0b277b935148,ALB-CN-1870-2917,isSameAs,ALB-CN-1880-22326,1870,1880,70-80,0.94
da3b3440-c4c0-406f-8a52-837444faabe0,ALB-CN-1870-2919,isSameAs,ALB-CN-1880-23098,1870,1880,70-80,0.622
21fcb032-f833-48e6-a493-20690be15a1a,ALB-CN-1870-2920,isSameAs,ALB-CN-1880-22327,1870,1880,70-80,0.94
9be36754-e6fe-45e8-8b6a-67f0399e03a5,ALB-CN-1870-2923,isSameAs,ALB-CN-1880-22328,1870,1880,70-80,0.905
99ba8f32-db40-474e-9044-069986cca31f,ALB-CN-1870-2924,isSameAs,ALB-CN-1880-22816,1870,1880,70-80,0.937
8a2480a7-b59d-47c4-8577-182fae3ffc0b,ALB-CN-1870-2925,isSameAs,ALB-CN-1880-22817,1870,1880,70-80,0.909
e4ef34a4-c3fb-40c9-a239-607e54aa0365,ALB-CN-1870-294,isSameAs,ALB-CN-1880-27589,1870,1880,70-80,0.989
8b92854c-3477-4cae-a0fc-d811eafc1ac4,ALB-CN-1870-2949,isSameAs,ALB-CN-1880-8971,1870,1880,70-80,0.924
97c8925f-52b9-4a65-84a3-16413f6170bd,ALB-CN-1870-295,isSameAs,ALB-CN-1880-27590,1870,1880,70-80,0.989
7be0aad9-0005-40c8-a675-caa05b8a854f,ALB-CN-1870-2951,isSameAs,ALB-CN-1880-29009,1870,1880,70-80,0.646
68658c12-0057-4988-a097-dc7ccba50a78,ALB-CN-1870-2956,isSameAs,ALB-CN-1880-21769,1870,1880,70-80,0.846
8ccc43d5-47a8-477e-8309-92708d99bbe7,ALB-CN-1870-296,isSameAs,ALB-CN-1880-27591,1870,1880,70-80,0.984
ef9d5579-9a27-453e-98a9-3884e5d89a9f,ALB-CN-1870-2960,isSameAs,ALB-CN-1880-22391,1870,1880,70-80,0.786
adb94967-6870-469c-8a17-ad95d30bec58,ALB-CN-1870-2962,isSameAs,ALB-CN-1880-21684,1870,1880,70-80,0.984
f6c399f2-ae1b-43d9-8b14-e401e584772c,ALB-CN-1870-2963,isSameAs,ALB-CN-1880-21685,1870,1880,70-80,0.957
cf39e723-9bfa-4fcf-aaee-61e3f115e70b,ALB-CN-1870-2968,isSameAs,ALB-CN-1880-21689,1870,1880,70-80,0.943
1b5e1139-2f5b-4fff-9611-a463590fa25e,ALB-CN-1870-297,isSameAs,ALB-CN-1880-27592,1870,1880,70-80,0.989
3247e5ba-5724-4924-84ac-592733937cd7,ALB-CN-1870-2970,isSameAs,ALB-CN-1880-21686,1870,1880,70-80,0.984
d46db775-637b-4cd0-97a2-5811dc639f78,ALB-CN-1870-298,isSameAs,ALB-CN-1880-27598,1870,1880,70-80,0.984
9982765e-827f-4959-978f-2ce96cd788b2,ALB-CN-1870-2982,isSameAs,ALB-CN-1880-21824,1870,1880,70-80,0.769
f76a9105-bc04-4fb3-ab3d-8cc07ec8b32f,ALB-CN-1870-2984,isSameAs,ALB-CN-1880-5028,1870,1880,70-80,0.818
3d47061e-6c78-4594-ad2f-2a3ab65c1f79,ALB-CN-1870-2987,isSameAs,ALB-CN-1880-20919,1870,1880,70-80,0.971
7a8acea8-b50a-4b71-8675-e70b34305e35,ALB-CN-1870-2988,isSameAs,ALB-CN-1880-20920,1870,1880,70-80,0.917
4c2ca4d3-a704-4fbc-b514-b7be82ade2f3,ALB-CN-1870-2989,isSameAs,ALB-CN-1880-20921,1870,1880,70-80,0.711
138e9ad1-21d2-4d84-9709-966d3e78353a,ALB-CN-1870-299,isSameAs,ALB-CN-1880-27584,1870,1880,70-80,0.937
422ece9d-2e01-4647-9eb1-9c8d9e8c217f,ALB-CN-1870-2993,isSameAs,ALB-CN-1880-1123,1870,1880,70-80,0.924
82a01a83-b661-49d8-9bff-db303d92c715,ALB-CN-1870-2994,isSameAs,ALB-CN-1880-1124,1870,1880,70-80,0.622
4fdae1cb-270e-4cae-9ca0-469e7b248e39,ALB-CN-1870-2997,isSameAs,ALB-CN-1880-1135,1870,1880,70-80,0.622
392460d5-b076-4371-a6f6-f2b3ae6a5baa,ALB-CN-1870-300,isSameAs,ALB-CN-1880-27593,1870,1880,70-80,0.971
28d6300f-37a8-4770-8034-7c4cd876d528,ALB-CN-1870-3006,isSameAs,ALB-CN-1880-20825,1870,1880,70-80,0.87
de7367eb-39b5-4003-b9c4-e9ed0cb276c1,ALB-CN-1870-3007,isSameAs,ALB-CN-1880-20828,1870,1880,70-80,0.87
d1921d40-b8ff-41fd-99a4-f855eb60a871,ALB-CN-1870-3012,isSameAs,ALB-CN-1880-22451,1870,1880,70-80,0.959
89d348ef-feb1-4863-99f9-61d782369ddd,ALB-CN-1870-3013,isSameAs,ALB-CN-1880-22452,1870,1880,70-80,0.777
8033193e-3317-4a98-91ed-2a822c3ac8b1,ALB-CN-1870-3016,isSameAs,ALB-CN-1880-32374,1870,1880,70-80,0.69
cc30f43b-669b-467e-abfa-0468198b8e13,ALB-CN-1870-3017,isSameAs,ALB-CN-1880-22253,1870,1880,70-80,0.76
6fdcbf34-bd21-4688-8117-1cd08bb0c3e1,ALB-CN-1870-3019,isSameAs,ALB-CN-1880-22255,1870,1880,70-80,0.87
15a0d0e0-d925-4330-8bb8-05d10643f63e,ALB-CN-1870-302,isSameAs,ALB-CN-1880-27595,1870,1880,70-80,0.957
1e13d5d1-3c06-4a23-8cde-de456e744a6a,ALB-CN-1870-3020,isSameAs,ALB-CN-1880-22256,1870,1880,70-80,0.909
c59999a5-dd0e-4b87-8ca7-e7a9a7195b13,ALB-CN-1870-303,isSameAs,ALB-CN-1880-27588,1870,1880,70-80,0.846
532f1d08-c378-491c-b302-8da942623c27,ALB-CN-1870-304,isSameAs,ALB-CN-1880-27609,1870,1880,70-80,0.679
17a4237c-7b3e-482e-a5fd-1d7d5f4d31a0,ALB-CN-1870-3040,isSameAs,ALB-CN-1880-20766,1870,1880,70-80,0.646
6b7f48da-23b1-4771-8233-1ea9c36ccb22,ALB-CN-1870-3042,isSameAs,ALB-CN-1880-30302,1870,1880,70-80,0.634
5cd3b4d3-a916-4c9b-8738-a74af049b573,ALB-CN-1870-3046,isSameAs,ALB-CN-1880-29228,1870,1880,70-80,0.76
cd6c16ce-08ab-465a-befd-cbadcb6333f1,ALB-CN-1870-3056,isSameAs,ALB-CN-1880-19326,1870,1880,70-80,0.786
2c059a0d-0850-4c7c-9889-26445d138c04,ALB-CN-1870-3057,isSameAs,ALB-CN-1880-21782,1870,1880,70-80,0.961
ef23eaad-3805-40a6-bb1c-c86fade8691f,ALB-CN-1870-3058,isSameAs,ALB-CN-1880-21783,1870,1880,70-80,0.818
6e46f94e-dad6-434f-b14a-d5f35fde3135,ALB-CN-1870-3059,isSameAs,ALB-CN-1880-21785,1870,1880,70-80,0.984
2c3cb9c5-1e74-4237-a6a8-af3f84bc5d0a,ALB-CN-1870-306,isSameAs,ALB-CN-1880-27613,1870,1880,70-80,0.9
fd7480cf-18d5-4051-8bf3-1367fc5ffacf,ALB-CN-1870-3060,isSameAs,ALB-CN-1880-21784,1870,1880,70-80,0.976
a8547491-32c9-47c7-b62e-2d1b271b05e1,ALB-CN-1870-3061,isSameAs,ALB-CN-1880-21786,1870,1880,70-80,0.976
8f5e086e-7b1a-4c19-ac0f-e432123e9cbf,ALB-CN-1870-3069,isSameAs,ALB-CN-1880-20889,1870,1880,70-80,0.668
f59bbfae-9e90-474e-9196-7c02621115da,ALB-CN-1870-307,isSameAs,ALB-CN-1880-27610,1870,1880,70-80,0.931
73a81cf4-7e28-4ced-b10b-65ccb6cfbb74,ALB-CN-1870-3070,isSameAs,ALB-CN-1880-15222,1870,1880,70-80,0.943
6cd3e1fb-2ef9-4cdb-9955-93926d05e7a8,ALB-CN-1870-3071,isSameAs,ALB-CN-1880-22624,1870,1880,70-80,0.948
93dabd56-2ded-42c8-bdf3-6e87ab5e18bf,ALB-CN-1870-3073,isSameAs,ALB-CN-1880-587,1870,1880,70-80,0.622
449a7f86-1b33-4bed-9ac2-52f0565e755f,ALB-CN-1870-3077,isSameAs,ALB-CN-1880-22617,1870,1880,70-80,0.983
3aeb6e4b-ea1f-4768-b244-5ac54233e07d,ALB-CN-1870-3085,isSameAs,ALB-CN-1880-18738,1870,1880,70-80,0.75
720392d2-b13a-4d88-ada2-0e2ffc200d44,ALB-CN-1870-3091,isSameAs,ALB-CN-1880-20607,1870,1880,70-80,0.921
424aa0eb-7427-4c51-8adb-29d4dec29356,ALB-CN-1870-3092,isSameAs,ALB-CN-1880-20608,1870,1880,70-80,0.769
fe6aa5c3-d1fb-4dec-9436-53068ed93cd1,ALB-CN-1870-3093,isSameAs,ALB-CN-1880-23709,1870,1880,70-80,0.69
db42de73-6c5d-4bd1-bef7-3dbb112197cd,ALB-CN-1870-3095,isSameAs,ALB-CN-1880-21825,1870,1880,70-80,0.75
2039b6df-b357-499b-ae5f-df2f75e71b3f,ALB-CN-1870-3096,isSameAs,ALB-CN-1880-20610,1870,1880,70-80,0.769
149e90dc-e68d-466b-a026-79fc50da6678,ALB-CN-1870-3097,isSameAs,ALB-CN-1880-20611,1870,1880,70-80,0.943
6997d76c-2f86-4814-aa0a-5ff746cbb19a,ALB-CN-1870-3098,isSameAs,ALB-CN-1880-20612,1870,1880,70-80,0.961
4f6ebbee-50b1-46f7-91b9-2b923076a0ec,ALB-CN-1870-3099,isSameAs,ALB-CN-1880-20613,1870,1880,70-80,0.886
162eec3a-3331-493c-b8c4-4959bffc6275,ALB-CN-1870-3100,isSameAs,ALB-CN-1880-20614,1870,1880,70-80,0.99
1f5ec285-4d8e-47c7-ad00-505cbe3c8529,ALB-CN-1870-3101,isSameAs,ALB-CN-1880-20609,1870,1880,70-80,0.769
bba9bbf6-4335-4107-9347-e9e51cf8cebf,ALB-CN-1870-3108,isSameAs,ALB-CN-1880-22150,1870,1880,70-80,0.731
15f33b67-8e70-46bd-9518-3970a13d3cd8,ALB-CN-1870-3114,isSameAs,ALB-CN-1880-20547,1870,1880,70-80,0.917
7b73e51b-5c45-49a9-a936-a52cb9e8200c,ALB-CN-1870-3120,isSameAs,ALB-CN-1880-23722,1870,1880,70-80,0.891
dac94078-3934-4c77-8e12-46c97c9b4f09,ALB-CN-1870-3124,isSameAs,ALB-CN-1880-20913,1870,1880,70-80,0.94
bcc748a3-5938-4e5b-94e3-5044c74bc9e9,ALB-CN-1870-3125,isSameAs,ALB-CN-1880-20914,1870,1880,70-80,0.989
d8772720-dca3-4994-9052-a243432a1800,ALB-CN-1870-3126,isSameAs,ALB-CN-1880-20915,1870,1880,70-80,0.75
bff760ec-1108-419d-af33-a5ad30676e00,ALB-CN-1870-3127,isSameAs,ALB-CN-1880-20916,1870,1880,70-80,0.971
7483ca05-1347-48b8-b01f-d969c1096be2,ALB-CN-1870-313,isSameAs,ALB-CN-1880-21863,1870,1880,70-80,0.622
1ea1cede-c7ed-4643-8250-517cec919a9f,ALB-CN-1870-3135,isSameAs,ALB-CN-1880-22197,1870,1880,70-80,0.987
711f94d8-5a69-4f42-a15b-b695d25c25e6,ALB-CN-1870-3136,isSameAs,ALB-CN-1880-20953,1870,1880,70-80,0.917
c6e4eac8-2fb8-4dbb-88e5-1b041ef3bce3,ALB-CN-1870-3137,isSameAs,ALB-CN-1880-22200,1870,1880,70-80,0.657
fa19a065-6ea6-4127-91e1-d8362494997f,ALB-CN-1870-3140,isSameAs,ALB-CN-1880-20954,1870,1880,70-80,0.881
5647ae2e-e087-4b4d-84a0-13a2bffdbffb,ALB-CN-1870-3145,isSameAs,ALB-CN-1880-20955,1870,1880,70-80,0.818
c88af4f7-d1f4-4676-a176-64f7462663c8,ALB-CN-1870-315,isSameAs,ALB-CN-1880-20259,1870,1880,70-80,0.721
ba56344f-b08f-4066-a0aa-bcfffe0df776,ALB-CN-1870-3152,isSameAs,ALB-CN-1880-21738,1870,1880,70-80,0.909
2569bb11-ccf8-4759-bee8-f441230a677e,ALB-CN-1870-3153,isSameAs,ALB-CN-1880-21739,1870,1880,70-80,0.825
49d14bfd-f0fd-4504-a6d9-4125c42e8fde,ALB-CN-1870-3154,isSameAs,ALB-CN-1880-31107,1870,1880,70-80,0.818
2119f711-22bd-47d0-9ba0-20eab0163310,ALB-CN-1870-3155,isSameAs,ALB-CN-1880-20909,1870,1880,70-80,0.909
1aad0975-0138-4863-844b-dd6b0cc3cdec,ALB-CN-1870-3157,isSameAs,ALB-CN-1880-20911,1870,1880,70-80,0.87
8e5fbb3d-cb4f-48d6-a4ea-300c38b1f0a1,ALB-CN-1870-316,isSameAs,ALB-CN-1880-3112,1870,1880,70-80,0.75
b35388ac-ac2d-4f14-b2c6-4ba1c45b3e1a,ALB-CN-1870-3162,isSameAs,ALB-CN-1880-14397,1870,1880,70-80,0.75
7763dd0f-94f8-4ae5-93da-32efe03d3a0a,ALB-CN-1870-3168,isSameAs,ALB-CN-1880-20794,1870,1880,70-80,0.846
d47fc608-783d-45fa-96e5-76202b419f1d,ALB-CN-1870-3170,isSameAs,ALB-CN-1880-20790,1870,1880,70-80,0.818
a62b868d-f42d-4aa7-bff3-0e1ca80f0230,ALB-CN-1870-318,isSameAs,ALB-CN-1880-27641,1870,1880,70-80,0.802
f298113d-495f-4784-93a8-47ca679a33ea,ALB-CN-1870-3188,isSameAs,ALB-CN-1880-22179,1870,1880,70-80,0.957
71a29591-b665-4f32-bd4e-b797d4132737,ALB-CN-1870-319,isSameAs,ALB-CN-1880-27642,1870,1880,70-80,0.76
07a71968-82c4-4b6a-ac95-04a654541322,ALB-CN-1870-3190,isSameAs,ALB-CN-1880-22181,1870,1880,70-80,0.668
6aadb84b-2605-4d82-8f5b-4e25719235ed,ALB-CN-1870-3191,isSameAs,ALB-CN-1880-22180,1870,1880,70-80,0.957
5d63512e-e55f-4d05-b07a-5e8833ee980f,ALB-CN-1870-3193,isSameAs,ALB-CN-1880-22182,1870,1880,70-80,0.957
7b729c45-a005-44ee-b11d-3397db6e9608,ALB-CN-1870-3194,isSameAs,ALB-CN-1880-22183,1870,1880,70-80,0.818
8f7e66f0-6a97-4826-95ed-5abf6754bcd4,ALB-CN-1870-3195,isSameAs,ALB-CN-1880-22184,1870,1880,70-80,0.976
c4be3a7c-f170-42fe-9c80-daaeb5258b65,ALB-CN-1870-3205,isSameAs,ALB-CN-1880-20540,1870,1880,70-80,0.905
e7f403ed-783c-4137-8359-e7489d6f8917,ALB-CN-1870-3208,isSameAs,ALB-CN-1880-22294,1870,1880,70-80,0.948
9cf1dd62-edae-46bc-af01-f59ec802dd7a,ALB-CN-1870-3209,isSameAs,ALB-CN-1880-22295,1870,1880,70-80,0.969
7d8a179e-0902-4713-8928-2b2b09d30e64,ALB-CN-1870-3210,isSameAs,ALB-CN-1880-26381,1870,1880,70-80,0.818
1e28f967-f745-438a-9d46-5a8ea473b38e,ALB-CN-1870-3212,isSameAs,ALB-CN-1880-20931,1870,1880,70-80,0.978
a091713c-ce4d-489d-9aaf-b5db404a99bb,ALB-CN-1870-3213,isSameAs,ALB-CN-1880-20932,1870,1880,70-80,0.957
2c11e9ff-f4ed-487b-8d26-a041e26abd22,ALB-CN-1870-3214,isSameAs,ALB-CN-1880-20933,1870,1880,70-80,0.977
6494b5bd-2868-44b8-b9f6-6447a2447df8,ALB-CN-1870-3215,isSameAs,ALB-CN-1880-20934,1870,1880,70-80,0.982
5a54d48d-2816-45c5-9ad3-b59bebbbd78f,ALB-CN-1870-322,isSameAs,ALB-CN-1880-27717,1870,1880,70-80,0.973
3a9cac47-b9d7-496c-bcbb-ce0d906cabd7,ALB-CN-1870-3220,isSameAs,ALB-CN-1880-23785,1870,1880,70-80,0.786
f2b913ab-461c-4db7-a9ad-5035c8e5e5a7,ALB-CN-1870-3222,isSameAs,ALB-CN-1880-22361,1870,1880,70-80,0.668
35e7839d-71e6-4f61-80f9-bf695287ed1c,ALB-CN-1870-3235,isSameAs,ALB-CN-1880-23778,1870,1880,70-80,0.891
9346cb92-ca23-413f-8272-a5aca771c691,ALB-CN-1870-3236,isSameAs,ALB-CN-1880-22504,1870,1880,70-80,0.622
14be39c8-92ed-4f13-bd6a-650bbc2f180f,ALB-CN-1870-324,isSameAs,ALB-CN-1880-27718,1870,1880,70-80,0.976
40f60e81-d8d3-4ca7-b50b-e62b4d5329db,ALB-CN-1870-3241,isSameAs,ALB-CN-1880-23860,1870,1880,70-80,0.931
1b9fe4bd-7e42-4c45-b508-fe2c1afd1834,ALB-CN-1870-3244,isSameAs,ALB-CN-1880-21339,1870,1880,70-80,0.668
c5e52b56-db3b-486b-b853-21baad0e1b7d,ALB-CN-1870-3249,isSameAs,ALB-CN-1880-27998,1870,1880,70-80,0.846
8832b20d-6e05-4a6e-826f-2ee658850eb2,ALB-CN-1870-3256,isSameAs,ALB-CN-1880-4855,1870,1880,70-80,0.957
10ff768d-5a17-4864-8e87-b8408e0ca715,ALB-CN-1870-3257,isSameAs,ALB-CN-1880-4856,1870,1880,70-80,0.957
3ceb3800-8882-48fb-9a5b-e881aa88ae83,ALB-CN-1870-3259,isSameAs,ALB-CN-1880-4400,1870,1880,70-80,0.948
2ee7af9b-f969-42e6-86e3-9d48376c1806,ALB-CN-1870-326,isSameAs,ALB-CN-1880-27719,1870,1880,70-80,0.99
6c3c6ddf-b097-4f57-a8d9-d107a187984d,ALB-CN-1870-3260,isSameAs,ALB-CN-1880-4858,1870,1880,70-80,0.971
791126f7-d18c-4ef9-b3c2-0c58d0f06df3,ALB-CN-1870-3261,isSameAs,ALB-CN-1880-4859,1870,1880,70-80,0.971
a277579a-7e18-4646-904c-289e75032e2d,ALB-CN-1870-3262,isSameAs,ALB-CN-1880-4860,1870,1880,70-80,0.98
50a33522-4190-4def-97f0-8e1e530a67fe,ALB-CN-1870-3269,isSameAs,ALB-CN-1880-22235,1870,1880,70-80,0.75
9fb69c98-7def-494a-884b-fa50f3cf7292,ALB-CN-1870-327,isSameAs,ALB-CN-1880-27720,1870,1880,70-80,0.99
c8355446-ed77-4a50-b5cd-cecf0043c54c,ALB-CN-1870-3273,isSameAs,ALB-CN-1880-22238,1870,1880,70-80,0.909
ca3e354e-79f9-4033-a927-1b1c4dc56d78,ALB-CN-1870-3278,isSameAs,ALB-CN-1880-20747,1870,1880,70-80,0.668
068e80f8-47d8-4bb8-8e95-7f16ed66bdd7,ALB-CN-1870-328,isSameAs,ALB-CN-1880-27721,1870,1880,70-80,0.989
ad623805-4f5d-49c1-ad47-e5926745aa9a,ALB-CN-1870-3280,isSameAs,ALB-CN-1880-26799,1870,1880,70-80,0.622
6004178c-d9fc-4cb6-a24b-d2f06310f449,ALB-CN-1870-3281,isSameAs,ALB-CN-1880-30425,1870,1880,70-80,0.721
cad30805-7eae-4eb2-867e-7a79f2108492,ALB-CN-1870-3286,isSameAs,ALB-CN-1880-26803,1870,1880,70-80,0.711
7d7f0385-e3a1-466b-83b4-d7db48b8f1d0,ALB-CN-1870-3287,isSameAs,ALB-CN-1880-26804,1870,1880,70-80,0.622
692f9e24-360b-4598-b569-0416dfd0b1c7,ALB-CN-1870-3289,isSameAs,ALB-CN-1880-24120,1870,1880,70-80,0.913
773b2002-ad78-45d8-a838-abb3c077c379,ALB-CN-1870-329,isSameAs,ALB-CN-1880-27722,1870,1880,70-80,0.99
76edbf02-df5d-4269-811e-00406f77d495,ALB-CN-1870-3290,isSameAs,ALB-CN-1880-4001,1870,1880,70-80,0.69
d27a87a2-e01c-477f-86e5-ca5c91d4d525,ALB-CN-1870-3291,isSameAs,ALB-CN-1880-24121,1870,1880,70-80,0.711
038f630a-4d54-4c2f-a196-63d874df8ba8,ALB-CN-1870-3292,isSameAs,ALB-CN-1880-24123,1870,1880,70-80,0.896
82d84e26-3152-4b4a-8632-dba0de09207c,ALB-CN-1870-3293,isSameAs,ALB-CN-1880-4003,1870,1880,70-80,0.961
c1d98057-bb83-4d99-babf-0b7ea807708b,ALB-CN-1870-3294,isSameAs,ALB-CN-1880-24124,1870,1880,70-80,0.98
96bc4900-a6fb-4e18-ac2e-714318133fe3,ALB-CN-1870-3297,isSameAs,ALB-CN-1880-24338,1870,1880,70-80,0.786
f4618fb8-2c46-410f-bcc2-a54a76f12a3f,ALB-CN-1870-3298,isSameAs,ALB-CN-1880-24339,1870,1880,70-80,0.634
98edfbb7-2c00-445e-ba79-79850853b379,ALB-CN-1870-33,isSameAs,ALB-CN-1880-22101,1870,1880,70-80,0.957
3507fcc4-2883-40b5-8d62-6af31dc85108,ALB-CN-1870-330,isSameAs,ALB-CN-1880-16193,1870,1880,70-80,0.961
55baddf7-40c0-4097-aff5-39f128f3ad90,ALB-CN-1870-3300,isSameAs,ALB-CN-1880-20736,1870,1880,70-80,0.622
6d7c3f99-dd03-4197-9bdc-90e72aab460b,ALB-CN-1870-3305,isSameAs,ALB-CN-1880-24327,1870,1880,70-80,0.75
299fea53-4f85-4def-a032-0152bf63f7ee,ALB-CN-1870-3307,isSameAs,ALB-CN-1880-24329,1870,1880,70-80,0.839
da665f71-e41a-448b-b14d-b71236ec85ba,ALB-CN-1870-3311,isSameAs,ALB-CN-1880-22298,1870,1880,70-80,0.909
cb3e0f45-e539-45ea-9e65-1581892d7b0c,ALB-CN-1870-3312,isSameAs,ALB-CN-1880-22299,1870,1880,70-80,0.909
c809f73d-a0c1-4d5c-af2b-1ff9e66efc33,ALB-CN-1870-3315,isSameAs,ALB-CN-1880-22086,1870,1880,70-80,0.909
96a98d19-8cc7-4808-b4a8-6c17731cad77,ALB-CN-1870-3316,isSameAs,ALB-CN-1880-4030,1870,1880,70-80,0.802
30506144-bd17-45be-9ded-035f9dd026f8,ALB-CN-1870-3318,isSameAs,ALB-CN-1880-22090,1870,1880,70-80,0.858
b9a0e41b-4925-406a-ac27-079fe4810dff,ALB-CN-1870-3319,isSameAs,ALB-CN-1880-22091,1870,1880,70-80,0.858
739e5afa-b28b-4eb4-9b5d-6d905d1b6c33,ALB-CN-1870-3320,isSameAs,ALB-CN-1880-23747,1870,1880,70-80,0.957
a7aedc80-26b9-4493-94f1-9887d83f1e8a,ALB-CN-1870-3325,isSameAs,ALB-CN-1880-13522,1870,1880,70-80,0.69
3686ee85-70d3-47d0-8f57-e25e24c93e9f,ALB-CN-1870-3331,isSameAs,ALB-CN-1880-23753,1870,1880,70-80,0.622
9f43ea8c-c542-4303-ac6e-c23c8eebb9c6,ALB-CN-1870-3334,isSameAs,ALB-CN-1880-14437,1870,1880,70-80,0.891
a9d41f57-784e-4b65-a000-a2a45216fa91,ALB-CN-1870-3335,isSameAs,ALB-CN-1880-14438,1870,1880,70-80,0.832
470416fd-45c9-4fe8-abc0-024d45b4b1e7,ALB-CN-1870-3336,isSameAs,ALB-CN-1880-14439,1870,1880,70-80,0.924
b1d94574-0e75-4b19-b6e5-f3373cdb445d,ALB-CN-1870-3337,isSameAs,ALB-CN-1880-14440,1870,1880,70-80,0.622
d44714e1-6bd6-462a-bd96-b4ec9379dbf8,ALB-CN-1870-3338,isSameAs,ALB-CN-1880-14441,1870,1880,70-80,0.622
4fe61eb1-ee20-4b8a-b45d-93370cd936fc,ALB-CN-1870-3339,isSameAs,ALB-CN-1880-14337,1870,1880,70-80,0.794
e53b1e96-6e3a-4e78-ab55-08b2a09ff352,ALB-CN-1870-3341,isSameAs,ALB-CN-1880-14339,1870,1880,70-80,0.896
1f73beb1-867b-45a1-9088-d23743cc96de,ALB-CN-1870-3352,isSameAs,ALB-CN-1880-23717,1870,1880,70-80,0.731
920d89ed-ed8f-4643-9b23-6b071265b782,ALB-CN-1870-3357,isSameAs,ALB-CN-1880-23669,1870,1880,70-80,0.984
cff46aca-b6d4-4730-b922-3472bdf430df,ALB-CN-1870-3358,isSameAs,ALB-CN-1880-23670,1870,1880,70-80,0.978
4b3423b7-cadb-48aa-921a-4b52c15846e9,ALB-CN-1870-3360,isSameAs,ALB-CN-1880-23671,1870,1880,70-80,0.976
514cf391-50f7-4f14-8bb0-93b93766d92d,ALB-CN-1870-3361,isSameAs,ALB-CN-1880-23672,1870,1880,70-80,0.99
e8587c5f-b25d-429c-a907-0b8282d1c79d,ALB-CN-1870-3362,isSameAs,ALB-CN-1880-23673,1870,1880,70-80,0.978
6272fb04-4a65-4bf0-a6a1-e63a58f90a7d,ALB-CN-1870-3365,isSameAs,ALB-CN-1880-24149,1870,1880,70-80,0.881
7e59eb34-e949-473e-90e7-f26e8b33c38f,ALB-CN-1870-3366,isSameAs,ALB-CN-1880-24150,1870,1880,70-80,0.802
41906ad9-877c-4417-9fd4-707ab6d163cc,ALB-CN-1870-3367,isSameAs,ALB-CN-1880-24090,1870,1880,70-80,0.832
0898170a-3e46-4398-9058-b658bf8a17c1,ALB-CN-1870-3370,isSameAs,ALB-CN-1880-24134,1870,1880,70-80,0.924
c9f14917-0f3f-4548-b53f-68588751ae87,ALB-CN-1870-3374,isSameAs,ALB-CN-1880-24135,1870,1880,70-80,0.825
b61bce83-9f0f-4e8f-8915-057892b3d2d5,ALB-CN-1870-3384,isSameAs,ALB-CN-1880-24073,1870,1880,70-80,0.668
bb35e99c-01d0-4bd2-a9aa-c44c556cb1f4,ALB-CN-1870-3386,isSameAs,ALB-CN-1880-24074,1870,1880,70-80,0.98
d9532686-faa4-4c5e-a745-29769a1697aa,ALB-CN-1870-3387,isSameAs,ALB-CN-1880-24075,1870,1880,70-80,0.99
5a5de175-ad37-4d04-bcf9-73096d087b81,ALB-CN-1870-3389,isSameAs,ALB-CN-1880-24088,1870,1880,70-80,0.75
8969dcad-b884-4858-8257-a299a1d1d0f7,ALB-CN-1870-3393,isSameAs,ALB-CN-1880-14695,1870,1880,70-80,0.948
fc5c8521-d946-4f38-9b8e-c8404acd2bd6,ALB-CN-1870-3394,isSameAs,ALB-CN-1880-22262,1870,1880,70-80,0.794
b2b72366-e8c8-4ed5-b4bb-28e8421c88fd,ALB-CN-1870-3395,isSameAs,ALB-CN-1880-22263,1870,1880,70-80,0.924
1aa60102-0d19-4708-ba20-c94930b758f6,ALB-CN-1870-3396,isSameAs,ALB-CN-1880-22264,1870,1880,70-80,0.98
3b223afc-7494-4056-923e-251fc70434d6,ALB-CN-1870-34,isSameAs,ALB-CN-1880-22102,1870,1880,70-80,0.924
1d5373d6-611c-40f9-9c74-bb96a8f9a569,ALB-CN-1870-3404,isSameAs,ALB-CN-1880-21429,1870,1880,70-80,0.721
06fe46d3-1048-4bec-af60-309c9358aea4,ALB-CN-1870-3407,isSameAs,ALB-CN-1880-14546,1870,1880,70-80,0.934
12141d3a-b1dd-489c-9968-db969f129036,ALB-CN-1870-3412,isSameAs,ALB-CN-1880-23400,1870,1880,70-80,0.959
61c8eef9-e11c-4f09-b0ea-235be776547c,ALB-CN-1870-3416,isSameAs,ALB-CN-1880-23404,1870,1880,70-80,0.971
46de302f-496f-4a41-83cb-8b6014d014c7,ALB-CN-1870-3418,isSameAs,ALB-CN-1880-16886,1870,1880,70-80,0.846
774a8549-ec67-43ae-bed2-7cafe356fbf3,ALB-CN-1870-3422,isSameAs,ALB-CN-1880-23869,1870,1880,70-80,0.99
45e9e461-0d6a-466e-b543-449fbfb7afae,ALB-CN-1870-3423,isSameAs,ALB-CN-1880-23870,1870,1880,70-80,0.99
c61f7047-21a2-4d93-9b91-23661d01d340,ALB-CN-1870-3425,isSameAs,ALB-CN-1880-5325,1870,1880,70-80,0.964
18730e84-6938-402f-bf1a-247f72f1f5c1,ALB-CN-1870-3426,isSameAs,ALB-CN-1880-3365,1870,1880,70-80,0.917
0638dd05-3e07-4f45-8791-df0244dfc60d,ALB-CN-1870-3427,isSameAs,ALB-CN-1880-23871,1870,1880,70-80,0.989
6102d024-3e19-4467-ae68-1c5d61b3d414,ALB-CN-1870-3428,isSameAs,ALB-CN-1880-23872,1870,1880,70-80,0.973
7aced0ac-487e-4621-9e65-a10668f40574,ALB-CN-1870-3442,isSameAs,ALB-CN-1880-23862,1870,1880,70-80,0.983
eada4f0d-85d9-476a-bd64-b42615b39adb,ALB-CN-1870-3443,isSameAs,ALB-CN-1880-23863,1870,1880,70-80,0.948
1679d039-473c-47ca-a180-fa72740bb7ed,ALB-CN-1870-3445,isSameAs,ALB-CN-1880-21966,1870,1880,70-80,0.769
3cc26a3f-c8b4-4f6e-abe7-fd9cfadba430,ALB-CN-1870-3446,isSameAs,ALB-CN-1880-21967,1870,1880,70-80,0.769
6e9c5889-2ac5-4c0e-899b-f5f86b91fa5c,ALB-CN-1870-3447,isSameAs,ALB-CN-1880-21968,1870,1880,70-80,0.924
4dde3603-4ae3-4776-95bb-bc7df68fa5a5,ALB-CN-1870-3448,isSameAs,ALB-CN-1880-21969,1870,1880,70-80,0.924
3303a04f-8529-4bd0-b8d3-d6964fd67083,ALB-CN-1870-3449,isSameAs,ALB-CN-1880-3896,1870,1880,70-80,0.721
c303fad4-2841-4358-88e0-c30ec9edad9b,ALB-CN-1870-3456,isSameAs,ALB-CN-1880-16492,1870,1880,70-80,0.786
4a3c4337-283b-41f6-959c-a7731002b72a,ALB-CN-1870-3458,isSameAs,ALB-CN-1880-23805,1870,1880,70-80,0.989
36a82c20-ac01-4400-a82a-3ced470208d6,ALB-CN-1870-3459,isSameAs,ALB-CN-1880-23806,1870,1880,70-80,0.957
606ab2ba-542a-4913-8c69-3237fcf098dd,ALB-CN-1870-346,isSameAs,ALB-CN-1880-30730,1870,1880,70-80,0.679
374f37d6-f1d2-40fc-987b-d85bee6b229d,ALB-CN-1870-3460,isSameAs,ALB-CN-1880-23807,1870,1880,70-80,0.971
a98736d1-80d4-45f6-94a0-435cf6cfdb05,ALB-CN-1870-3461,isSameAs,ALB-CN-1880-23808,1870,1880,70-80,0.87
3e2f0378-2bca-437f-9192-de4c283aa79b,ALB-CN-1870-3464,isSameAs,ALB-CN-1880-24204,1870,1880,70-80,0.957
d9920791-246b-41f2-bf9c-8cd346c64dc6,ALB-CN-1870-3466,isSameAs,ALB-CN-1880-18291,1870,1880,70-80,0.721
02614aae-09d9-4d3c-8675-1594a25fafee,ALB-CN-1870-3467,isSameAs,ALB-CN-1880-13019,1870,1880,70-80,0.731
1c8ca9e2-d5cd-4562-9830-ca36f35f43b0,ALB-CN-1870-3469,isSameAs,ALB-CN-1880-23934,1870,1880,70-80,0.668
50298c10-54d2-4b90-a4a7-6fb59b7e185c,ALB-CN-1870-3470,isSameAs,ALB-CN-1880-23935,1870,1880,70-80,0.858
fb3600d8-5936-4d8d-83b8-6a64351b1309,ALB-CN-1870-3471,isSameAs,ALB-CN-1880-14408,1870,1880,70-80,0.943
fd8a5d0b-536a-4e3e-af79-d6b06ea0c6cd,ALB-CN-1870-3472,isSameAs,ALB-CN-1880-14409,1870,1880,70-80,0.937
2b305311-9435-4c58-82b7-b7e39696a702,ALB-CN-1870-3475,isSameAs,ALB-CN-1880-8935,1870,1880,70-80,0.69
80e3eeaa-c748-4adc-9dc0-b0752ba11ec8,ALB-CN-1870-3476,isSameAs,ALB-CN-1880-14410,1870,1880,70-80,0.852
b6792ca8-b01a-4517-a866-78145a270196,ALB-CN-1870-3477,isSameAs,ALB-CN-1880-24193,1870,1880,70-80,0.989
16e6c473-a93e-417b-8099-f6b62805b90f,ALB-CN-1870-3478,isSameAs,ALB-CN-1880-24194,1870,1880,70-80,0.87
32403618-a58e-4a35-ba79-1f9a032374fc,ALB-CN-1870-3479,isSameAs,ALB-CN-1880-24203,1870,1880,70-80,0.943
0e0c07ed-9d4f-4e22-8a77-de4983bf885f,ALB-CN-1870-3481,isSameAs,ALB-CN-1880-24196,1870,1880,70-80,0.731
e44c8e50-b633-438d-b2a0-b5d93aa531d8,ALB-CN-1870-3484,isSameAs,ALB-CN-1880-24197,1870,1880,70-80,0.943
6130cbe7-1349-48bc-b788-b3321ffce663,ALB-CN-1870-3485,isSameAs,ALB-CN-1880-24198,1870,1880,70-80,0.943
7024203d-921e-411c-89aa-17f1a1d6029f,ALB-CN-1870-3486,isSameAs,ALB-CN-1880-24195,1870,1880,70-80,0.95
75a28fb1-f602-48bb-b2d0-757ddabb0a05,ALB-CN-1870-3487,isSameAs,ALB-CN-1880-24199,1870,1880,70-80,0.937
e4ba3e9d-4103-4355-8276-56654813ec4e,ALB-CN-1870-349,isSameAs,ALB-CN-1880-26489,1870,1880,70-80,0.87
3ef18283-e631-475d-b704-e78589719ab4,ALB-CN-1870-3493,isSameAs,ALB-CN-1880-23913,1870,1880,70-80,0.957
91ee3539-2e5c-4235-bd53-4d36f029fb9b,ALB-CN-1870-3494,isSameAs,ALB-CN-1880-23914,1870,1880,70-80,0.971
94408ac8-0282-4b40-b454-a41f91abcaa6,ALB-CN-1870-3495,isSameAs,ALB-CN-1880-23915,1870,1880,70-80,0.989
68b1c80e-6101-4ef8-aee4-2b9b9d5f9287,ALB-CN-1870-3498,isSameAs,ALB-CN-1880-28692,1870,1880,70-80,0.75
b7ca6d13-218b-4834-87c0-c0037f13dc4f,ALB-CN-1870-3499,isSameAs,ALB-CN-1880-28693,1870,1880,70-80,0.75
1a36b772-de2b-41e8-b6c5-3498d25795af,ALB-CN-1870-35,isSameAs,ALB-CN-1880-22096,1870,1880,70-80,0.891
3ca42285-18eb-4891-a741-b72597d0a386,ALB-CN-1870-350,isSameAs,ALB-CN-1880-26490,1870,1880,70-80,0.69
3bd9e1ad-7d26-47fe-b07c-c0c5543fff65,ALB-CN-1870-3500,isSameAs,ALB-CN-1880-28679,1870,1880,70-80,0.786
ba4bde4a-fc30-41ea-8596-c53e2eb76a76,ALB-CN-1870-3501,isSameAs,ALB-CN-1880-28680,1870,1880,70-80,0.69
2a6d365c-c821-4b11-88d8-7347ae34f187,ALB-CN-1870-3502,isSameAs,ALB-CN-1880-28681,1870,1880,70-80,0.786
e69a1d4b-c969-4ce7-ac7b-173da51de482,ALB-CN-1870-3509,isSameAs,ALB-CN-1880-28569,1870,1880,70-80,0.646
d15598d0-812d-4605-87b8-b00666bda513,ALB-CN-1870-3519,isSameAs,ALB-CN-1880-23889,1870,1880,70-80,0.989
af54b41f-15fe-4f5e-b615-e6b111e99483,ALB-CN-1870-3521,isSameAs,ALB-CN-1880-27667,1870,1880,70-80,0.832
bf0711d9-f924-4f2e-9d0f-c5224972acf6,ALB-CN-1870-3523,isSameAs,ALB-CN-1880-27669,1870,1880,70-80,0.731
37405a15-ef7c-4631-862f-36b5f2384289,ALB-CN-1870-3529,isSameAs,ALB-CN-1880-23979,1870,1880,70-80,0.875
875cdb16-b8f7-488e-9cff-2317dcaffce6,ALB-CN-1870-353,isSameAs,ALB-CN-1880-25717,1870,1880,70-80,0.668
0aef749b-d88f-491e-a56b-0d78739ae980,ALB-CN-1870-3530,isSameAs,ALB-CN-1880-23980,1870,1880,70-80,0.953
9282c031-d7f4-4964-bb38-bb783c5f297a,ALB-CN-1870-3531,isSameAs,ALB-CN-1880-13265,1870,1880,70-80,0.731
2ec12c64-30e0-41e8-901f-58b6d75fa5e4,ALB-CN-1870-3532,isSameAs,ALB-CN-1880-23981,1870,1880,70-80,0.937
1a48c508-b0c7-4276-a9a7-b5d3e977d4c9,ALB-CN-1870-3533,isSameAs,ALB-CN-1880-23982,1870,1880,70-80,0.9
d6b70a5f-323e-4521-a6ca-a148c90129bb,ALB-CN-1870-3534,isSameAs,ALB-CN-1880-23983,1870,1880,70-80,0.9
4ee09ad5-0127-4d58-b869-bcd2c0802de1,ALB-CN-1870-3535,isSameAs,ALB-CN-1880-23984,1870,1880,70-80,0.957
bbc3b463-1b38-49db-96a2-5028b3d4d2f4,ALB-CN-1870-3536,isSameAs,ALB-CN-1880-15347,1870,1880,70-80,0.825
2703e846-bf83-4478-a644-a2dcdc5a76c4,ALB-CN-1870-3541,isSameAs,ALB-CN-1880-24222,1870,1880,70-80,0.909
82d8967e-5922-46f7-866e-dca7338aca64,ALB-CN-1870-3543,isSameAs,ALB-CN-1880-21620,1870,1880,70-80,0.786
47066fdb-1941-4d2f-83ea-e80dd17473e3,ALB-CN-1870-3545,isSameAs,ALB-CN-1880-21622,1870,1880,70-80,0.634
9d0cb9fd-a9c1-45c8-a86a-1a05db9502a2,ALB-CN-1870-3546,isSameAs,ALB-CN-1880-23894,1870,1880,70-80,0.973
7215f563-0b6f-43fd-8de4-fa38697fb357,ALB-CN-1870-3547,isSameAs,ALB-CN-1880-23895,1870,1880,70-80,0.982
47048e3a-31df-4539-98e4-9a907932182a,ALB-CN-1870-3548,isSameAs,ALB-CN-1880-23896,1870,1880,70-80,0.973
812f4cb2-5efe-4d96-a9b1-510be4d1b19f,ALB-CN-1870-3549,isSameAs,ALB-CN-1880-23897,1870,1880,70-80,0.973
92da9a93-7c51-424d-962f-3c4c0dbddffc,ALB-CN-1870-3551,isSameAs,ALB-CN-1880-23898,1870,1880,70-80,0.909
7c39dabd-c6fe-469a-8413-9f4cd624d98d,ALB-CN-1870-3553,isSameAs,ALB-CN-1880-23900,1870,1880,70-80,0.937
66463f27-c86f-48dd-ac97-400e4001d978,ALB-CN-1870-3554,isSameAs,ALB-CN-1880-17921,1870,1880,70-80,0.622
974c8cd9-0911-4b82-9e7a-a7465aaa42a9,ALB-CN-1870-3556,isSameAs,ALB-CN-1880-23926,1870,1880,70-80,0.948
22dafd5c-2e72-47b6-9692-02c668bf42fd,ALB-CN-1870-3557,isSameAs,ALB-CN-1880-23927,1870,1880,70-80,0.924
73b3b098-3859-444a-a29a-4e40d2e06a2f,ALB-CN-1870-3558,isSameAs,ALB-CN-1880-23936,1870,1880,70-80,0.769
9160a188-113b-4d50-9673-fda2e74bf58d,ALB-CN-1870-3559,isSameAs,ALB-CN-1880-23937,1870,1880,70-80,0.924
55b70eed-92f0-468d-8a97-0b0c7a0aff24,ALB-CN-1870-3562,isSameAs,ALB-CN-1880-24409,1870,1880,70-80,0.802
0ba3ddae-8679-4408-8482-54acabff5668,ALB-CN-1870-3563,isSameAs,ALB-CN-1880-23939,1870,1880,70-80,0.839
abc2a4ab-bad1-47aa-a30d-c25a39b0678c,ALB-CN-1870-3564,isSameAs,ALB-CN-1880-23940,1870,1880,70-80,0.839
b4f004ed-3fbc-43ca-8862-f45e549c06b2,ALB-CN-1870-357,isSameAs,ALB-CN-1880-21910,1870,1880,70-80,0.711
a7d94a45-3d32-4a4f-81ca-59aa5a7deecd,ALB-CN-1870-3574,isSameAs,ALB-CN-1880-24001,1870,1880,70-80,0.75
c99c462f-a2d5-4d0a-8907-349a0f04eec2,ALB-CN-1870-3576,isSameAs,ALB-CN-1880-24345,1870,1880,70-80,0.917
52ef0af7-6e47-4b6d-9ed9-e837596acb96,ALB-CN-1870-3577,isSameAs,ALB-CN-1880-24346,1870,1880,70-80,0.75
24098575-f56b-4a40-bffe-c66d333f9a77,ALB-CN-1870-3578,isSameAs,ALB-CN-1880-22772,1870,1880,70-80,0.846
ab14cbe6-b98c-40fa-92a2-c856d864afcd,ALB-CN-1870-3579,isSameAs,ALB-CN-1880-24344,1870,1880,70-80,0.711
863ed068-d046-4346-9d21-47c12576cec5,ALB-CN-1870-3580,isSameAs,ALB-CN-1880-24003,1870,1880,70-80,0.881
e8185611-51c0-407e-a6c1-f2570f9bb7dc,ALB-CN-1870-3583,isSameAs,ALB-CN-1880-23851,1870,1880,70-80,0.786
916a21cd-695c-4ea1-8993-83f16b003d12,ALB-CN-1870-359,isSameAs,ALB-CN-1880-21914,1870,1880,70-80,0.622
ec7dc9b0-98a2-4c14-80c0-2ead5fc9cd52,ALB-CN-1870-3591,isSameAs,ALB-CN-1880-24241,1870,1880,70-80,0.948
8e7d0ecd-8f0f-4eb5-9fde-bf5c8bd5bfe9,ALB-CN-1870-36,isSameAs,ALB-CN-1880-5328,1870,1880,70-80,0.909
14839b2a-3a3d-45ea-83a7-bc0769f44af9,ALB-CN-1870-3601,isSameAs,ALB-CN-1880-24248,1870,1880,70-80,0.76
6729fd4c-b6dd-4c76-8ce2-4dd7788a1976,ALB-CN-1870-3604,isSameAs,ALB-CN-1880-23104,1870,1880,70-80,0.786
0433c18b-d631-426a-b80c-c5265a523a1b,ALB-CN-1870-3611,isSameAs,ALB-CN-1880-24303,1870,1880,70-80,0.87
1f90a9e4-523e-4979-bc9c-59ba86b7735d,ALB-CN-1870-3613,isSameAs,ALB-CN-1880-23376,1870,1880,70-80,0.731
43c2b2df-f009-48cd-b416-63d5398729a5,ALB-CN-1870-3616,isSameAs,ALB-CN-1880-22188,1870,1880,70-80,0.909
9f7cf697-bc23-4661-9e4f-8a0f282f2422,ALB-CN-1870-3617,isSameAs,ALB-CN-1880-22189,1870,1880,70-80,0.948
97ea5174-c7b1-485e-b940-5a096fdea2eb,ALB-CN-1870-3618,isSameAs,ALB-CN-1880-22190,1870,1880,70-80,0.87
2b0b1599-d60f-43bc-9e68-8e0d20766470,ALB-CN-1870-3619,isSameAs,ALB-CN-1880-22191,1870,1880,70-80,0.948
da3d8aa2-f774-4512-aac2-0f3c1c352f1d,ALB-CN-1870-362,isSameAs,ALB-CN-1880-21909,1870,1880,70-80,0.622
68fb2286-84ca-4c69-ab1a-9d9abbe3cd3f,ALB-CN-1870-3643,isSameAs,ALB-CN-1880-9583,1870,1880,70-80,0.646
5a79479e-c28b-4a9e-8240-8d8a5fffbd54,ALB-CN-1870-3644,isSameAs,ALB-CN-1880-21304,1870,1880,70-80,0.858
90c8c2f9-bb6b-4f9e-9ec1-3e0025816eb7,ALB-CN-1870-3645,isSameAs,ALB-CN-1880-18568,1870,1880,70-80,0.75
1cb9db75-727d-42aa-8ebe-313baad44473,ALB-CN-1870-3646,isSameAs,ALB-CN-1880-23378,1870,1880,70-80,0.622
2095b8b4-152c-4752-bea5-4c5bbaf36545,ALB-CN-1870-3647,isSameAs,ALB-CN-1880-23379,1870,1880,70-80,0.971
5e7f2295-1f4c-4e58-8342-137fca4fb1d8,ALB-CN-1870-365,isSameAs,ALB-CN-1880-8382,1870,1880,70-80,0.711
d6c7966b-bfb7-4196-8ae5-7f94995871d5,ALB-CN-1870-3650,isSameAs,ALB-CN-1880-23381,1870,1880,70-80,0.971
82f744ea-5faa-46c1-818b-7346668a4e6a,ALB-CN-1870-3651,isSameAs,ALB-CN-1880-23382,1870,1880,70-80,0.971
12280c08-695b-4f3e-931f-1db9b8c75a56,ALB-CN-1870-3652,isSameAs,ALB-CN-1880-23383,1870,1880,70-80,0.971
97f71891-8c2e-46ad-91de-5b3112d6c6b2,ALB-CN-1870-3654,isSameAs,ALB-CN-1880-23388,1870,1880,70-80,0.846
20c157de-23e8-492e-8841-627f0f5e0cc6,ALB-CN-1870-3655,isSameAs,ALB-CN-1880-23408,1870,1880,70-80,0.924
d6384c6d-efd2-487e-9476-0c779c84e682,ALB-CN-1870-3658,isSameAs,ALB-CN-1880-23876,1870,1880,70-80,0.948
32aeff66-bc3e-4f95-9fb9-3e4d2c5bb65b,ALB-CN-1870-366,isSameAs,ALB-CN-1880-5335,1870,1880,70-80,0.731
c1066160-d1f2-4bdd-8e15-e87542577117,ALB-CN-1870-3660,isSameAs,ALB-CN-1880-23878,1870,1880,70-80,0.948
55c85a8c-7cc5-4f6f-ae23-966442b10b96,ALB-CN-1870-3661,isSameAs,ALB-CN-1880-4491,1870,1880,70-80,0.711
20a0c1f5-16fa-4290-9e68-679a442ea91e,ALB-CN-1870-3662,isSameAs,ALB-CN-1880-23879,1870,1880,70-80,0.832
bad0547a-4d89-4c79-a098-fa09ccc9440c,ALB-CN-1870-3670,isSameAs,ALB-CN-1880-23953,1870,1880,70-80,0.94
cf3382e9-c00a-4ba8-95f6-770466dbad6c,ALB-CN-1870-3671,isSameAs,ALB-CN-1880-23954,1870,1880,70-80,0.937
24d55130-cb7c-4641-8bcf-0e75ba40bfd1,ALB-CN-1870-3672,isSameAs,ALB-CN-1880-23955,1870,1880,70-80,0.875
6dd67edb-e7e1-4937-a868-7862ed008170,ALB-CN-1870-3673,isSameAs,ALB-CN-1880-23956,1870,1880,70-80,0.976
56f25bd6-6c33-4a99-be2c-122687276425,ALB-CN-1870-3674,isSameAs,ALB-CN-1880-23957,1870,1880,70-80,0.75
3793213d-4653-47f0-9047-853a0c50a764,ALB-CN-1870-3675,isSameAs,ALB-CN-1880-23793,1870,1880,70-80,0.98
2f5975d8-b971-48cf-b39a-6534eca51fb5,ALB-CN-1870-3676,isSameAs,ALB-CN-1880-23794,1870,1880,70-80,0.971
694e03be-ce65-44e3-a08f-f2f346956c59,ALB-CN-1870-3678,isSameAs,ALB-CN-1880-23795,1870,1880,70-80,0.968
2d001e09-f3ee-415b-9e55-ccb0bd68c230,ALB-CN-1870-3679,isSameAs,ALB-CN-1880-23796,1870,1880,70-80,0.968
1f59d0e5-279b-44e4-8396-b778bf21a8a8,ALB-CN-1870-3684,isSameAs,ALB-CN-1880-24350,1870,1880,70-80,0.786
f85c02eb-2222-4a4d-a714-4452767485d0,ALB-CN-1870-3687,isSameAs,ALB-CN-1880-24354,1870,1880,70-80,0.964
63b1e269-b37c-4365-807b-9e02f18a636d,ALB-CN-1870-3688,isSameAs,ALB-CN-1880-28140,1870,1880,70-80,0.987
109db36d-4cd5-4536-a5ae-f2180e0a36ca,ALB-CN-1870-3689,isSameAs,ALB-CN-1880-28141,1870,1880,70-80,0.976
ceabd274-9dc8-4ed5-8c4a-1e287737cdad,ALB-CN-1870-369,isSameAs,ALB-CN-1880-25743,1870,1880,70-80,0.87
84b42968-5754-4814-9db6-d6052c74f793,ALB-CN-1870-3690,isSameAs,ALB-CN-1880-27917,1870,1880,70-80,0.924
e5a7440d-cfca-4a22-85c4-4fb9e254fbdb,ALB-CN-1870-3691,isSameAs,ALB-CN-1880-28142,1870,1880,70-80,0.99
93e4414a-a7d6-4a65-b28c-c9af0cc61972,ALB-CN-1870-3698,isSameAs,ALB-CN-1880-26532,1870,1880,70-80,0.769
da55a8a3-86b2-4c4f-8c85-d6d58edf10a5,ALB-CN-1870-3703,isSameAs,ALB-CN-1880-30807,1870,1880,70-80,0.881
9c286891-a935-4113-80cf-1d0dfc1b445d,ALB-CN-1870-3706,isSameAs,ALB-CN-1880-30808,1870,1880,70-80,0.948
c29743b3-49c2-4bb7-9a8c-d07d314c9b7d,ALB-CN-1870-3709,isSameAs,ALB-CN-1880-30809,1870,1880,70-80,0.964
6f64b5be-d0d8-4c97-b640-78cfc1446570,ALB-CN-1870-3710,isSameAs,ALB-CN-1880-30810,1870,1880,70-80,0.948
6fca8934-0330-4440-816f-567e4ff9a534,ALB-CN-1870-3713,isSameAs,ALB-CN-1880-17561,1870,1880,70-80,0.881
1921bf1d-88cd-43ee-80c2-4e597cdb4372,ALB-CN-1870-3714,isSameAs,ALB-CN-1880-17562,1870,1880,70-80,0.948
e700a3e6-b463-445d-a405-ff1b2233b7e3,ALB-CN-1870-3715,isSameAs,ALB-CN-1880-17563,1870,1880,70-80,0.98
7e2b4bb2-f0bd-4e3b-a45c-9f87d1687bf6,ALB-CN-1870-3716,isSameAs,ALB-CN-1880-17564,1870,1880,70-80,0.948
f592e8ff-28f7-4803-89bf-638c821b22e5,ALB-CN-1870-3717,isSameAs,ALB-CN-1880-17565,1870,1880,70-80,0.896
9e2ddab3-7881-4e6f-ad5f-af5450ab6699,ALB-CN-1870-3718,isSameAs,ALB-CN-1880-17566,1870,1880,70-80,0.711
d1b344fd-cc33-419f-bc40-6df2fa04e3af,ALB-CN-1870-3725,isSameAs,ALB-CN-1880-17872,1870,1880,70-80,0.818
19f67f00-f6c4-4b56-9d04-8559431d14d3,ALB-CN-1870-3727,isSameAs,ALB-CN-1880-17583,1870,1880,70-80,0.931
797ddbb8-c6c4-4917-995e-493b174e8966,ALB-CN-1870-3732,isSameAs,ALB-CN-1880-30375,1870,1880,70-80,0.846
3f37e951-3623-45d4-927a-eb46fdc20a6d,ALB-CN-1870-3734,isSameAs,ALB-CN-1880-27227,1870,1880,70-80,0.858
d6f21b7b-ec66-439d-a7be-9d0152b36fd0,ALB-CN-1870-3735,isSameAs,ALB-CN-1880-31052,1870,1880,70-80,0.881
822e8e61-cf4f-4661-97ea-294f551839ff,ALB-CN-1870-3736,isSameAs,ALB-CN-1880-31053,1870,1880,70-80,0.802
9b55d498-9cb3-4899-8ff2-205adabd79a5,ALB-CN-1870-3737,isSameAs,ALB-CN-1880-27199,1870,1880,70-80,0.646
d4853f39-0ed6-4258-8fc6-d4a1412d9d99,ALB-CN-1870-3743,isSameAs,ALB-CN-1880-27190,1870,1880,70-80,0.818
de11230f-bd5b-46e4-be6c-79d31ef0986c,ALB-CN-1870-3745,isSameAs,ALB-CN-1880-27192,1870,1880,70-80,0.982
a55f3c2b-ffa0-4e69-8cf8-5811ac75b964,ALB-CN-1870-3746,isSameAs,ALB-CN-1880-27193,1870,1880,70-80,0.989
ab9ea806-c23c-46af-a3fe-13b5367650ef,ALB-CN-1870-3747,isSameAs,ALB-CN-1880-27194,1870,1880,70-80,0.984
93cf1264-8466-41be-99a4-179a428157f6,ALB-CN-1870-3748,isSameAs,ALB-CN-1880-27195,1870,1880,70-80,0.989
0b47b97d-549c-4949-8e6d-4d4afdb296c4,ALB-CN-1870-3749,isSameAs,ALB-CN-1880-27196,1870,1880,70-80,0.982
4a85df2e-9ae5-4e33-bce0-75973642f850,ALB-CN-1870-3750,isSameAs,ALB-CN-1880-28121,1870,1880,70-80,0.668
a8e9db13-f098-49c2-a600-76e5ef49746a,ALB-CN-1870-3751,isSameAs,ALB-CN-1880-27183,1870,1880,70-80,0.984
418c839f-75dc-4332-922a-1bb332f92c29,ALB-CN-1870-3752,isSameAs,ALB-CN-1880-27184,1870,1880,70-80,0.977
d03d3143-ef64-49a4-85f6-7fd08cddf34e,ALB-CN-1870-3753,isSameAs,ALB-CN-1880-27185,1870,1880,70-80,0.982
9a81efb4-26fc-4429-8218-42371888dc06,ALB-CN-1870-3754,isSameAs,ALB-CN-1880-27186,1870,1880,70-80,0.989
b1f53fe5-1b3a-4a33-a392-3e32651c7ae4,ALB-CN-1870-3755,isSameAs,ALB-CN-1880-27187,1870,1880,70-80,0.989
97d6eb0f-c70b-4f6f-b0a9-8c896ad2cd1e,ALB-CN-1870-3763,isSameAs,ALB-CN-1880-13137,1870,1880,70-80,0.924
2d423be0-3f90-4045-8319-aee88b13e921,ALB-CN-1870-3765,isSameAs,ALB-CN-1880-27096,1870,1880,70-80,0.891
fca98877-2bda-4a64-a60e-0fa9ed684bb0,ALB-CN-1870-3767,isSameAs,ALB-CN-1880-27098,1870,1880,70-80,0.769
8cdf1c62-6a28-45d6-98eb-f6502d92b333,ALB-CN-1870-3771,isSameAs,ALB-CN-1880-15533,1870,1880,70-80,0.87
2c9b556b-8bc9-4f14-9cbe-57a838058b11,ALB-CN-1870-3776,isSameAs,ALB-CN-1880-30344,1870,1880,70-80,0.978
02181333-cd49-4097-812b-01ff92e02625,ALB-CN-1870-3777,isSameAs,ALB-CN-1880-30343,1870,1880,70-80,0.978
4074baf2-c327-4067-9620-95c3d53a4036,ALB-CN-1870-3780,isSameAs,ALB-CN-1880-30346,1870,1880,70-80,0.985
9b811c89-c65c-43c5-b6c6-275c7c5aac96,ALB-CN-1870-3782,isSameAs,ALB-CN-1880-30347,1870,1880,70-80,0.964
ec6a0bda-1b62-4fdf-b9dd-938b5613b6a3,ALB-CN-1870-3784,isSameAs,ALB-CN-1880-30349,1870,1880,70-80,0.985
d6b1474d-73bd-4ab2-b914-b479e52b481c,ALB-CN-1870-3785,isSameAs,ALB-CN-1880-27181,1870,1880,70-80,0.891
0148167d-8d31-45a9-8011-088f996df110,ALB-CN-1870-3786,isSameAs,ALB-CN-1880-27182,1870,1880,70-80,0.964
0d811a16-3f38-4f06-bfce-11f694bbd6b7,ALB-CN-1870-3794,isSameAs,ALB-CN-1880-27334,1870,1880,70-80,0.971
4b7c2e1a-d7f0-426c-9b12-7a87802f032b,ALB-CN-1870-3795,isSameAs,ALB-CN-1880-27335,1870,1880,70-80,0.953
a015db5e-5711-4a72-92b4-ff10ff8b1443,ALB-CN-1870-3798,isSameAs,ALB-CN-1880-23651,1870,1880,70-80,0.846
a493b684-db06-46a4-87d5-2ba62e053592,ALB-CN-1870-38,isSameAs,ALB-CN-1880-22104,1870,1880,70-80,0.818
99bef7d2-fd89-4be9-aa3a-d8bd3ed701c3,ALB-CN-1870-3800,isSameAs,ALB-CN-1880-27336,1870,1880,70-80,0.984
0537db35-21eb-40fc-a753-c8cc13f1e941,ALB-CN-1870-3801,isSameAs,ALB-CN-1880-27337,1870,1880,70-80,0.957
4cfec927-8979-4e37-ad6e-f9559a8e61cd,ALB-CN-1870-3804,isSameAs,ALB-CN-1880-27338,1870,1880,70-80,0.957
3170668e-1252-46f2-a1fd-2654390b2f67,ALB-CN-1870-3805,isSameAs,ALB-CN-1880-27339,1870,1880,70-80,0.99
f6f1ec8f-63e2-4f96-8b3c-1f7db4867b5e,ALB-CN-1870-3808,isSameAs,ALB-CN-1880-30216,1870,1880,70-80,0.953
547a7bf7-443f-4707-9c8d-14f81b36c276,ALB-CN-1870-3809,isSameAs,ALB-CN-1880-30217,1870,1880,70-80,0.971
4d1f4115-f188-42d3-8d4a-3af4fb9a7b82,ALB-CN-1870-3810,isSameAs,ALB-CN-1880-30218,1870,1880,70-80,0.98
152ffacf-ad55-4a2f-90ec-84e9ffc8afe3,ALB-CN-1870-3811,isSameAs,ALB-CN-1880-30219,1870,1880,70-80,0.99
5ccf3c2a-0074-4351-9a03-7a8935213f57,ALB-CN-1870-3812,isSameAs,ALB-CN-1880-30220,1870,1880,70-80,0.968
ea888e66-0995-42cb-aac3-554ede768dee,ALB-CN-1870-3813,isSameAs,ALB-CN-1880-9079,1870,1880,70-80,0.711
53721439-d6df-4462-b52e-9d7067603444,ALB-CN-1870-3814,isSameAs,ALB-CN-1880-30221,1870,1880,70-80,0.94
5515fc28-79de-47d7-aea0-74cb38f11dd7,ALB-CN-1870-3815,isSameAs,ALB-CN-1880-30227,1870,1880,70-80,0.957
7207ecc4-647f-4d92-b6b4-7d5507cd9535,ALB-CN-1870-382,isSameAs,ALB-CN-1880-29306,1870,1880,70-80,0.931
2cec9c71-0573-4ad9-b878-af5ff7571d5d,ALB-CN-1870-3822,isSameAs,ALB-CN-1880-16610,1870,1880,70-80,0.679
a43879d6-6da6-4dd0-ab68-bbb9adc8b282,ALB-CN-1870-3824,isSameAs,ALB-CN-1880-18170,1870,1880,70-80,0.846
3e4e39f8-314d-4619-9949-e6cb75f536be,ALB-CN-1870-3834,isSameAs,ALB-CN-1880-23828,1870,1880,70-80,0.931
53febf2e-9be4-40aa-b9bd-2a0d6f1cba55,ALB-CN-1870-3836,isSameAs,ALB-CN-1880-12345,1870,1880,70-80,0.98
fb81598c-4dcb-457f-a17e-ffdf82078f45,ALB-CN-1870-3838,isSameAs,ALB-CN-1880-24057,1870,1880,70-80,0.99
34aa23fb-ddc7-4d87-8a33-fa904964bc88,ALB-CN-1870-3839,isSameAs,ALB-CN-1880-12348,1870,1880,70-80,0.943
8f7355a7-ea59-4ab3-ba12-70f7e62ee14f,ALB-CN-1870-384,isSameAs,ALB-CN-1880-29307,1870,1880,70-80,0.948
d0e7c800-f83f-4ddf-881c-111df18ff0fa,ALB-CN-1870-3840,isSameAs,ALB-CN-1880-23829,1870,1880,70-80,0.957
9503767f-badf-48f0-9a98-563f8b21c2dc,ALB-CN-1870-3841,isSameAs,ALB-CN-1880-24054,1870,1880,70-80,0.711
32dbcac5-39ce-4c5d-a4f4-fe1c56ee44ec,ALB-CN-1870-3842,isSameAs,ALB-CN-1880-23830,1870,1880,70-80,0.971
c422fff2-c4d4-493b-8ff3-3bcc52500f2d,ALB-CN-1870-3843,isSameAs,ALB-CN-1880-23831,1870,1880,70-80,0.957
4b78e0e4-203c-4253-bbd5-8be953ccb32e,ALB-CN-1870-385,isSameAs,ALB-CN-1880-1874,1870,1880,70-80,0.75
16f3d660-ae6b-4b3e-b5f6-74e6c6792d33,ALB-CN-1870-3854,isSameAs,ALB-CN-1880-23856,1870,1880,70-80,0.924
f9282a7f-8686-4281-9786-6f4be76b73a2,ALB-CN-1870-3856,isSameAs,ALB-CN-1880-12934,1870,1880,70-80,0.711
aaeff520-7a1a-4a1a-9d9f-11069e2d5b76,ALB-CN-1870-3859,isSameAs,ALB-CN-1880-12936,1870,1880,70-80,0.622
150b3f0b-2271-4ea7-bfe1-1619ed14fcd8,ALB-CN-1870-386,isSameAs,ALB-CN-1880-29314,1870,1880,70-80,0.964
f6db212b-6acb-4bdb-b48b-e1adcd008bd7,ALB-CN-1870-3864,isSameAs,ALB-CN-1880-21147,1870,1880,70-80,0.846
9fd3d441-e4d9-4875-bd55-936f18e1d7ed,ALB-CN-1870-3865,isSameAs,ALB-CN-1880-21148,1870,1880,70-80,0.945
7f852b41-b3ed-4e90-b3f4-c32a1c049af2,ALB-CN-1870-3867,isSameAs,ALB-CN-1880-23787,1870,1880,70-80,0.896
11aa231c-058d-4ecc-bcdc-9e1e9366800c,ALB-CN-1870-387,isSameAs,ALB-CN-1880-29315,1870,1880,70-80,0.802
dff71a48-663b-4a03-a111-105c57009397,ALB-CN-1870-3870,isSameAs,ALB-CN-1880-23789,1870,1880,70-80,0.948
855f634c-84c2-4af6-b136-e191aeab15a0,ALB-CN-1870-3872,isSameAs,ALB-CN-1880-23790,1870,1880,70-80,0.891
e767ea26-7faf-416c-8a7c-47f31aaab461,ALB-CN-1870-3873,isSameAs,ALB-CN-1880-23791,1870,1880,70-80,0.98
3de0914c-7742-4f52-b515-f10484abf400,ALB-CN-1870-388,isSameAs,ALB-CN-1880-29191,1870,1880,70-80,0.98
8a562150-f4c6-48d8-be25-0c6013101a0a,ALB-CN-1870-3881,isSameAs,ALB-CN-1880-23733,1870,1880,70-80,0.959
7a83b2ca-ec0f-41c5-b4e9-516506969cc8,ALB-CN-1870-3884,isSameAs,ALB-CN-1880-23735,1870,1880,70-80,0.913
78439ce4-e239-4685-8c67-c6d50a8e1345,ALB-CN-1870-3885,isSameAs,ALB-CN-1880-23736,1870,1880,70-80,0.94
1f84f125-062f-4f70-99c3-f8e75a192970,ALB-CN-1870-3886,isSameAs,ALB-CN-1880-23737,1870,1880,70-80,0.959
929b6d7a-942f-4628-9466-9584596d2d85,ALB-CN-1870-3887,isSameAs,ALB-CN-1880-23734,1870,1880,70-80,0.668
335695cd-b83d-4125-b1e3-25e00c2fa6b3,ALB-CN-1870-3888,isSameAs,ALB-CN-1880-23739,1870,1880,70-80,0.94
69b3e33e-680a-49de-b13a-3a4ca9bd5556,ALB-CN-1870-389,isSameAs,ALB-CN-1880-29192,1870,1880,70-80,0.98
9281f253-39c7-4f0c-9f67-97997f4474b5,ALB-CN-1870-3892,isSameAs,ALB-CN-1880-23757,1870,1880,70-80,0.937
6fdcb135-52f2-455d-937e-428fabcb4891,ALB-CN-1870-3893,isSameAs,ALB-CN-1880-23764,1870,1880,70-80,0.794
a7cb739c-e437-4464-b60a-7ab2f81fd8a8,ALB-CN-1870-3894,isSameAs,ALB-CN-1880-23758,1870,1880,70-80,0.917
b142f887-e9a6-44e7-a019-4dbb781ce580,ALB-CN-1870-3896,isSameAs,ALB-CN-1880-23759,1870,1880,70-80,0.891
4d906db1-db28-4762-a9d4-a3518d9c1c43,ALB-CN-1870-3898,isSameAs,ALB-CN-1880-20253,1870,1880,70-80,0.646
f0017939-3eb4-41b3-84b0-a81aee81ca27,ALB-CN-1870-39,isSameAs,ALB-CN-1880-24306,1870,1880,70-80,0.875
df0f06be-8ae6-480c-bb74-295c7e51339d,ALB-CN-1870-390,isSameAs,ALB-CN-1880-29193,1870,1880,70-80,0.971
8721e942-72d0-494d-8948-f10066468426,ALB-CN-1870-3908,isSameAs,ALB-CN-1880-21200,1870,1880,70-80,0.825
240a4e4a-2b61-49b2-a92f-4d4be056ec1d,ALB-CN-1870-391,isSameAs,ALB-CN-1880-29194,1870,1880,70-80,0.971
3e24c57e-7a3b-4686-b803-2cc8c66e3f22,ALB-CN-1870-3911,isSameAs,ALB-CN-1880-21459,1870,1880,70-80,0.948
36c80300-44ce-4b77-9a24-0961f9c315f6,ALB-CN-1870-3913,isSameAs,ALB-CN-1880-21462,1870,1880,70-80,0.964
97d3f178-8520-4750-8db1-35db811d8b05,ALB-CN-1870-3914,isSameAs,ALB-CN-1880-21463,1870,1880,70-80,0.896
ad9b5d97-c19d-4f7b-a5c3-6c43feb4069a,ALB-CN-1870-3917,isSameAs,ALB-CN-1880-21466,1870,1880,70-80,0.924
496c09d8-aba6-4d64-b97a-568c64af1546,ALB-CN-1870-392,isSameAs,ALB-CN-1880-29195,1870,1880,70-80,0.971
b60b28e0-6ca6-4408-a5dd-73e811b180cb,ALB-CN-1870-393,isSameAs,ALB-CN-1880-29196,1870,1880,70-80,0.971
a11a1771-57bd-49b5-b8e5-0e58e7551e78,ALB-CN-1870-3932,isSameAs,ALB-CN-1880-19658,1870,1880,70-80,0.668
9175ba93-3766-4da1-a05f-9b70e265e72b,ALB-CN-1870-3938,isSameAs,ALB-CN-1880-21044,1870,1880,70-80,0.973
bd9ff493-7687-46cd-8ec2-c9d7d7516d33,ALB-CN-1870-3939,isSameAs,ALB-CN-1880-21045,1870,1880,70-80,0.966
6d9c625d-3c09-4d94-ac1b-9c84223394de,ALB-CN-1870-394,isSameAs,ALB-CN-1880-29197,1870,1880,70-80,0.99
1219d9ae-2e1c-4023-8ffa-3d2e4921c19d,ALB-CN-1870-3941,isSameAs,ALB-CN-1880-21046,1870,1880,70-80,0.976
8c730f5a-4d70-4913-8b42-3a63a6e25daa,ALB-CN-1870-3942,isSameAs,ALB-CN-1880-21048,1870,1880,70-80,0.973
1f2f9d67-0f9f-40a5-8160-ad6ed8a3a24c,ALB-CN-1870-3947,isSameAs,ALB-CN-1880-19883,1870,1880,70-80,0.679
28b47383-bf92-483d-9e5b-ab2c5a67f4a8,ALB-CN-1870-395,isSameAs,ALB-CN-1880-29198,1870,1880,70-80,0.971
b07419a1-8bbc-4df8-a731-2d0624b39c1a,ALB-CN-1870-3951,isSameAs,ALB-CN-1880-20251,1870,1880,70-80,0.786
021e4b8a-bd92-4c53-bfcd-ea1a76e6e984,ALB-CN-1870-396,isSameAs,ALB-CN-1880-29298,1870,1880,70-80,0.668
f2b88d5a-26e3-485c-ae0e-1a262553be67,ALB-CN-1870-3962,isSameAs,ALB-CN-1880-21162,1870,1880,70-80,0.971
dd603ea1-30c0-40e0-a3b4-1d825015bfa6,ALB-CN-1870-3963,isSameAs,ALB-CN-1880-30818,1870,1880,70-80,0.769
91f775d3-e076-4994-801a-7912cbf26152,ALB-CN-1870-3966,isSameAs,ALB-CN-1880-21165,1870,1880,70-80,0.971
34955a16-206a-4f18-a8a3-6e3cc98479cc,ALB-CN-1870-3967,isSameAs,ALB-CN-1880-21166,1870,1880,70-80,0.971
dec24568-4001-4d13-a798-6d178df204de,ALB-CN-1870-3968,isSameAs,ALB-CN-1880-21167,1870,1880,70-80,0.913
06a5f810-7aa5-4c26-aa67-5629d805bec2,ALB-CN-1870-3969,isSameAs,ALB-CN-1880-20236,1870,1880,70-80,0.957
fd68ac69-47b7-41dd-8df2-52982e025230,ALB-CN-1870-3970,isSameAs,ALB-CN-1880-21169,1870,1880,70-80,0.668
ba34fc8a-0093-4afd-abd7-65f89055d8c2,ALB-CN-1870-3971,isSameAs,ALB-CN-1880-21170,1870,1880,70-80,0.9
ebd9b5ae-51bf-4633-a7ee-06d4e4b574d3,ALB-CN-1870-3973,isSameAs,ALB-CN-1880-21133,1870,1880,70-80,0.98
a44586ed-7d45-4512-889d-14d59ccf45b7,ALB-CN-1870-3974,isSameAs,ALB-CN-1880-21134,1870,1880,70-80,0.99
c2aca3d0-ecc4-4d63-a078-bf5161a93519,ALB-CN-1870-3975,isSameAs,ALB-CN-1880-21135,1870,1880,70-80,0.989
fcdfc781-2515-447c-b600-2b11a778ad84,ALB-CN-1870-3976,isSameAs,ALB-CN-1880-21137,1870,1880,70-80,0.961
237db5e9-d2f1-4ace-9d07-9b0a303e38f1,ALB-CN-1870-3981,isSameAs,ALB-CN-1880-26147,1870,1880,70-80,0.786
99630644-e4f0-4b63-a206-34bbfa2957fc,ALB-CN-1870-3983,isSameAs,ALB-CN-1880-28196,1870,1880,70-80,0.794
75ef8cf3-2d9c-445a-99b8-573f66170ee7,ALB-CN-1870-3985,isSameAs,ALB-CN-1880-29678,1870,1880,70-80,0.721
80aa34e6-7673-4c5c-b360-c32deebabbac,ALB-CN-1870-3986,isSameAs,ALB-CN-1880-19061,1870,1880,70-80,0.87
770f98e7-a1e0-4f71-9e29-2c245a66ac83,ALB-CN-1870-3988,isSameAs,ALB-CN-1880-20649,1870,1880,70-80,0.711
ebe45a4d-f9c2-4e4f-82fe-9b0215d59e9a,ALB-CN-1870-3989,isSameAs,ALB-CN-1880-21208,1870,1880,70-80,0.711
39603f53-8815-45ff-89b4-93e497e30bff,ALB-CN-1870-399,isSameAs,ALB-CN-1880-12222,1870,1880,70-80,0.668
75fc5214-21ee-4201-b6e5-4d2709d3e716,ALB-CN-1870-3991,isSameAs,ALB-CN-1880-21101,1870,1880,70-80,0.711
d9e8ace8-692d-4bae-817e-75a90e79e08a,ALB-CN-1870-3993,isSameAs,ALB-CN-1880-30310,1870,1880,70-80,0.909
c87903ce-c914-43fd-84fc-ee283a11c831,ALB-CN-1870-3994,isSameAs,ALB-CN-1880-21103,1870,1880,70-80,0.858
4ec98bca-2103-4e9a-93d5-462d97bd4155,ALB-CN-1870-3995,isSameAs,ALB-CN-1880-21104,1870,1880,70-80,0.961
52b51a92-565c-4c7a-b974-757172840f46,ALB-CN-1870-3996,isSameAs,ALB-CN-1880-21105,1870,1880,70-80,0.858
598b1e60-b092-4e41-bd18-bd0adf4c1d3b,ALB-CN-1870-3997,isSameAs,ALB-CN-1880-21106,1870,1880,70-80,0.858
1d072c57-d340-4fd6-88bf-43da49e37cbc,ALB-CN-1870-3998,isSameAs,ALB-CN-1880-21107,1870,1880,70-80,0.931
8a3b2035-d7be-4c70-9802-cee59c31177b,ALB-CN-1870-3999,isSameAs,ALB-CN-1880-21108,1870,1880,70-80,0.953
35adc44d-1549-4922-85c2-0d315cfc43b2,ALB-CN-1870-40,isSameAs,ALB-CN-1880-22105,1870,1880,70-80,0.937
002af9d1-c4db-42ba-a69a-db4146c2647e,ALB-CN-1870-4002,isSameAs,ALB-CN-1880-21140,1870,1880,70-80,0.646
700bee1a-4241-46dd-9096-4e47b3eb67d4,ALB-CN-1870-4003,isSameAs,ALB-CN-1880-21141,1870,1880,70-80,0.646
9b54309e-cfe0-45d8-bbce-f119a7b8ddcf,ALB-CN-1870-4004,isSameAs,ALB-CN-1880-21142,1870,1880,70-80,0.87
3651211a-20fb-4876-ae38-096be6cbf8a9,ALB-CN-1870-4005,isSameAs,ALB-CN-1880-20453,1870,1880,70-80,0.802
3e767ea9-0fed-406c-bb04-d9d7d3bea005,ALB-CN-1870-4006,isSameAs,ALB-CN-1880-20454,1870,1880,70-80,0.786
72776d7c-7e6d-4736-a3b0-7dff3bfef609,ALB-CN-1870-4007,isSameAs,ALB-CN-1880-13216,1870,1880,70-80,0.909
fff7379a-17ed-4db8-a751-d63eacb23258,ALB-CN-1870-4018,isSameAs,ALB-CN-1880-21628,1870,1880,70-80,0.75
f2e86f65-1c7d-40b5-9a28-022814d7a094,ALB-CN-1870-4024,isSameAs,ALB-CN-1880-22850,1870,1880,70-80,0.937
1ef4910c-3022-4822-8b9e-3640eb0680ae,ALB-CN-1870-403,isSameAs,ALB-CN-1880-24223,1870,1880,70-80,0.87
29d37a99-7206-4a4b-b6a8-bb2e97576d3a,ALB-CN-1870-4032,isSameAs,ALB-CN-1880-27044,1870,1880,70-80,0.721
3758c034-5bb7-4e94-87d9-d9abb7801e6c,ALB-CN-1870-404,isSameAs,ALB-CN-1880-24224,1870,1880,70-80,0.937
68cb6894-7887-4264-a8a9-719d08e4f751,ALB-CN-1870-4042,isSameAs,ALB-CN-1880-20859,1870,1880,70-80,0.858
3350d335-4ae4-4f2a-b204-ec90fbcfeab8,ALB-CN-1870-4043,isSameAs,ALB-CN-1880-20860,1870,1880,70-80,0.989
8bec1a8d-1c91-46cf-806e-7b283d38d628,ALB-CN-1870-4044,isSameAs,ALB-CN-1880-20861,1870,1880,70-80,0.94
a27286af-f1e6-4cbc-bbc4-f81c9ce2446b,ALB-CN-1870-4045,isSameAs,ALB-CN-1880-20862,1870,1880,70-80,0.971
60945547-ef63-4a56-b923-7f7dadb60e45,ALB-CN-1870-4046,isSameAs,ALB-CN-1880-11382,1870,1880,70-80,0.852
bcbf6977-01eb-42fa-9960-2e79cffecdcb,ALB-CN-1870-4047,isSameAs,ALB-CN-1880-20864,1870,1880,70-80,0.94
ead8e2ca-c9d7-4ce3-8a33-4c68bb8fdb75,ALB-CN-1870-4056,isSameAs,ALB-CN-1880-23283,1870,1880,70-80,0.99
1d8fc219-52fa-46ac-92e1-e6c4b2ae3b62,ALB-CN-1870-4057,isSameAs,ALB-CN-1880-23284,1870,1880,70-80,0.972
cb5c5829-e56b-4d85-bd1d-b4027b8ea67a,ALB-CN-1870-4058,isSameAs,ALB-CN-1880-23285,1870,1880,70-80,0.964
6214cb39-044c-42f7-a6b5-ee79d5e2eed1,ALB-CN-1870-406,isSameAs,ALB-CN-1880-29207,1870,1880,70-80,0.875
cbfc537d-486b-4366-a969-141874c14ba2,ALB-CN-1870-4061,isSameAs,ALB-CN-1880-23286,1870,1880,70-80,0.896
319d1125-58c8-42a1-8f18-2bf789555b32,ALB-CN-1870-4062,isSameAs,ALB-CN-1880-23287,1870,1880,70-80,0.924
9184a467-a779-4087-bfc3-8934904dce65,ALB-CN-1870-4063,isSameAs,ALB-CN-1880-27210,1870,1880,70-80,0.646
c4a8ae22-19c4-42b0-ab2d-793379c7f6ab,ALB-CN-1870-4064,isSameAs,ALB-CN-1880-21837,1870,1880,70-80,0.668
14a83aed-42bb-4e47-b5f8-c5f87d164383,ALB-CN-1870-4065,isSameAs,ALB-CN-1880-20941,1870,1880,70-80,0.966
31669e49-1d03-4b00-9990-6eeccf0c64d0,ALB-CN-1870-4066,isSameAs,ALB-CN-1880-20942,1870,1880,70-80,0.957
5c82e3b4-d60c-41a8-87da-6119af4b6ad6,ALB-CN-1870-4068,isSameAs,ALB-CN-1880-20948,1870,1880,70-80,0.818
15170f12-fd9d-4580-b1a1-efa36651f50c,ALB-CN-1870-407,isSameAs,ALB-CN-1880-29208,1870,1880,70-80,0.98
f007f557-0618-49f9-b89e-032b79012bdc,ALB-CN-1870-4071,isSameAs,ALB-CN-1880-20944,1870,1880,70-80,0.984
e85cf88d-faae-406f-bb85-05cfae968e49,ALB-CN-1870-4072,isSameAs,ALB-CN-1880-20945,1870,1880,70-80,0.937
dc456e5b-e4ae-4a25-b0cb-82b0130163f1,ALB-CN-1870-4073,isSameAs,ALB-CN-1880-20946,1870,1880,70-80,0.984
34c11ad0-1170-4ddd-9cf7-ca900a404fa0,ALB-CN-1870-4075,isSameAs,ALB-CN-1880-16169,1870,1880,70-80,0.646
96b716be-b3df-4e36-a9f4-503b9a026d2d,ALB-CN-1870-408,isSameAs,ALB-CN-1880-29209,1870,1880,70-80,0.957
8e4661c0-3ed7-4bf3-99bd-9882bac25aa1,ALB-CN-1870-4080,isSameAs,ALB-CN-1880-9123,1870,1880,70-80,0.69
10f87944-9111-476b-88d6-4af96e1cf178,ALB-CN-1870-4081,isSameAs,ALB-CN-1880-14077,1870,1880,70-80,0.69
25df9da6-90cd-43e4-84cd-96b3ccae8be6,ALB-CN-1870-4082,isSameAs,ALB-CN-1880-16819,1870,1880,70-80,0.769
367ca25f-2b53-48c9-ab30-ca5c01d9731b,ALB-CN-1870-4083,isSameAs,ALB-CN-1880-21800,1870,1880,70-80,0.959
4fdb149a-d6a5-4742-90c3-be7367147cb1,ALB-CN-1870-4084,isSameAs,ALB-CN-1880-21801,1870,1880,70-80,0.924
4bbacd57-9e0e-4a4c-acba-a12b126b72c4,ALB-CN-1870-4086,isSameAs,ALB-CN-1880-18178,1870,1880,70-80,0.622
72a00519-edeb-46ac-af08-c51de3f0b732,ALB-CN-1870-4087,isSameAs,ALB-CN-1880-21802,1870,1880,70-80,0.971
74a4b305-6f0e-403e-8ccf-3d4a8dbf2179,ALB-CN-1870-4088,isSameAs,ALB-CN-1880-21803,1870,1880,70-80,0.622
30a73284-0f38-4bdf-8769-6d7c54913cb0,ALB-CN-1870-4089,isSameAs,ALB-CN-1880-21804,1870,1880,70-80,0.948
d460c2ab-8a56-4aaa-a939-d437d3e75572,ALB-CN-1870-409,isSameAs,ALB-CN-1880-22118,1870,1880,70-80,0.777
316bee26-9a94-4191-9675-a66d8b96b8de,ALB-CN-1870-4094,isSameAs,ALB-CN-1880-24638,1870,1880,70-80,0.924
520d8609-804a-4d52-8d9c-5f6755e50305,ALB-CN-1870-4099,isSameAs,ALB-CN-1880-23177,1870,1880,70-80,0.721
fc7c5578-b555-4bcb-b0f1-7e09d8b19890,ALB-CN-1870-41,isSameAs,ALB-CN-1880-22092,1870,1880,70-80,0.858
6d14dd36-2505-476a-8594-44cdf45958e5,ALB-CN-1870-410,isSameAs,ALB-CN-1880-26113,1870,1880,70-80,0.9
d84027f8-9270-416d-be46-ff177c99c68b,ALB-CN-1870-4100,isSameAs,ALB-CN-1880-11851,1870,1880,70-80,0.711
eb802dba-ecab-4043-a4a7-91c2bbcf7257,ALB-CN-1870-4103,isSameAs,ALB-CN-1880-29618,1870,1880,70-80,0.634
4ba128fc-d71e-44e5-a031-2ea229b88208,ALB-CN-1870-4105,isSameAs,ALB-CN-1880-20870,1870,1880,70-80,0.989
d6dbf377-bc6c-450d-b762-2cd85fb6fd33,ALB-CN-1870-4106,isSameAs,ALB-CN-1880-20871,1870,1880,70-80,0.966
dea3ff31-95ae-4e99-b2d6-0b1f98185e54,ALB-CN-1870-4107,isSameAs,ALB-CN-1880-20872,1870,1880,70-80,0.961
c8cb74b6-843e-417e-a0b2-e02ac0f2d936,ALB-CN-1870-4108,isSameAs,ALB-CN-1880-20873,1870,1880,70-80,0.668
7f15edaa-1bed-43b3-9842-37f2dc096a87,ALB-CN-1870-4109,isSameAs,ALB-CN-1880-20874,1870,1880,70-80,0.984
1a464078-efd2-426f-b84c-087e91d99060,ALB-CN-1870-411,isSameAs,ALB-CN-1880-950,1870,1880,70-80,0.711
b2f55c6c-438d-4a5d-aaa3-3984d3c7db69,ALB-CN-1870-4110,isSameAs,ALB-CN-1880-20875,1870,1880,70-80,0.75
1ee7f6d5-8713-430d-959e-41160cc6c1a5,ALB-CN-1870-4113,isSameAs,ALB-CN-1880-10311,1870,1880,70-80,0.634
720e822d-0a8b-4e76-8e29-16bd76090250,ALB-CN-1870-4117,isSameAs,ALB-CN-1880-27614,1870,1880,70-80,0.964
83a13165-2ddb-42d1-bf48-c4ee56aaaf8f,ALB-CN-1870-4118,isSameAs,ALB-CN-1880-27615,1870,1880,70-80,0.76
2e917723-b420-43aa-ac6f-8c2bfa912805,ALB-CN-1870-412,isSameAs,ALB-CN-1880-29211,1870,1880,70-80,0.818
319151ab-a774-4985-9fbf-f674b1fc8897,ALB-CN-1870-4122,isSameAs,ALB-CN-1880-27616,1870,1880,70-80,0.924
a35b44f9-d52f-4e99-9d66-f41309ae71be,ALB-CN-1870-4123,isSameAs,ALB-CN-1880-27617,1870,1880,70-80,0.924
98de54db-fead-499b-ad79-37b02d99b703,ALB-CN-1870-4129,isSameAs,ALB-CN-1880-20895,1870,1880,70-80,0.931
e83a5af2-67e9-4a5e-abb5-16e43fc06845,ALB-CN-1870-413,isSameAs,ALB-CN-1880-29212,1870,1880,70-80,0.971
2eb49366-a118-446e-883c-e86f8430b95b,ALB-CN-1870-4130,isSameAs,ALB-CN-1880-20896,1870,1880,70-80,0.99
8cab6c72-d3c1-4508-9e3d-7138ea794a61,ALB-CN-1870-4131,isSameAs,ALB-CN-1880-20897,1870,1880,70-80,0.989
6bc0cca5-097f-4375-8b63-b4be6f5f5350,ALB-CN-1870-4132,isSameAs,ALB-CN-1880-20898,1870,1880,70-80,0.973
506e5a42-b119-429c-b41e-33b64aceace7,ALB-CN-1870-4134,isSameAs,ALB-CN-1880-31605,1870,1880,70-80,0.711
65c3f000-8672-4eaa-83a6-f4e12be9c2d7,ALB-CN-1870-4138,isSameAs,ALB-CN-1880-3004,1870,1880,70-80,0.731
9ddd7910-b3ce-413e-b976-3647c60da277,ALB-CN-1870-4140,isSameAs,ALB-CN-1880-20986,1870,1880,70-80,0.87
e9a83700-9af5-4b21-bd08-83dd3b0f54c1,ALB-CN-1870-4142,isSameAs,ALB-CN-1880-20989,1870,1880,70-80,0.909
6bbc11c4-a54f-4fe5-bae5-1f1dda1ce6c5,ALB-CN-1870-4144,isSameAs,ALB-CN-1880-27135,1870,1880,70-80,0.646
a695c2b8-2e1d-4c85-b6a1-8c12fec29040,ALB-CN-1870-4147,isSameAs,ALB-CN-1880-20988,1870,1880,70-80,0.657
813d5ba7-dc9c-4a95-9075-7c9a1382ec74,ALB-CN-1870-4152,isSameAs,ALB-CN-1880-20691,1870,1880,70-80,0.802
bcd15338-e8f0-482f-ab06-21d97694e8f8,ALB-CN-1870-4154,isSameAs,ALB-CN-1880-20176,1870,1880,70-80,0.731
6145c1b7-1318-4183-9ada-633dc9d08c1b,ALB-CN-1870-4160,isSameAs,ALB-CN-1880-9142,1870,1880,70-80,0.769
09f7706d-63ca-4e37-a562-14bae2d01351,ALB-CN-1870-4161,isSameAs,ALB-CN-1880-8333,1870,1880,70-80,0.917
12e297c8-6f7f-47e9-b176-495c7cd9aeb3,ALB-CN-1870-4164,isSameAs,ALB-CN-1880-9085,1870,1880,70-80,0.721
ce2c7486-5287-44a1-8cbe-b37c90d2a660,ALB-CN-1870-417,isSameAs,ALB-CN-1880-29199,1870,1880,70-80,0.98
b3a13127-14bf-4ca2-a5ac-b969131f17ce,ALB-CN-1870-4171,isSameAs,ALB-CN-1880-306,1870,1880,70-80,0.69
9cba7a3f-45d8-4ef0-a34d-2665e706dd5f,ALB-CN-1870-4175,isSameAs,ALB-CN-1880-21245,1870,1880,70-80,0.858
7b1759c1-a59a-4227-a838-16bb08849068,ALB-CN-1870-4178,isSameAs,ALB-CN-1880-20292,1870,1880,70-80,0.971
b2139b78-372c-4044-a328-21947ef4a6c7,ALB-CN-1870-4179,isSameAs,ALB-CN-1880-20447,1870,1880,70-80,0.832
ce452b0e-2baa-4c92-9265-41e28f30a419,ALB-CN-1870-418,isSameAs,ALB-CN-1880-29200,1870,1880,70-80,0.971
9e59701f-911d-4f08-93b6-73f14517574d,ALB-CN-1870-4180,isSameAs,ALB-CN-1880-26929,1870,1880,70-80,0.668
7d77ae9d-5740-49d8-8bb4-f47bb57c5ce6,ALB-CN-1870-4181,isSameAs,ALB-CN-1880-1693,1870,1880,70-80,0.786
7041ae71-4ce0-4625-a946-f9c513b156a3,ALB-CN-1870-4182,isSameAs,ALB-CN-1880-20294,1870,1880,70-80,0.979
4d111693-1408-4556-90d0-9def445cf945,ALB-CN-1870-4183,isSameAs,ALB-CN-1880-20295,1870,1880,70-80,0.931
2e858e7b-a2ce-433f-bfbe-4e236dd414fc,ALB-CN-1870-4184,isSameAs,ALB-CN-1880-26759,1870,1880,70-80,0.948
3f6f3f92-2076-4588-b494-0c3ddf7bc778,ALB-CN-1870-4189,isSameAs,ALB-CN-1880-20289,1870,1880,70-80,0.971
b8d1759d-ca16-412a-acbd-d5bc2b6a038f,ALB-CN-1870-4191,isSameAs,ALB-CN-1880-19584,1870,1880,70-80,0.818
c9b27f7e-dfc5-45d8-8810-5829a0e5141e,ALB-CN-1870-4195,isSameAs,ALB-CN-1880-20836,1870,1880,70-80,0.769
a2e4061a-882e-4a76-88db-7b4b521ada7e,ALB-CN-1870-4196,isSameAs,ALB-CN-1880-20837,1870,1880,70-80,0.769
ad088e7a-18aa-4deb-9ab5-7ca50f2556fe,ALB-CN-1870-4197,isSameAs,ALB-CN-1880-20830,1870,1880,70-80,0.852
3ae251a3-4741-471c-97fa-9f41d4fcd9b6,ALB-CN-1870-4198,isSameAs,ALB-CN-1880-20831,1870,1880,70-80,0.832
0541c27c-dd8e-45fd-8452-c6b0d961a14f,ALB-CN-1870-42,isSameAs,ALB-CN-1880-24304,1870,1880,70-80,0.881
7ccead2d-9505-46ed-92f9-0822c8a50112,ALB-CN-1870-420,isSameAs,ALB-CN-1880-29201,1870,1880,70-80,0.953
61578eeb-5ba4-4b96-878e-19adc09a6fad,ALB-CN-1870-4201,isSameAs,ALB-CN-1880-20334,1870,1880,70-80,0.852
56edc256-045f-4d37-93c6-8aea0893a093,ALB-CN-1870-4208,isSameAs,ALB-CN-1880-20227,1870,1880,70-80,0.971
ad96cddc-5ff0-4184-8220-8dd10ef9b631,ALB-CN-1870-4209,isSameAs,ALB-CN-1880-20229,1870,1880,70-80,0.987
453143d9-8650-46fa-b883-7eb8fe8701a4,ALB-CN-1870-421,isSameAs,ALB-CN-1880-29203,1870,1880,70-80,0.668
c14e9350-0d98-440c-887e-f782940f6513,ALB-CN-1870-4210,isSameAs,ALB-CN-1880-20230,1870,1880,70-80,0.832
e75e6a58-a143-4e4c-b2ca-d7eb67a43571,ALB-CN-1870-4216,isSameAs,ALB-CN-1880-13433,1870,1880,70-80,0.76
5b86efbd-fd3b-40cf-a81c-356ffde4e03a,ALB-CN-1870-422,isSameAs,ALB-CN-1880-29202,1870,1880,70-80,0.957
f01e424c-13a4-4d05-a496-a11e3fa7db70,ALB-CN-1870-4225,isSameAs,ALB-CN-1880-20985,1870,1880,70-80,0.948
9d26dbe2-f897-4e3d-b7c4-1bfa40f5c481,ALB-CN-1870-4226,isSameAs,ALB-CN-1880-20980,1870,1880,70-80,0.953
5bc3ef5c-c56c-412b-a5a5-ba853ad57bc6,ALB-CN-1870-4227,isSameAs,ALB-CN-1880-20981,1870,1880,70-80,0.989
54e2bbf0-81e7-4010-8de8-082efbdd92dd,ALB-CN-1870-4228,isSameAs,ALB-CN-1880-20982,1870,1880,70-80,0.622
a283c136-35e8-4b72-8d37-312ec8036833,ALB-CN-1870-4229,isSameAs,ALB-CN-1880-20983,1870,1880,70-80,0.98
f97aa09c-8fa1-4fe3-a7d7-f60180c21f7f,ALB-CN-1870-423,isSameAs,ALB-CN-1880-29204,1870,1880,70-80,0.75
9f8d0a08-50e5-4e3b-819e-05179621d07b,ALB-CN-1870-4230,isSameAs,ALB-CN-1880-21325,1870,1880,70-80,0.957
49080480-9c82-4c54-8f2c-952f0f81a115,ALB-CN-1870-4237,isSameAs,ALB-CN-1880-5532,1870,1880,70-80,0.881
33b02b7f-375a-464d-acb3-118fe01b518d,ALB-CN-1870-4250,isSameAs,ALB-CN-1880-20172,1870,1880,70-80,0.846
669518db-91c7-4035-848d-67ab0ebe9ac7,ALB-CN-1870-4254,isSameAs,ALB-CN-1880-21815,1870,1880,70-80,0.953
69d312a7-db1a-4376-aff9-4ad91b9edc79,ALB-CN-1870-4255,isSameAs,ALB-CN-1880-21816,1870,1880,70-80,0.964
bf8f19f0-cda8-4916-b1b9-a37d2ebcfac3,ALB-CN-1870-4257,isSameAs,ALB-CN-1880-19630,1870,1880,70-80,0.846
c9f676bc-33bf-4dae-861d-5d28acff252e,ALB-CN-1870-4259,isSameAs,ALB-CN-1880-21817,1870,1880,70-80,0.953
ccce18b4-73f4-4088-bc39-ea8bcb18da11,ALB-CN-1870-4260,isSameAs,ALB-CN-1880-21818,1870,1880,70-80,0.971
eb14c867-4a9e-4fb3-9595-ed2256e8645e,ALB-CN-1870-4271,isSameAs,ALB-CN-1880-12305,1870,1880,70-80,0.909
4c78472a-0b5c-4103-9df9-9265b0c9584b,ALB-CN-1870-4273,isSameAs,ALB-CN-1880-12311,1870,1880,70-80,0.973
db45b1bc-a682-423b-a052-045fd0e0ddb7,ALB-CN-1870-4274,isSameAs,ALB-CN-1880-12306,1870,1880,70-80,0.668
9d940a9e-34f2-4011-a72a-5221033eef2f,ALB-CN-1870-4276,isSameAs,ALB-CN-1880-12307,1870,1880,70-80,0.973
75be4d93-b872-400c-9a77-546c91736b4a,ALB-CN-1870-4277,isSameAs,ALB-CN-1880-12312,1870,1880,70-80,0.75
84aea12a-d84c-448d-abb2-9d363f607c01,ALB-CN-1870-428,isSameAs,ALB-CN-1880-21879,1870,1880,70-80,0.909
a7ea3627-d4e4-41cd-9088-ffa2bf528024,ALB-CN-1870-4280,isSameAs,ALB-CN-1880-12308,1870,1880,70-80,0.75
913119ab-1402-430e-b48c-9a7c5fc5f0fb,ALB-CN-1870-4281,isSameAs,ALB-CN-1880-11746,1870,1880,70-80,0.87
2baae058-0b6f-4c5c-bcb1-3c4269e7a491,ALB-CN-1870-4287,isSameAs,ALB-CN-1880-6876,1870,1880,70-80,0.701
8e6d1f1c-a37a-4cc8-82fe-653c86c9f8f2,ALB-CN-1870-4288,isSameAs,ALB-CN-1880-21112,1870,1880,70-80,0.909
01b47e82-6af3-446a-bd97-fff290b10143,ALB-CN-1870-429,isSameAs,ALB-CN-1880-21880,1870,1880,70-80,0.924
6655aba8-585b-4a57-8b63-e9105be79254,ALB-CN-1870-4293,isSameAs,ALB-CN-1880-20265,1870,1880,70-80,0.9
61d85f09-f73c-4987-8cdd-079c0ecb089a,ALB-CN-1870-4295,isSameAs,ALB-CN-1880-25127,1870,1880,70-80,0.769
7c069b52-b8f8-42f3-a595-97075ceea01f,ALB-CN-1870-4296,isSameAs,ALB-CN-1880-21256,1870,1880,70-80,0.982
2efe2a1e-5b6c-498e-9037-13b79c13aa56,ALB-CN-1870-4298,isSameAs,ALB-CN-1880-21258,1870,1880,70-80,0.964
6df7d5ed-d9fa-4f63-a9dd-7bd370a33f7e,ALB-CN-1870-430,isSameAs,ALB-CN-1880-21881,1870,1880,70-80,0.924
60e3de54-9840-4aae-b8a0-db0032d7c470,ALB-CN-1870-4300,isSameAs,ALB-CN-1880-21260,1870,1880,70-80,0.931
62385cea-0398-4e9c-b490-0c659b87b640,ALB-CN-1870-4312,isSameAs,ALB-CN-1880-6861,1870,1880,70-80,0.668
abe2de56-2679-46d8-a387-629358cf5f18,ALB-CN-1870-4318,isSameAs,ALB-CN-1880-17123,1870,1880,70-80,0.75
1fd4f8c8-d564-48b0-ad7a-bf2ba6d0bbb2,ALB-CN-1870-4321,isSameAs,ALB-CN-1880-17125,1870,1880,70-80,0.891
2e42152b-11ac-46c5-8d28-4bda5c45a49b,ALB-CN-1870-4327,isSameAs,ALB-CN-1880-19494,1870,1880,70-80,0.9
ca880519-4aca-49f1-ae06-babf2d18ac41,ALB-CN-1870-4339,isSameAs,ALB-CN-1880-27292,1870,1880,70-80,0.937
3f334f6b-7f57-458a-bac9-21f5571498ea,ALB-CN-1870-4345,isSameAs,ALB-CN-1880-14944,1870,1880,70-80,0.786
22e89478-a68b-438b-9ca5-958e4db5c638,ALB-CN-1870-4346,isSameAs,ALB-CN-1880-28752,1870,1880,70-80,0.948
f3f70914-8d05-45e1-9c6b-2de00e7a55a6,ALB-CN-1870-4348,isSameAs,ALB-CN-1880-28754,1870,1880,70-80,0.948
7f27023e-eacb-4769-9480-84dce315d678,ALB-CN-1870-4350,isSameAs,ALB-CN-1880-1260,1870,1880,70-80,0.721
3fffa96e-dd8d-48c7-b61b-12be181b9c6a,ALB-CN-1870-4351,isSameAs,ALB-CN-1880-28757,1870,1880,70-80,0.924
f30260b2-c45f-4b57-9649-a6697409bd02,ALB-CN-1870-4352,isSameAs,ALB-CN-1880-25991,1870,1880,70-80,0.87
9f810289-dde6-4cae-8f8f-0984853683e1,ALB-CN-1870-4353,isSameAs,ALB-CN-1880-12269,1870,1880,70-80,0.987
3c03c33d-f21a-4a6a-8e7b-3599a30d1663,ALB-CN-1870-4354,isSameAs,ALB-CN-1880-12270,1870,1880,70-80,0.711
2b2be7d1-5d90-461e-a7d7-51963be671be,ALB-CN-1870-4355,isSameAs,ALB-CN-1880-12271,1870,1880,70-80,0.98
30e5dfa7-a3b6-4176-9ab3-f553d0e09edf,ALB-CN-1870-4356,isSameAs,ALB-CN-1880-12272,1870,1880,70-80,0.98
ea1ea642-ea60-4f41-8705-12c9170c01fc,ALB-CN-1870-4359,isSameAs,ALB-CN-1880-29700,1870,1880,70-80,0.769
8b07909a-3b26-4ef3-ad35-dbc8cb0fbf5a,ALB-CN-1870-4362,isSameAs,ALB-CN-1880-31075,1870,1880,70-80,0.953
4f37edf8-fba3-452b-b15c-64c6629338eb,ALB-CN-1870-4365,isSameAs,ALB-CN-1880-31226,1870,1880,70-80,0.976
e4215442-606f-48ec-babd-54012018244a,ALB-CN-1870-4366,isSameAs,ALB-CN-1880-31227,1870,1880,70-80,0.668
21b07fdd-ccb6-420e-bc8c-0494288458eb,ALB-CN-1870-4368,isSameAs,ALB-CN-1880-27263,1870,1880,70-80,0.832
bf5618b8-2bba-41ff-9568-6f5b734bb4e1,ALB-CN-1870-4369,isSameAs,ALB-CN-1880-27264,1870,1880,70-80,0.769
2e3f6477-61a1-4a71-95a2-690f210ca3a2,ALB-CN-1870-4371,isSameAs,ALB-CN-1880-27259,1870,1880,70-80,0.909
b0157048-c44a-424f-8a7e-310b4f26bcab,ALB-CN-1870-4373,isSameAs,ALB-CN-1880-27270,1870,1880,70-80,0.968
a46fc267-be27-4395-8d7f-6895d002a1f7,ALB-CN-1870-4374,isSameAs,ALB-CN-1880-27269,1870,1880,70-80,0.95
6f79a42d-4eb8-4e51-ae99-f8222ff3ecf4,ALB-CN-1870-439,isSameAs,ALB-CN-1880-29687,1870,1880,70-80,0.982
66c33410-0b87-4aaa-9469-2aae9fb413df,ALB-CN-1870-4395,isSameAs,ALB-CN-1880-6150,1870,1880,70-80,0.76
25a7ec81-e7ca-4b55-91d8-dcfdc7f48d5f,ALB-CN-1870-4399,isSameAs,ALB-CN-1880-10355,1870,1880,70-80,0.634
256ee7e2-1a4f-4a4a-b06f-1b3e568241a0,ALB-CN-1870-44,isSameAs,ALB-CN-1880-22093,1870,1880,70-80,0.99
a012d4b5-28db-464e-9e9b-51b9f43527e8,ALB-CN-1870-4401,isSameAs,ALB-CN-1880-27356,1870,1880,70-80,0.794
3c6c2e06-57a8-4169-9c41-1984f342fb09,ALB-CN-1870-4406,isSameAs,ALB-CN-1880-3560,1870,1880,70-80,0.818
68fc096a-802c-425d-b539-e292680d3b38,ALB-CN-1870-4415,isSameAs,ALB-CN-1880-31782,1870,1880,70-80,0.786
06aada86-0862-4f3c-9b10-4e91077170a8,ALB-CN-1870-4417,isSameAs,ALB-CN-1880-31958,1870,1880,70-80,0.825
1decc4ed-a9d1-443b-ae4f-1fd3f01ee22d,ALB-CN-1870-442,isSameAs,ALB-CN-1880-29690,1870,1880,70-80,0.909
a8db5ebc-f5e5-467b-bf41-e37b49740624,ALB-CN-1870-4423,isSameAs,ALB-CN-1880-31022,1870,1880,70-80,0.75
50657b3e-61c7-4b71-9174-a7d151d7ce68,ALB-CN-1870-4425,isSameAs,ALB-CN-1880-31846,1870,1880,70-80,0.802
f1eae364-9701-4388-b53e-eb6b4b7d1140,ALB-CN-1870-4429,isSameAs,ALB-CN-1880-24433,1870,1880,70-80,0.917
5d3cb649-0a60-4440-b69a-83269bf6a38d,ALB-CN-1870-443,isSameAs,ALB-CN-1880-29689,1870,1880,70-80,0.982
d12406b7-13a1-44be-9744-658918de3fd5,ALB-CN-1870-4430,isSameAs,ALB-CN-1880-27021,1870,1880,70-80,0.87
60da275b-90ed-4cd3-9615-f2716abde7c0,ALB-CN-1870-4433,isSameAs,ALB-CN-1880-27023,1870,1880,70-80,0.802
15c748e3-aad4-452a-9a1c-7cdb3f51c879,ALB-CN-1870-4434,isSameAs,ALB-CN-1880-27024,1870,1880,70-80,0.909
b0d10e71-bb76-4e04-bc72-60a4a2c5312d,ALB-CN-1870-4435,isSameAs,ALB-CN-1880-27025,1870,1880,70-80,0.87
00516121-1998-44dd-919a-85e61e0be1fc,ALB-CN-1870-4436,isSameAs,ALB-CN-1880-24147,1870,1880,70-80,0.75
26445e8b-4571-4a14-8668-2f58db7e7272,ALB-CN-1870-4438,isSameAs,ALB-CN-1880-24626,1870,1880,70-80,0.891
0527eaa2-1013-47a3-86aa-3d62a810d40f,ALB-CN-1870-444,isSameAs,ALB-CN-1880-29691,1870,1880,70-80,0.984
d3695879-6772-4dc6-a8b1-ad1dc9eb7faf,ALB-CN-1870-4440,isSameAs,ALB-CN-1880-32214,1870,1880,70-80,0.917
2bd9a08e-96c5-44b8-b317-2e05bd86d871,ALB-CN-1870-4443,isSameAs,ALB-CN-1880-31240,1870,1880,70-80,0.94
3708d00f-bd8d-4d77-9217-ff6dc7f276ea,ALB-CN-1870-4444,isSameAs,ALB-CN-1880-31241,1870,1880,70-80,0.937
08f99f49-8fbe-46e9-9e1d-b595c5fe8629,ALB-CN-1870-4445,isSameAs,ALB-CN-1880-27299,1870,1880,70-80,0.881
e1d6a595-c18f-4860-bf16-4f82b36ca15d,ALB-CN-1870-4446,isSameAs,ALB-CN-1880-31243,1870,1880,70-80,0.668
294b9c1d-b00e-4023-b6da-fa04ef0efe2a,ALB-CN-1870-4447,isSameAs,ALB-CN-1880-31242,1870,1880,70-80,0.937
1d703368-3408-400b-8845-a855cfbc9d17,ALB-CN-1870-4449,isSameAs,ALB-CN-1880-31245,1870,1880,70-80,0.957
69b1d7ef-1e16-4d77-a22c-b19c147d5379,ALB-CN-1870-445,isSameAs,ALB-CN-1880-29692,1870,1880,70-80,0.984
5ad63406-edfc-455a-a3e9-df472d366920,ALB-CN-1870-4450,isSameAs,ALB-CN-1880-31229,1870,1880,70-80,0.971
1ae6b39d-56b3-4e1e-afb7-a12ffe39653c,ALB-CN-1870-4451,isSameAs,ALB-CN-1880-31230,1870,1880,70-80,0.622
10661ed6-9d88-4eb7-b1e7-f672e881abc0,ALB-CN-1870-4452,isSameAs,ALB-CN-1880-31232,1870,1880,70-80,0.957
b9410f41-6c3f-4926-9577-30879924cb01,ALB-CN-1870-4453,isSameAs,ALB-CN-1880-975,1870,1880,70-80,0.846
cae8ebc8-edc9-4e2b-b0f4-c30aa797d24e,ALB-CN-1870-4454,isSameAs,ALB-CN-1880-30152,1870,1880,70-80,0.657
bfde29ce-5f7c-4a0d-9d27-7ca0c1ccfa28,ALB-CN-1870-4455,isSameAs,ALB-CN-1880-31234,1870,1880,70-80,0.957
f3b512ee-4ac5-446e-bf13-57d37b29b382,ALB-CN-1870-4457,isSameAs,ALB-CN-1880-31236,1870,1880,70-80,0.98
7f651abd-77fa-4b7b-891c-97dc92f3c253,ALB-CN-1870-4458,isSameAs,ALB-CN-1880-28785,1870,1880,70-80,0.634
1a487102-e2a6-465f-ae7d-d2accad8c3e6,ALB-CN-1870-4462,isSameAs,ALB-CN-1880-31237,1870,1880,70-80,0.957
1bbe8d64-bfc2-437b-864d-78833caf1df8,ALB-CN-1870-4463,isSameAs,ALB-CN-1880-31238,1870,1880,70-80,0.971
08c973e6-4519-4ab5-9728-19bef59a0f7b,ALB-CN-1870-4464,isSameAs,ALB-CN-1880-31239,1870,1880,70-80,0.98
51aab579-134a-4df1-8b87-0c7f6507d156,ALB-CN-1870-4468,isSameAs,ALB-CN-1880-28674,1870,1880,70-80,0.909
c96b2ff8-6b1f-4687-8fbe-91e7b617df7e,ALB-CN-1870-447,isSameAs,ALB-CN-1880-26897,1870,1880,70-80,0.896
5cd1b1a7-f117-4d17-93fe-d5605db4e3ba,ALB-CN-1870-4472,isSameAs,ALB-CN-1880-4195,1870,1880,70-80,0.622
f98557be-fe79-4238-b2ea-fa79d5bcfcab,ALB-CN-1870-448,isSameAs,ALB-CN-1880-26898,1870,1880,70-80,0.852
b702fa98-5061-4584-96ea-e9b0a305b64d,ALB-CN-1870-4485,isSameAs,ALB-CN-1880-21469,1870,1880,70-80,0.668
f64d8c35-6f3d-49dd-a77c-62deaf7e6efa,ALB-CN-1870-4487,isSameAs,ALB-CN-1880-30064,1870,1880,70-80,0.943
f66dc6b9-41cc-44fe-8ab8-8e71966ab60f,ALB-CN-1870-4489,isSameAs,ALB-CN-1880-30066,1870,1880,70-80,0.943
61216bf1-2462-4382-a2e3-f5a2064695e7,ALB-CN-1870-449,isSameAs,ALB-CN-1880-26899,1870,1880,70-80,0.98
d02eae23-cfdf-4c1a-a48c-13f28c02f726,ALB-CN-1870-4490,isSameAs,ALB-CN-1880-30067,1870,1880,70-80,0.961
00bf8823-154c-4ae6-bf55-12884b8b7b36,ALB-CN-1870-4491,isSameAs,ALB-CN-1880-30068,1870,1880,70-80,0.943
0ce4855f-0b25-478c-b8d7-6290e8dcd1d7,ALB-CN-1870-4499,isSameAs,ALB-CN-1880-30142,1870,1880,70-80,0.75
ecd51ab7-6f50-403b-a74e-154e82c23a1f,ALB-CN-1870-45,isSameAs,ALB-CN-1880-28201,1870,1880,70-80,0.721
1d085f50-78a3-414a-9f30-21f15127132b,ALB-CN-1870-450,isSameAs,ALB-CN-1880-26900,1870,1880,70-80,0.98
05d3f9aa-0954-41e2-999e-fb429f33bc11,ALB-CN-1870-4500,isSameAs,ALB-CN-1880-30143,1870,1880,70-80,0.622
9586db21-f87c-406d-bf09-f4a69b5c0a11,ALB-CN-1870-4502,isSameAs,ALB-CN-1880-30144,1870,1880,70-80,0.668
4786c23e-8784-4550-bd93-b2057d49885d,ALB-CN-1870-4504,isSameAs,ALB-CN-1880-30145,1870,1880,70-80,0.668
1ae22a03-b524-4405-90e7-74fcc1e72a88,ALB-CN-1870-4508,isSameAs,ALB-CN-1880-32120,1870,1880,70-80,0.985
ddd1f68c-238d-4189-88a6-e52f75146125,ALB-CN-1870-4509,isSameAs,ALB-CN-1880-32121,1870,1880,70-80,0.943
44266671-9ead-4191-9d8e-d4ec05f44b89,ALB-CN-1870-451,isSameAs,ALB-CN-1880-26901,1870,1880,70-80,0.948
aca94836-edfe-4de1-be42-a37c676929f2,ALB-CN-1870-4511,isSameAs,ALB-CN-1880-31492,1870,1880,70-80,0.769
60709cd4-5305-455c-bfba-46e2cb955f8f,ALB-CN-1870-4512,isSameAs,ALB-CN-1880-31491,1870,1880,70-80,0.794
bed2e644-622b-4629-ba92-80bf85d98d8f,ALB-CN-1870-4513,isSameAs,ALB-CN-1880-32123,1870,1880,70-80,0.976
3b6f47fd-5eb7-44bc-8c9d-151fb46a81f8,ALB-CN-1870-4514,isSameAs,ALB-CN-1880-32122,1870,1880,70-80,0.985
6c0a5064-a07d-4d07-9854-7dc74ffda85a,ALB-CN-1870-4518,isSameAs,ALB-CN-1880-10397,1870,1880,70-80,0.769
38c7ad71-a886-432e-b89c-f1f548ec0304,ALB-CN-1870-4519,isSameAs,ALB-CN-1880-32189,1870,1880,70-80,0.891
c0fe94d2-438c-4c6b-b3f8-f413070ab3f2,ALB-CN-1870-4525,isSameAs,ALB-CN-1880-28740,1870,1880,70-80,0.634
e2646990-a1db-4767-a370-187f3bee7914,ALB-CN-1870-4532,isSameAs,ALB-CN-1880-24382,1870,1880,70-80,0.668
6ac3af66-de42-4c0a-ba84-ff76b8b812e5,ALB-CN-1870-4534,isSameAs,ALB-CN-1880-29939,1870,1880,70-80,0.69
066db3cb-53f2-4699-a747-43147c30b5d8,ALB-CN-1870-4535,isSameAs,ALB-CN-1880-29940,1870,1880,70-80,0.769
493107c2-8860-4f23-9603-d9b7af9cbf3f,ALB-CN-1870-4536,isSameAs,ALB-CN-1880-26974,1870,1880,70-80,0.622
6d9dc910-b1d6-42ac-b7ec-e43a75eba1f5,ALB-CN-1870-4551,isSameAs,ALB-CN-1880-28489,1870,1880,70-80,0.786
49f46423-55e7-4aa8-a14c-7929b1513e80,ALB-CN-1870-4552,isSameAs,ALB-CN-1880-28490,1870,1880,70-80,0.769
2cbafb8c-7021-45e2-b857-4f4557487381,ALB-CN-1870-4561,isSameAs,ALB-CN-1880-7111,1870,1880,70-80,0.679
9d56818b-ad81-4e32-9f47-2e35a9bb1881,ALB-CN-1870-4564,isSameAs,ALB-CN-1880-24740,1870,1880,70-80,0.622
66326c8b-0576-4966-8776-a2331920e091,ALB-CN-1870-4568,isSameAs,ALB-CN-1880-31863,1870,1880,70-80,0.928
6d229432-d25b-4b1d-9c7a-14ddf6ed5fe5,ALB-CN-1870-4569,isSameAs,ALB-CN-1880-31864,1870,1880,70-80,0.909
fdc3cf68-dbd0-4dd4-bb9a-218729f30b8b,ALB-CN-1870-4570,isSameAs,ALB-CN-1880-31865,1870,1880,70-80,0.87
6b11a14d-4b6e-4879-bb32-1588408036d1,ALB-CN-1870-4573,isSameAs,ALB-CN-1880-27811,1870,1880,70-80,0.622
3e58d5bd-e8f9-4a2b-a0f6-cae2644b0861,ALB-CN-1870-4583,isSameAs,ALB-CN-1880-28766,1870,1880,70-80,0.957
47344640-0e17-44e7-887c-800643d165d4,ALB-CN-1870-4584,isSameAs,ALB-CN-1880-25444,1870,1880,70-80,0.622
f09654ef-921b-4a0a-8356-1c2adcdac280,ALB-CN-1870-4586,isSameAs,ALB-CN-1880-28770,1870,1880,70-80,0.984
3566b3d6-8f95-4f9c-80fb-71f7fa87e81c,ALB-CN-1870-4587,isSameAs,ALB-CN-1880-28769,1870,1880,70-80,0.984
137e87d7-552e-4e72-95f4-10b91504ea7a,ALB-CN-1870-4588,isSameAs,ALB-CN-1880-28771,1870,1880,70-80,0.989
dc8078d2-146b-4312-9cb6-302a6a1bdcab,ALB-CN-1870-4589,isSameAs,ALB-CN-1880-29740,1870,1880,70-80,0.622
5698806d-920e-416a-bc15-3518c76bfcde,ALB-CN-1870-4594,isSameAs,ALB-CN-1880-28725,1870,1880,70-80,0.982
6215bcb8-2745-476c-8056-04e4af5c7d81,ALB-CN-1870-4595,isSameAs,ALB-CN-1880-28726,1870,1880,70-80,0.973
bdb9f29e-3ee9-40d1-a787-7a20ab3e66c6,ALB-CN-1870-4596,isSameAs,ALB-CN-1880-28727,1870,1880,70-80,0.989
2aada8e8-db43-41d0-838a-82a5bbc4502d,ALB-CN-1870-4597,isSameAs,ALB-CN-1880-28728,1870,1880,70-80,0.99
b7461fdd-4344-4343-a4b0-2a92a6b45eed,ALB-CN-1870-4598,isSameAs,ALB-CN-1880-28729,1870,1880,70-80,0.99
54169b3f-8cdb-4eb0-8d4d-54918a54240c,ALB-CN-1870-46,isSameAs,ALB-CN-1880-22095,1870,1880,70-80,0.976
0c5a3c2a-2a41-4587-ad31-f5cbc53ca717,ALB-CN-1870-4600,isSameAs,ALB-CN-1880-30727,1870,1880,70-80,0.852
7984454f-9b7d-4ffb-baeb-f2dfb97df416,ALB-CN-1870-4604,isSameAs,ALB-CN-1880-30728,1870,1880,70-80,0.99
f3338d81-c4c9-4c65-8f2b-7bbb5b238339,ALB-CN-1870-4605,isSameAs,ALB-CN-1880-30729,1870,1880,70-80,0.917
8d63f719-c477-417f-9c1f-bd9ffc2fb79b,ALB-CN-1870-461,isSameAs,ALB-CN-1880-29234,1870,1880,70-80,0.818
c1e1befa-ba5e-483e-9784-b3e0c7dc9a9a,ALB-CN-1870-4620,isSameAs,ALB-CN-1880-31972,1870,1880,70-80,0.9
b1ba1f44-32cd-4798-bf9f-746a6e828904,ALB-CN-1870-4621,isSameAs,ALB-CN-1880-31973,1870,1880,70-80,0.976
810de8e6-78e7-497f-8bc8-3f4ee9ead34c,ALB-CN-1870-4627,isSameAs,ALB-CN-1880-26643,1870,1880,70-80,0.611
212ddc09-a8f5-4c61-b5bb-534d68e4836b,ALB-CN-1870-463,isSameAs,ALB-CN-1880-29235,1870,1880,70-80,0.99
a5e2a22b-9621-4100-93d2-e72e0cd9d2ca,ALB-CN-1870-4634,isSameAs,ALB-CN-1880-31791,1870,1880,70-80,0.953
51667edc-30e8-4581-8ecf-8851f195048a,ALB-CN-1870-464,isSameAs,ALB-CN-1880-29236,1870,1880,70-80,0.75
a885b3e4-bb9f-4c47-911c-88c5551071b8,ALB-CN-1870-465,isSameAs,ALB-CN-1880-29237,1870,1880,70-80,0.818
df7e8ade-96db-4191-8ec0-c6498597b00b,ALB-CN-1870-4650,isSameAs,ALB-CN-1880-12614,1870,1880,70-80,0.786
1ad11f1a-1028-499a-a0b1-0bff6e31dfd3,ALB-CN-1870-4653,isSameAs,ALB-CN-1880-20787,1870,1880,70-80,0.786
54cec7d8-58a0-490f-aac6-f39fb3da6d55,ALB-CN-1870-4654,isSameAs,ALB-CN-1880-26625,1870,1880,70-80,0.909
52c850d1-31ad-45fb-900a-6a3e23912d22,ALB-CN-1870-4655,isSameAs,ALB-CN-1880-15658,1870,1880,70-80,0.794
236cbb04-7a2f-4e3c-bcb5-e58b89b5a046,ALB-CN-1870-4656,isSameAs,ALB-CN-1880-13937,1870,1880,70-80,0.794
61744791-00f7-4853-8121-9b8f8ef2b6a1,ALB-CN-1870-4657,isSameAs,ALB-CN-1880-26627,1870,1880,70-80,0.909
dd84fc30-2265-4a19-9efb-858e12a74719,ALB-CN-1870-466,isSameAs,ALB-CN-1880-29238,1870,1880,70-80,0.989
e05fc6db-c8e5-45cb-b0d4-5d0047b8c1a6,ALB-CN-1870-4665,isSameAs,ALB-CN-1880-868,1870,1880,70-80,0.957
a6e15b4b-17f7-481f-aa46-986d7dc243f8,ALB-CN-1870-4666,isSameAs,ALB-CN-1880-869,1870,1880,70-80,0.832
111647b1-0b48-4fea-8784-3362df070c82,ALB-CN-1870-4667,isSameAs,ALB-CN-1880-27697,1870,1880,70-80,0.858
108ff31b-c55c-455b-8ab4-65c55486e82f,ALB-CN-1870-4669,isSameAs,ALB-CN-1880-27699,1870,1880,70-80,0.622
43246fc3-a63d-4142-a1d4-4585aa3b132b,ALB-CN-1870-467,isSameAs,ALB-CN-1880-29239,1870,1880,70-80,0.989
2b76b3c1-6078-43dd-976b-6b7fa6003c55,ALB-CN-1870-4673,isSameAs,ALB-CN-1880-18016,1870,1880,70-80,0.852
b5d663a4-6ecf-4538-9fb7-35ec752a5825,ALB-CN-1870-4675,isSameAs,ALB-CN-1880-18017,1870,1880,70-80,0.98
e2891b69-759a-4e96-b6f5-4c627a464716,ALB-CN-1870-4676,isSameAs,ALB-CN-1880-18018,1870,1880,70-80,0.948
5a91a1cf-52a9-473c-b9dd-d7d73434e108,ALB-CN-1870-4677,isSameAs,ALB-CN-1880-18019,1870,1880,70-80,0.948
e709956c-5a53-43ab-8558-6cc0858f501e,ALB-CN-1870-4678,isSameAs,ALB-CN-1880-18020,1870,1880,70-80,0.948
0a17c056-d982-4f12-b4d9-eb4f796300c2,ALB-CN-1870-4682,isSameAs,ALB-CN-1880-24727,1870,1880,70-80,0.945
fca55859-6af4-4de1-ba09-9d1898fa7db5,ALB-CN-1870-4685,isSameAs,ALB-CN-1880-32190,1870,1880,70-80,0.622
6b50420e-b14c-4538-8742-cf4c20951171,ALB-CN-1870-4690,isSameAs,ALB-CN-1880-28128,1870,1880,70-80,0.875
a5bdf606-1f21-4178-b321-4b5ccf71ae68,ALB-CN-1870-4691,isSameAs,ALB-CN-1880-28129,1870,1880,70-80,0.741
be0005e3-b9c1-4d36-a497-3f4f33d22ead,ALB-CN-1870-4692,isSameAs,ALB-CN-1880-11781,1870,1880,70-80,0.948
2ca4ab25-7fa9-43ba-a5e5-f8a9de37b860,ALB-CN-1870-4693,isSameAs,ALB-CN-1880-11782,1870,1880,70-80,0.964
38ce6caa-dbab-4e5f-bc46-270505df715f,ALB-CN-1870-4694,isSameAs,ALB-CN-1880-11783,1870,1880,70-80,0.75
1609a694-cbb9-4d39-860d-78bc39d4d377,ALB-CN-1870-4697,isSameAs,ALB-CN-1880-11784,1870,1880,70-80,0.832
b92464bf-2bfc-4512-b22d-39672ed8dc18,ALB-CN-1870-4698,isSameAs,ALB-CN-1880-11785,1870,1880,70-80,0.769
039cf966-9618-4578-9de2-d754a08b9d2c,ALB-CN-1870-4699,isSameAs,ALB-CN-1880-11786,1870,1880,70-80,0.794
0ff90a0d-7f0c-40ec-9b25-eac4f1730aee,ALB-CN-1870-47,isSameAs,ALB-CN-1880-26150,1870,1880,70-80,0.909
6f3e08f3-d0b1-4f32-ad9c-114c1d383d50,ALB-CN-1870-4700,isSameAs,ALB-CN-1880-11787,1870,1880,70-80,0.924
6203a903-d4f5-48b3-bc22-3b16247ca1c4,ALB-CN-1870-4710,isSameAs,ALB-CN-1880-9015,1870,1880,70-80,0.622
67576063-acc1-433b-a489-07fe0c6c4719,ALB-CN-1870-4717,isSameAs,ALB-CN-1880-27966,1870,1880,70-80,0.668
7cbfb06a-e019-4a0c-a659-bbeda0757423,ALB-CN-1870-4718,isSameAs,ALB-CN-1880-28050,1870,1880,70-80,0.875
95136fd5-d9ef-491f-9cd2-7c150ca510f8,ALB-CN-1870-4720,isSameAs,ALB-CN-1880-27962,1870,1880,70-80,0.731
bcdf7900-262e-46e8-ad7e-b6ab16fbed38,ALB-CN-1870-4721,isSameAs,ALB-CN-1880-1219,1870,1880,70-80,0.909
7d0a5c66-bdff-4b1e-9443-fdf52c83eceb,ALB-CN-1870-4722,isSameAs,ALB-CN-1880-27967,1870,1880,70-80,0.818
3128e32a-c29e-42bd-a532-26334c30ab3f,ALB-CN-1870-4723,isSameAs,ALB-CN-1880-27968,1870,1880,70-80,0.905
6dbfd99e-d1ce-4e1c-be3d-07e682767611,ALB-CN-1870-4726,isSameAs,ALB-CN-1880-29341,1870,1880,70-80,0.98
db3ed689-79a8-422f-b2af-64c727b0993f,ALB-CN-1870-4727,isSameAs,ALB-CN-1880-29342,1870,1880,70-80,0.896
b052a8c8-6301-4d9c-8d83-cf8b36f677d4,ALB-CN-1870-4728,isSameAs,ALB-CN-1880-29343,1870,1880,70-80,0.924
37ed8b2a-1c81-4e1f-9bb5-58fb6a1829a7,ALB-CN-1870-4729,isSameAs,ALB-CN-1880-29344,1870,1880,70-80,0.917
2e777a5c-4550-47f6-bf9c-dee09d55bdae,ALB-CN-1870-473,isSameAs,ALB-CN-1880-29261,1870,1880,70-80,0.721
278ede88-64bb-4533-bce1-89e75b7ceeb1,ALB-CN-1870-4730,isSameAs,ALB-CN-1880-29345,1870,1880,70-80,0.832
3d295439-ee93-4d9d-a230-d3dc7f617ec1,ALB-CN-1870-4731,isSameAs,ALB-CN-1880-29346,1870,1880,70-80,0.924
344c535a-b3d4-4d54-9808-fa97ed7a8d50,ALB-CN-1870-4735,isSameAs,ALB-CN-1880-29737,1870,1880,70-80,0.931
04df2709-a42b-446b-b1b4-bf945e037e49,ALB-CN-1870-4736,isSameAs,ALB-CN-1880-29736,1870,1880,70-80,0.957
9739482f-c250-4284-8d08-25bd373211ac,ALB-CN-1870-4737,isSameAs,ALB-CN-1880-29738,1870,1880,70-80,0.852
3b265bd4-5afe-4e8c-aaa1-f6370bdb312b,ALB-CN-1870-4738,isSameAs,ALB-CN-1880-29739,1870,1880,70-80,0.891
83711804-ea1a-4480-bba3-1e60f181a80c,ALB-CN-1870-4751,isSameAs,ALB-CN-1880-28020,1870,1880,70-80,0.76
4da517e5-b73b-4731-aca0-3e6c9576d670,ALB-CN-1870-4757,isSameAs,ALB-CN-1880-28057,1870,1880,70-80,0.931
2e81c19a-b0f7-4e3a-ae0d-8b024b155516,ALB-CN-1870-4758,isSameAs,ALB-CN-1880-28055,1870,1880,70-80,0.917
bfdeb1dc-c0bf-4d00-9385-098aec00b648,ALB-CN-1870-4761,isSameAs,ALB-CN-1880-28056,1870,1880,70-80,0.832
58ad461f-f4e5-47af-b5d7-831396ac4a05,ALB-CN-1870-4762,isSameAs,ALB-CN-1880-28058,1870,1880,70-80,0.943
469d5cf2-f283-4472-a4f9-5bee1611037b,ALB-CN-1870-4763,isSameAs,ALB-CN-1880-28059,1870,1880,70-80,0.769
5b639b51-a027-41e2-92b8-4dc8e7867b28,ALB-CN-1870-4764,isSameAs,ALB-CN-1880-28060,1870,1880,70-80,0.913
e66c2563-4d69-4681-a534-cc20f4b61740,ALB-CN-1870-4765,isSameAs,ALB-CN-1880-28061,1870,1880,70-80,0.957
b470a41c-7202-41c9-94f5-590cb6824f90,ALB-CN-1870-4766,isSameAs,ALB-CN-1880-25164,1870,1880,70-80,0.9
014d429a-0b98-467c-9e0f-b2a84c73d918,ALB-CN-1870-4773,isSameAs,ALB-CN-1880-18587,1870,1880,70-80,0.943
eeda3e42-8233-45f0-b4c8-b44663337f48,ALB-CN-1870-4774,isSameAs,ALB-CN-1880-2509,1870,1880,70-80,0.786
993774e7-99c3-41a3-a657-69491069f83e,ALB-CN-1870-4775,isSameAs,ALB-CN-1880-18589,1870,1880,70-80,0.968
caf2493b-9e38-4692-9ba3-a1a65064231d,ALB-CN-1870-4777,isSameAs,ALB-CN-1880-18591,1870,1880,70-80,0.943
11bbed58-a1b5-4f8e-9ed9-d48796f2dc3f,ALB-CN-1870-4779,isSameAs,ALB-CN-1880-12404,1870,1880,70-80,0.721
fd0f30f2-9663-47dd-90ba-9c80ed10a39b,ALB-CN-1870-4784,isSameAs,ALB-CN-1880-18658,1870,1880,70-80,0.87
bfeee205-68f6-4d90-91b4-1aaaab59bf6f,ALB-CN-1870-4785,isSameAs,ALB-CN-1880-22054,1870,1880,70-80,0.87
e4cf5282-403a-4f83-9420-753b8b6ed9d8,ALB-CN-1870-4787,isSameAs,ALB-CN-1880-19329,1870,1880,70-80,0.818
8ba8638c-03fa-4d82-93e1-e566fc779780,ALB-CN-1870-4789,isSameAs,ALB-CN-1880-22056,1870,1880,70-80,0.818
62a6e013-403c-4236-b163-72c99ca2f9ea,ALB-CN-1870-4791,isSameAs,ALB-CN-1880-28132,1870,1880,70-80,0.858
4c216d07-8358-4157-bbe4-bf5783254d16,ALB-CN-1870-4793,isSameAs,ALB-CN-1880-28130,1870,1880,70-80,0.825
9d5dc893-4fab-4fe2-9025-9fa156d8833b,ALB-CN-1870-4795,isSameAs,ALB-CN-1880-28108,1870,1880,70-80,0.971
bae6a79e-346e-4fc7-9611-87f7fa135ebb,ALB-CN-1870-4796,isSameAs,ALB-CN-1880-28109,1870,1880,70-80,0.98
99bb17d9-09a9-4b8b-96ed-58c89e2764be,ALB-CN-1870-4798,isSameAs,ALB-CN-1880-28110,1870,1880,70-80,0.957
5958bcc9-c5aa-4f85-bccd-dac618d5a016,ALB-CN-1870-48,isSameAs,ALB-CN-1880-24307,1870,1880,70-80,0.81
67b8c7f4-75b6-4248-8810-bcb29572fdd2,ALB-CN-1870-4800,isSameAs,ALB-CN-1880-28111,1870,1880,70-80,0.957
f6e6d06e-4e71-4092-838c-cc9ec2c62d24,ALB-CN-1870-4801,isSameAs,ALB-CN-1880-28112,1870,1880,70-80,0.937
b9bebbf9-9165-4283-8c20-16331953a4c2,ALB-CN-1870-4802,isSameAs,ALB-CN-1880-28114,1870,1880,70-80,0.75
c6232f09-a4da-4b7a-bea6-944f8d5b9859,ALB-CN-1870-4804,isSameAs,ALB-CN-1880-20316,1870,1880,70-80,0.937
2afef740-ef22-4a06-90f6-9b29b8d28a93,ALB-CN-1870-4807,isSameAs,ALB-CN-1880-20604,1870,1880,70-80,0.802
7f4e657f-bb39-489d-81b5-fcaaa443524e,ALB-CN-1870-4808,isSameAs,ALB-CN-1880-15528,1870,1880,70-80,0.943
2ee4e612-dc3f-4e34-9b59-0e22a8cf079b,ALB-CN-1870-4810,isSameAs,ALB-CN-1880-7118,1870,1880,70-80,0.825
ff722178-ea45-4b78-a951-470f53684bf5,ALB-CN-1870-4812,isSameAs,ALB-CN-1880-22907,1870,1880,70-80,0.905
ebd26801-2d41-48e0-8d89-96cd1bd1a27d,ALB-CN-1870-4823,isSameAs,ALB-CN-1880-27653,1870,1880,70-80,0.978
84b93b1b-dddf-4e8c-9a30-59d990ea56c9,ALB-CN-1870-4824,isSameAs,ALB-CN-1880-21857,1870,1880,70-80,0.924
31fdc9d2-dd10-4a09-ba3a-5e369d7abf7c,ALB-CN-1870-4825,isSameAs,ALB-CN-1880-21858,1870,1880,70-80,0.909
b748ae32-350e-41ce-ba07-67fe7d5be97b,ALB-CN-1870-4826,isSameAs,ALB-CN-1880-21859,1870,1880,70-80,0.943
496dbbe1-45a5-4e6a-bc1b-c1ebb035e68c,ALB-CN-1870-4832,isSameAs,ALB-CN-1880-27633,1870,1880,70-80,0.802
52d3af3d-0853-4f77-bfb2-9ecc6d369cd1,ALB-CN-1870-4833,isSameAs,ALB-CN-1880-26185,1870,1880,70-80,0.646
391e9a27-1955-4001-acbd-19acd1c3e3c6,ALB-CN-1870-4837,isSameAs,ALB-CN-1880-20648,1870,1880,70-80,0.622
7e36d243-9adc-470f-bc19-d120ae633d16,ALB-CN-1870-4839,isSameAs,ALB-CN-1880-21090,1870,1880,70-80,0.794
d74efd04-e40a-4ab0-9c72-8a51faaaadb3,ALB-CN-1870-484,isSameAs,ALB-CN-1880-22245,1870,1880,70-80,0.622
c4db684a-8030-47fb-b437-d1d9be69ee56,ALB-CN-1870-4841,isSameAs,ALB-CN-1880-1172,1870,1880,70-80,0.622
16a1b928-cca5-411f-885b-50891a3cba75,ALB-CN-1870-4848,isSameAs,ALB-CN-1880-30896,1870,1880,70-80,0.622
2b6a5707-cb3e-4438-b261-201da8d76852,ALB-CN-1870-485,isSameAs,ALB-CN-1880-29168,1870,1880,70-80,0.931
877ff5ca-72cc-44c4-9079-4625a3a74605,ALB-CN-1870-4850,isSameAs,ALB-CN-1880-28184,1870,1880,70-80,0.721
68166162-9857-48a1-9157-76495838cb38,ALB-CN-1870-4858,isSameAs,ALB-CN-1880-19286,1870,1880,70-80,0.989
b8fe0f40-329f-4fbb-b7de-ac9be89b6e66,ALB-CN-1870-4859,isSameAs,ALB-CN-1880-19287,1870,1880,70-80,0.989
e75f87c9-036c-407a-b805-b05e032fabca,ALB-CN-1870-486,isSameAs,ALB-CN-1880-29165,1870,1880,70-80,0.611
f456bf99-fe1c-4f1f-9a3a-0c8ef5e325f8,ALB-CN-1870-4860,isSameAs,ALB-CN-1880-19288,1870,1880,70-80,0.984
1a223e9c-abb4-4cb7-86f0-072a4f8d57c9,ALB-CN-1870-4861,isSameAs,ALB-CN-1880-19289,1870,1880,70-80,0.971
96bd67de-1e5c-460d-be8d-872a1e2b2daa,ALB-CN-1870-4862,isSameAs,ALB-CN-1880-19290,1870,1880,70-80,0.94
ae3f38b2-9dab-4e7a-ac47-a58db70114b5,ALB-CN-1870-4864,isSameAs,ALB-CN-1880-19291,1870,1880,70-80,0.875
20789daa-1122-44ed-a309-52c61effbb38,ALB-CN-1870-4866,isSameAs,ALB-CN-1880-2223,1870,1880,70-80,0.622
e6d12228-4893-422c-ac25-c3418e999878,ALB-CN-1870-4869,isSameAs,ALB-CN-1880-1382,1870,1880,70-80,0.825
88949375-905f-4a68-acc0-2b8c1be807d0,ALB-CN-1870-487,isSameAs,ALB-CN-1880-29167,1870,1880,70-80,0.909
63e1050b-0997-4884-9e71-3f1db0165f1c,ALB-CN-1870-4870,isSameAs,ALB-CN-1880-20047,1870,1880,70-80,0.69
b8668cd8-4415-4250-833b-ad81f3081aa4,ALB-CN-1870-4871,isSameAs,ALB-CN-1880-19105,1870,1880,70-80,0.818
1c871f14-575e-4341-bbc8-33443c033f67,ALB-CN-1870-4873,isSameAs,ALB-CN-1880-20045,1870,1880,70-80,0.75
5110812f-73bb-4b86-863a-8790249986b8,ALB-CN-1870-4875,isSameAs,ALB-CN-1880-19274,1870,1880,70-80,0.891
87866e67-57a9-4ce0-965e-8a91f8cea9ed,ALB-CN-1870-4876,isSameAs,ALB-CN-1880-19275,1870,1880,70-80,0.721
e90fb3de-16d8-4855-b426-81ddddae4c92,ALB-CN-1870-4877,isSameAs,ALB-CN-1880-19319,1870,1880,70-80,0.969
d72cc7ab-0ca7-45f7-8d8f-1ca4128b0d32,ALB-CN-1870-4878,isSameAs,ALB-CN-1880-19323,1870,1880,70-80,0.984
e016750a-fc68-4cfc-9be4-92b94decac87,ALB-CN-1870-488,isSameAs,ALB-CN-1880-29169,1870,1880,70-80,0.968
5656c882-8aa2-432e-8c42-2103d3440e28,ALB-CN-1870-4881,isSameAs,ALB-CN-1880-19075,1870,1880,70-80,0.69
99446dc2-e5ef-424b-8de6-f393b1716be5,ALB-CN-1870-4884,isSameAs,ALB-CN-1880-19077,1870,1880,70-80,0.832
fc182104-eb03-4b0f-b520-e559bcdfbac1,ALB-CN-1870-4886,isSameAs,ALB-CN-1880-19800,1870,1880,70-80,0.731
b526c362-9b8c-487b-94e1-afcad19b6be6,ALB-CN-1870-4888,isSameAs,ALB-CN-1880-22037,1870,1880,70-80,0.875
2dd8212c-944c-43a5-aa2e-567835618a90,ALB-CN-1870-4889,isSameAs,ALB-CN-1880-22038,1870,1880,70-80,0.721
fb44cf58-4072-4638-9fef-18cb85123ded,ALB-CN-1870-489,isSameAs,ALB-CN-1880-29170,1870,1880,70-80,0.777
df56c72f-b5ad-4d9b-8fba-baba2b93cda3,ALB-CN-1870-4890,isSameAs,ALB-CN-1880-22039,1870,1880,70-80,0.87
96a1ccb3-6464-4dd8-bb60-55c5c437832f,ALB-CN-1870-4891,isSameAs,ALB-CN-1880-9945,1870,1880,70-80,0.905
ea747dc3-3a24-471c-aeee-23aaa633729c,ALB-CN-1870-4893,isSameAs,ALB-CN-1880-21851,1870,1880,70-80,0.611
d13db55d-c756-40d9-8864-c0f850f0e8ce,ALB-CN-1870-4896,isSameAs,ALB-CN-1880-3476,1870,1880,70-80,0.75
291cec43-3893-4b1a-8e71-0e638efed27e,ALB-CN-1870-4897,isSameAs,ALB-CN-1880-21853,1870,1880,70-80,0.741
0c08e965-9ae2-4a4b-b0fa-e9ef06d7512b,ALB-CN-1870-49,isSameAs,ALB-CN-1880-21934,1870,1880,70-80,0.99
314beefa-6329-47f9-b7c3-23bd8dd6b1c3,ALB-CN-1870-490,isSameAs,ALB-CN-1880-29171,1870,1880,70-80,0.839
43b65a62-c1d5-4dac-a042-36e95dba4a5c,ALB-CN-1870-4901,isSameAs,ALB-CN-1880-21839,1870,1880,70-80,0.875
2abe4317-c270-4b8f-94d0-39b2a0ff77de,ALB-CN-1870-4904,isSameAs,ALB-CN-1880-1694,1870,1880,70-80,0.786
4cde6e5c-ad6e-4b36-9db6-3458109ec137,ALB-CN-1870-4906,isSameAs,ALB-CN-1880-21842,1870,1880,70-80,0.961
6fa57778-2968-4264-ace2-fbc7685d0ced,ALB-CN-1870-4907,isSameAs,ALB-CN-1880-21843,1870,1880,70-80,0.937
2c8144c9-42ae-479c-8924-d5e91944c2af,ALB-CN-1870-491,isSameAs,ALB-CN-1880-29163,1870,1880,70-80,0.948
05d9cb8b-3809-4747-9225-649cfa629e16,ALB-CN-1870-4913,isSameAs,ALB-CN-1880-21442,1870,1880,70-80,0.937
2c16db67-d0e2-4918-98db-4d5fbae21eda,ALB-CN-1870-4915,isSameAs,ALB-CN-1880-21445,1870,1880,70-80,0.87
b7cddfa9-a88e-4ce6-a35a-9eac99d6e40e,ALB-CN-1870-4916,isSameAs,ALB-CN-1880-21446,1870,1880,70-80,0.909
ff16bb65-c08e-4ca9-b73b-712be21e65f1,ALB-CN-1870-492,isSameAs,ALB-CN-1880-29164,1870,1880,70-80,0.909
452dfb7b-49d4-417d-a7d2-edd363f48bb9,ALB-CN-1870-4921,isSameAs,ALB-CN-1880-2437,1870,1880,70-80,0.75
12d164b3-ca2c-460c-8e9c-91ff3a44b54c,ALB-CN-1870-4929,isSameAs,ALB-CN-1880-20840,1870,1880,70-80,0.986
97c0ff6c-5755-4ba2-966f-9c810d97f761,ALB-CN-1870-493,isSameAs,ALB-CN-1880-29721,1870,1880,70-80,0.858
35d0f5f2-0698-4d11-9510-39953d12e7ec,ALB-CN-1870-4930,isSameAs,ALB-CN-1880-20841,1870,1880,70-80,0.622
0548ec0d-b3bc-4542-b0c0-42aead18e620,ALB-CN-1870-4932,isSameAs,ALB-CN-1880-20842,1870,1880,70-80,0.989
de1e9554-7bd0-44dc-a71a-83d8b7efee3b,ALB-CN-1870-4933,isSameAs,ALB-CN-1880-20844,1870,1880,70-80,0.957
17767408-c9f7-4fa1-b195-dbbbcc0355ac,ALB-CN-1870-4934,isSameAs,ALB-CN-1880-20845,1870,1880,70-80,0.957
9b951da3-5956-4d59-a986-84928fb2f18e,ALB-CN-1870-4935,isSameAs,ALB-CN-1880-23680,1870,1880,70-80,0.971
7b9f167e-a865-47b4-8b69-024f69d2c5d9,ALB-CN-1870-4936,isSameAs,ALB-CN-1880-23681,1870,1880,70-80,0.959
f329cac9-8359-4100-8cfe-baa66d9655a7,ALB-CN-1870-4937,isSameAs,ALB-CN-1880-23682,1870,1880,70-80,0.913
3b192b18-b0ac-4dd5-ab16-e1c13ad734b9,ALB-CN-1870-4938,isSameAs,ALB-CN-1880-23683,1870,1880,70-80,0.913
20b149e6-f75c-4baf-be15-1fb5c88f0a0a,ALB-CN-1870-4939,isSameAs,ALB-CN-1880-23684,1870,1880,70-80,0.75
c74ef0f7-1044-40c4-ab9f-ae9536abbecd,ALB-CN-1870-494,isSameAs,ALB-CN-1880-29719,1870,1880,70-80,0.741
d4335f1f-44fc-4c5f-a6d3-885140778265,ALB-CN-1870-4940,isSameAs,ALB-CN-1880-23685,1870,1880,70-80,0.913
4e2846db-021b-4384-841c-de987dfb168f,ALB-CN-1870-4941,isSameAs,ALB-CN-1880-24317,1870,1880,70-80,0.99
c10e62d3-27d5-4ae0-ab90-786fd527dcd5,ALB-CN-1870-4942,isSameAs,ALB-CN-1880-24318,1870,1880,70-80,0.982
9a75cc0a-7ea4-48de-b0b6-3eeee81b2211,ALB-CN-1870-4944,isSameAs,ALB-CN-1880-20881,1870,1880,70-80,0.69
45ef20f1-45a4-454a-ad7a-41e187e60791,ALB-CN-1870-4945,isSameAs,ALB-CN-1880-24319,1870,1880,70-80,0.985
9c859d47-b1f6-4a47-8067-41b5bf3a9fb3,ALB-CN-1870-4946,isSameAs,ALB-CN-1880-24320,1870,1880,70-80,0.976
727f1435-3583-45d7-855a-6f5851acab23,ALB-CN-1870-495,isSameAs,ALB-CN-1880-21602,1870,1880,70-80,0.622
17a49b25-d18b-454c-8cd6-a09f797bf791,ALB-CN-1870-4950,isSameAs,ALB-CN-1880-23696,1870,1880,70-80,0.928
73caafa4-4006-442c-a2cd-1017015f5a1d,ALB-CN-1870-4951,isSameAs,ALB-CN-1880-23697,1870,1880,70-80,0.937
96a9c4f9-7cf5-44ee-b756-86f2a6105119,ALB-CN-1870-4952,isSameAs,ALB-CN-1880-23698,1870,1880,70-80,0.948
ec87481f-f758-40cc-90f4-0c84139dcd60,ALB-CN-1870-496,isSameAs,ALB-CN-1880-29722,1870,1880,70-80,0.909
cb4405fe-8ce8-4cf5-b9b7-a77c3605c966,ALB-CN-1870-4964,isSameAs,ALB-CN-1880-31526,1870,1880,70-80,0.646
7363a6cb-82c6-485a-b7eb-ae4b6813b063,ALB-CN-1870-4965,isSameAs,ALB-CN-1880-24321,1870,1880,70-80,0.721
e5c4725b-bf8c-4af7-aaec-34e8cd131f1a,ALB-CN-1870-4967,isSameAs,ALB-CN-1880-3025,1870,1880,70-80,0.984
00351b3a-c392-49af-83a2-ab937738d18a,ALB-CN-1870-4968,isSameAs,ALB-CN-1880-3026,1870,1880,70-80,0.924
3781fda2-d407-459e-8505-751ba1b2b2b0,ALB-CN-1870-4969,isSameAs,ALB-CN-1880-3027,1870,1880,70-80,0.98
d4e30990-2d2a-4457-b825-1b57f1b47442,ALB-CN-1870-497,isSameAs,ALB-CN-1880-29148,1870,1880,70-80,0.989
a16acb88-0009-4e7c-b8cd-66c70831ecdc,ALB-CN-1870-4980,isSameAs,ALB-CN-1880-28847,1870,1880,70-80,0.622
02ef39ad-d022-4245-9be6-74fa5c79b9f6,ALB-CN-1870-4982,isSameAs,ALB-CN-1880-28851,1870,1880,70-80,0.622
1ac02726-94ce-4ddc-9ff1-f50006f7201e,ALB-CN-1870-4983,isSameAs,ALB-CN-1880-11874,1870,1880,70-80,0.721
6db59368-acf1-445f-a2ae-77bcfe95e0fb,ALB-CN-1870-4989,isSameAs,ALB-CN-1880-21747,1870,1880,70-80,0.711
b8b720dd-9d78-4c71-9916-36430a51f291,ALB-CN-1870-499,isSameAs,ALB-CN-1880-29149,1870,1880,70-80,0.99
fa2ea8c8-91a9-494c-8fb4-50b24f8e1e50,ALB-CN-1870-4992,isSameAs,ALB-CN-1880-21750,1870,1880,70-80,0.937
9ed4ea8c-9ac3-405b-8fab-da5e5b40b49f,ALB-CN-1870-4994,isSameAs,ALB-CN-1880-20565,1870,1880,70-80,0.769
87150ced-6cf4-4a9e-83d0-22483863da06,ALB-CN-1870-4995,isSameAs,ALB-CN-1880-20564,1870,1880,70-80,0.769
c6380398-5758-408f-850b-00817aed21e6,ALB-CN-1870-4996,isSameAs,ALB-CN-1880-24323,1870,1880,70-80,0.75
8e30f38d-409e-4878-932c-23fc6548d5f7,ALB-CN-1870-4997,isSameAs,ALB-CN-1880-20563,1870,1880,70-80,0.881
9679d1a3-baf5-4ef8-856e-0e946484ebc5,ALB-CN-1870-5,isSameAs,ALB-CN-1880-22047,1870,1880,70-80,0.802
653c38ec-ca75-4440-92fb-54360acb8887,ALB-CN-1870-50,isSameAs,ALB-CN-1880-21935,1870,1880,70-80,0.978
0da8138f-9a6d-4b1f-8527-e36bf68cf3e9,ALB-CN-1870-5000,isSameAs,ALB-CN-1880-21654,1870,1880,70-80,0.76
504fe367-5a4b-47c4-9f77-c207bf86c91b,ALB-CN-1870-5001,isSameAs,ALB-CN-1880-21655,1870,1880,70-80,0.846
1186b92b-647b-4776-8a89-d0f2fea25e6d,ALB-CN-1870-5003,isSameAs,ALB-CN-1880-13386,1870,1880,70-80,0.668
dee7673f-7766-4e0a-b4b5-b4d9bc9bb62f,ALB-CN-1870-5007,isSameAs,ALB-CN-1880-21668,1870,1880,70-80,0.852
a60f77de-b274-41ab-a4cf-4f6d8d283b97,ALB-CN-1870-5008,isSameAs,ALB-CN-1880-21669,1870,1880,70-80,0.909
16ba2b78-e669-479a-ae1d-cd21fff6df57,ALB-CN-1870-5009,isSameAs,ALB-CN-1880-21670,1870,1880,70-80,0.924
2b932269-b4e2-407b-9af4-f487d193d8d3,ALB-CN-1870-5010,isSameAs,ALB-CN-1880-25805,1870,1880,70-80,0.711
e6722277-5f0b-43a8-a052-527a8e562f16,ALB-CN-1870-5011,isSameAs,ALB-CN-1880-31479,1870,1880,70-80,0.657
b4f4ffb0-ba5c-49a8-97d5-8d8d18c3d915,ALB-CN-1870-5016,isSameAs,ALB-CN-1880-2369,1870,1880,70-80,0.75
801ba2c0-d6cd-4e34-9575-62f5a5569220,ALB-CN-1870-5017,isSameAs,ALB-CN-1880-16017,1870,1880,70-80,0.909
14f7773e-4d83-4a4e-a41d-67c41f0dcb87,ALB-CN-1870-5019,isSameAs,ALB-CN-1880-16016,1870,1880,70-80,0.825
586226e3-a937-45fe-8cc2-256b0d16e1e4,ALB-CN-1870-502,isSameAs,ALB-CN-1880-29143,1870,1880,70-80,0.985
b446b7ea-2beb-4607-b94c-dd4a4eaf560b,ALB-CN-1870-5029,isSameAs,ALB-CN-1880-16014,1870,1880,70-80,0.646
609e0323-c9e8-4766-9ff7-53ea4f434a32,ALB-CN-1870-503,isSameAs,ALB-CN-1880-29144,1870,1880,70-80,0.989
5dfb7403-462b-43b8-b9ae-289d0713b453,ALB-CN-1870-5033,isSameAs,ALB-CN-1880-20376,1870,1880,70-80,0.924
51e62c40-eb44-4576-88ad-23bfec3d2be3,ALB-CN-1870-5035,isSameAs,ALB-CN-1880-20729,1870,1880,70-80,0.711
b7fcb705-9c02-4829-87e9-ab84ce61d012,ALB-CN-1870-5036,isSameAs,ALB-CN-1880-20730,1870,1880,70-80,0.721
afd02c61-2a41-4f29-9cef-25ce2945c681,ALB-CN-1870-504,isSameAs,ALB-CN-1880-29145,1870,1880,70-80,0.818
ca7543e2-0e4b-49a1-9633-294f26eaa2bb,ALB-CN-1870-5042,isSameAs,ALB-CN-1880-21125,1870,1880,70-80,0.668
5fdce4b2-d2e2-4c6e-bab8-9f208ffe9ee2,ALB-CN-1870-5045,isSameAs,ALB-CN-1880-517,1870,1880,70-80,0.75
1ea23775-a4e2-4058-8a68-49aecb874800,ALB-CN-1870-5054,isSameAs,ALB-CN-1880-20598,1870,1880,70-80,0.846
d9d687a4-2289-4335-92b0-924412ac6291,ALB-CN-1870-5076,isSameAs,ALB-CN-1880-18475,1870,1880,70-80,0.721
1e9805af-14ca-40ec-9740-1e664bc4db74,ALB-CN-1870-5084,isSameAs,ALB-CN-1880-20879,1870,1880,70-80,0.943
d063e6a8-05fc-44c2-a05a-ddffe5feb5c3,ALB-CN-1870-5085,isSameAs,ALB-CN-1880-20880,1870,1880,70-80,0.976
9d96bd47-b234-4593-ae3b-9351631647c9,ALB-CN-1870-5086,isSameAs,ALB-CN-1880-20791,1870,1880,70-80,0.858
8502a022-a128-4ea3-9544-9259525cc064,ALB-CN-1870-5089,isSameAs,ALB-CN-1880-20882,1870,1880,70-80,0.989
28302a14-7cac-4638-be2d-3482b6d8855b,ALB-CN-1870-5090,isSameAs,ALB-CN-1880-20883,1870,1880,70-80,0.989
7e89991e-411d-4e0d-96c3-63f12a890ed5,ALB-CN-1870-511,isSameAs,ALB-CN-1880-28071,1870,1880,70-80,0.668
3ef8f8b2-6eea-4c53-afe9-42756ae7899e,ALB-CN-1870-5117,isSameAs,ALB-CN-1880-20781,1870,1880,70-80,0.818
a62099ea-51bc-4966-b88b-4448b20f6649,ALB-CN-1870-5118,isSameAs,ALB-CN-1880-20782,1870,1880,70-80,0.957
53ab1da4-9f60-498f-a951-445dac601cfe,ALB-CN-1870-5119,isSameAs,ALB-CN-1880-15086,1870,1880,70-80,0.786
0c286dbb-7130-4141-a696-3a38a9f3b3fd,ALB-CN-1870-5120,isSameAs,ALB-CN-1880-20783,1870,1880,70-80,0.957
cbcf31f7-c7c1-489c-87d5-7163a3bdb32b,ALB-CN-1870-5121,isSameAs,ALB-CN-1880-15783,1870,1880,70-80,0.679
9cc5b5dc-0bd5-43d8-93cd-eab8919d15ff,ALB-CN-1870-5122,isSameAs,ALB-CN-1880-20784,1870,1880,70-80,0.818
188f948e-a423-46c0-92a6-8551b22c096d,ALB-CN-1870-5123,isSameAs,ALB-CN-1880-20785,1870,1880,70-80,0.989
cd486430-2489-456b-a434-a4eb25b17aec,ALB-CN-1870-5124,isSameAs,ALB-CN-1880-20786,1870,1880,70-80,0.818
cd1af2b2-594a-4869-a8d2-d14aadab0bf5,ALB-CN-1870-5126,isSameAs,ALB-CN-1880-20777,1870,1880,70-80,0.846
083559c4-4732-48e9-b7dd-cb405b5e2b64,ALB-CN-1870-5129,isSameAs,ALB-CN-1880-21773,1870,1880,70-80,0.891
42ba25cc-71df-4e43-a524-7bc0dceac7a9,ALB-CN-1870-513,isSameAs,ALB-CN-1880-21723,1870,1880,70-80,0.634
5e76f393-ad48-4f42-9f17-43f5f0bfc42a,ALB-CN-1870-5133,isSameAs,ALB-CN-1880-20773,1870,1880,70-80,0.786
54d3442b-a2b5-447f-a1a3-589b028bd5d7,ALB-CN-1870-5135,isSameAs,ALB-CN-1880-20780,1870,1880,70-80,0.786
2c9b2fd8-e8e2-4ce8-bb2f-04663b454575,ALB-CN-1870-5137,isSameAs,ALB-CN-1880-20817,1870,1880,70-80,0.971
25ca4438-6bd1-4b4f-a757-ca6e7aa99530,ALB-CN-1870-5138,isSameAs,ALB-CN-1880-20818,1870,1880,70-80,0.818
1beacf9d-cee6-486d-a2fb-8cd7aad3cec5,ALB-CN-1870-5139,isSameAs,ALB-CN-1880-20819,1870,1880,70-80,0.971
09cdcb49-b9f2-453f-85c7-31b0bd3a471d,ALB-CN-1870-514,isSameAs,ALB-CN-1880-29309,1870,1880,70-80,0.948
7b6c53d9-40b4-4de8-a6ce-a498f92ada1e,ALB-CN-1870-5140,isSameAs,ALB-CN-1880-19655,1870,1880,70-80,0.668
35d547cc-086c-4097-b601-8bda0393cb7d,ALB-CN-1870-5142,isSameAs,ALB-CN-1880-1199,1870,1880,70-80,0.769
f92a344d-ea54-4f09-b8d8-ed47cd6427fe,ALB-CN-1870-5144,isSameAs,ALB-CN-1880-23328,1870,1880,70-80,0.646
c2776b3c-0f3c-4834-8c64-c356fce2e853,ALB-CN-1870-5145,isSameAs,ALB-CN-1880-24641,1870,1880,70-80,0.832
4e8e71c1-d10f-4354-ad51-5a6f874f1297,ALB-CN-1870-5147,isSameAs,ALB-CN-1880-20969,1870,1880,70-80,0.711
9e8ab5b2-f8ff-4276-98d3-b11e40cd0f2e,ALB-CN-1870-5148,isSameAs,ALB-CN-1880-20970,1870,1880,70-80,0.622
13caf6a1-8131-4976-962c-d319f154e0f3,ALB-CN-1870-5149,isSameAs,ALB-CN-1880-20971,1870,1880,70-80,0.971
5caf3f04-a6c5-433a-8a7d-f0f7e53cc723,ALB-CN-1870-5150,isSameAs,ALB-CN-1880-20972,1870,1880,70-80,0.98
095f24b9-9a70-463c-956f-f69094f17137,ALB-CN-1870-5156,isSameAs,ALB-CN-1880-20964,1870,1880,70-80,0.931
790be576-f1bf-4477-9f41-99788a550aa2,ALB-CN-1870-5157,isSameAs,ALB-CN-1880-20960,1870,1880,70-80,0.984
a07a18c7-01e7-43b8-96f3-d2b1df28c1ba,ALB-CN-1870-5158,isSameAs,ALB-CN-1880-20965,1870,1880,70-80,0.81
730c760e-f8eb-4d1f-b18f-ad0cd2c5ff9c,ALB-CN-1870-5159,isSameAs,ALB-CN-1880-20961,1870,1880,70-80,0.971
feb5e247-b874-41bf-a88c-cee99a55d085,ALB-CN-1870-516,isSameAs,ALB-CN-1880-29140,1870,1880,70-80,0.937
e5e3477b-5794-4da2-bb0e-932903c325f0,ALB-CN-1870-5160,isSameAs,ALB-CN-1880-20962,1870,1880,70-80,0.957
1842b804-d07d-417f-a6dc-47094247a0df,ALB-CN-1870-5161,isSameAs,ALB-CN-1880-20966,1870,1880,70-80,0.957
c5bb52c0-0697-4b1c-89d6-01fd35851268,ALB-CN-1870-5162,isSameAs,ALB-CN-1880-20963,1870,1880,70-80,0.976
bf0f6d97-d989-49ee-94a8-8490c89421d3,ALB-CN-1870-5164,isSameAs,ALB-CN-1880-21524,1870,1880,70-80,0.987
376818cc-5a8f-4850-8b4c-6ab93ca84254,ALB-CN-1870-5165,isSameAs,ALB-CN-1880-1448,1870,1880,70-80,0.646
f0c2ce0c-7e31-470a-899e-1788b2ef7833,ALB-CN-1870-5166,isSameAs,ALB-CN-1880-21526,1870,1880,70-80,0.98
84d6ca42-f8c3-447b-9f9d-4565db860652,ALB-CN-1870-5167,isSameAs,ALB-CN-1880-21270,1870,1880,70-80,0.646
2ae994f0-3e80-4d25-ac14-62f05377f75f,ALB-CN-1870-5168,isSameAs,ALB-CN-1880-21528,1870,1880,70-80,0.948
7899f17a-05da-4729-afa8-c0c475d60998,ALB-CN-1870-5169,isSameAs,ALB-CN-1880-2799,1870,1880,70-80,0.622
54b61d16-e818-4212-9915-e5d92bc15dd5,ALB-CN-1870-517,isSameAs,ALB-CN-1880-29141,1870,1880,70-80,0.924
8715ea07-1eae-44e8-b8b2-b1714a5c93bc,ALB-CN-1870-5170,isSameAs,ALB-CN-1880-21530,1870,1880,70-80,0.948
d48366d9-1caa-4225-84a2-db8b9d90b203,ALB-CN-1870-5172,isSameAs,ALB-CN-1880-20298,1870,1880,70-80,0.931
3f94ce4b-3d17-4d24-8e86-5559cbe12176,ALB-CN-1870-5173,isSameAs,ALB-CN-1880-20299,1870,1880,70-80,0.87
63956913-c417-4217-a37c-dc2ea78419d8,ALB-CN-1870-5174,isSameAs,ALB-CN-1880-20300,1870,1880,70-80,0.98
9adaa915-2234-4022-8cbd-5d8d3c093095,ALB-CN-1870-5175,isSameAs,ALB-CN-1880-10211,1870,1880,70-80,0.881
2c6feb4d-809f-47e4-883e-a30e3548bdf9,ALB-CN-1870-5188,isSameAs,ALB-CN-1880-19709,1870,1880,70-80,0.786
d4d00d34-73f7-4af9-aef5-d9a319127a96,ALB-CN-1870-5190,isSameAs,ALB-CN-1880-18715,1870,1880,70-80,0.721
6a0b4bd9-cf92-4ed0-946c-151aee6fa963,ALB-CN-1870-5191,isSameAs,ALB-CN-1880-1073,1870,1880,70-80,0.646
3aaba1f9-2999-494d-84c9-2c12cf48b5f5,ALB-CN-1870-5192,isSameAs,ALB-CN-1880-20358,1870,1880,70-80,0.957
cf6ee455-77d4-4555-9b5c-7c34a6870fb4,ALB-CN-1870-5193,isSameAs,ALB-CN-1880-20359,1870,1880,70-80,0.913
18d766db-8523-4ff0-b753-bfdac6f6ad01,ALB-CN-1870-5195,isSameAs,ALB-CN-1880-20362,1870,1880,70-80,0.98
f5fca8b2-22ab-4679-a8fc-2b4fbcf54a29,ALB-CN-1870-5196,isSameAs,ALB-CN-1880-11964,1870,1880,70-80,0.948
bee9b399-40fa-4b77-9ee7-d6fe6d30d6dd,ALB-CN-1870-52,isSameAs,ALB-CN-1880-21937,1870,1880,70-80,0.984
0abf3beb-a42d-46d5-9ec1-f5c7c14dcde2,ALB-CN-1870-520,isSameAs,ALB-CN-1880-29322,1870,1880,70-80,0.984
666f6247-3866-4631-bd8a-c70812e35829,ALB-CN-1870-5200,isSameAs,ALB-CN-1880-20363,1870,1880,70-80,0.957
a6a0ec0e-62b9-4ed1-99ee-4952cb87df3d,ALB-CN-1870-5201,isSameAs,ALB-CN-1880-20361,1870,1880,70-80,0.961
cc19f941-0660-43e6-8252-f93b21bf06fc,ALB-CN-1870-5202,isSameAs,ALB-CN-1880-20442,1870,1880,70-80,0.983
078e5da9-a035-4767-835a-570bdb8d88d1,ALB-CN-1870-5203,isSameAs,ALB-CN-1880-20443,1870,1880,70-80,0.909
1897ad7a-1057-44ba-a508-64fe3b2577b3,ALB-CN-1870-5206,isSameAs,ALB-CN-1880-19671,1870,1880,70-80,0.973
53847c2f-93c8-475e-b4ca-341041da9cdf,ALB-CN-1870-5207,isSameAs,ALB-CN-1880-19672,1870,1880,70-80,0.989
c9cd3e01-1e2e-4dda-8ed1-5983b5e8791d,ALB-CN-1870-5209,isSameAs,ALB-CN-1880-19673,1870,1880,70-80,0.976
1c808d47-42d8-435b-aa49-c842286fb995,ALB-CN-1870-521,isSameAs,ALB-CN-1880-29324,1870,1880,70-80,0.961
8cb9787c-3d13-4a37-b0d2-be83c0c913c6,ALB-CN-1870-5210,isSameAs,ALB-CN-1880-19674,1870,1880,70-80,0.75
87477b1a-16b1-4308-92d8-90e5b3d718e5,ALB-CN-1870-5211,isSameAs,ALB-CN-1880-1942,1870,1880,70-80,0.846
99b9a77b-b8c2-4137-95bf-e6fc988d04b7,ALB-CN-1870-5212,isSameAs,ALB-CN-1880-19675,1870,1880,70-80,0.99
6f836b39-96ab-4687-b828-c5ecec444741,ALB-CN-1870-5215,isSameAs,ALB-CN-1880-19679,1870,1880,70-80,0.891
c89b2f70-9a67-49ed-9b07-13e68fa98003,ALB-CN-1870-5216,isSameAs,ALB-CN-1880-20209,1870,1880,70-80,0.948
038729a0-0f27-4c3f-9519-97aa7836de6c,ALB-CN-1870-5217,isSameAs,ALB-CN-1880-20210,1870,1880,70-80,0.794
4f1c1c95-7484-4e7a-a9cd-c93db1600236,ALB-CN-1870-5219,isSameAs,ALB-CN-1880-2608,1870,1880,70-80,0.622
ae263fcb-2e71-4b7c-ab3a-fb2d7e68f9db,ALB-CN-1870-5220,isSameAs,ALB-CN-1880-20211,1870,1880,70-80,0.852
d5ea6b2f-9d46-4bbe-9449-2c5b80636fe2,ALB-CN-1870-5221,isSameAs,ALB-CN-1880-20212,1870,1880,70-80,0.852
6b2f5a5c-d3a4-4988-9b60-73dc220385c5,ALB-CN-1870-5223,isSameAs,ALB-CN-1880-20214,1870,1880,70-80,0.924
0c4c39da-6d46-446a-a1b5-10984f6ca38a,ALB-CN-1870-5224,isSameAs,ALB-CN-1880-2614,1870,1880,70-80,0.711
003a8a01-2c0d-4088-a209-efa30b6b7d7c,ALB-CN-1870-5225,isSameAs,ALB-CN-1880-20216,1870,1880,70-80,0.794
16b47e1a-d36f-4d41-bdeb-86c7dcc34c60,ALB-CN-1870-5230,isSameAs,ALB-CN-1880-20446,1870,1880,70-80,0.9
d1213d53-09fe-4cf9-8489-bc21a8682656,ALB-CN-1870-5232,isSameAs,ALB-CN-1880-5390,1870,1880,70-80,0.769
5438cbc6-c0c8-4f90-a92a-43f910934cba,ALB-CN-1870-5234,isSameAs,ALB-CN-1880-15313,1870,1880,70-80,0.832
2084904c-0f5b-4f5a-bc87-13ae267b9ef2,ALB-CN-1870-5237,isSameAs,ALB-CN-1880-20448,1870,1880,70-80,0.98
29d629e5-edbc-4efa-810e-3dd3716e3061,ALB-CN-1870-5241,isSameAs,ALB-CN-1880-19246,1870,1880,70-80,0.832
c15e877a-85a3-41c0-b696-546dab522050,ALB-CN-1870-5242,isSameAs,ALB-CN-1880-19247,1870,1880,70-80,0.98
b6f20fe7-3310-4429-a64d-8a561b126b61,ALB-CN-1870-5243,isSameAs,ALB-CN-1880-19248,1870,1880,70-80,0.948
c904a089-5fec-4848-8518-f415ffe61bfc,ALB-CN-1870-5244,isSameAs,ALB-CN-1880-19249,1870,1880,70-80,0.852
a09ad7e9-3810-4026-9c0e-0e697b49b930,ALB-CN-1870-5257,isSameAs,ALB-CN-1880-20699,1870,1880,70-80,0.948
917f2e12-7759-4045-b6c3-4b637a4b3d65,ALB-CN-1870-5258,isSameAs,ALB-CN-1880-20700,1870,1880,70-80,0.924
db333bae-fc82-4a16-9f1b-3e86edbbc50e,ALB-CN-1870-5259,isSameAs,ALB-CN-1880-20701,1870,1880,70-80,0.852
d850077e-27d8-4a18-91f7-188234ab74ab,ALB-CN-1870-5260,isSameAs,ALB-CN-1880-20702,1870,1880,70-80,0.924
7e4d7b5b-1b9f-44d1-9851-998a7a2790c6,ALB-CN-1870-5261,isSameAs,ALB-CN-1880-20703,1870,1880,70-80,0.622
cfa7dd26-12c8-4020-be62-01e68f50e44e,ALB-CN-1870-5262,isSameAs,ALB-CN-1880-20704,1870,1880,70-80,0.924
9d31cf7d-35b7-47ec-81d2-6efa6e72b665,ALB-CN-1870-5263,isSameAs,ALB-CN-1880-30411,1870,1880,70-80,0.832
80fb8db9-f1c5-42ae-81b5-88845d4a2939,ALB-CN-1870-5264,isSameAs,ALB-CN-1880-32323,1870,1880,70-80,0.917
1b1ca48b-0f4e-449b-9c12-1fa804ad27e7,ALB-CN-1870-527,isSameAs,ALB-CN-1880-29327,1870,1880,70-80,0.99
bcd5b191-cfde-4c35-8a48-08cc42b23864,ALB-CN-1870-528,isSameAs,ALB-CN-1880-29328,1870,1880,70-80,0.989
ac1c0eb0-3860-4b09-bffa-28d5c2b584f0,ALB-CN-1870-5280,isSameAs,ALB-CN-1880-19801,1870,1880,70-80,0.968
58e775ce-00dc-4b9a-b7dc-ed3fe05c3a7b,ALB-CN-1870-5281,isSameAs,ALB-CN-1880-19802,1870,1880,70-80,0.948
815d1054-5040-4a2f-ae71-3a3412e1d1fb,ALB-CN-1870-5282,isSameAs,ALB-CN-1880-19805,1870,1880,70-80,0.98
dee3d641-6fe4-42e4-8545-a874b312d564,ALB-CN-1870-5284,isSameAs,ALB-CN-1880-19613,1870,1880,70-80,0.731
915e9d85-8d50-4da8-b003-ba0694b473d6,ALB-CN-1870-5285,isSameAs,ALB-CN-1880-19806,1870,1880,70-80,0.98
c57dec64-76d8-424d-addf-887e0b95926e,ALB-CN-1870-5292,isSameAs,ALB-CN-1880-22428,1870,1880,70-80,0.909
548d984c-0af3-48d8-bdd3-4f0a0cdbd60f,ALB-CN-1870-5293,isSameAs,ALB-CN-1880-22429,1870,1880,70-80,0.909
d180deb6-24c5-4845-be5e-2227fc631f2f,ALB-CN-1870-53,isSameAs,ALB-CN-1880-21938,1870,1880,70-80,0.99
3fd3fe88-5cab-41a4-a146-3c8fe861b58b,ALB-CN-1870-5303,isSameAs,ALB-CN-1880-21284,1870,1880,70-80,0.846
71030300-bf13-46e8-83d0-55fbf344fd5c,ALB-CN-1870-5304,isSameAs,ALB-CN-1880-22493,1870,1880,70-80,0.818
5d7479f5-d9f6-4952-b9e8-a0a7b69227ce,ALB-CN-1870-5305,isSameAs,ALB-CN-1880-20001,1870,1880,70-80,0.818
a781df5a-a429-406c-a596-31a33755a939,ALB-CN-1870-5306,isSameAs,ALB-CN-1880-22495,1870,1880,70-80,0.818
66e7520c-377f-4c41-aa15-865c06968673,ALB-CN-1870-5307,isSameAs,ALB-CN-1880-20002,1870,1880,70-80,0.924
17ce59b1-5afa-4f1a-87e4-51165998ad5a,ALB-CN-1870-5308,isSameAs,ALB-CN-1880-20003,1870,1880,70-80,0.852
39c4456b-0e32-4410-a319-ff378be21941,ALB-CN-1870-5309,isSameAs,ALB-CN-1880-22499,1870,1880,70-80,0.75
2dfc7f7f-8da5-41f3-b9c9-249aa1758a2d,ALB-CN-1870-5311,isSameAs,ALB-CN-1880-6346,1870,1880,70-80,0.858
2638532c-9d36-4c0e-82d0-5587e8df113c,ALB-CN-1870-5318,isSameAs,ALB-CN-1880-32276,1870,1880,70-80,0.839
b40b51a9-1785-4199-8812-87628079962d,ALB-CN-1870-5319,isSameAs,ALB-CN-1880-17379,1870,1880,70-80,0.668
bc742710-77a7-41ad-8452-a00724b4a4b1,ALB-CN-1870-5322,isSameAs,ALB-CN-1880-29526,1870,1880,70-80,0.87
e7116902-a058-4f3b-8569-88081a961161,ALB-CN-1870-5326,isSameAs,ALB-CN-1880-28305,1870,1880,70-80,0.622
883501df-6b3d-4426-97e7-db3bc167f526,ALB-CN-1870-5331,isSameAs,ALB-CN-1880-20472,1870,1880,70-80,0.943
d6048857-d33a-4d64-aa8c-56349cdb73a5,ALB-CN-1870-5332,isSameAs,ALB-CN-1880-20463,1870,1880,70-80,0.917
3f91d647-a480-47c7-97fc-3cc394981f71,ALB-CN-1870-5333,isSameAs,ALB-CN-1880-20464,1870,1880,70-80,0.917
df4eca5a-d075-4b45-9aba-d02bbd31b09a,ALB-CN-1870-5334,isSameAs,ALB-CN-1880-20465,1870,1880,70-80,0.896
29f10393-728f-4bb8-87ae-213f4cb4b0f3,ALB-CN-1870-5337,isSameAs,ALB-CN-1880-32127,1870,1880,70-80,0.634
cc32dd70-c3c8-4d5f-9e52-0198f08875c1,ALB-CN-1870-5339,isSameAs,ALB-CN-1880-11033,1870,1880,70-80,0.858
dc7d8635-06c1-4fc0-95c2-babe3ca4617d,ALB-CN-1870-5347,isSameAs,ALB-CN-1880-19568,1870,1880,70-80,0.964
5ad203a2-66bd-4118-bef5-4e74727193c9,ALB-CN-1870-5348,isSameAs,ALB-CN-1880-19569,1870,1880,70-80,0.928
870f039e-4fc6-4bf7-b806-c336d6dcc599,ALB-CN-1870-5349,isSameAs,ALB-CN-1880-19570,1870,1880,70-80,0.948
afea168a-cff4-4dd8-aa4e-0e32b8cb4e01,ALB-CN-1870-535,isSameAs,ALB-CN-1880-29332,1870,1880,70-80,0.948
1bc33088-5b22-4bc6-af05-f428cd05bd74,ALB-CN-1870-5350,isSameAs,ALB-CN-1880-19586,1870,1880,70-80,0.961
fdaa4b6b-958b-4c66-9305-99447a444dc0,ALB-CN-1870-5351,isSameAs,ALB-CN-1880-19587,1870,1880,70-80,0.988
5b2d624d-077d-4d93-b73e-68ff6f618960,ALB-CN-1870-5352,isSameAs,ALB-CN-1880-19588,1870,1880,70-80,0.818
89298af4-c1cb-49b9-a905-f9b9654d7a0b,ALB-CN-1870-5353,isSameAs,ALB-CN-1880-19589,1870,1880,70-80,0.984
44d3ab06-582b-4459-8fad-737749e8e63b,ALB-CN-1870-5354,isSameAs,ALB-CN-1880-19590,1870,1880,70-80,0.976
a1b13518-fbd3-4c36-a52a-8e67d35cd9c7,ALB-CN-1870-5361,isSameAs,ALB-CN-1880-20169,1870,1880,70-80,0.846
c45b22a4-d3fe-4572-ac4a-b554b75b8f6c,ALB-CN-1870-5364,isSameAs,ALB-CN-1880-16457,1870,1880,70-80,0.668
623f7b00-fef8-4865-99a6-4b9922750fb4,ALB-CN-1870-5374,isSameAs,ALB-CN-1880-20315,1870,1880,70-80,0.769
770db320-9592-4935-9884-e31b704452f0,ALB-CN-1870-5379,isSameAs,ALB-CN-1880-7312,1870,1880,70-80,0.646
02b914dc-2633-489a-badf-02e904ca155f,ALB-CN-1870-538,isSameAs,ALB-CN-1880-16327,1870,1880,70-80,0.75
28ea5209-5c90-4c58-a50e-41af8edca565,ALB-CN-1870-5391,isSameAs,ALB-CN-1880-18267,1870,1880,70-80,0.832
afbe2c4a-b7d8-48ea-b40e-cbe86a0ec489,ALB-CN-1870-5392,isSameAs,ALB-CN-1880-18268,1870,1880,70-80,0.818
4c6e2b7f-2468-45fd-ac70-ab915c43e030,ALB-CN-1870-5394,isSameAs,ALB-CN-1880-18269,1870,1880,70-80,0.711
21e80033-533c-4dd5-807f-a4a1feb87933,ALB-CN-1870-54,isSameAs,ALB-CN-1880-22082,1870,1880,70-80,0.818
3fc4f4d1-85a9-48dd-b4d0-18a14aba22fd,ALB-CN-1870-540,isSameAs,ALB-CN-1880-29334,1870,1880,70-80,0.622
b9e442cd-9c10-45f7-9b1a-95cb4336019b,ALB-CN-1870-5401,isSameAs,ALB-CN-1880-18280,1870,1880,70-80,0.9
696246ac-e329-4eb8-968b-61d3c8ea0bf4,ALB-CN-1870-5403,isSameAs,ALB-CN-1880-18283,1870,1880,70-80,0.818
17698712-4bec-4889-8c39-f618d7d6faf6,ALB-CN-1870-5404,isSameAs,ALB-CN-1880-18282,1870,1880,70-80,0.971
12bc7b34-b901-4658-a04f-dae6d2e426c9,ALB-CN-1870-541,isSameAs,ALB-CN-1880-29336,1870,1880,70-80,0.937
90079bfc-dd3e-4dee-b29e-69a6d4b6bfdd,ALB-CN-1870-542,isSameAs,ALB-CN-1880-29335,1870,1880,70-80,0.622
540ed491-ecd1-4c66-9692-61076eb01414,ALB-CN-1870-5421,isSameAs,ALB-CN-1880-14235,1870,1880,70-80,0.731
0190aa7c-0937-4c22-8aee-93ca5cadbb58,ALB-CN-1870-5423,isSameAs,ALB-CN-1880-13804,1870,1880,70-80,0.75
fbdc293e-4dd6-4b8d-ad6a-a753d4ff04bf,ALB-CN-1870-5424,isSameAs,ALB-CN-1880-26142,1870,1880,70-80,0.971
19c59234-76e8-4a17-875e-4bee1676228f,ALB-CN-1870-5425,isSameAs,ALB-CN-1880-26143,1870,1880,70-80,0.98
cf034061-41dd-4791-9d4f-64f260e4a3cd,ALB-CN-1870-5426,isSameAs,ALB-CN-1880-26144,1870,1880,70-80,0.98
f327066b-8d3d-4239-8005-e54f3e8ddbf9,ALB-CN-1870-5427,isSameAs,ALB-CN-1880-26145,1870,1880,70-80,0.98
ab624592-7719-4405-9f9b-8df07064d095,ALB-CN-1870-5428,isSameAs,ALB-CN-1880-26146,1870,1880,70-80,0.611
e51317a3-e6b2-4231-85be-671a9b3beab0,ALB-CN-1870-5439,isSameAs,ALB-CN-1880-15351,1870,1880,70-80,0.721
d65cb114-099f-4739-9994-dd42ea850a1a,ALB-CN-1870-5442,isSameAs,ALB-CN-1880-12207,1870,1880,70-80,0.711
4cf8c289-f98a-4d33-acb1-3279134c76bf,ALB-CN-1870-5446,isSameAs,ALB-CN-1880-12215,1870,1880,70-80,0.622
29903b1b-671b-486e-bfc4-1d2ebe1ae203,ALB-CN-1870-545,isSameAs,ALB-CN-1880-29107,1870,1880,70-80,0.99
ea0d08d0-7b4c-492f-8489-6737d3607fb5,ALB-CN-1870-5454,isSameAs,ALB-CN-1880-29037,1870,1880,70-80,0.622
c8d6a3f7-9850-4cea-885e-569a0974c3ad,ALB-CN-1870-546,isSameAs,ALB-CN-1880-29108,1870,1880,70-80,0.931
d63ba283-ab88-4583-bad3-a8e052e26f1f,ALB-CN-1870-5460,isSameAs,ALB-CN-1880-7238,1870,1880,70-80,0.646
3b0ef5a1-ff98-4820-8722-5bea4b5089ae,ALB-CN-1870-5464,isSameAs,ALB-CN-1880-20827,1870,1880,70-80,0.769
f86b983d-7acd-46cf-90b6-22c81de93fae,ALB-CN-1870-547,isSameAs,ALB-CN-1880-29109,1870,1880,70-80,0.99
37b9f963-128c-4e1b-a3c6-0f1cf69683a8,ALB-CN-1870-548,isSameAs,ALB-CN-1880-29110,1870,1880,70-80,0.99
7ce5bc82-1551-406b-900a-58874f2c437b,ALB-CN-1870-5486,isSameAs,ALB-CN-1880-20495,1870,1880,70-80,0.971
1d6b12fa-c333-49e9-a803-1d2b69cc9f53,ALB-CN-1870-5487,isSameAs,ALB-CN-1880-20496,1870,1880,70-80,0.964
a66ef539-6573-4292-a769-a3980235791f,ALB-CN-1870-5488,isSameAs,ALB-CN-1880-20497,1870,1880,70-80,0.971
10a61c2a-989b-4a57-8d7f-6691f5ccaed3,ALB-CN-1870-549,isSameAs,ALB-CN-1880-29123,1870,1880,70-80,0.875
400fa0c1-7407-4ac3-b648-c29007de3a4d,ALB-CN-1870-5490,isSameAs,ALB-CN-1880-20498,1870,1880,70-80,0.924
ede16265-f97d-4db2-9018-77bdce476532,ALB-CN-1870-55,isSameAs,ALB-CN-1880-22084,1870,1880,70-80,0.668
ed5cd13b-da3f-43b5-abeb-6e4a7a3341bd,ALB-CN-1870-5506,isSameAs,ALB-CN-1880-20108,1870,1880,70-80,0.777
2a97e65d-fb57-4487-9450-f33a4c57c143,ALB-CN-1870-5508,isSameAs,ALB-CN-1880-20109,1870,1880,70-80,0.832
264678ff-2716-449d-b205-f93b6617a1c7,ALB-CN-1870-5509,isSameAs,ALB-CN-1880-20483,1870,1880,70-80,0.955
110ceac1-a37b-4061-b12e-c7c1b6c8aa01,ALB-CN-1870-5511,isSameAs,ALB-CN-1880-20485,1870,1880,70-80,0.955
be3051f8-56eb-4d45-8134-7b56c9f469b6,ALB-CN-1870-5512,isSameAs,ALB-CN-1880-18317,1870,1880,70-80,0.924
8c4b777c-1893-4e63-a82e-c0df9652dd6a,ALB-CN-1870-5513,isSameAs,ALB-CN-1880-18318,1870,1880,70-80,0.839
d3870cb1-fc82-43b0-b681-d91188a4cb58,ALB-CN-1870-5517,isSameAs,ALB-CN-1880-18320,1870,1880,70-80,0.769
1fae42d0-8618-414d-8b63-e3836a35124e,ALB-CN-1870-5518,isSameAs,ALB-CN-1880-18321,1870,1880,70-80,0.769
c13d6719-e8ab-4e78-8b5c-592a91a8e47e,ALB-CN-1870-552,isSameAs,ALB-CN-1880-29099,1870,1880,70-80,0.832
0e1a2a86-e07c-41e2-8343-7cadc7f13c18,ALB-CN-1870-5525,isSameAs,ALB-CN-1880-22310,1870,1880,70-80,0.679
df915cbb-3f82-42fe-ad60-bc3beafff3db,ALB-CN-1870-553,isSameAs,ALB-CN-1880-29098,1870,1880,70-80,0.971
33de1bf4-a1f8-40a3-baa4-8ae1501bdbfc,ALB-CN-1870-554,isSameAs,ALB-CN-1880-29100,1870,1880,70-80,0.891
5c9557ad-a2ad-4067-a9d1-ae9e499e757e,ALB-CN-1870-5541,isSameAs,ALB-CN-1880-12037,1870,1880,70-80,0.711
efddb859-74ea-43ce-81df-258f9ff0dbe6,ALB-CN-1870-555,isSameAs,ALB-CN-1880-29101,1870,1880,70-80,0.832
3f998c37-8294-47b2-a2ec-f1171204fa5c,ALB-CN-1870-5550,isSameAs,ALB-CN-1880-28972,1870,1880,70-80,0.786
70736574-db01-474d-9812-eb78d78eea39,ALB-CN-1870-5559,isSameAs,ALB-CN-1880-20060,1870,1880,70-80,0.948
6224b167-35c2-4b63-b101-92ccdd9028f0,ALB-CN-1870-5560,isSameAs,ALB-CN-1880-12209,1870,1880,70-80,0.971
352e9fea-eeef-4274-ba17-7847a6102f98,ALB-CN-1870-5561,isSameAs,ALB-CN-1880-18251,1870,1880,70-80,0.711
9e6284ad-3eb3-4ad4-bb74-0ec9d55dbce3,ALB-CN-1870-5563,isSameAs,ALB-CN-1880-18258,1870,1880,70-80,0.622
50c74476-cac3-4133-891c-71015a229b54,ALB-CN-1870-5565,isSameAs,ALB-CN-1880-18253,1870,1880,70-80,0.971
cea0f9f6-33c6-42af-9bb2-a4018a7752ff,ALB-CN-1870-5566,isSameAs,ALB-CN-1880-18254,1870,1880,70-80,0.622
81f352ca-925a-47df-86e6-3f8ab8aabca4,ALB-CN-1870-5577,isSameAs,ALB-CN-1880-21285,1870,1880,70-80,0.668
718341af-1d55-43a3-81ef-792473706ac4,ALB-CN-1870-5579,isSameAs,ALB-CN-1880-20104,1870,1880,70-80,0.786
ccc6c724-25f4-46c2-b6bf-cec97de5e590,ALB-CN-1870-558,isSameAs,ALB-CN-1880-29158,1870,1880,70-80,0.99
d8ec7f98-07bd-4812-8db5-a6091821b104,ALB-CN-1870-5582,isSameAs,ALB-CN-1880-2612,1870,1880,70-80,0.634
e0d16de4-3ea4-47c9-bf64-7c21cc03ea5c,ALB-CN-1870-5587,isSameAs,ALB-CN-1880-8778,1870,1880,70-80,0.931
6799ae98-beae-4253-809e-804ccf921953,ALB-CN-1870-5588,isSameAs,ALB-CN-1880-20352,1870,1880,70-80,0.957
8ccc9e3d-68b7-465b-9afe-9a6c75cb1e9d,ALB-CN-1870-5589,isSameAs,ALB-CN-1880-20353,1870,1880,70-80,0.99
946639d9-cb82-404b-8005-fec727276f33,ALB-CN-1870-5611,isSameAs,ALB-CN-1880-20715,1870,1880,70-80,0.987
9b175d36-91dc-4995-97a9-7bfcccb4cbe2,ALB-CN-1870-5612,isSameAs,ALB-CN-1880-20716,1870,1880,70-80,0.959
e549f822-aa42-4b52-9bae-e9b1fda33e31,ALB-CN-1870-5614,isSameAs,ALB-CN-1880-20717,1870,1880,70-80,0.95
c6758075-3341-4029-9e08-1403d383ada3,ALB-CN-1870-5615,isSameAs,ALB-CN-1880-4887,1870,1880,70-80,0.786
c36c240c-237d-4ab1-b8f9-d93dc016c99e,ALB-CN-1870-5616,isSameAs,ALB-CN-1880-20718,1870,1880,70-80,0.94
bc59c8be-2e44-4b64-9492-2e55bba31636,ALB-CN-1870-5617,isSameAs,ALB-CN-1880-20719,1870,1880,70-80,0.957
2d7911a0-2fd5-4f37-89d3-fa35d152bcd6,ALB-CN-1870-562,isSameAs,ALB-CN-1880-27565,1870,1880,70-80,0.971
16b2ff54-cd92-45bc-9afb-9721e1ccbdb0,ALB-CN-1870-5622,isSameAs,ALB-CN-1880-20531,1870,1880,70-80,0.924
e5943877-663c-4ea4-ae6a-6d9935432ddb,ALB-CN-1870-563,isSameAs,ALB-CN-1880-27566,1870,1880,70-80,0.94
df96adc1-9a5f-44a6-bba3-30109bf6d308,ALB-CN-1870-5630,isSameAs,ALB-CN-1880-20032,1870,1880,70-80,0.955
36a6381c-351f-4a2f-ab0e-c12ac287088e,ALB-CN-1870-5635,isSameAs,ALB-CN-1880-20036,1870,1880,70-80,0.731
d403355a-8a18-4f71-89e3-48a3d9a4f809,ALB-CN-1870-5637,isSameAs,ALB-CN-1880-20038,1870,1880,70-80,0.864
c5cfae7f-f9eb-4cf3-af52-311bed158122,ALB-CN-1870-5638,isSameAs,ALB-CN-1880-23997,1870,1880,70-80,0.731
a0a6a02d-ce8d-4281-b24a-f37b1ec3c133,ALB-CN-1870-5639,isSameAs,ALB-CN-1880-20040,1870,1880,70-80,0.957
a7a23ce0-e6d0-4110-86f8-6d2839aa2287,ALB-CN-1870-5640,isSameAs,ALB-CN-1880-20041,1870,1880,70-80,0.966
4ed18b5f-6d56-4303-b9ff-8d0bb06bdb3f,ALB-CN-1870-5641,isSameAs,ALB-CN-1880-20042,1870,1880,70-80,0.818
759b016c-d075-495f-ad1f-f438d327ee5f,ALB-CN-1870-5642,isSameAs,ALB-CN-1880-20043,1870,1880,70-80,0.937
976a472d-53a1-4ddd-8089-787c827a076f,ALB-CN-1870-5643,isSameAs,ALB-CN-1880-20044,1870,1880,70-80,0.858
69b23059-6eb5-43ce-a13c-c1282f432197,ALB-CN-1870-5645,isSameAs,ALB-CN-1880-20009,1870,1880,70-80,0.971
4ebb07b9-d923-44b1-8b53-4ba87b137833,ALB-CN-1870-5646,isSameAs,ALB-CN-1880-20010,1870,1880,70-80,0.846
8a782664-6b0a-4d28-8f2f-8c6c897d6446,ALB-CN-1870-5647,isSameAs,ALB-CN-1880-20011,1870,1880,70-80,0.957
9db0d15e-4087-461f-811a-47ed3c9a416e,ALB-CN-1870-5648,isSameAs,ALB-CN-1880-20012,1870,1880,70-80,0.846
fbb8b361-6666-42c5-a60c-55b055a750af,ALB-CN-1870-5649,isSameAs,ALB-CN-1880-20013,1870,1880,70-80,0.971
2f38294d-a823-43a0-976e-470614be93f2,ALB-CN-1870-565,isSameAs,ALB-CN-1880-27568,1870,1880,70-80,0.957
a66d04c8-8766-482e-a77a-f1d5a09f19c9,ALB-CN-1870-5650,isSameAs,ALB-CN-1880-20014,1870,1880,70-80,0.95
64c686db-68d0-45cd-ad99-6ba791d9586d,ALB-CN-1870-5651,isSameAs,ALB-CN-1880-20015,1870,1880,70-80,0.668
e97e05ea-e58a-422f-be6f-a0c7d6987c21,ALB-CN-1870-5652,isSameAs,ALB-CN-1880-29929,1870,1880,70-80,0.668
00001fcc-0e40-442a-86fd-87b79dd03dff,ALB-CN-1870-5657,isSameAs,ALB-CN-1880-16761,1870,1880,70-80,0.818
9c76f040-1c73-4354-aeda-7a975dd6596b,ALB-CN-1870-566,isSameAs,ALB-CN-1880-27567,1870,1880,70-80,0.957
3c740a10-0e43-4fa4-8a34-08c812d1623f,ALB-CN-1870-5664,isSameAs,ALB-CN-1880-18380,1870,1880,70-80,0.802
354d4c51-c6d8-452a-a680-84e664d0cdf1,ALB-CN-1870-5668,isSameAs,ALB-CN-1880-18336,1870,1880,70-80,0.69
a6cd5ea7-47e2-497e-a7f5-49b59440c98c,ALB-CN-1870-567,isSameAs,ALB-CN-1880-27569,1870,1880,70-80,0.989
6af8ec7b-8570-4225-b2f8-e5e8c6f26687,ALB-CN-1870-5670,isSameAs,ALB-CN-1880-18584,1870,1880,70-80,0.909
f9f85011-7560-4e11-a49e-e59f0d7d5bc7,ALB-CN-1870-5672,isSameAs,ALB-CN-1880-19837,1870,1880,70-80,0.777
9494d4c7-ad7f-4e47-9710-247df31837c0,ALB-CN-1870-5674,isSameAs,ALB-CN-1880-19839,1870,1880,70-80,0.611
f42f6757-be5b-4aa9-9bd4-27cfecf2b51b,ALB-CN-1870-5676,isSameAs,ALB-CN-1880-19840,1870,1880,70-80,0.769
cde76eaf-493f-4e8f-b98e-29d3abf2af23,ALB-CN-1870-5677,isSameAs,ALB-CN-1880-19842,1870,1880,70-80,0.846
08e3e725-cd11-4fd1-9e62-6dfe5c5c7c86,ALB-CN-1870-5678,isSameAs,ALB-CN-1880-19843,1870,1880,70-80,0.721
da4793e9-38a6-4547-b754-3d501411499c,ALB-CN-1870-5679,isSameAs,ALB-CN-1880-18487,1870,1880,70-80,0.881
2e7444f3-263b-4641-b6a2-ba9a92da2011,ALB-CN-1870-568,isSameAs,ALB-CN-1880-27570,1870,1880,70-80,0.971
c2f29859-f99a-43ee-a036-4ae6b4d6a008,ALB-CN-1870-5681,isSameAs,ALB-CN-1880-18489,1870,1880,70-80,0.711
9c2ea20a-dd99-441a-b168-270d99beddc6,ALB-CN-1870-5688,isSameAs,ALB-CN-1880-14316,1870,1880,70-80,0.832
1247d3b1-c254-438c-b109-e606ada2406e,ALB-CN-1870-569,isSameAs,ALB-CN-1880-27571,1870,1880,70-80,0.984
0b7bc4cb-926c-4ec2-be06-044b3eef430c,ALB-CN-1870-5690,isSameAs,ALB-CN-1880-28419,1870,1880,70-80,0.943
6cc96116-6aa4-4816-b63f-f1a67acfd5a7,ALB-CN-1870-570,isSameAs,ALB-CN-1880-27572,1870,1880,70-80,0.94
52dea143-c134-4528-8b4d-8ea416ef178f,ALB-CN-1870-571,isSameAs,ALB-CN-1880-27573,1870,1880,70-80,0.94
e2e8bdef-f150-46ca-9d49-abd60efc406c,ALB-CN-1870-5718,isSameAs,ALB-CN-1880-15029,1870,1880,70-80,0.832
41ff42ad-f347-47e0-896b-4a151258b924,ALB-CN-1870-572,isSameAs,ALB-CN-1880-27574,1870,1880,70-80,0.913
e951001b-3da7-48c8-9ac3-3ee0f5e040c3,ALB-CN-1870-5723,isSameAs,ALB-CN-1880-19227,1870,1880,70-80,0.94
a5c6b5fd-6fae-45dd-8b7a-695180e095e1,ALB-CN-1870-5724,isSameAs,ALB-CN-1880-19228,1870,1880,70-80,0.98
e1450280-40b4-4bcf-b776-9a7bdf14897e,ALB-CN-1870-5726,isSameAs,ALB-CN-1880-19229,1870,1880,70-80,0.913
58e695eb-893f-4f84-93a0-25445c9fccc7,ALB-CN-1870-5727,isSameAs,ALB-CN-1880-19230,1870,1880,70-80,0.913
8544f58c-13fe-4d2a-bc87-78571852e311,ALB-CN-1870-5728,isSameAs,ALB-CN-1880-19231,1870,1880,70-80,0.913
927202aa-8fbb-4cb7-84c8-d7cb9a1a77d1,ALB-CN-1870-5729,isSameAs,ALB-CN-1880-19232,1870,1880,70-80,0.75
24734491-0127-481f-8c75-c09bed5ef626,ALB-CN-1870-5730,isSameAs,ALB-CN-1880-19233,1870,1880,70-80,0.957
479c8cd0-1263-4772-9c8d-2a432d100679,ALB-CN-1870-5733,isSameAs,ALB-CN-1880-18671,1870,1880,70-80,0.741
6a4bf007-11f0-46ed-a794-856b3c38f686,ALB-CN-1870-5735,isSameAs,ALB-CN-1880-18672,1870,1880,70-80,0.948
666ef49e-e9c9-465f-8bc7-561155dfe221,ALB-CN-1870-5736,isSameAs,ALB-CN-1880-18674,1870,1880,70-80,0.989
c9156d4f-b657-4b20-874d-f982bf41e339,ALB-CN-1870-5741,isSameAs,ALB-CN-1880-19296,1870,1880,70-80,0.711
c210023d-0945-4997-ab60-4649f1188d0d,ALB-CN-1870-5742,isSameAs,ALB-CN-1880-19297,1870,1880,70-80,0.711
8072a978-8181-411d-89c8-50b39922c516,ALB-CN-1870-5743,isSameAs,ALB-CN-1880-19298,1870,1880,70-80,0.957
fd4b92c1-cbc3-42e0-bfdf-ed776c758475,ALB-CN-1870-5744,isSameAs,ALB-CN-1880-19299,1870,1880,70-80,0.971
049a0bcd-d361-429d-9e50-4086ab510502,ALB-CN-1870-5745,isSameAs,ALB-CN-1880-19300,1870,1880,70-80,0.971
84142fd8-3e72-4c45-adcf-aa7f1846c4e6,ALB-CN-1870-5746,isSameAs,ALB-CN-1880-19301,1870,1880,70-80,0.971
a3391a77-42f2-4c0d-bea6-53f3e0c1c3ca,ALB-CN-1870-5747,isSameAs,ALB-CN-1880-19302,1870,1880,70-80,0.953
3708c477-5b86-4466-b2e6-18e1ba6e51a0,ALB-CN-1870-5748,isSameAs,ALB-CN-1880-19303,1870,1880,70-80,0.94
d80bb720-f04f-443c-9e6a-ef4558a8290e,ALB-CN-1870-5750,isSameAs,ALB-CN-1880-19095,1870,1880,70-80,0.802
04440868-db95-4714-a55e-84258a2bfad5,ALB-CN-1870-5751,isSameAs,ALB-CN-1880-27015,1870,1880,70-80,0.75
cc4139bc-3f78-4727-af95-bb7262378b65,ALB-CN-1870-5754,isSameAs,ALB-CN-1880-19091,1870,1880,70-80,0.858
f013a7d1-4671-445e-80de-4d64e9f43f6d,ALB-CN-1870-5756,isSameAs,ALB-CN-1880-19093,1870,1880,70-80,0.731
9310e722-8930-400d-b700-f982e23dfa40,ALB-CN-1870-5757,isSameAs,ALB-CN-1880-6744,1870,1880,70-80,0.87
e2ea0bb2-7a59-4daa-8e43-e09641a1e03e,ALB-CN-1870-5758,isSameAs,ALB-CN-1880-10458,1870,1880,70-80,0.959
1ddb935b-f83d-47bc-ace7-d134c16b3644,ALB-CN-1870-5760,isSameAs,ALB-CN-1880-6748,1870,1880,70-80,0.731
531a22c7-3da9-4198-8c31-7aff14d0c168,ALB-CN-1870-5762,isSameAs,ALB-CN-1880-10454,1870,1880,70-80,0.931
71b2bcd2-b5c8-4102-8539-c4c663250331,ALB-CN-1870-577,isSameAs,ALB-CN-1880-29260,1870,1880,70-80,0.646
034aaec2-afda-4836-9833-83900b0f9fc6,ALB-CN-1870-5775,isSameAs,ALB-CN-1880-18433,1870,1880,70-80,0.832
9bfe5bd7-8815-439f-9d02-364d8579e33c,ALB-CN-1870-5780,isSameAs,ALB-CN-1880-18434,1870,1880,70-80,0.896
3d3cd252-8689-4587-ad32-cdcc1598a592,ALB-CN-1870-5781,isSameAs,ALB-CN-1880-18435,1870,1880,70-80,0.987
4d5db07e-b014-4b45-a2da-75164a0ff4f1,ALB-CN-1870-5782,isSameAs,ALB-CN-1880-18564,1870,1880,70-80,0.75
f5c150c7-3681-466e-a355-ddc617e5e8f3,ALB-CN-1870-5783,isSameAs,ALB-CN-1880-18565,1870,1880,70-80,0.948
3d43e467-1801-4de6-9a5c-83e8bc54dc81,ALB-CN-1870-5784,isSameAs,ALB-CN-1880-14425,1870,1880,70-80,0.924
069c5c5e-53f3-4451-96c9-512f416262cd,ALB-CN-1870-5785,isSameAs,ALB-CN-1880-14975,1870,1880,70-80,0.646
35c006ae-a33c-452e-ba50-a1f10da845d0,ALB-CN-1870-5787,isSameAs,ALB-CN-1880-17353,1870,1880,70-80,0.622
5adddb1d-97be-45ff-85c5-a855e199260d,ALB-CN-1870-5788,isSameAs,ALB-CN-1880-18566,1870,1880,70-80,0.931
a314583e-9118-4b9f-b033-183ffee6a925,ALB-CN-1870-5789,isSameAs,ALB-CN-1880-18567,1870,1880,70-80,0.971
b1665414-6f67-46ac-b0db-bde2de351b6a,ALB-CN-1870-579,isSameAs,ALB-CN-1880-29262,1870,1880,70-80,0.87
6e1ab1c3-107b-47dc-b2cd-38df7ea86434,ALB-CN-1870-5790,isSameAs,ALB-CN-1880-28094,1870,1880,70-80,0.832
7c728532-8cd5-4ec1-8aeb-f475f9ea3856,ALB-CN-1870-5792,isSameAs,ALB-CN-1880-28096,1870,1880,70-80,0.957
a14ffb6a-fa70-4f74-ab41-d4c80cae1d5e,ALB-CN-1870-5793,isSameAs,ALB-CN-1880-28097,1870,1880,70-80,0.971
04740026-660a-4338-9e09-bb200476f5aa,ALB-CN-1870-5794,isSameAs,ALB-CN-1880-28098,1870,1880,70-80,0.94
e75d97d7-a6c0-4180-953c-d107cf28c99d,ALB-CN-1870-5795,isSameAs,ALB-CN-1880-28099,1870,1880,70-80,0.971
f6b10fba-135d-4165-bf49-a488d36a61c7,ALB-CN-1870-5796,isSameAs,ALB-CN-1880-28100,1870,1880,70-80,0.852
38476aa4-00f8-461e-a3a8-255d447a6ad9,ALB-CN-1870-5797,isSameAs,ALB-CN-1880-18684,1870,1880,70-80,0.711
b856ed69-63f0-432e-a8ac-d85f113344c2,ALB-CN-1870-5798,isSameAs,ALB-CN-1880-18685,1870,1880,70-80,0.937
13d86310-94a7-4769-b99b-d57bb126ce8a,ALB-CN-1870-5802,isSameAs,ALB-CN-1880-18686,1870,1880,70-80,0.896
d704d261-e3d4-4916-98a9-bb778ef4da9a,ALB-CN-1870-5807,isSameAs,ALB-CN-1880-2031,1870,1880,70-80,0.76
23d6269b-c3ab-4b47-9118-a1a426bb180f,ALB-CN-1870-5810,isSameAs,ALB-CN-1880-18363,1870,1880,70-80,0.931
6e68a16a-4000-43c5-8319-c6e5f3c9c8dd,ALB-CN-1870-5811,isSameAs,ALB-CN-1880-18364,1870,1880,70-80,0.971
63d198c6-e613-44f1-8c1b-3a95d23813e5,ALB-CN-1870-5812,isSameAs,ALB-CN-1880-18365,1870,1880,70-80,0.957
efe6b71e-ea9a-4b38-9fcb-39a7f34de650,ALB-CN-1870-5814,isSameAs,ALB-CN-1880-18366,1870,1880,70-80,0.957
de83be49-2beb-4a8d-b859-78f8a13a8d6c,ALB-CN-1870-5815,isSameAs,ALB-CN-1880-18367,1870,1880,70-80,0.957
cfa5d68b-1dd5-44bd-a6f2-903e1ee75737,ALB-CN-1870-5818,isSameAs,ALB-CN-1880-11908,1870,1880,70-80,0.646
d6d76d9c-48df-4bbd-978f-52e270282034,ALB-CN-1870-582,isSameAs,ALB-CN-1880-29249,1870,1880,70-80,0.957
9c8d7a72-d9c4-476a-ab5b-062a977c1e44,ALB-CN-1870-5827,isSameAs,ALB-CN-1880-18630,1870,1880,70-80,0.971
bab98cf0-41cf-4cbe-97bd-6472ea08b7a0,ALB-CN-1870-5828,isSameAs,ALB-CN-1880-18631,1870,1880,70-80,0.9
90429f6d-93c1-4a5d-9fe3-780e12a82fc6,ALB-CN-1870-583,isSameAs,ALB-CN-1880-29250,1870,1880,70-80,0.948
351b0bd8-dbf6-4c6f-aadc-8a03047a7b4d,ALB-CN-1870-5831,isSameAs,ALB-CN-1880-18632,1870,1880,70-80,0.9
3919e732-d42a-4f95-8615-e3de2229c702,ALB-CN-1870-5832,isSameAs,ALB-CN-1880-18633,1870,1880,70-80,0.971
5655a05a-9a96-43f5-9d77-8d199b8f8109,ALB-CN-1870-5833,isSameAs,ALB-CN-1880-18634,1870,1880,70-80,0.971
607c4eca-5be7-4d66-8bc5-2bb06ad859d8,ALB-CN-1870-5834,isSameAs,ALB-CN-1880-18635,1870,1880,70-80,0.75
5aee08d9-7124-4c8e-98dc-079dbbaf2245,ALB-CN-1870-5835,isSameAs,ALB-CN-1880-18636,1870,1880,70-80,0.75
3940397b-e7f3-4b71-92a1-f27f34d1aeb7,ALB-CN-1870-5836,isSameAs,ALB-CN-1880-18546,1870,1880,70-80,0.984
73cdf601-b85c-4b7c-a6a2-96d4788fe20b,ALB-CN-1870-5837,isSameAs,ALB-CN-1880-18547,1870,1880,70-80,0.701
32f8d1c5-26a7-46fc-af80-96708a14406b,ALB-CN-1870-5838,isSameAs,ALB-CN-1880-18548,1870,1880,70-80,0.971
792bef9b-3ee5-4e14-bc68-90e74db77cc9,ALB-CN-1870-5839,isSameAs,ALB-CN-1880-18549,1870,1880,70-80,0.971
7d771758-1796-457f-835f-6057889a31c3,ALB-CN-1870-5840,isSameAs,ALB-CN-1880-18537,1870,1880,70-80,0.99
7930832a-e577-44ce-b630-896ade308ab4,ALB-CN-1870-5842,isSameAs,ALB-CN-1880-18539,1870,1880,70-80,0.931
86c5bb25-813b-4907-8d47-7b489d495476,ALB-CN-1870-5843,isSameAs,ALB-CN-1880-18540,1870,1880,70-80,0.913
ac0e64e9-db15-4e68-b17f-ad0bb96dcb40,ALB-CN-1870-5846,isSameAs,ALB-CN-1880-19237,1870,1880,70-80,0.896
76ee7567-6207-4364-bd96-25d2ae1fca4b,ALB-CN-1870-5847,isSameAs,ALB-CN-1880-19238,1870,1880,70-80,0.917
845aad26-4af7-4206-b9ae-99970d8301c2,ALB-CN-1870-5848,isSameAs,ALB-CN-1880-19239,1870,1880,70-80,0.948
84a852a0-ded2-44e9-b63b-399b4d916de0,ALB-CN-1870-5849,isSameAs,ALB-CN-1880-19240,1870,1880,70-80,0.948
af1db656-fd9b-480b-b331-79bd5452ef75,ALB-CN-1870-585,isSameAs,ALB-CN-1880-30180,1870,1880,70-80,0.622
65a293a3-5add-4951-92db-6dc744c37f0b,ALB-CN-1870-5850,isSameAs,ALB-CN-1880-19241,1870,1880,70-80,0.881
1bc1fc54-7bb6-4a6c-9412-9b80bd31e9aa,ALB-CN-1870-5851,isSameAs,ALB-CN-1880-19242,1870,1880,70-80,0.948
7a7b1b78-cdfd-4241-a2f9-322638ea3368,ALB-CN-1870-5857,isSameAs,ALB-CN-1880-31524,1870,1880,70-80,0.846
b15bcd79-01b2-416b-a05f-d5ab193e362b,ALB-CN-1870-5858,isSameAs,ALB-CN-1880-31525,1870,1880,70-80,0.846
d0e59b29-b014-4401-85bb-f3670bc19305,ALB-CN-1870-5859,isSameAs,ALB-CN-1880-8113,1870,1880,70-80,0.964
3d39b6e7-8eea-45dd-a7a9-4542dc622cac,ALB-CN-1870-586,isSameAs,ALB-CN-1880-19213,1870,1880,70-80,0.794
3ceaf962-977a-48c2-9e45-d0e399db0ffa,ALB-CN-1870-5868,isSameAs,ALB-CN-1880-18621,1870,1880,70-80,0.931
d4179ae7-b9f5-460e-974c-b9e46272dd2e,ALB-CN-1870-5869,isSameAs,ALB-CN-1880-18622,1870,1880,70-80,0.711
3e5d9e20-9c15-4438-80c0-4e828dfc6c90,ALB-CN-1870-587,isSameAs,ALB-CN-1880-27599,1870,1880,70-80,0.846
51d0758e-51ab-4859-a24b-e38d45e44c62,ALB-CN-1870-5871,isSameAs,ALB-CN-1880-18623,1870,1880,70-80,0.976
4c55a84e-9887-4820-b298-5c49f910ff38,ALB-CN-1870-5872,isSameAs,ALB-CN-1880-18624,1870,1880,70-80,0.957
7acb865e-be74-4a23-a2e4-35737706d285,ALB-CN-1870-5873,isSameAs,ALB-CN-1880-18625,1870,1880,70-80,0.668
a2956de3-1d4c-46d3-ba5c-5db5fbf66cb8,ALB-CN-1870-5874,isSameAs,ALB-CN-1880-18626,1870,1880,70-80,0.75
59df6a7e-23ef-4af7-b850-b3794a84a6bd,ALB-CN-1870-5875,isSameAs,ALB-CN-1880-18639,1870,1880,70-80,0.634
c35f37f4-7bfe-4cd4-8d0b-cf167a3bdbde,ALB-CN-1870-588,isSameAs,ALB-CN-1880-21010,1870,1880,70-80,0.786
3ff2f73e-28bd-4ad1-8b9f-f84005b70bf5,ALB-CN-1870-5882,isSameAs,ALB-CN-1880-18647,1870,1880,70-80,0.76
ba29c1e9-f370-4199-95d7-1b80cb39ed2e,ALB-CN-1870-5883,isSameAs,ALB-CN-1880-18648,1870,1880,70-80,0.957
40cebea1-4616-4cff-b57d-2c7efc13d7c5,ALB-CN-1870-5890,isSameAs,ALB-CN-1880-18612,1870,1880,70-80,0.989
b21339f9-977b-446d-ae47-67d413d0304a,ALB-CN-1870-5891,isSameAs,ALB-CN-1880-18613,1870,1880,70-80,0.931
a15efad8-551d-4fd4-9b7e-75ac956eb613,ALB-CN-1870-5892,isSameAs,ALB-CN-1880-24824,1870,1880,70-80,0.711
feb0fb7b-8ff3-48cd-90ff-37f46a97e164,ALB-CN-1870-5895,isSameAs,ALB-CN-1880-18614,1870,1880,70-80,0.957
372a34e6-5252-4f3b-b79e-a62f3d3682ba,ALB-CN-1870-5896,isSameAs,ALB-CN-1880-12588,1870,1880,70-80,0.711
8d4dbe9e-2a53-41d5-9bd4-5daa42a36e2b,ALB-CN-1870-5897,isSameAs,ALB-CN-1880-18616,1870,1880,70-80,0.971
76fe8655-a5da-47ef-95f3-32fe0742fe34,ALB-CN-1870-5898,isSameAs,ALB-CN-1880-18617,1870,1880,70-80,0.989
6e1bbc6c-a6e9-4b1d-9d37-5b5bc9c949ce,ALB-CN-1870-59,isSameAs,ALB-CN-1880-22075,1870,1880,70-80,0.989
47c15f8f-e677-45d0-875b-00b173f1b8f1,ALB-CN-1870-590,isSameAs,ALB-CN-1880-29252,1870,1880,70-80,0.957
71ec0435-e443-4822-b230-e06b9cc09121,ALB-CN-1870-5909,isSameAs,ALB-CN-1880-20111,1870,1880,70-80,0.611
a67d1856-175d-4d59-b9e9-5d2d12d6286f,ALB-CN-1870-591,isSameAs,ALB-CN-1880-12913,1870,1880,70-80,0.721
cb6081e0-f927-4c0a-9a5c-e34db571339b,ALB-CN-1870-5912,isSameAs,ALB-CN-1880-18049,1870,1880,70-80,0.948
4d1de665-e632-4bce-a2b5-fa2c4ddce2ec,ALB-CN-1870-5913,isSameAs,ALB-CN-1880-18047,1870,1880,70-80,0.964
15822064-cd40-43a8-94e7-141fd1c46f97,ALB-CN-1870-5914,isSameAs,ALB-CN-1880-18048,1870,1880,70-80,0.948
3dfc3e52-b29a-4ca9-9877-66b66a762092,ALB-CN-1870-592,isSameAs,ALB-CN-1880-11424,1870,1880,70-80,0.711
f6ee12e5-2b31-4dee-b19f-abafaeda2453,ALB-CN-1870-5920,isSameAs,ALB-CN-1880-18138,1870,1880,70-80,0.881
0ac23383-df79-4806-b084-91ab16143d63,ALB-CN-1870-5921,isSameAs,ALB-CN-1880-24464,1870,1880,70-80,0.924
ec658920-43d2-4431-a0b5-7a771721fee2,ALB-CN-1870-5923,isSameAs,ALB-CN-1880-6169,1870,1880,70-80,0.832
8da62a30-ef8b-4479-9524-c538131ed04d,ALB-CN-1870-593,isSameAs,ALB-CN-1880-29253,1870,1880,70-80,0.875
b46d1be8-026a-434f-b736-e405cf762941,ALB-CN-1870-5930,isSameAs,ALB-CN-1880-18002,1870,1880,70-80,0.989
19d57b75-0489-4277-8dab-c3a1a0ae706e,ALB-CN-1870-5934,isSameAs,ALB-CN-1880-18012,1870,1880,70-80,0.909
ca125277-3da4-45fb-b295-54c9d6defe2d,ALB-CN-1870-5938,isSameAs,ALB-CN-1880-18007,1870,1880,70-80,0.988
976eef7c-0b8c-4d83-865a-0fd9f7910509,ALB-CN-1870-5939,isSameAs,ALB-CN-1880-19114,1870,1880,70-80,0.987
24cd6fa8-05cd-4c04-bc21-7f1d9f4a4dc8,ALB-CN-1870-5940,isSameAs,ALB-CN-1880-19115,1870,1880,70-80,0.99
05ffdb61-d2b5-4674-9ec3-0d4ffaa82bd0,ALB-CN-1870-5941,isSameAs,ALB-CN-1880-19116,1870,1880,70-80,0.99
089729a0-ddd4-405c-a34e-9df40da83636,ALB-CN-1870-5942,isSameAs,ALB-CN-1880-19117,1870,1880,70-80,0.98
d7a71274-2501-4b65-974a-130ff40697a1,ALB-CN-1870-595,isSameAs,ALB-CN-1880-27603,1870,1880,70-80,0.98
5003fb76-a8fc-4cd4-8bd8-3b74aea5da66,ALB-CN-1870-5951,isSameAs,ALB-CN-1880-18050,1870,1880,70-80,0.964
d77016a5-d199-417d-b33c-aab9ec52c70e,ALB-CN-1870-5952,isSameAs,ALB-CN-1880-18051,1870,1880,70-80,0.657
636bb2dc-49af-49d0-95ac-7279d4c8bd13,ALB-CN-1870-5956,isSameAs,ALB-CN-1880-27236,1870,1880,70-80,0.891
53fe4aff-c844-441d-a88f-27e95707004f,ALB-CN-1870-5959,isSameAs,ALB-CN-1880-26526,1870,1880,70-80,0.948
486bcf92-a6d1-4c88-b8b3-72a125ae11bf,ALB-CN-1870-5961,isSameAs,ALB-CN-1880-26260,1870,1880,70-80,0.76
fe618ff4-796b-4d75-b0be-da55e5020119,ALB-CN-1870-5963,isSameAs,ALB-CN-1880-26262,1870,1880,70-80,0.909
6448c172-8175-43b5-93bc-8676ca19c88b,ALB-CN-1870-5966,isSameAs,ALB-CN-1880-26963,1870,1880,70-80,0.931
30284835-de0b-416c-9abe-85f5645c3fc6,ALB-CN-1870-5969,isSameAs,ALB-CN-1880-26965,1870,1880,70-80,0.924
73ceda48-0176-4aa2-ab22-0a4be885d76c,ALB-CN-1870-597,isSameAs,ALB-CN-1880-27604,1870,1880,70-80,0.984
c6fc4996-1d35-42fb-b779-56eb7c0dab02,ALB-CN-1870-5973,isSameAs,ALB-CN-1880-25800,1870,1880,70-80,0.679
5206bde3-0526-41dc-9784-fde2a5ffd025,ALB-CN-1870-5979,isSameAs,ALB-CN-1880-26604,1870,1880,70-80,0.731
dfd4903c-b12f-4017-9e4d-ba2d3f121e42,ALB-CN-1870-598,isSameAs,ALB-CN-1880-27605,1870,1880,70-80,0.984
3a3b1e6f-9abc-4b72-b6b7-5f84a752a2e6,ALB-CN-1870-5981,isSameAs,ALB-CN-1880-26606,1870,1880,70-80,0.928
2d09ad5b-c647-4d0e-b412-d814271b081f,ALB-CN-1870-5982,isSameAs,ALB-CN-1880-24856,1870,1880,70-80,0.87
14a01b97-768d-4084-b0ae-b72d1027f09f,ALB-CN-1870-5989,isSameAs,ALB-CN-1880-31192,1870,1880,70-80,0.87
d2583e9c-b1b1-4c89-9b02-b2e016306610,ALB-CN-1870-599,isSameAs,ALB-CN-1880-27606,1870,1880,70-80,0.976
34dfb26e-7d94-4d4f-bc07-44e7d3ef130c,ALB-CN-1870-5998,isSameAs,ALB-CN-1880-26437,1870,1880,70-80,0.937
ef85b2b2-a96c-4826-8ad1-76b780675ccf,ALB-CN-1870-6,isSameAs,ALB-CN-1880-22048,1870,1880,70-80,0.964
52e4fc97-973b-43ae-9c1a-6e037035f38a,ALB-CN-1870-60,isSameAs,ALB-CN-1880-22076,1870,1880,70-80,0.99
f20bd497-96dc-4717-aa2f-5ad9429010fe,ALB-CN-1870-6000,isSameAs,ALB-CN-1880-26438,1870,1880,70-80,0.858
294f7db3-d54f-4368-91db-6349dce2343e,ALB-CN-1870-6003,isSameAs,ALB-CN-1880-26585,1870,1880,70-80,0.909
4e199cc2-9529-42f6-86bf-98c808a8bc97,ALB-CN-1870-6004,isSameAs,ALB-CN-1880-26584,1870,1880,70-80,0.909
2be47fca-cebc-4627-a8d1-869834f2a230,ALB-CN-1870-6005,isSameAs,ALB-CN-1880-26583,1870,1880,70-80,0.948
73eca484-c12f-4af5-8275-15ffef447419,ALB-CN-1870-6008,isSameAs,ALB-CN-1880-26464,1870,1880,70-80,0.794
535b34f6-4b38-49d3-8699-ef9c8ede1ce2,ALB-CN-1870-6009,isSameAs,ALB-CN-1880-26465,1870,1880,70-80,0.937
960f4f99-405e-40bf-9d89-ff4f9fb6a533,ALB-CN-1870-6011,isSameAs,ALB-CN-1880-26466,1870,1880,70-80,0.924
95876ff7-58ea-4022-abd7-c45a9b4d962e,ALB-CN-1870-6012,isSameAs,ALB-CN-1880-26473,1870,1880,70-80,0.969
9eb44f61-3ffe-4096-b0b9-eda49944c1af,ALB-CN-1870-6014,isSameAs,ALB-CN-1880-26474,1870,1880,70-80,0.964
9f8d4f20-82b5-4533-bea7-50e0df70591f,ALB-CN-1870-6015,isSameAs,ALB-CN-1880-26503,1870,1880,70-80,0.968
d4e64f06-b2cf-4087-9261-e2d1aef5c38f,ALB-CN-1870-6016,isSameAs,ALB-CN-1880-26497,1870,1880,70-80,0.971
026c625d-38b9-4a22-8cbc-e9dfbdbb0de1,ALB-CN-1870-6017,isSameAs,ALB-CN-1880-26498,1870,1880,70-80,0.987
eab59ea2-42e6-4ffd-ac2b-b67796409dc3,ALB-CN-1870-6018,isSameAs,ALB-CN-1880-27344,1870,1880,70-80,0.937
8f72101e-d318-4997-ad82-b2330e5abcc2,ALB-CN-1870-6019,isSameAs,ALB-CN-1880-26499,1870,1880,70-80,0.953
65a55b7e-6668-484e-8412-f5f72c9b678d,ALB-CN-1870-6020,isSameAs,ALB-CN-1880-27326,1870,1880,70-80,0.964
30433aec-5f64-4682-9564-fe5938689163,ALB-CN-1870-6021,isSameAs,ALB-CN-1880-27327,1870,1880,70-80,0.979
bfb2e5a9-2b61-44d5-928b-58b2dcc5f579,ALB-CN-1870-6022,isSameAs,ALB-CN-1880-27328,1870,1880,70-80,0.896
da3f1a1e-acec-4e03-b87c-ea03e88749af,ALB-CN-1870-6023,isSameAs,ALB-CN-1880-27329,1870,1880,70-80,0.99
ea498c68-e190-45ab-a564-e9472b7d8d46,ALB-CN-1870-6024,isSameAs,ALB-CN-1880-27330,1870,1880,70-80,0.99
f10c8fad-fa75-4a8b-9f64-a8785e2ff7ca,ALB-CN-1870-6037,isSameAs,ALB-CN-1880-27249,1870,1880,70-80,0.794
8b91f201-052a-4786-a7e1-b7cf539f1f89,ALB-CN-1870-6040,isSameAs,ALB-CN-1880-15186,1870,1880,70-80,0.622
3757a9d7-b06b-40fb-ae6a-ee09ceb8cc87,ALB-CN-1870-6042,isSameAs,ALB-CN-1880-21840,1870,1880,70-80,0.968
0a6210b9-3910-4096-b3d5-bba7719f9293,ALB-CN-1870-6043,isSameAs,ALB-CN-1880-21841,1870,1880,70-80,0.953
f8c7d6a6-183b-49bc-b230-fe2af97a99e5,ALB-CN-1870-6051,isSameAs,ALB-CN-1880-21621,1870,1880,70-80,0.721
6290ec4b-49a9-430d-92c9-61c9aa5da6a5,ALB-CN-1870-6054,isSameAs,ALB-CN-1880-20279,1870,1880,70-80,0.69
f002da15-1bbd-4d78-8f36-ce84baa56200,ALB-CN-1870-6058,isSameAs,ALB-CN-1880-25636,1870,1880,70-80,0.711
7ea03a29-c973-4f58-a5ed-58513815ad63,ALB-CN-1870-606,isSameAs,ALB-CN-1880-27563,1870,1880,70-80,0.769
f68de2b8-6b36-4bb6-8bec-e6a302497f21,ALB-CN-1870-6060,isSameAs,ALB-CN-1880-26615,1870,1880,70-80,0.852
54347f2e-d4ac-4201-af6c-9b45b619662b,ALB-CN-1870-6063,isSameAs,ALB-CN-1880-21031,1870,1880,70-80,0.679
9ef289ea-891b-41d2-905e-081ff6d9197f,ALB-CN-1870-6065,isSameAs,ALB-CN-1880-26652,1870,1880,70-80,0.846
e3444047-7b82-43ed-b2cd-349bac9dd567,ALB-CN-1870-6069,isSameAs,ALB-CN-1880-26742,1870,1880,70-80,0.948
989a37c6-5dc1-47fa-80d1-da6467a52446,ALB-CN-1870-6070,isSameAs,ALB-CN-1880-26743,1870,1880,70-80,0.984
e443192c-96e2-410b-aa04-3d2f27881596,ALB-CN-1870-6071,isSameAs,ALB-CN-1880-26744,1870,1880,70-80,0.69
29aee480-4a11-4d4f-9a1f-5713c4e68dfa,ALB-CN-1870-6076,isSameAs,ALB-CN-1880-26782,1870,1880,70-80,0.943
78848c6a-3897-4215-a90d-032d038bca39,ALB-CN-1870-6077,isSameAs,ALB-CN-1880-26783,1870,1880,70-80,0.989
2a709810-3f8a-4542-9689-1215b82d0195,ALB-CN-1870-6078,isSameAs,ALB-CN-1880-26784,1870,1880,70-80,0.984
88ba039c-2976-44fb-bc58-16454069a0bb,ALB-CN-1870-608,isSameAs,ALB-CN-1880-20025,1870,1880,70-80,0.881
950848f5-c2dd-40a7-97f9-86da2aacb6cf,ALB-CN-1870-6080,isSameAs,ALB-CN-1880-26786,1870,1880,70-80,0.977
7064c2e8-4c07-491a-aa9e-c9bc254abf1e,ALB-CN-1870-6081,isSameAs,ALB-CN-1880-26787,1870,1880,70-80,0.966
b29f8bd6-4e21-44c9-919c-e888db735830,ALB-CN-1870-6082,isSameAs,ALB-CN-1880-21744,1870,1880,70-80,0.971
b8592370-6f7b-4204-90b4-a3c5efb2c4a7,ALB-CN-1870-6083,isSameAs,ALB-CN-1880-26789,1870,1880,70-80,0.984
ef3d6505-400f-4926-886f-980ee3c5628b,ALB-CN-1870-6084,isSameAs,ALB-CN-1880-26792,1870,1880,70-80,0.957
79e36cb1-88d9-4db8-b2b7-fa79fbaf900f,ALB-CN-1870-6085,isSameAs,ALB-CN-1880-26764,1870,1880,70-80,0.818
286d7678-26d0-42ff-8e77-d3592c41430d,ALB-CN-1870-6086,isSameAs,ALB-CN-1880-26765,1870,1880,70-80,0.896
f96adf73-874d-44ed-b60c-6d146cb9f55c,ALB-CN-1870-6090,isSameAs,ALB-CN-1880-790,1870,1880,70-80,0.75
f0c44b74-c603-401f-bc74-7e59f68719f5,ALB-CN-1870-6091,isSameAs,ALB-CN-1880-26767,1870,1880,70-80,0.953
295b7521-e4fb-4a29-af27-501652315ac6,ALB-CN-1870-6092,isSameAs,ALB-CN-1880-26770,1870,1880,70-80,0.971
82dfe301-f78d-4213-8997-b7b6023492c5,ALB-CN-1870-6093,isSameAs,ALB-CN-1880-26771,1870,1880,70-80,0.98
d025bdb9-304d-452d-94cd-6459c4b4dbec,ALB-CN-1870-6094,isSameAs,ALB-CN-1880-995,1870,1880,70-80,0.896
9221b1b7-fe8f-4b62-a408-c69def5c509d,ALB-CN-1870-6096,isSameAs,ALB-CN-1880-992,1870,1880,70-80,0.839
ee705a8b-7ce7-4cf7-9e5e-7f9150d0105a,ALB-CN-1870-6099,isSameAs,ALB-CN-1880-26794,1870,1880,70-80,0.891
20482531-3b2d-4780-803f-a939d227142d,ALB-CN-1870-61,isSameAs,ALB-CN-1880-22119,1870,1880,70-80,0.622
bfc62653-0053-46a6-8f2b-1749afda3ba1,ALB-CN-1870-610,isSameAs,ALB-CN-1880-31254,1870,1880,70-80,0.731
49b9ac80-bb4d-4050-bd0b-29b93239a838,ALB-CN-1870-6101,isSameAs,ALB-CN-1880-12423,1870,1880,70-80,0.711
fa669bd0-e079-4944-9f47-0bb4d8649563,ALB-CN-1870-6103,isSameAs,ALB-CN-1880-32065,1870,1880,70-80,0.646
3f65145f-1003-4bab-b849-6cfdc4bddbb6,ALB-CN-1870-6104,isSameAs,ALB-CN-1880-26795,1870,1880,70-80,0.818
f9ed38e7-0d40-4951-921e-ecc63467bbd3,ALB-CN-1870-6111,isSameAs,ALB-CN-1880-27161,1870,1880,70-80,0.982
89eb93ef-3e50-46ac-95a9-33567c4a5647,ALB-CN-1870-6112,isSameAs,ALB-CN-1880-27162,1870,1880,70-80,0.978
af1530f9-3da1-4100-bca1-76fd0c826d99,ALB-CN-1870-6113,isSameAs,ALB-CN-1880-27163,1870,1880,70-80,0.961
0b9f91ff-1bcb-4ae7-b5fa-756157e12701,ALB-CN-1870-6114,isSameAs,ALB-CN-1880-27164,1870,1880,70-80,0.973
7696c6ec-288f-4e0d-92d9-0b3b8dd83584,ALB-CN-1870-6115,isSameAs,ALB-CN-1880-18657,1870,1880,70-80,0.679
dbaeeee1-99ed-4b1e-87de-454f014d1b92,ALB-CN-1870-6119,isSameAs,ALB-CN-1880-7132,1870,1880,70-80,0.731
08cf13cf-d1e6-437c-9b65-2343ef94ffda,ALB-CN-1870-612,isSameAs,ALB-CN-1880-28252,1870,1880,70-80,0.786
77dad39d-367c-4fef-ae12-d14c4140fbd2,ALB-CN-1870-6124,isSameAs,ALB-CN-1880-30503,1870,1880,70-80,0.75
de8a771f-9195-49e8-a507-765bfdc7fd17,ALB-CN-1870-6125,isSameAs,ALB-CN-1880-11751,1870,1880,70-80,0.711
b6b52c86-d184-4216-a64f-713ccd0fa312,ALB-CN-1870-6126,isSameAs,ALB-CN-1880-25075,1870,1880,70-80,0.881
4e0b3f3b-60ee-448d-aee3-96a439f9bc19,ALB-CN-1870-6132,isSameAs,ALB-CN-1880-27060,1870,1880,70-80,0.909
e8978d64-0a78-4083-9128-d79ca9dd272f,ALB-CN-1870-6133,isSameAs,ALB-CN-1880-11754,1870,1880,70-80,0.711
de801ff3-84bd-48f9-9a5e-a91d17d1a313,ALB-CN-1870-6136,isSameAs,ALB-CN-1880-27066,1870,1880,70-80,0.802
9f831ab5-6d4a-432f-80b6-b2f4cb81b7f3,ALB-CN-1870-6139,isSameAs,ALB-CN-1880-27769,1870,1880,70-80,0.913
9e4267d0-e4a8-4d03-88c7-44c2b177e4f7,ALB-CN-1870-614,isSameAs,ALB-CN-1880-29321,1870,1880,70-80,0.786
9c2f43b8-495a-443d-b071-cd08bb2d5d76,ALB-CN-1870-6140,isSameAs,ALB-CN-1880-27770,1870,1880,70-80,0.711
58de96dd-b222-4767-a95e-fc77f3043eac,ALB-CN-1870-6142,isSameAs,ALB-CN-1880-27771,1870,1880,70-80,0.818
6e9e4616-b59e-44ce-bc10-e0d0a3006cee,ALB-CN-1870-6143,isSameAs,ALB-CN-1880-27772,1870,1880,70-80,0.971
eea60baa-dda6-4004-a2cf-0294b8223780,ALB-CN-1870-6145,isSameAs,ALB-CN-1880-27794,1870,1880,70-80,0.976
569e2853-eb10-48be-a6f7-465c47670189,ALB-CN-1870-6146,isSameAs,ALB-CN-1880-27795,1870,1880,70-80,0.989
14f0d1a8-96a0-42bc-a14a-95fbbd3fd674,ALB-CN-1870-6147,isSameAs,ALB-CN-1880-27796,1870,1880,70-80,0.99
dd73607f-e489-419c-ad4b-4655758f8661,ALB-CN-1870-6148,isSameAs,ALB-CN-1880-27797,1870,1880,70-80,0.973
9f33835c-b104-4aa0-b38d-d2795b3ee59d,ALB-CN-1870-615,isSameAs,ALB-CN-1880-29320,1870,1880,70-80,0.846
2ca1066b-084f-489c-b5d0-516e6a84c417,ALB-CN-1870-6151,isSameAs,ALB-CN-1880-27800,1870,1880,70-80,0.982
7c2e66bd-5f7a-4c31-9418-9b6c4ed580cb,ALB-CN-1870-6152,isSameAs,ALB-CN-1880-27799,1870,1880,70-80,0.973
2803b3cb-3c1e-4c44-b680-9e53b2f1ae3b,ALB-CN-1870-6153,isSameAs,ALB-CN-1880-700,1870,1880,70-80,0.948
9042bd1a-b962-4061-bd57-d3acd0bd21b2,ALB-CN-1870-6154,isSameAs,ALB-CN-1880-701,1870,1880,70-80,0.948
8780efef-3a2d-44b2-a096-fa2cedc300b3,ALB-CN-1870-6155,isSameAs,ALB-CN-1880-4652,1870,1880,70-80,0.945
b9c8d787-d609-45cd-a570-deadf1d52371,ALB-CN-1870-6156,isSameAs,ALB-CN-1880-4651,1870,1880,70-80,0.846
5f44f7a4-9429-4f6c-b70c-158689095ca3,ALB-CN-1870-6159,isSameAs,ALB-CN-1880-26114,1870,1880,70-80,0.622
9c798f3c-e17d-462e-b571-b11b150b055d,ALB-CN-1870-616,isSameAs,ALB-CN-1880-29105,1870,1880,70-80,0.731
3b8c801d-46cb-44b9-8382-a054849cce96,ALB-CN-1870-6160,isSameAs,ALB-CN-1880-702,1870,1880,70-80,0.948
3ed48819-c763-49dd-bc86-d6b680501a22,ALB-CN-1870-6161,isSameAs,ALB-CN-1880-703,1870,1880,70-80,0.948
28285bda-b3a8-4ccb-aaac-f7811acbb3cf,ALB-CN-1870-6163,isSameAs,ALB-CN-1880-24884,1870,1880,70-80,0.69
00d7e9f4-8982-4093-8269-8074d5a16260,ALB-CN-1870-6165,isSameAs,ALB-CN-1880-18223,1870,1880,70-80,0.87
52193d66-ac31-43aa-9e9a-8d52ef203962,ALB-CN-1870-6166,isSameAs,ALB-CN-1880-8261,1870,1880,70-80,0.769
e6548e23-2a6b-41b8-9f76-27a32bae92f8,ALB-CN-1870-6168,isSameAs,ALB-CN-1880-18225,1870,1880,70-80,0.937
b8aa23ec-2c74-4b42-86c3-d4853f1d28d4,ALB-CN-1870-6169,isSameAs,ALB-CN-1880-18226,1870,1880,70-80,0.909
6fadff29-414d-464a-87ee-0162b620ada2,ALB-CN-1870-6175,isSameAs,ALB-CN-1880-15249,1870,1880,70-80,0.731
4e297b7e-61b5-433a-9397-8f73ef7932d3,ALB-CN-1870-6179,isSameAs,ALB-CN-1880-15251,1870,1880,70-80,0.909
f7a3e730-c53a-4664-8d4d-9438d568fc44,ALB-CN-1870-6180,isSameAs,ALB-CN-1880-26044,1870,1880,70-80,0.917
773ec206-7286-4575-8c10-6bca288aaef4,ALB-CN-1870-6183,isSameAs,ALB-CN-1880-26046,1870,1880,70-80,0.881
f049f0a9-6b9d-4850-bb42-56e9658ba134,ALB-CN-1870-6186,isSameAs,ALB-CN-1880-25320,1870,1880,70-80,0.721
a78b2a76-59d3-46d3-af14-9e8511b4769a,ALB-CN-1870-6189,isSameAs,ALB-CN-1880-26149,1870,1880,70-80,0.937
afa37376-50b4-45d2-881b-c7ed7b879054,ALB-CN-1870-6190,isSameAs,ALB-CN-1880-12988,1870,1880,70-80,0.846
ef597258-4fc5-4e76-bf11-2a2247fd2569,ALB-CN-1870-6191,isSameAs,ALB-CN-1880-26151,1870,1880,70-80,0.721
d30753b8-29fd-47c9-8ed6-b21e7af5dd2f,ALB-CN-1870-6199,isSameAs,ALB-CN-1880-14468,1870,1880,70-80,0.711
e4a283a0-067f-4084-bb98-99696fc5edcb,ALB-CN-1870-6209,isSameAs,ALB-CN-1880-19755,1870,1880,70-80,0.931
32511b9a-9625-4423-a9df-b041b0bc5aaf,ALB-CN-1870-621,isSameAs,ALB-CN-1880-14955,1870,1880,70-80,0.924
0e44acd1-ab3f-4c80-89c0-d776f8fc52bc,ALB-CN-1870-6216,isSameAs,ALB-CN-1880-7933,1870,1880,70-80,0.69
b85f17c6-762b-4828-a0b0-03126c9309b4,ALB-CN-1870-622,isSameAs,ALB-CN-1880-14956,1870,1880,70-80,0.924
c1fd0e9e-4516-4373-9a02-33a2710fccb0,ALB-CN-1870-6225,isSameAs,ALB-CN-1880-16275,1870,1880,70-80,0.948
2fc628b9-11f6-4552-86ca-0e87b1517d1d,ALB-CN-1870-6230,isSameAs,ALB-CN-1880-11148,1870,1880,70-80,0.948
c719968a-5f95-4afc-98f3-6f892d3ac2e9,ALB-CN-1870-6234,isSameAs,ALB-CN-1880-9372,1870,1880,70-80,0.721
d4cb63d1-bfb5-4706-8420-927303804a84,ALB-CN-1870-6235,isSameAs,ALB-CN-1880-26886,1870,1880,70-80,0.69
a9f3b6e0-e24b-4029-ac2f-a4b77614006f,ALB-CN-1870-6236,isSameAs,ALB-CN-1880-9217,1870,1880,70-80,0.818
1ad7352f-1846-48c2-9500-3c9db3891d79,ALB-CN-1870-6238,isSameAs,ALB-CN-1880-26887,1870,1880,70-80,0.961
c7ad286a-0a1d-4a34-9aa6-16959f0ff2a4,ALB-CN-1870-6239,isSameAs,ALB-CN-1880-26888,1870,1880,70-80,0.909
d7fe5497-3134-4787-a413-780e415167b2,ALB-CN-1870-624,isSameAs,ALB-CN-1880-14958,1870,1880,70-80,0.832
08ede7dd-9619-4a28-b0e7-bd237400fee0,ALB-CN-1870-6240,isSameAs,ALB-CN-1880-26889,1870,1880,70-80,0.917
7b80122f-9d7a-428c-b602-f75b1d9046c7,ALB-CN-1870-625,isSameAs,ALB-CN-1880-18653,1870,1880,70-80,0.75
cc39964e-c402-4221-b761-188a66d838df,ALB-CN-1870-6250,isSameAs,ALB-CN-1880-17630,1870,1880,70-80,0.818
9a858511-1d5c-4446-9cec-fc419db65926,ALB-CN-1870-6252,isSameAs,ALB-CN-1880-30385,1870,1880,70-80,0.909
25138348-fadc-434a-ad03-2d9caca352bf,ALB-CN-1870-626,isSameAs,ALB-CN-1880-25872,1870,1880,70-80,0.75
85d5e125-7ceb-4b72-ae6f-124f0240ca2e,ALB-CN-1870-6263,isSameAs,ALB-CN-1880-26961,1870,1880,70-80,0.818
c2cb0899-82a6-4845-a4df-5ea6dbc83e6e,ALB-CN-1870-6268,isSameAs,ALB-CN-1880-16019,1870,1880,70-80,0.622
9397a623-bb78-4d1f-b31b-5e6bc293c39c,ALB-CN-1870-6269,isSameAs,ALB-CN-1880-26970,1870,1880,70-80,0.909
9c8e35da-3392-41ad-8964-16d57ae30f61,ALB-CN-1870-627,isSameAs,ALB-CN-1880-14959,1870,1880,70-80,0.896
1e319613-d86d-4690-a5cc-d3b53c7cd97c,ALB-CN-1870-6272,isSameAs,ALB-CN-1880-26971,1870,1880,70-80,0.881
ae240ced-55bf-4906-ad9d-085bfc39ca31,ALB-CN-1870-6273,isSameAs,ALB-CN-1880-17546,1870,1880,70-80,0.711
fd9ede25-0f4e-40de-9918-674c4222ddce,ALB-CN-1870-6275,isSameAs,ALB-CN-1880-17501,1870,1880,70-80,0.75
4d5885bc-3b63-4cb0-9644-4d7bbf1baaeb,ALB-CN-1870-6276,isSameAs,ALB-CN-1880-15865,1870,1880,70-80,0.76
cf12b5b9-17c7-46bd-b524-cebb8915da12,ALB-CN-1870-6277,isSameAs,ALB-CN-1880-16020,1870,1880,70-80,0.711
176a8601-6bf7-4742-ab4c-9a87e62db49f,ALB-CN-1870-6278,isSameAs,ALB-CN-1880-17549,1870,1880,70-80,0.622
7c8613df-4992-4de0-88b8-bb5507730618,ALB-CN-1870-628,isSameAs,ALB-CN-1880-483,1870,1880,70-80,0.852
5381b5cb-0edf-4e06-a2d5-68d31328d4eb,ALB-CN-1870-6286,isSameAs,ALB-CN-1880-26725,1870,1880,70-80,0.786
a098549a-950a-4d8e-81a6-14fa4407b93b,ALB-CN-1870-6287,isSameAs,ALB-CN-1880-26726,1870,1880,70-80,0.971
5f756088-9bea-4111-94f4-d5abaf3da744,ALB-CN-1870-6288,isSameAs,ALB-CN-1880-26727,1870,1880,70-80,0.98
01d5c24a-b163-4f0f-bcaa-f1cffc15c19f,ALB-CN-1870-6289,isSameAs,ALB-CN-1880-26728,1870,1880,70-80,0.971
39bf1aa5-e1e2-4153-97ce-e99c5a89fdba,ALB-CN-1870-629,isSameAs,ALB-CN-1880-14960,1870,1880,70-80,0.948
49fbbed0-3fe7-42d4-af56-21b16c7c1d4d,ALB-CN-1870-6292,isSameAs,ALB-CN-1880-26729,1870,1880,70-80,0.971
b401040a-d521-4737-a6ea-5ee84fda461c,ALB-CN-1870-63,isSameAs,ALB-CN-1880-22077,1870,1880,70-80,0.989
89c10b27-b29e-4be2-8c6c-5a543624fe10,ALB-CN-1870-630,isSameAs,ALB-CN-1880-14961,1870,1880,70-80,0.924
7e1bc143-ec7d-4f55-813d-0d5526e6d221,ALB-CN-1870-6300,isSameAs,ALB-CN-1880-26938,1870,1880,70-80,0.832
ed2c5169-9ad7-4954-b2d8-a1adde04015d,ALB-CN-1870-6301,isSameAs,ALB-CN-1880-31089,1870,1880,70-80,0.657
f592f5c1-5d54-4156-847f-876deef7a719,ALB-CN-1870-6306,isSameAs,ALB-CN-1880-13187,1870,1880,70-80,0.668
83b76b1b-4255-4d41-8873-a432d1335838,ALB-CN-1870-6307,isSameAs,ALB-CN-1880-11021,1870,1880,70-80,0.668
d65c3ba2-4be4-46f8-a9ad-27d0db9c315a,ALB-CN-1870-6308,isSameAs,ALB-CN-1880-431,1870,1880,70-80,0.646
317b2bee-85b2-446c-966c-81f4fcacd098,ALB-CN-1870-631,isSameAs,ALB-CN-1880-29151,1870,1880,70-80,0.99
67290310-79b9-4ee2-afc4-e46d1c44f90b,ALB-CN-1870-6310,isSameAs,ALB-CN-1880-27746,1870,1880,70-80,0.987
cef387df-678a-4f1c-9c61-2e64a8283ce2,ALB-CN-1870-6311,isSameAs,ALB-CN-1880-27747,1870,1880,70-80,0.94
025fd74e-5e35-4e0a-ae88-386282873c69,ALB-CN-1870-6312,isSameAs,ALB-CN-1880-31158,1870,1880,70-80,0.924
8faaad71-2550-40db-b8da-df23f8ce1406,ALB-CN-1870-6315,isSameAs,ALB-CN-1880-27748,1870,1880,70-80,0.957
59d5dd3f-d28e-4cf3-9acb-7014d674689a,ALB-CN-1870-6316,isSameAs,ALB-CN-1880-27749,1870,1880,70-80,0.968
16cd89ee-49b2-4406-8a7f-040a03d17e3a,ALB-CN-1870-6317,isSameAs,ALB-CN-1880-27750,1870,1880,70-80,0.98
24d519e0-3c62-424a-821e-030b22fc5b68,ALB-CN-1870-632,isSameAs,ALB-CN-1880-29152,1870,1880,70-80,0.979
6a11f509-ae06-435b-9034-85f12fa11f58,ALB-CN-1870-6321,isSameAs,ALB-CN-1880-30125,1870,1880,70-80,0.891
82cb5551-1961-405e-83b9-a9fa5777badc,ALB-CN-1870-6323,isSameAs,ALB-CN-1880-28567,1870,1880,70-80,0.622
c49ce279-00ed-4c28-bbc1-eeff9a105481,ALB-CN-1870-6324,isSameAs,ALB-CN-1880-6273,1870,1880,70-80,0.711
887833b7-0217-4a29-b43c-6ad19b94c023,ALB-CN-1870-6327,isSameAs,ALB-CN-1880-2703,1870,1880,70-80,0.886
9dede508-2628-4ac9-a5a9-41abf24bbf32,ALB-CN-1870-6328,isSameAs,ALB-CN-1880-30428,1870,1880,70-80,0.846
57cd6cba-d464-4185-9989-d2a47bc6af4e,ALB-CN-1870-6329,isSameAs,ALB-CN-1880-3567,1870,1880,70-80,0.786
14b6e622-d8a4-4b59-921e-7b5cef388429,ALB-CN-1870-633,isSameAs,ALB-CN-1880-11009,1870,1880,70-80,0.75
02f2b919-21c5-48d2-abbe-607680560d90,ALB-CN-1870-6332,isSameAs,ALB-CN-1880-30467,1870,1880,70-80,0.846
09e38e61-a9b7-49d8-a72f-702f0579c096,ALB-CN-1870-6333,isSameAs,ALB-CN-1880-3570,1870,1880,70-80,0.711
a93c88fa-cefd-44b2-8ada-a45f8ec19803,ALB-CN-1870-6334,isSameAs,ALB-CN-1880-30431,1870,1880,70-80,0.786
a09c3433-9f94-46e3-a1ca-2160a5850c83,ALB-CN-1870-634,isSameAs,ALB-CN-1880-27531,1870,1880,70-80,0.731
8e2b2f21-2121-4a3b-9817-f811afebfe7b,ALB-CN-1870-6340,isSameAs,ALB-CN-1880-28687,1870,1880,70-80,0.75
dd2725ec-14f6-4608-9e7f-3b50116cf242,ALB-CN-1870-6343,isSameAs,ALB-CN-1880-29511,1870,1880,70-80,0.711
db8812e7-190c-4374-a2a2-0b9e5249376c,ALB-CN-1870-6346,isSameAs,ALB-CN-1880-11405,1870,1880,70-80,0.731
969394be-267f-473a-9f45-4622c18c1103,ALB-CN-1870-6353,isSameAs,ALB-CN-1880-8206,1870,1880,70-80,0.818
221cf6da-4dc4-4b9c-b183-463044c74e3c,ALB-CN-1870-6354,isSameAs,ALB-CN-1880-8207,1870,1880,70-80,0.917
09683712-1150-4da8-a40d-9487ec036bea,ALB-CN-1870-6355,isSameAs,ALB-CN-1880-29521,1870,1880,70-80,0.846
a6effc73-e7fb-454a-aacf-a71cf1493af5,ALB-CN-1870-6356,isSameAs,ALB-CN-1880-15524,1870,1880,70-80,0.75
c07baf4e-63ba-4f86-87bc-ae5728cde718,ALB-CN-1870-6357,isSameAs,ALB-CN-1880-27891,1870,1880,70-80,0.75
6ed86639-7da7-4862-b438-b132bdea6341,ALB-CN-1870-6358,isSameAs,ALB-CN-1880-29495,1870,1880,70-80,0.99
cdb7aa96-f0b5-4c39-83a0-e89f792deebd,ALB-CN-1870-6359,isSameAs,ALB-CN-1880-29496,1870,1880,70-80,0.985
5ea0392b-8501-4f85-9bfd-83a6cad93dd0,ALB-CN-1870-6360,isSameAs,ALB-CN-1880-29497,1870,1880,70-80,0.978
932e3abd-9ba8-4a73-9f37-80dd03cd3bb4,ALB-CN-1870-6361,isSameAs,ALB-CN-1880-29498,1870,1880,70-80,0.978
efc428c8-9fe2-482a-97c0-9c658fb6ad91,ALB-CN-1870-6363,isSameAs,ALB-CN-1880-2611,1870,1880,70-80,0.818
88d62272-25d6-49ad-b9ae-3243a3c5bd56,ALB-CN-1870-6364,isSameAs,ALB-CN-1880-29499,1870,1880,70-80,0.978
b841134a-a107-4dc6-b29c-bf5c84f8df10,ALB-CN-1870-6365,isSameAs,ALB-CN-1880-29500,1870,1880,70-80,0.99
668b4951-d1e3-4a86-9f30-492b2324eda0,ALB-CN-1870-6366,isSameAs,ALB-CN-1880-29501,1870,1880,70-80,0.976
64057b41-2cfa-4aee-84da-68b66ec40cd8,ALB-CN-1870-6367,isSameAs,ALB-CN-1880-29502,1870,1880,70-80,0.69
71c58e50-edbd-4b7d-9435-328783d0770e,ALB-CN-1870-6368,isSameAs,ALB-CN-1880-29503,1870,1880,70-80,0.985
d88eff54-2f7c-46d6-8190-d77b3224eb81,ALB-CN-1870-6369,isSameAs,ALB-CN-1880-29504,1870,1880,70-80,0.99
182a28d6-5bfd-44ba-ba0a-6ac041d903a6,ALB-CN-1870-637,isSameAs,ALB-CN-1880-27534,1870,1880,70-80,0.76
bcffb5c9-ef8c-4cf0-ac7b-40e450076fbf,ALB-CN-1870-6370,isSameAs,ALB-CN-1880-29349,1870,1880,70-80,0.818
ee80377c-cbe3-4ea8-b59e-794add248779,ALB-CN-1870-6374,isSameAs,ALB-CN-1880-28595,1870,1880,70-80,0.98
09910cfa-6719-41c9-8e4d-b5f580c19845,ALB-CN-1870-6375,isSameAs,ALB-CN-1880-28596,1870,1880,70-80,0.711
7b4dd47d-1e65-40c4-9649-6f3dbd88a8d0,ALB-CN-1870-6376,isSameAs,ALB-CN-1880-28588,1870,1880,70-80,0.711
e3b2f389-136f-4fe7-be38-56a0695e8e41,ALB-CN-1870-6377,isSameAs,ALB-CN-1880-28589,1870,1880,70-80,0.959
04197bd5-b305-4458-b43d-08c04a887aa4,ALB-CN-1870-6378,isSameAs,ALB-CN-1880-28590,1870,1880,70-80,0.971
be8b4604-8158-4953-83f9-afaa069970a7,ALB-CN-1870-6380,isSameAs,ALB-CN-1880-25428,1870,1880,70-80,0.924
79bd8039-65c1-4567-b7cd-7e39f1a5641b,ALB-CN-1870-6394,isSameAs,ALB-CN-1880-23771,1870,1880,70-80,0.937
26d81799-f078-4caf-a914-60b99e554cd3,ALB-CN-1870-6396,isSameAs,ALB-CN-1880-23773,1870,1880,70-80,0.964
7b89e947-ca15-4480-82e8-71e882e61262,ALB-CN-1870-64,isSameAs,ALB-CN-1880-22078,1870,1880,70-80,0.984
45345c3b-497f-4ba6-bfea-db8a62472288,ALB-CN-1870-6405,isSameAs,ALB-CN-1880-27637,1870,1880,70-80,0.937
738e9e8e-9a9d-4060-8cd7-658984f59662,ALB-CN-1870-6406,isSameAs,ALB-CN-1880-27638,1870,1880,70-80,0.891
ad4755fd-0591-4328-aad1-c4119c08147d,ALB-CN-1870-6408,isSameAs,ALB-CN-1880-29610,1870,1880,70-80,0.622
52c07ca1-ec5a-4b26-a21f-dee5d4612b32,ALB-CN-1870-6412,isSameAs,ALB-CN-1880-15645,1870,1880,70-80,0.945
589f6c10-c3f8-4a04-9260-619b345ffbba,ALB-CN-1870-6415,isSameAs,ALB-CN-1880-28035,1870,1880,70-80,0.881
3297cee6-e41d-4731-a4ba-253650c1a700,ALB-CN-1870-6416,isSameAs,ALB-CN-1880-28036,1870,1880,70-80,0.668
99df7373-294a-44c9-aa10-6196af0d15b1,ALB-CN-1870-6418,isSameAs,ALB-CN-1880-3172,1870,1880,70-80,0.69
35d1d860-15f4-47fe-aeb7-acd6265d0128,ALB-CN-1870-642,isSameAs,ALB-CN-1880-27556,1870,1880,70-80,0.968
e866203b-2a00-4350-9c34-ae0096d28ecc,ALB-CN-1870-6423,isSameAs,ALB-CN-1880-28040,1870,1880,70-80,0.881
0136c92b-895c-448a-85ac-351d23435db2,ALB-CN-1870-6425,isSameAs,ALB-CN-1880-18925,1870,1880,70-80,0.721
901e409a-6b5c-48e0-874b-af87c3438b72,ALB-CN-1870-6429,isSameAs,ALB-CN-1880-22010,1870,1880,70-80,0.76
379b87df-db6d-430e-a5c1-5e23ff1789fd,ALB-CN-1870-643,isSameAs,ALB-CN-1880-27557,1870,1880,70-80,0.975
ed2719f0-6404-404c-855e-8046a16018c6,ALB-CN-1870-6430,isSameAs,ALB-CN-1880-22011,1870,1880,70-80,0.794
b10aa826-46c0-46e2-9bd2-0f211ce3cdec,ALB-CN-1870-6431,isSameAs,ALB-CN-1880-22012,1870,1880,70-80,0.825
086fa325-ad73-4804-87c2-c3b9fe860412,ALB-CN-1870-6436,isSameAs,ALB-CN-1880-3387,1870,1880,70-80,0.711
9558e97c-e2f2-40e0-a9ae-dad822134e54,ALB-CN-1870-644,isSameAs,ALB-CN-1880-27558,1870,1880,70-80,0.953
fad98d21-76d2-467d-839b-8c25c837967d,ALB-CN-1870-6440,isSameAs,ALB-CN-1880-8398,1870,1880,70-80,0.924
ac42fae3-e057-4a39-90f3-c5e86535921c,ALB-CN-1870-6453,isSameAs,ALB-CN-1880-7505,1870,1880,70-80,0.917
1bedfe66-dcce-482e-8aff-0881905832d0,ALB-CN-1870-6454,isSameAs,ALB-CN-1880-27350,1870,1880,70-80,0.731
26a6c2c7-ff0b-41fd-83f0-10f4f426e65c,ALB-CN-1870-6458,isSameAs,ALB-CN-1880-27353,1870,1880,70-80,0.924
d07aaebf-a46e-4abd-9040-73a770f066c0,ALB-CN-1870-646,isSameAs,ALB-CN-1880-26555,1870,1880,70-80,0.957
41c42529-9261-48d7-8dc1-f94dca3a0b7b,ALB-CN-1870-6461,isSameAs,ALB-CN-1880-23502,1870,1880,70-80,0.668
fe3da6ca-6854-4d69-8646-6bd597e64265,ALB-CN-1870-6464,isSameAs,ALB-CN-1880-26749,1870,1880,70-80,0.731
8d2d99ef-013f-4db9-b445-1cafe2f36046,ALB-CN-1870-6471,isSameAs,ALB-CN-1880-19181,1870,1880,70-80,0.891
991415f8-70f4-4d57-8883-ea92329b7158,ALB-CN-1870-6472,isSameAs,ALB-CN-1880-19182,1870,1880,70-80,0.987
05c1f59c-3a96-4f09-b760-b9f9cc84959c,ALB-CN-1870-6475,isSameAs,ALB-CN-1880-19183,1870,1880,70-80,0.986
8a6d9b44-9a1c-4016-8cf0-31f7d20da90c,ALB-CN-1870-6476,isSameAs,ALB-CN-1880-19184,1870,1880,70-80,0.94
891e0356-bd0f-47a2-b737-cc96325f3107,ALB-CN-1870-6477,isSameAs,ALB-CN-1880-19185,1870,1880,70-80,0.957
2a674b42-543f-4a64-a096-99c57f991a8f,ALB-CN-1870-6478,isSameAs,ALB-CN-1880-19186,1870,1880,70-80,0.957
4e572238-99fb-460e-bb9f-e37e8d55fbc6,ALB-CN-1870-6479,isSameAs,ALB-CN-1880-14011,1870,1880,70-80,0.668
12b37f42-facd-476d-b291-be6bec66cfef,ALB-CN-1870-648,isSameAs,ALB-CN-1880-27242,1870,1880,70-80,0.786
3554193e-bc94-45e7-afc1-6650d6e6a9ca,ALB-CN-1870-6481,isSameAs,ALB-CN-1880-31323,1870,1880,70-80,0.786
c22bd967-ea40-4434-8d8d-1cb97e82481b,ALB-CN-1870-6484,isSameAs,ALB-CN-1880-26594,1870,1880,70-80,0.99
d7b58ae8-2679-4040-b189-ca041ea4b93e,ALB-CN-1870-6485,isSameAs,ALB-CN-1880-26595,1870,1880,70-80,0.989
8fc6e3e4-9983-4b04-8803-b7981d23b8f7,ALB-CN-1870-6487,isSameAs,ALB-CN-1880-26597,1870,1880,70-80,0.989
893c3093-03cc-455a-b395-d34bfe84c8c0,ALB-CN-1870-6488,isSameAs,ALB-CN-1880-26598,1870,1880,70-80,0.99
a1c62daf-94da-41f7-b610-132c3023a9b7,ALB-CN-1870-6489,isSameAs,ALB-CN-1880-26599,1870,1880,70-80,0.99
217fe2b6-3276-4cf8-9923-e5c9e77bd03c,ALB-CN-1870-6497,isSameAs,ALB-CN-1880-26587,1870,1880,70-80,0.87
9876fa2f-6e0e-40dd-b904-418851aa3fed,ALB-CN-1870-6498,isSameAs,ALB-CN-1880-26588,1870,1880,70-80,0.891
690ce57c-142d-4f6d-bc43-b3289f22dabf,ALB-CN-1870-6499,isSameAs,ALB-CN-1880-26576,1870,1880,70-80,0.721
7b45e433-da2c-4863-a74b-e61adfe67ba9,ALB-CN-1870-65,isSameAs,ALB-CN-1880-22079,1870,1880,70-80,0.989
f8f58acb-dac0-416a-9e8c-980494057798,ALB-CN-1870-6501,isSameAs,ALB-CN-1880-26621,1870,1880,70-80,0.846
6453e36a-26c6-4b2b-a630-620fed36157f,ALB-CN-1870-6513,isSameAs,ALB-CN-1880-27859,1870,1880,70-80,0.957
9aae163f-25d9-4bbc-ac7e-8bcb4ae8901d,ALB-CN-1870-6514,isSameAs,ALB-CN-1880-27860,1870,1880,70-80,0.98
f4acf189-2e9a-42ea-be5b-71eb19b02dc0,ALB-CN-1870-6517,isSameAs,ALB-CN-1880-27862,1870,1880,70-80,0.971
2430fb6a-6178-4980-ba8e-70d08771789c,ALB-CN-1870-6518,isSameAs,ALB-CN-1880-27863,1870,1880,70-80,0.971
884a0412-bf00-4a32-a854-1a63c0a094fb,ALB-CN-1870-6519,isSameAs,ALB-CN-1880-27864,1870,1880,70-80,0.957
7633db1e-430f-4273-abd3-80fffe9126d9,ALB-CN-1870-6520,isSameAs,ALB-CN-1880-27873,1870,1880,70-80,0.99
6c0c2531-f1a1-47f7-8a63-803cc6d0a9c7,ALB-CN-1870-6522,isSameAs,ALB-CN-1880-27875,1870,1880,70-80,0.891
5bdea69e-7229-4fc2-8cfe-7103a7fc1532,ALB-CN-1870-6523,isSameAs,ALB-CN-1880-27876,1870,1880,70-80,0.802
3717d7e0-2a71-492f-b9af-baed459b21c4,ALB-CN-1870-6526,isSameAs,ALB-CN-1880-27867,1870,1880,70-80,0.786
4b6ca0c0-ff13-464f-bddf-5314d0c73b1b,ALB-CN-1870-6533,isSameAs,ALB-CN-1880-19535,1870,1880,70-80,0.679
20f15753-9a17-456c-b783-2a7924231c3e,ALB-CN-1870-6538,isSameAs,ALB-CN-1880-20459,1870,1880,70-80,0.76
420de9f8-c1d2-460a-a300-e10ec320ca62,ALB-CN-1870-6549,isSameAs,ALB-CN-1880-1301,1870,1880,70-80,0.937
3ec3ebe3-8236-4d9c-89c9-f782b0be4b3f,ALB-CN-1870-655,isSameAs,ALB-CN-1880-29831,1870,1880,70-80,0.832
8df7af11-6306-4103-b528-92d2d91d1742,ALB-CN-1870-6550,isSameAs,ALB-CN-1880-1302,1870,1880,70-80,0.9
808b7870-334c-49f5-ae2e-f8816f5a23d7,ALB-CN-1870-6552,isSameAs,ALB-CN-1880-13636,1870,1880,70-80,0.634
f4946901-b6e8-4e75-b8a5-033fe221a10f,ALB-CN-1870-6555,isSameAs,ALB-CN-1880-11496,1870,1880,70-80,0.75
3610c0cb-ab3c-49e9-8573-183cf0aac19c,ALB-CN-1870-656,isSameAs,ALB-CN-1880-29832,1870,1880,70-80,0.69
e9ac2a6b-d574-4858-a89c-546353436994,ALB-CN-1870-6568,isSameAs,ALB-CN-1880-11539,1870,1880,70-80,0.94
542bc217-4c6b-4171-b170-c9bd6e0f9ffe,ALB-CN-1870-6569,isSameAs,ALB-CN-1880-11540,1870,1880,70-80,0.98
3a6319dd-e104-4871-9d0f-beec8f66ee55,ALB-CN-1870-657,isSameAs,ALB-CN-1880-29833,1870,1880,70-80,0.731
3567fd73-4d50-431c-8cdf-31c172806038,ALB-CN-1870-6571,isSameAs,ALB-CN-1880-11541,1870,1880,70-80,0.971
a3249689-f9b0-4ebe-afca-7dc105cca214,ALB-CN-1870-6572,isSameAs,ALB-CN-1880-11542,1870,1880,70-80,0.971
ca9474cf-7514-48d8-9e95-5e96d4d384a0,ALB-CN-1870-6573,isSameAs,ALB-CN-1880-11543,1870,1880,70-80,0.957
63880859-3eb7-4dd2-8d57-738757f1869f,ALB-CN-1870-6574,isSameAs,ALB-CN-1880-11544,1870,1880,70-80,0.818
7f7c8c7c-d107-473a-904c-277acfdd3d73,ALB-CN-1870-6576,isSameAs,ALB-CN-1880-27319,1870,1880,70-80,0.953
7835075e-324f-47c8-a5b6-719e615ac857,ALB-CN-1870-6577,isSameAs,ALB-CN-1880-27320,1870,1880,70-80,0.971
b58cf996-6f84-432e-ad43-b443db3f237e,ALB-CN-1870-6579,isSameAs,ALB-CN-1880-27321,1870,1880,70-80,0.971
a23e2d8b-8903-4e5e-ac14-353556406d44,ALB-CN-1870-658,isSameAs,ALB-CN-1880-27662,1870,1880,70-80,0.786
2b25d069-17fb-43c9-bec1-e15786ed6587,ALB-CN-1870-6580,isSameAs,ALB-CN-1880-27322,1870,1880,70-80,0.971
943e1060-9778-466f-8e49-d7b88c635a76,ALB-CN-1870-6581,isSameAs,ALB-CN-1880-27323,1870,1880,70-80,0.971
984ff817-2667-4021-ba64-b14089dd98d4,ALB-CN-1870-6582,isSameAs,ALB-CN-1880-27324,1870,1880,70-80,0.971
af244642-06f7-4b9f-ba1a-9f2463a8f29f,ALB-CN-1870-659,isSameAs,ALB-CN-1880-29362,1870,1880,70-80,0.976
6046add5-7732-484f-8f97-3016f1c90cd8,ALB-CN-1870-6599,isSameAs,ALB-CN-1880-8328,1870,1880,70-80,0.769
3ff0bf98-4f88-4b0b-a653-c0c9e85bcc12,ALB-CN-1870-6603,isSameAs,ALB-CN-1880-11471,1870,1880,70-80,0.909
d0651946-6f49-4320-bc9e-a54ea34529c3,ALB-CN-1870-6604,isSameAs,ALB-CN-1880-1385,1870,1880,70-80,0.937
6cd0e6ed-eca3-43cc-8a20-f8d7a302da8f,ALB-CN-1870-6605,isSameAs,ALB-CN-1880-32294,1870,1880,70-80,0.957
8b97fe8f-4da5-4c83-bb1b-4e4001af4233,ALB-CN-1870-6607,isSameAs,ALB-CN-1880-32296,1870,1880,70-80,0.957
687138fd-6fbf-4fd4-88a1-7de2f69d5e33,ALB-CN-1870-6608,isSameAs,ALB-CN-1880-32304,1870,1880,70-80,0.909
cbe15c49-3ee3-4518-b11a-fccb4cfe59d3,ALB-CN-1870-6609,isSameAs,ALB-CN-1880-32297,1870,1880,70-80,0.984
01ffc717-9821-4854-8345-8d85e9826cdf,ALB-CN-1870-661,isSameAs,ALB-CN-1880-29363,1870,1880,70-80,0.786
0281bdf2-df95-4c96-bafd-a411fcca1c2d,ALB-CN-1870-6610,isSameAs,ALB-CN-1880-32298,1870,1880,70-80,0.957
d27ae805-7cb6-451a-ad0d-32e546d284d6,ALB-CN-1870-6611,isSameAs,ALB-CN-1880-32299,1870,1880,70-80,0.957
076e80ae-fd64-4da6-8a84-fd7271071555,ALB-CN-1870-6614,isSameAs,ALB-CN-1880-27793,1870,1880,70-80,0.75
fdf488d6-2fcd-4b11-9407-0ac845e1091c,ALB-CN-1870-6620,isSameAs,ALB-CN-1880-28154,1870,1880,70-80,0.87
090bc39e-c46e-423f-8108-8b818a8070e3,ALB-CN-1870-6624,isSameAs,ALB-CN-1880-28155,1870,1880,70-80,0.964
0021f005-030b-4076-a72f-f9032b0ae533,ALB-CN-1870-6626,isSameAs,ALB-CN-1880-24810,1870,1880,70-80,0.622
ab71984a-97ca-4a9f-b2fa-56d6f5013477,ALB-CN-1870-6627,isSameAs,ALB-CN-1880-17136,1870,1880,70-80,0.711
216f0af6-51a7-4097-b5d2-c7ae0d68f9d3,ALB-CN-1870-6628,isSameAs,ALB-CN-1880-17137,1870,1880,70-80,0.769
c5af1bf2-c8cc-4bb1-9267-f496ac2cf1a7,ALB-CN-1870-6629,isSameAs,ALB-CN-1880-17138,1870,1880,70-80,0.852
764d79a5-4612-432f-bc81-8f8ebdd56ad7,ALB-CN-1870-663,isSameAs,ALB-CN-1880-14672,1870,1880,70-80,0.786
3e7b385a-19ef-4451-89f9-69b826545e44,ALB-CN-1870-6630,isSameAs,ALB-CN-1880-17139,1870,1880,70-80,0.98
607dbe75-025f-4a27-81bc-07ba13989169,ALB-CN-1870-6633,isSameAs,ALB-CN-1880-28636,1870,1880,70-80,0.75
b657e8a6-f29d-4ebc-94ba-a953a59b80da,ALB-CN-1870-6635,isSameAs,ALB-CN-1880-26469,1870,1880,70-80,0.711
e12a565c-41df-4c43-af07-aa2dee9b2588,ALB-CN-1870-6638,isSameAs,ALB-CN-1880-26470,1870,1880,70-80,0.909
02cb583d-eeb3-4ee0-970e-34d17cdc1686,ALB-CN-1870-664,isSameAs,ALB-CN-1880-28650,1870,1880,70-80,0.948
0d31d71e-6826-4eb4-a23f-bd666530d601,ALB-CN-1870-6640,isSameAs,ALB-CN-1880-26471,1870,1880,70-80,0.87
e7b04df5-e0a3-46e6-a4c2-5a29923a966d,ALB-CN-1870-6641,isSameAs,ALB-CN-1880-26472,1870,1880,70-80,0.818
4a4ed1bd-7f42-42c0-a86c-09c7851a7d40,ALB-CN-1870-665,isSameAs,ALB-CN-1880-14676,1870,1880,70-80,0.896
d689c286-0315-467a-b143-11bea591a90c,ALB-CN-1870-6654,isSameAs,ALB-CN-1880-32098,1870,1880,70-80,0.87
2539e4b5-4cf5-45d2-b3d9-78b8aff97cc6,ALB-CN-1870-6656,isSameAs,ALB-CN-1880-32100,1870,1880,70-80,0.825
818a0dce-b4ec-43ec-a0e4-de79b919bc7d,ALB-CN-1870-6658,isSameAs,ALB-CN-1880-32267,1870,1880,70-80,0.943
a10ae926-bd4b-4d11-8375-7e6bc621a9b0,ALB-CN-1870-6659,isSameAs,ALB-CN-1880-32268,1870,1880,70-80,0.982
ff811e35-1913-4a52-b497-9997bccdc324,ALB-CN-1870-666,isSameAs,ALB-CN-1880-28652,1870,1880,70-80,0.98
2a92c691-8046-4596-8d42-3e478e84bbbf,ALB-CN-1870-6660,isSameAs,ALB-CN-1880-32269,1870,1880,70-80,0.973
0c77546e-b689-452d-a9af-e8797bff7837,ALB-CN-1870-6661,isSameAs,ALB-CN-1880-32270,1870,1880,70-80,0.75
bc2b2c89-6eef-4ff9-b7c5-97dbfe3323f3,ALB-CN-1870-6662,isSameAs,ALB-CN-1880-26115,1870,1880,70-80,0.987
3d3b4b9b-fb85-44e4-a9d2-7c0c8dde8f12,ALB-CN-1870-6663,isSameAs,ALB-CN-1880-32272,1870,1880,70-80,0.966
bbadc7b2-4151-4304-b7db-3c41dbaf9ccb,ALB-CN-1870-6664,isSameAs,ALB-CN-1880-32273,1870,1880,70-80,0.961
9e5a8572-8eb5-4d43-9323-380f3f0b7cb4,ALB-CN-1870-668,isSameAs,ALB-CN-1880-29387,1870,1880,70-80,0.825
cc50d3ed-3443-4759-9409-29b32fd2e93a,ALB-CN-1870-6687,isSameAs,ALB-CN-1880-26334,1870,1880,70-80,0.786
9b468633-6f21-4a99-907d-805c54a88c72,ALB-CN-1870-6688,isSameAs,ALB-CN-1880-28753,1870,1880,70-80,0.98
95e25313-4212-40d4-b399-cbac01cdd233,ALB-CN-1870-6690,isSameAs,ALB-CN-1880-28755,1870,1880,70-80,0.948
446dde59-65ee-485e-95da-ed5ff4981622,ALB-CN-1870-6691,isSameAs,ALB-CN-1880-28756,1870,1880,70-80,0.971
851dca6e-c275-4597-909b-183954f4d962,ALB-CN-1870-6692,isSameAs,ALB-CN-1880-31512,1870,1880,70-80,0.913
b9b26c30-d1f9-4b3f-900b-a395e4c72f6a,ALB-CN-1870-6693,isSameAs,ALB-CN-1880-486,1870,1880,70-80,0.825
64e1fcd1-5584-45ac-9479-d7f1eff4cca7,ALB-CN-1870-6695,isSameAs,ALB-CN-1880-26268,1870,1880,70-80,0.909
f73587e5-c2df-4edc-a4b3-7dcea0425109,ALB-CN-1870-6696,isSameAs,ALB-CN-1880-26269,1870,1880,70-80,0.832
73d6526c-eedc-4476-83ea-fa840c7df024,ALB-CN-1870-6697,isSameAs,ALB-CN-1880-26270,1870,1880,70-80,0.891
a1e065b1-aade-4aef-afac-457a2326c0b9,ALB-CN-1870-6699,isSameAs,ALB-CN-1880-28217,1870,1880,70-80,0.786
f210e8ac-84d2-4a2a-aed1-d948b75b43ed,ALB-CN-1870-670,isSameAs,ALB-CN-1880-28653,1870,1880,70-80,0.957
5b671eec-e419-4a05-96b2-20a29c8dc294,ALB-CN-1870-6703,isSameAs,ALB-CN-1880-28218,1870,1880,70-80,0.846
97326912-02fc-46f0-b5b1-f3f464265abe,ALB-CN-1870-6704,isSameAs,ALB-CN-1880-31508,1870,1880,70-80,0.987
4b634f64-74fe-47c8-9e5d-712be0e939c0,ALB-CN-1870-6705,isSameAs,ALB-CN-1880-31509,1870,1880,70-80,0.948
c1a660a5-2cbf-4dfb-9952-3c61c77d3b1b,ALB-CN-1870-6706,isSameAs,ALB-CN-1880-31510,1870,1880,70-80,0.891
cb9fdde9-235a-4288-bb03-d237a5fc23cf,ALB-CN-1870-6707,isSameAs,ALB-CN-1880-10835,1870,1880,70-80,0.987
01aef9ed-c883-487c-9dbe-e364f002b3c5,ALB-CN-1870-6708,isSameAs,ALB-CN-1880-26341,1870,1880,70-80,0.94
257fc400-1687-4914-851d-8de668e05562,ALB-CN-1870-6709,isSameAs,ALB-CN-1880-28758,1870,1880,70-80,0.75
2d2537ed-1040-4455-aa61-93551fbc21dc,ALB-CN-1870-671,isSameAs,ALB-CN-1880-29399,1870,1880,70-80,0.846
24aad280-5c60-426f-8673-ef7de88da9b1,ALB-CN-1870-6714,isSameAs,ALB-CN-1880-26274,1870,1880,70-80,0.668
c0628c8a-8ecb-4507-94a9-c4abe8a4cc08,ALB-CN-1870-672,isSameAs,ALB-CN-1880-2777,1870,1880,70-80,0.963
8056ce1c-c723-4d91-b63d-01fbb0170278,ALB-CN-1870-6720,isSameAs,ALB-CN-1880-26285,1870,1880,70-80,0.931
98b83f7f-351a-415a-adf8-73e316dc4ba1,ALB-CN-1870-6721,isSameAs,ALB-CN-1880-26286,1870,1880,70-80,0.931
ab10b864-331f-4e29-b5ff-3841efec9a33,ALB-CN-1870-6722,isSameAs,ALB-CN-1880-27315,1870,1880,70-80,0.622
921e348b-891e-419c-9ce3-b5559cffd433,ALB-CN-1870-6723,isSameAs,ALB-CN-1880-26287,1870,1880,70-80,0.961
ca43208b-a490-4a02-acb0-786c72c08f93,ALB-CN-1870-6724,isSameAs,ALB-CN-1880-26288,1870,1880,70-80,0.984
89d7b109-0908-477a-a2ee-4015c563e7bf,ALB-CN-1870-6726,isSameAs,ALB-CN-1880-26289,1870,1880,70-80,0.971
7c87172e-c883-4408-94fa-c9f95c1b67bd,ALB-CN-1870-6727,isSameAs,ALB-CN-1880-26290,1870,1880,70-80,0.957
3a20c526-cc9c-436c-bd8b-d50fd8ce3f3e,ALB-CN-1870-6728,isSameAs,ALB-CN-1880-26292,1870,1880,70-80,0.9
d13856fd-9064-42de-9e30-171b84ee8d3c,ALB-CN-1870-6729,isSameAs,ALB-CN-1880-4938,1870,1880,70-80,0.973
8ccd466e-2cba-40a4-8192-1beb6fb25acf,ALB-CN-1870-6730,isSameAs,ALB-CN-1880-26329,1870,1880,70-80,0.881
d3081657-f27c-4714-938e-4b2bd9819f14,ALB-CN-1870-6731,isSameAs,ALB-CN-1880-26330,1870,1880,70-80,0.731
efdccf36-58df-4d6a-a70a-95dc2712112a,ALB-CN-1870-6739,isSameAs,ALB-CN-1880-12967,1870,1880,70-80,0.611
ddc49066-6aca-49a9-95a5-90b618e3dd21,ALB-CN-1870-6741,isSameAs,ALB-CN-1880-12969,1870,1880,70-80,0.891
81e4ca18-305e-4ae0-a711-5f47a7115b0e,ALB-CN-1870-6744,isSameAs,ALB-CN-1880-12970,1870,1880,70-80,0.711
b8e52d0c-bed5-435c-be2d-540bc25ea621,ALB-CN-1870-6745,isSameAs,ALB-CN-1880-7921,1870,1880,70-80,0.945
93baf50c-7fdc-4b44-adb1-559b282bd722,ALB-CN-1870-6746,isSameAs,ALB-CN-1880-18826,1870,1880,70-80,0.634
f230499f-0511-4c9f-b47c-77b6759f96fa,ALB-CN-1870-6747,isSameAs,ALB-CN-1880-16480,1870,1880,70-80,0.634
87c1a67a-aa20-4f94-ab52-22496f3363b0,ALB-CN-1870-6748,isSameAs,ALB-CN-1880-28146,1870,1880,70-80,0.818
1d231344-7f47-46bc-b876-16a28fa350d4,ALB-CN-1870-6749,isSameAs,ALB-CN-1880-28147,1870,1880,70-80,0.959
37f0a623-be60-4e1a-b09e-8ee605f4f9cc,ALB-CN-1870-675,isSameAs,ALB-CN-1880-28700,1870,1880,70-80,0.937
aec48ada-e498-42a8-9970-5fddca02ad7a,ALB-CN-1870-6750,isSameAs,ALB-CN-1880-28148,1870,1880,70-80,0.913
447db241-50c8-4946-b42a-70a7fc602424,ALB-CN-1870-6751,isSameAs,ALB-CN-1880-28149,1870,1880,70-80,0.94
80922686-ee32-4257-888c-271c0045e70e,ALB-CN-1870-6753,isSameAs,ALB-CN-1880-28150,1870,1880,70-80,0.875
d9321ae9-7060-4a26-917d-2d22eb659d3f,ALB-CN-1870-6754,isSameAs,ALB-CN-1880-28151,1870,1880,70-80,0.81
83a165b0-764f-483b-a177-2a4cba75e1bc,ALB-CN-1870-6755,isSameAs,ALB-CN-1880-28152,1870,1880,70-80,0.913
332a1bbe-06c5-4437-ac4f-1e62d6444459,ALB-CN-1870-6763,isSameAs,ALB-CN-1880-26544,1870,1880,70-80,0.943
5426455b-e04e-4463-ac96-8c170a9c4e87,ALB-CN-1870-6765,isSameAs,ALB-CN-1880-26545,1870,1880,70-80,0.978
dbc0eeb5-37e1-43b4-8c15-2e57dd228a38,ALB-CN-1870-6766,isSameAs,ALB-CN-1880-26546,1870,1880,70-80,0.978
2de8f637-eb16-4944-a449-05d064ad498f,ALB-CN-1870-6767,isSameAs,ALB-CN-1880-26547,1870,1880,70-80,0.769
35dfe95a-28cd-465c-94f7-f4abbe3f9be3,ALB-CN-1870-6782,isSameAs,ALB-CN-1880-26768,1870,1880,70-80,0.769
4a714b74-a7b3-4701-b25f-5d6eb9a9ec92,ALB-CN-1870-6788,isSameAs,ALB-CN-1880-28797,1870,1880,70-80,0.75
6c5d6799-3948-4220-bf67-fffa65034583,ALB-CN-1870-6791,isSameAs,ALB-CN-1880-15200,1870,1880,70-80,0.668
ac734984-17f8-41b3-8108-fd442bd7166f,ALB-CN-1870-6798,isSameAs,ALB-CN-1880-30815,1870,1880,70-80,0.846
272699be-beb0-47ed-969a-bc8ce53993fb,ALB-CN-1870-680,isSameAs,ALB-CN-1880-21696,1870,1880,70-80,0.721
171095d1-e00f-4fa5-af0a-011c58e010ac,ALB-CN-1870-6801,isSameAs,ALB-CN-1880-16021,1870,1880,70-80,0.657
1f37e1d7-7d59-41ea-ae47-af65192b6ba3,ALB-CN-1870-6806,isSameAs,ALB-CN-1880-26514,1870,1880,70-80,0.786
e376c045-e68a-4e8a-85db-b9887b984370,ALB-CN-1870-6807,isSameAs,ALB-CN-1880-10799,1870,1880,70-80,0.864
caca8aa6-969c-4ad9-9d38-9b09933c8b13,ALB-CN-1870-6808,isSameAs,ALB-CN-1880-10800,1870,1880,70-80,0.948
3903fd82-bbd2-41f5-8b4f-9495d974ba9e,ALB-CN-1870-6809,isSameAs,ALB-CN-1880-10801,1870,1880,70-80,0.924
825cca57-a720-4877-9e2b-6702d5f61a77,ALB-CN-1870-681,isSameAs,ALB-CN-1880-29285,1870,1880,70-80,0.786
384a08f9-7e64-42d9-88e6-370bab5c80fc,ALB-CN-1870-6811,isSameAs,ALB-CN-1880-10802,1870,1880,70-80,0.711
ef0d9b59-5004-4a35-89b9-3c5a52b64f56,ALB-CN-1870-6815,isSameAs,ALB-CN-1880-11974,1870,1880,70-80,0.622
09ac8acd-d13c-4a08-8aca-ae5cf29168a9,ALB-CN-1870-6816,isSameAs,ALB-CN-1880-11975,1870,1880,70-80,0.622
214a6949-89f3-4d24-9236-c7c0aa6a6c75,ALB-CN-1870-682,isSameAs,ALB-CN-1880-29288,1870,1880,70-80,0.98
51650cf9-4ffc-476d-a7f7-502bca4f7b27,ALB-CN-1870-6821,isSameAs,ALB-CN-1880-10905,1870,1880,70-80,0.75
edd82b32-6091-466a-a2e4-1f331151ab42,ALB-CN-1870-6829,isSameAs,ALB-CN-1880-11959,1870,1880,70-80,0.69
ef9a27ef-b219-4c3e-a1fd-6652514ad567,ALB-CN-1870-683,isSameAs,ALB-CN-1880-29290,1870,1880,70-80,0.858
29c561aa-a367-4281-8595-765201b89669,ALB-CN-1870-6831,isSameAs,ALB-CN-1880-29445,1870,1880,70-80,0.964
1113f5c5-8028-47c7-a740-b58f2bdc037f,ALB-CN-1870-6838,isSameAs,ALB-CN-1880-29506,1870,1880,70-80,0.973
15f61d7c-a1c6-475e-aaec-d971ce8f4a6d,ALB-CN-1870-6839,isSameAs,ALB-CN-1880-29507,1870,1880,70-80,0.924
42f32fb2-d3cb-4535-8474-2d247650c581,ALB-CN-1870-684,isSameAs,ALB-CN-1880-29289,1870,1880,70-80,0.943
e0e6ba26-37dd-402b-9219-e52def97769c,ALB-CN-1870-6840,isSameAs,ALB-CN-1880-29508,1870,1880,70-80,0.98
d8493a0d-d644-44dd-abb6-9e99743651b3,ALB-CN-1870-6842,isSameAs,ALB-CN-1880-11646,1870,1880,70-80,0.721
f8602449-2308-405e-9640-e72a33e67e81,ALB-CN-1870-6844,isSameAs,ALB-CN-1880-10846,1870,1880,70-80,0.87
4995d2de-51de-44fa-af55-07e832bf1303,ALB-CN-1870-6845,isSameAs,ALB-CN-1880-9780,1870,1880,70-80,0.711
34cc3c74-4f1c-4e16-9b50-953019ee389e,ALB-CN-1870-6846,isSameAs,ALB-CN-1880-29523,1870,1880,70-80,0.98
13f9b074-dcca-471b-8222-1699b03125ed,ALB-CN-1870-6847,isSameAs,ALB-CN-1880-29524,1870,1880,70-80,0.75
1d71c52e-e3de-4c64-b616-42de3d23db45,ALB-CN-1870-6850,isSameAs,ALB-CN-1880-29525,1870,1880,70-80,0.943
b3ebeb53-930f-44c7-852e-b46791ab401f,ALB-CN-1870-6851,isSameAs,ALB-CN-1880-4519,1870,1880,70-80,0.668
a4c05edc-17a6-4a85-a97d-45c0e8650e92,ALB-CN-1870-6856,isSameAs,ALB-CN-1880-19467,1870,1880,70-80,0.924
024c485a-fb74-44ae-bf95-576c0963f86e,ALB-CN-1870-6857,isSameAs,ALB-CN-1880-19468,1870,1880,70-80,0.832
aa64a916-448f-4399-990d-93ef717839cc,ALB-CN-1870-6859,isSameAs,ALB-CN-1880-19469,1870,1880,70-80,0.832
9d06be48-36f6-4b28-b84a-7eb12af8939a,ALB-CN-1870-686,isSameAs,ALB-CN-1880-29291,1870,1880,70-80,0.971
a369622a-a320-4cb2-8cdf-5a3da03ff7c8,ALB-CN-1870-6860,isSameAs,ALB-CN-1880-10774,1870,1880,70-80,0.794
a5554c1a-d09f-4696-b7d8-3a6f6a3ad3a0,ALB-CN-1870-6861,isSameAs,ALB-CN-1880-19471,1870,1880,70-80,0.948
e5f30ee4-cb46-4eaa-a9ac-cab490f1cfea,ALB-CN-1870-6863,isSameAs,ALB-CN-1880-15768,1870,1880,70-80,0.825
9991726d-e1fe-4953-8258-848d563fc83a,ALB-CN-1870-6867,isSameAs,ALB-CN-1880-15770,1870,1880,70-80,0.76
a3cb0b21-1f2b-4542-99fd-c9d29032fd0a,ALB-CN-1870-6869,isSameAs,ALB-CN-1880-15771,1870,1880,70-80,0.87
75f2a5b3-5231-40c4-866e-2d040c83f54f,ALB-CN-1870-687,isSameAs,ALB-CN-1880-29292,1870,1880,70-80,0.957
477fadd6-54f3-4073-8b06-acb0a4c31470,ALB-CN-1870-6870,isSameAs,ALB-CN-1880-11993,1870,1880,70-80,0.948
e38aa756-9e5e-4f61-9cc0-1acdaed50728,ALB-CN-1870-6872,isSameAs,ALB-CN-1880-11995,1870,1880,70-80,0.818
2e6a4f4b-1d25-4f98-ad11-8e946655b089,ALB-CN-1870-6873,isSameAs,ALB-CN-1880-11996,1870,1880,70-80,0.87
a72fe4cd-e758-4ec4-a5fc-3b989a07e186,ALB-CN-1870-6874,isSameAs,ALB-CN-1880-16109,1870,1880,70-80,0.864
203e7f9d-b730-4fde-b85b-7a01983a6774,ALB-CN-1870-6875,isSameAs,ALB-CN-1880-29534,1870,1880,70-80,0.99
4e7fa422-4477-489f-8e89-c951d0af81d2,ALB-CN-1870-6876,isSameAs,ALB-CN-1880-29535,1870,1880,70-80,0.99
7912754d-8d6c-4aea-acd4-eb6e8c324ec0,ALB-CN-1870-6879,isSameAs,ALB-CN-1880-29536,1870,1880,70-80,0.99
8c17db23-3d45-464c-9a47-f6e11bacda23,ALB-CN-1870-688,isSameAs,ALB-CN-1880-15990,1870,1880,70-80,0.634
faddd2d5-d42b-4332-895a-2a60710e91e9,ALB-CN-1870-6880,isSameAs,ALB-CN-1880-29537,1870,1880,70-80,0.977
625fdf6f-3f5e-4e96-b95a-46ab7fc31034,ALB-CN-1870-6881,isSameAs,ALB-CN-1880-29538,1870,1880,70-80,0.989
d7cdbf4b-3f14-4e35-9bfe-9228b42d29e8,ALB-CN-1870-6887,isSameAs,ALB-CN-1880-28377,1870,1880,70-80,0.948
c0dff43f-db30-4778-9398-2678cbb304a4,ALB-CN-1870-6889,isSameAs,ALB-CN-1880-28944,1870,1880,70-80,0.948
f66eaa09-02b1-4186-b632-b28ca7401d93,ALB-CN-1870-689,isSameAs,ALB-CN-1880-29293,1870,1880,70-80,0.989
b3578668-2232-4608-ae3f-71871f55e2c0,ALB-CN-1870-6890,isSameAs,ALB-CN-1880-28945,1870,1880,70-80,0.948
ecd35185-9ff0-4e4f-a043-5425c6a4bd58,ALB-CN-1870-6891,isSameAs,ALB-CN-1880-28946,1870,1880,70-80,0.948
0d3c1f2a-726e-4f4b-ab4e-e99e4626c9c8,ALB-CN-1870-6892,isSameAs,ALB-CN-1880-28947,1870,1880,70-80,0.948
2109ccd0-37d2-4371-aa6d-1e4ccab43c0d,ALB-CN-1870-6893,isSameAs,ALB-CN-1880-28948,1870,1880,70-80,0.984
d5cd11fc-37c9-4ed4-8c34-e1934c5eea99,ALB-CN-1870-6894,isSameAs,ALB-CN-1880-28949,1870,1880,70-80,0.984
65d0d120-e1aa-4795-ba2e-0dad4cda07cf,ALB-CN-1870-6895,isSameAs,ALB-CN-1880-1923,1870,1880,70-80,0.905
ed780cd0-1125-42e2-a913-6a2bceea6026,ALB-CN-1870-6896,isSameAs,ALB-CN-1880-26605,1870,1880,70-80,0.81
9aa72096-e974-4382-8283-2df4eec67a46,ALB-CN-1870-6897,isSameAs,ALB-CN-1880-16190,1870,1880,70-80,0.69
8ea3f063-6ed8-400e-9fd4-fab49d35c55c,ALB-CN-1870-6899,isSameAs,ALB-CN-1880-28455,1870,1880,70-80,0.978
e615345f-223b-4618-877c-4137e77637b0,ALB-CN-1870-690,isSameAs,ALB-CN-1880-29294,1870,1880,70-80,0.818
2080e863-d42a-4ca7-9012-33782d8393bf,ALB-CN-1870-6900,isSameAs,ALB-CN-1880-28456,1870,1880,70-80,0.943
fdf79d9a-8d65-41e8-8314-fa784277f592,ALB-CN-1870-6902,isSameAs,ALB-CN-1880-28458,1870,1880,70-80,0.875
96cbe1b9-06d9-454d-97c3-afa3c9542a4e,ALB-CN-1870-6903,isSameAs,ALB-CN-1880-31887,1870,1880,70-80,0.957
b41ac439-74f2-4007-9f37-ec12b4282450,ALB-CN-1870-6918,isSameAs,ALB-CN-1880-28522,1870,1880,70-80,0.924
bb695e16-6848-4f79-abba-5b04f1634ee5,ALB-CN-1870-692,isSameAs,ALB-CN-1880-29295,1870,1880,70-80,0.905
aa391302-df99-436b-a8ae-a95f3dc88b4f,ALB-CN-1870-6920,isSameAs,ALB-CN-1880-30873,1870,1880,70-80,0.864
c671b511-d779-4eac-9f0e-c370cefd1363,ALB-CN-1870-6923,isSameAs,ALB-CN-1880-28351,1870,1880,70-80,0.9
efbd94b3-9bae-433c-b760-a55efb795afe,ALB-CN-1870-6924,isSameAs,ALB-CN-1880-28352,1870,1880,70-80,0.917
2fd5570c-5014-4681-9650-e609ecc21952,ALB-CN-1870-6925,isSameAs,ALB-CN-1880-28718,1870,1880,70-80,0.987
93f701de-0e52-47c9-a1d4-e8bb02243803,ALB-CN-1870-6926,isSameAs,ALB-CN-1880-28719,1870,1880,70-80,0.957
8ba2bfb1-7680-4229-8d10-9865ecdfa8bf,ALB-CN-1870-6927,isSameAs,ALB-CN-1880-28720,1870,1880,70-80,0.986
99c593a5-fe24-4c64-bceb-4dfb68a5408c,ALB-CN-1870-6929,isSameAs,ALB-CN-1880-31989,1870,1880,70-80,0.818
a6543d68-c35f-4c58-b301-2c2c26db2d5b,ALB-CN-1870-6931,isSameAs,ALB-CN-1880-28721,1870,1880,70-80,0.99
c5ba5bbf-2cf7-4b61-9dac-cc763b463e73,ALB-CN-1870-6933,isSameAs,ALB-CN-1880-28723,1870,1880,70-80,0.98
2fc37f9a-85c7-4c02-93fb-067aeca9627c,ALB-CN-1870-6942,isSameAs,ALB-CN-1880-17143,1870,1880,70-80,0.69
040e126a-d7e6-43f1-a443-90e79b31355f,ALB-CN-1870-6946,isSameAs,ALB-CN-1880-31867,1870,1880,70-80,0.622
2a918019-f45b-4a3f-8014-d9c2c82c2c07,ALB-CN-1870-6960,isSameAs,ALB-CN-1880-17220,1870,1880,70-80,0.99
87cde97b-be4b-46ea-acd4-2f7834d48976,ALB-CN-1870-6961,isSameAs,ALB-CN-1880-17221,1870,1880,70-80,0.973
15d39782-a10f-4e1b-afea-aec2ce878961,ALB-CN-1870-6962,isSameAs,ALB-CN-1880-17222,1870,1880,70-80,0.961
fcc86a21-404b-4045-8509-218bb1002fdd,ALB-CN-1870-6963,isSameAs,ALB-CN-1880-17223,1870,1880,70-80,0.937
ae580861-67be-40c9-a62f-afd1a12fe1c8,ALB-CN-1870-6964,isSameAs,ALB-CN-1880-17228,1870,1880,70-80,0.875
27a0a528-815e-4204-9811-ea1597c7f0e6,ALB-CN-1870-6967,isSameAs,ALB-CN-1880-17225,1870,1880,70-80,0.886
b4537aff-199c-4772-843a-a1909f97bb70,ALB-CN-1870-6968,isSameAs,ALB-CN-1880-17226,1870,1880,70-80,0.978
28493ac3-8449-43ea-990d-9e8433889701,ALB-CN-1870-6971,isSameAs,ALB-CN-1880-24942,1870,1880,70-80,0.955
6d821e76-3f9f-411e-8bce-7a1a7c97fb2f,ALB-CN-1870-6972,isSameAs,ALB-CN-1880-24943,1870,1880,70-80,0.909
cdbc0deb-5cef-4d19-b9aa-d8e176bc7d40,ALB-CN-1870-6975,isSameAs,ALB-CN-1880-28231,1870,1880,70-80,0.622
b29314f2-eabc-4c94-8b07-36004c327208,ALB-CN-1870-6976,isSameAs,ALB-CN-1880-29889,1870,1880,70-80,0.634
5807305d-b636-4740-9174-b24382d846fc,ALB-CN-1870-6980,isSameAs,ALB-CN-1880-17258,1870,1880,70-80,0.75
55dfe0bc-7ea6-4a92-af90-3784da53e441,ALB-CN-1870-6982,isSameAs,ALB-CN-1880-29891,1870,1880,70-80,0.721
7a6f8add-bdbb-4e00-a487-a7d862ca2255,ALB-CN-1870-6990,isSameAs,ALB-CN-1880-25230,1870,1880,70-80,0.786
8dd8cf48-dc6c-41f3-b29e-d18abcdc8d19,ALB-CN-1870-6991,isSameAs,ALB-CN-1880-25231,1870,1880,70-80,0.668
3dd954ea-99a6-4549-b335-fb46028f3375,ALB-CN-1870-6996,isSameAs,ALB-CN-1880-25361,1870,1880,70-80,0.909
0f33293b-394e-4cde-bd89-a41a7f04828e,ALB-CN-1870-6997,isSameAs,ALB-CN-1880-25362,1870,1880,70-80,0.909
e9556a7e-24b5-467a-b3a7-76232c073aaf,ALB-CN-1870-70,isSameAs,ALB-CN-1880-15661,1870,1880,70-80,0.721
e231160e-acc8-476d-9689-8a5277e71930,ALB-CN-1870-7001,isSameAs,ALB-CN-1880-16411,1870,1880,70-80,0.881
9357aaa5-80de-4299-99ae-6db6fb78664a,ALB-CN-1870-7006,isSameAs,ALB-CN-1880-24065,1870,1880,70-80,0.769
9fc7a22f-fdec-4a0f-a6a7-3e95b4c1debf,ALB-CN-1870-701,isSameAs,ALB-CN-1880-28646,1870,1880,70-80,0.948
2a0ec63b-cfd5-40b2-bddd-6e5909ed27ec,ALB-CN-1870-7013,isSameAs,ALB-CN-1880-32275,1870,1880,70-80,0.971
cd6ddcf1-ee29-4113-adca-bd090da63539,ALB-CN-1870-7016,isSameAs,ALB-CN-1880-32277,1870,1880,70-80,0.9
d55ae325-4277-4570-9305-7dab2e7ea85a,ALB-CN-1870-7017,isSameAs,ALB-CN-1880-32278,1870,1880,70-80,0.9
5c1f7efc-32ea-4b6e-829a-69f46e904ea5,ALB-CN-1870-7018,isSameAs,ALB-CN-1880-32279,1870,1880,70-80,0.9
202879d6-1ac0-4174-971e-d0a729bf88dd,ALB-CN-1870-7019,isSameAs,ALB-CN-1880-32280,1870,1880,70-80,0.931
91758e38-8cb9-4c61-a618-0a3df85de023,ALB-CN-1870-702,isSameAs,ALB-CN-1880-17849,1870,1880,70-80,0.711
adc20b8b-7c26-4e48-b5cb-23aff794293b,ALB-CN-1870-7020,isSameAs,ALB-CN-1880-32281,1870,1880,70-80,0.971
11fa8d3b-a05b-4e0c-a639-ee59f4b588ca,ALB-CN-1870-7021,isSameAs,ALB-CN-1880-32282,1870,1880,70-80,0.971
f369c614-037b-4916-a531-b5ff81eea473,ALB-CN-1870-7027,isSameAs,ALB-CN-1880-28843,1870,1880,70-80,0.786
4a07a833-3d41-47aa-b968-dce41fe9bdec,ALB-CN-1870-7028,isSameAs,ALB-CN-1880-28844,1870,1880,70-80,0.802
0ab80c24-0fed-4c20-b620-1e97ddf5615e,ALB-CN-1870-7029,isSameAs,ALB-CN-1880-28845,1870,1880,70-80,0.976
52d68f9d-d86e-4b0b-a0d4-43c7f9dcb46e,ALB-CN-1870-703,isSameAs,ALB-CN-1880-28648,1870,1880,70-80,0.948
59ede6d7-b8d4-4634-89c2-31a400475dec,ALB-CN-1870-7033,isSameAs,ALB-CN-1880-23544,1870,1880,70-80,0.802
7d2bf3cf-209e-4790-a822-64c96d0b275e,ALB-CN-1870-7044,isSameAs,ALB-CN-1880-2200,1870,1880,70-80,0.794
8892dc4a-d6ea-4f9b-8759-3868e0761f17,ALB-CN-1870-7049,isSameAs,ALB-CN-1880-28510,1870,1880,70-80,0.731
35a51a70-eabf-4df4-b748-937c7ac23811,ALB-CN-1870-705,isSameAs,ALB-CN-1880-12162,1870,1880,70-80,0.69
b055ddcb-2a11-43c2-9635-110a320f78d9,ALB-CN-1870-7050,isSameAs,ALB-CN-1880-28511,1870,1880,70-80,0.786
9c7aa4ec-2c2e-4402-ba7c-2980b3f835e5,ALB-CN-1870-7051,isSameAs,ALB-CN-1880-28512,1870,1880,70-80,0.948
a5feeadf-8fe2-4041-b781-f50212000171,ALB-CN-1870-706,isSameAs,ALB-CN-1880-12163,1870,1880,70-80,0.961
b6d8cf40-4eaf-4d6f-a7c0-5ffaa097de57,ALB-CN-1870-7061,isSameAs,ALB-CN-1880-29791,1870,1880,70-80,0.846
d8041c7c-4643-47ae-abfa-dfb0c5109341,ALB-CN-1870-7065,isSameAs,ALB-CN-1880-29793,1870,1880,70-80,0.909
7b1e4d69-4ae6-46de-a6cf-fdb5f161f748,ALB-CN-1870-7066,isSameAs,ALB-CN-1880-29794,1870,1880,70-80,0.87
1d18a749-60af-4272-9e7b-b6d699ca73a7,ALB-CN-1870-7067,isSameAs,ALB-CN-1880-26902,1870,1880,70-80,0.909
1bb7dc24-075e-496e-a383-b5e4ec7b6f6d,ALB-CN-1870-7068,isSameAs,ALB-CN-1880-26903,1870,1880,70-80,0.924
462a4365-5e6f-4354-ac08-26b0df26a619,ALB-CN-1870-7076,isSameAs,ALB-CN-1880-30404,1870,1880,70-80,0.711
25a41d04-8990-49ce-a888-add9ce2ec816,ALB-CN-1870-7082,isSameAs,ALB-CN-1880-27287,1870,1880,70-80,0.957
15668991-e0ab-4ca0-a0ca-22aa2a80d36d,ALB-CN-1870-7097,isSameAs,ALB-CN-1880-10878,1870,1880,70-80,0.69
c4d53f40-f7dd-45ab-bf9c-efdaacb80b96,ALB-CN-1870-71,isSameAs,ALB-CN-1880-29115,1870,1880,70-80,0.881
a1644cb8-b121-46f7-b4f2-b2d33f7d1d6d,ALB-CN-1870-7102,isSameAs,ALB-CN-1880-29106,1870,1880,70-80,0.69
5d9fca32-8582-4434-97ce-5f84afd39ca4,ALB-CN-1870-711,isSameAs,ALB-CN-1880-12168,1870,1880,70-80,0.711
a8b63907-dcad-4bb0-aa77-4164611a1eb3,ALB-CN-1870-7110,isSameAs,ALB-CN-1880-28288,1870,1880,70-80,0.731
01c6db97-f459-4e41-b2ae-f204bd2bf88d,ALB-CN-1870-7112,isSameAs,ALB-CN-1880-28290,1870,1880,70-80,0.909
42a5c98f-455d-4eb9-986c-32acc3588b2e,ALB-CN-1870-7113,isSameAs,ALB-CN-1880-28291,1870,1880,70-80,0.909
4224a5da-7c0f-40e3-87ed-0ffb10732c81,ALB-CN-1870-7127,isSameAs,ALB-CN-1880-29874,1870,1880,70-80,0.802
c77807ca-3e11-43c0-b456-c6b54f5f0f23,ALB-CN-1870-714,isSameAs,ALB-CN-1880-10796,1870,1880,70-80,0.634
a6b3100e-cece-4133-aefa-9e2e49b50177,ALB-CN-1870-7145,isSameAs,ALB-CN-1880-29918,1870,1880,70-80,0.622
79fc31a6-390a-4455-b6c6-e719eebda5b1,ALB-CN-1870-7149,isSameAs,ALB-CN-1880-29919,1870,1880,70-80,0.968
22a22c75-6979-42ed-8b5a-64274961193b,ALB-CN-1870-715,isSameAs,ALB-CN-1880-16872,1870,1880,70-80,0.937
7369ac95-6f18-4117-8b90-5a9c5c9b6688,ALB-CN-1870-7155,isSameAs,ALB-CN-1880-25008,1870,1880,70-80,0.634
87f33e7e-8478-4d5f-8387-379b39753348,ALB-CN-1870-7157,isSameAs,ALB-CN-1880-25009,1870,1880,70-80,0.69
b269368e-bd99-487c-bf42-ed672a2d89f1,ALB-CN-1870-7159,isSameAs,ALB-CN-1880-18729,1870,1880,70-80,0.961
c24f6cd4-6b24-4b34-a1e7-455d94bfe560,ALB-CN-1870-7160,isSameAs,ALB-CN-1880-18730,1870,1880,70-80,0.864
132d2032-8011-4641-958d-4b6164dcbc16,ALB-CN-1870-7162,isSameAs,ALB-CN-1880-1186,1870,1880,70-80,0.721
e7e679a1-2ef5-404f-bae7-11dbd13a676d,ALB-CN-1870-7163,isSameAs,ALB-CN-1880-24797,1870,1880,70-80,0.87
aea40c97-cb43-43bb-bcec-15130323d74a,ALB-CN-1870-7170,isSameAs,ALB-CN-1880-15032,1870,1880,70-80,0.731
ddab0b39-3411-4443-b135-07bde323af21,ALB-CN-1870-7173,isSameAs,ALB-CN-1880-31461,1870,1880,70-80,0.668
789cd92a-e57f-4f70-a7aa-fe52e62729e2,ALB-CN-1870-72,isSameAs,ALB-CN-1880-29116,1870,1880,70-80,0.913
4e5fcdd3-6f91-4e54-84f3-af0b8c1eeb9c,ALB-CN-1870-720,isSameAs,ALB-CN-1880-29571,1870,1880,70-80,0.711
14b462b6-856c-4c90-ad29-a5c0cad2c6b6,ALB-CN-1870-7209,isSameAs,ALB-CN-1880-28669,1870,1880,70-80,0.711
8132e9f6-7069-4689-80f5-d39987a4ad2d,ALB-CN-1870-7212,isSameAs,ALB-CN-1880-27644,1870,1880,70-80,0.917
0ca5895c-263c-4bd2-b576-351fa126ec3d,ALB-CN-1870-7213,isSameAs,ALB-CN-1880-27645,1870,1880,70-80,0.937
c3ef4550-b93d-427a-8604-82e0fd57a4ae,ALB-CN-1870-7214,isSameAs,ALB-CN-1880-21846,1870,1880,70-80,0.818
a4b0c17b-3c27-4ac8-afd3-8562b8e5193e,ALB-CN-1870-7215,isSameAs,ALB-CN-1880-22042,1870,1880,70-80,0.69
0ac2c6d0-961d-431e-a403-b74662b86e73,ALB-CN-1870-7216,isSameAs,ALB-CN-1880-19324,1870,1880,70-80,0.668
9c7d4b50-a573-4822-8128-97629f608191,ALB-CN-1870-7225,isSameAs,ALB-CN-1880-27866,1870,1880,70-80,0.891
d9569aed-5c80-4815-bb72-51dc264683a0,ALB-CN-1870-7227,isSameAs,ALB-CN-1880-27716,1870,1880,70-80,0.99
ee0b427d-942b-4e27-a8d0-4999738581e6,ALB-CN-1870-7228,isSameAs,ALB-CN-1880-18661,1870,1880,70-80,0.987
638feb18-0d25-49d2-b4ef-df3bfc575879,ALB-CN-1870-723,isSameAs,ALB-CN-1880-29381,1870,1880,70-80,0.846
9f1c3baa-3d85-43f6-af6e-b6e35d9bf8bf,ALB-CN-1870-7234,isSameAs,ALB-CN-1880-27300,1870,1880,70-80,0.711
b331338d-adf4-4de1-966c-f84d78f8a028,ALB-CN-1870-7236,isSameAs,ALB-CN-1880-27723,1870,1880,70-80,0.864
87d25a08-2a14-46b1-b902-cf153db18ca1,ALB-CN-1870-7241,isSameAs,ALB-CN-1880-27685,1870,1880,70-80,0.646
83ddf9d2-fed3-42e2-8a4e-b1fda8cd2b91,ALB-CN-1870-7242,isSameAs,ALB-CN-1880-27354,1870,1880,70-80,0.98
ba2ce619-5df7-4491-9846-2765138c64c9,ALB-CN-1870-7246,isSameAs,ALB-CN-1880-27364,1870,1880,70-80,0.989
ea5cbc9f-4744-444a-b623-694139820571,ALB-CN-1870-7247,isSameAs,ALB-CN-1880-27362,1870,1880,70-80,0.971
bf45d54f-7049-4ddf-b772-3c37b7a555bc,ALB-CN-1870-7248,isSameAs,ALB-CN-1880-3569,1870,1880,70-80,0.701
77557e7a-e512-4db0-9260-57db61cce425,ALB-CN-1870-7249,isSameAs,ALB-CN-1880-3573,1870,1880,70-80,0.622
116801e9-8fe7-4688-a2b9-a03802c99dd3,ALB-CN-1870-7250,isSameAs,ALB-CN-1880-27358,1870,1880,70-80,0.891
1b181ffe-d4e0-4552-860f-f0c3757c36f1,ALB-CN-1870-7251,isSameAs,ALB-CN-1880-27359,1870,1880,70-80,0.948
7be0f962-35c1-47aa-90dd-b26f3682c5da,ALB-CN-1870-7257,isSameAs,ALB-CN-1880-12983,1870,1880,70-80,0.668
4c0cdfe2-8efe-4b0b-855f-2a061a8b45ce,ALB-CN-1870-7261,isSameAs,ALB-CN-1880-21205,1870,1880,70-80,0.69
8dadda00-8cee-40d1-aecc-2ccfaa177d20,ALB-CN-1870-7262,isSameAs,ALB-CN-1880-30864,1870,1880,70-80,0.721
0e19d9d6-a8da-41a6-b699-0f9bd4f4fc10,ALB-CN-1870-7266,isSameAs,ALB-CN-1880-27366,1870,1880,70-80,0.69
7402e22c-88a8-4314-b1be-cb35a7eae245,ALB-CN-1870-7269,isSameAs,ALB-CN-1880-27855,1870,1880,70-80,0.988
0e1eec97-dfb5-4b2c-8ba5-490096e2df01,ALB-CN-1870-7270,isSameAs,ALB-CN-1880-27856,1870,1880,70-80,0.986
0bc27852-e107-41b5-8bce-5ba348dfc558,ALB-CN-1870-7272,isSameAs,ALB-CN-1880-27857,1870,1880,70-80,0.943
7b46f355-2d0f-4e44-be44-16f78f1c12a9,ALB-CN-1870-7273,isSameAs,ALB-CN-1880-27858,1870,1880,70-80,0.976
9836ccd1-be73-4c79-8383-45fb0e5375ce,ALB-CN-1870-7274,isSameAs,ALB-CN-1880-27939,1870,1880,70-80,0.968
727e32fe-260c-438e-9db7-b72e945fd372,ALB-CN-1870-7275,isSameAs,ALB-CN-1880-27940,1870,1880,70-80,0.943
15ba761c-ba5c-4f69-9b54-9ca7c103586f,ALB-CN-1870-7276,isSameAs,ALB-CN-1880-27941,1870,1880,70-80,0.98
d680d4ac-b764-4e2c-a6fb-42a11ab6a7c3,ALB-CN-1870-7280,isSameAs,ALB-CN-1880-30781,1870,1880,70-80,0.891
caa27ea7-8a63-4fb8-be76-19d6a2a55598,ALB-CN-1870-7281,isSameAs,ALB-CN-1880-30782,1870,1880,70-80,0.832
6ac76eed-2223-4ba7-a790-d7514b329be8,ALB-CN-1870-7282,isSameAs,ALB-CN-1880-19633,1870,1880,70-80,0.731
1a30cdc8-ffa0-46d1-af9b-ccc4090891c5,ALB-CN-1870-7285,isSameAs,ALB-CN-1880-19411,1870,1880,70-80,0.832
30910c0d-ae53-432b-ae61-efd782784f9b,ALB-CN-1870-7287,isSameAs,ALB-CN-1880-27046,1870,1880,70-80,0.987
a5dc7708-d349-47fe-88f6-4fbcb580eb13,ALB-CN-1870-7289,isSameAs,ALB-CN-1880-27047,1870,1880,70-80,0.9
593c57aa-ec84-4944-8a5f-7897d5f86d93,ALB-CN-1870-7291,isSameAs,ALB-CN-1880-27049,1870,1880,70-80,0.931
e513b238-1849-4550-a151-775827da42ac,ALB-CN-1870-7293,isSameAs,ALB-CN-1880-27051,1870,1880,70-80,0.957
89c73891-2021-4cb3-b2ef-8b63ac68b693,ALB-CN-1870-7296,isSameAs,ALB-CN-1880-28865,1870,1880,70-80,0.881
f377e382-a14d-4cc8-b4bc-59a524933211,ALB-CN-1870-7297,isSameAs,ALB-CN-1880-28866,1870,1880,70-80,0.971
a4e9262e-292d-49b6-8c7f-74e317748efb,ALB-CN-1870-73,isSameAs,ALB-CN-1880-29117,1870,1880,70-80,0.852
2a290925-5e52-4a53-85a0-ca6263459f14,ALB-CN-1870-7302,isSameAs,ALB-CN-1880-28870,1870,1880,70-80,0.622
a05f4f86-8aeb-4f67-863c-9621d42766af,ALB-CN-1870-7317,isSameAs,ALB-CN-1880-27055,1870,1880,70-80,0.711
545529b5-c447-4096-8bb5-64193813f28b,ALB-CN-1870-7318,isSameAs,ALB-CN-1880-21168,1870,1880,70-80,0.99
b48215d4-8850-446d-8f95-e11586eeb7a1,ALB-CN-1870-7319,isSameAs,ALB-CN-1880-27057,1870,1880,70-80,0.953
94c0c594-5ceb-4e99-9835-601a092d4bdc,ALB-CN-1870-7320,isSameAs,ALB-CN-1880-27058,1870,1880,70-80,0.622
5d9bf9d0-902b-4a3d-901f-c47d331c7d0c,ALB-CN-1870-7322,isSameAs,ALB-CN-1880-28216,1870,1880,70-80,0.646
47433637-6662-4aee-a025-fad860fa9fda,ALB-CN-1870-7326,isSameAs,ALB-CN-1880-28277,1870,1880,70-80,0.989
1286f8c2-f229-4e25-90b1-ba04018d4ca5,ALB-CN-1870-7327,isSameAs,ALB-CN-1880-28278,1870,1880,70-80,0.961
67021c27-7681-4766-9494-52560c80672a,ALB-CN-1870-7328,isSameAs,ALB-CN-1880-28279,1870,1880,70-80,0.984
5567b8d2-5271-4e9d-887a-4a5c2e1b989d,ALB-CN-1870-7329,isSameAs,ALB-CN-1880-28280,1870,1880,70-80,0.984
34e71889-6a5c-4ccf-96e1-bf7c22b65f24,ALB-CN-1870-7330,isSameAs,ALB-CN-1880-28282,1870,1880,70-80,0.989
3ab0996c-0bcf-4221-bcc1-8eaeb7308afe,ALB-CN-1870-7331,isSameAs,ALB-CN-1880-28283,1870,1880,70-80,0.99
641494e7-898f-4ff2-83c0-0fb1013cb671,ALB-CN-1870-7332,isSameAs,ALB-CN-1880-28284,1870,1880,70-80,0.984
a5fe066c-452c-4471-9717-a1574f4bad6f,ALB-CN-1870-7333,isSameAs,ALB-CN-1880-28285,1870,1880,70-80,0.984
f1ab18d0-cef6-41dd-b991-24cd6365fe81,ALB-CN-1870-7334,isSameAs,ALB-CN-1880-28286,1870,1880,70-80,0.966
9b2bd644-a4e3-445c-9e84-efb68b58fe0f,ALB-CN-1870-7339,isSameAs,ALB-CN-1880-32129,1870,1880,70-80,0.934
7537c16a-1ca7-45a9-abe5-a283995b2a68,ALB-CN-1870-7340,isSameAs,ALB-CN-1880-32130,1870,1880,70-80,0.611
78a6bbe4-321a-4536-b6f3-a22013af43ea,ALB-CN-1870-7341,isSameAs,ALB-CN-1880-32131,1870,1880,70-80,0.701
69b9f49b-9886-4598-8e04-2adb4480503f,ALB-CN-1870-7342,isSameAs,ALB-CN-1880-28331,1870,1880,70-80,0.909
e33fd33c-a305-4f8b-9ec3-1f4feb5af16b,ALB-CN-1870-7343,isSameAs,ALB-CN-1880-32132,1870,1880,70-80,0.786
1ef9a9ae-767e-4e4f-8b32-234364b0ec2c,ALB-CN-1870-7348,isSameAs,ALB-CN-1880-24869,1870,1880,70-80,0.989
4e5480ad-575f-460d-a303-3a796465dc72,ALB-CN-1870-7349,isSameAs,ALB-CN-1880-24870,1870,1880,70-80,0.971
53fdfa17-b7a1-4334-bdf0-472bf9b59b92,ALB-CN-1870-735,isSameAs,ALB-CN-1880-28625,1870,1880,70-80,0.9
d51b2a9f-f7a6-4adb-9659-a61a3e41c9b3,ALB-CN-1870-7351,isSameAs,ALB-CN-1880-24871,1870,1880,70-80,0.989
ebe76000-a56b-461d-9695-11c000f68c39,ALB-CN-1870-7352,isSameAs,ALB-CN-1880-24872,1870,1880,70-80,0.971
d1a09c9d-9057-4cd7-a24f-bfc31d1aa66a,ALB-CN-1870-7353,isSameAs,ALB-CN-1880-24873,1870,1880,70-80,0.971
a2af53c4-1174-4b49-85ac-8e841d437cba,ALB-CN-1870-7354,isSameAs,ALB-CN-1880-29102,1870,1880,70-80,0.9
51077a0c-3dfa-4e07-ac61-4b5d2b0a9dc1,ALB-CN-1870-736,isSameAs,ALB-CN-1880-28626,1870,1880,70-80,0.9
6dd4fc39-d948-4b07-ac47-c4c578a90659,ALB-CN-1870-7367,isSameAs,ALB-CN-1880-28209,1870,1880,70-80,0.989
f08db1f2-7ace-4567-a5d9-be881dae1906,ALB-CN-1870-7368,isSameAs,ALB-CN-1880-28210,1870,1880,70-80,0.957
fd62cf1c-e58f-44df-a3a1-19941a2e9ea6,ALB-CN-1870-737,isSameAs,ALB-CN-1880-28627,1870,1880,70-80,0.937
1afc1b2f-758a-4f50-9348-bc7a8b4e34bd,ALB-CN-1870-7372,isSameAs,ALB-CN-1880-28211,1870,1880,70-80,0.989
75a987e1-095d-42e7-9b92-cc20a909a00d,ALB-CN-1870-7373,isSameAs,ALB-CN-1880-28212,1870,1880,70-80,0.977
b885bd45-52ef-43b2-8dba-8f9a84697a38,ALB-CN-1870-7374,isSameAs,ALB-CN-1880-28213,1870,1880,70-80,0.937
ba0297bf-4f7c-4cc7-af0e-89f6c52520cc,ALB-CN-1870-7375,isSameAs,ALB-CN-1880-28214,1870,1880,70-80,0.971
3a346a5e-ac81-48e5-aaf8-7a26e24ce819,ALB-CN-1870-7378,isSameAs,ALB-CN-1880-24925,1870,1880,70-80,0.924
66dc9c2b-89b1-43fd-83ff-82da13c4b782,ALB-CN-1870-738,isSameAs,ALB-CN-1880-28628,1870,1880,70-80,0.957
a33e37f6-dbdc-4cde-8241-f1ce8edb1532,ALB-CN-1870-7385,isSameAs,ALB-CN-1880-32400,1870,1880,70-80,0.668
4d8a4fe3-fef4-4be8-af21-f67b4fa175dc,ALB-CN-1870-7387,isSameAs,ALB-CN-1880-312,1870,1880,70-80,0.75
eb7f2be4-3aac-4d9b-97cf-7fbd7b62250b,ALB-CN-1870-7389,isSameAs,ALB-CN-1880-28992,1870,1880,70-80,0.846
da9db782-a55a-476f-986e-45839919bf05,ALB-CN-1870-739,isSameAs,ALB-CN-1880-28629,1870,1880,70-80,0.957
ef26adfa-f70c-4e23-978f-8d3c2035a3f8,ALB-CN-1870-7390,isSameAs,ALB-CN-1880-30368,1870,1880,70-80,0.75
403d142c-fdfc-418e-b85e-7b6ea87fac1c,ALB-CN-1870-740,isSameAs,ALB-CN-1880-28630,1870,1880,70-80,0.971
9bd8a6cf-f338-4b28-a23f-327d53b1d546,ALB-CN-1870-7400,isSameAs,ALB-CN-1880-28257,1870,1880,70-80,0.98
10eb4b86-1703-4f50-89fc-32cfc3cfbb33,ALB-CN-1870-7401,isSameAs,ALB-CN-1880-28258,1870,1880,70-80,0.948
97d515d3-69fd-4ff9-8c74-4ed9dfd838ca,ALB-CN-1870-7402,isSameAs,ALB-CN-1880-24935,1870,1880,70-80,0.964
c62cf8b1-bada-40c5-9283-89ae6a947e0b,ALB-CN-1870-7403,isSameAs,ALB-CN-1880-24936,1870,1880,70-80,0.668
31d43cf9-820b-49c8-9ec9-21398a29a4a5,ALB-CN-1870-7404,isSameAs,ALB-CN-1880-24937,1870,1880,70-80,0.924
e98e5182-b0d6-4e4b-b2db-9eaa4b9d3cd3,ALB-CN-1870-7405,isSameAs,ALB-CN-1880-28259,1870,1880,70-80,0.971
14732dc1-139c-448a-8af1-c573e9b37791,ALB-CN-1870-7408,isSameAs,ALB-CN-1880-30613,1870,1880,70-80,0.69
a48ae16d-c910-45cb-91d6-50e038724105,ALB-CN-1870-7412,isSameAs,ALB-CN-1880-28882,1870,1880,70-80,0.832
438895f5-98db-4871-8ca1-1e45d18472ab,ALB-CN-1870-7413,isSameAs,ALB-CN-1880-28883,1870,1880,70-80,0.701
7ae10840-1556-4d72-9b6c-25b53afac64c,ALB-CN-1870-7416,isSameAs,ALB-CN-1880-28884,1870,1880,70-80,0.777
c9e344c1-2dbe-470e-8cf4-06d2c4eee6d4,ALB-CN-1870-743,isSameAs,ALB-CN-1880-16768,1870,1880,70-80,0.973
fcca20af-b34a-4766-b571-d4a556073987,ALB-CN-1870-744,isSameAs,ALB-CN-1880-16769,1870,1880,70-80,0.989
1963e668-df20-4368-b391-a1a22fc14aa0,ALB-CN-1870-7440,isSameAs,ALB-CN-1880-23264,1870,1880,70-80,0.76
bef10544-a13b-48d7-b41f-05db197f01fd,ALB-CN-1870-7441,isSameAs,ALB-CN-1880-29021,1870,1880,70-80,0.731
a31aad09-b855-4e93-b4c2-b7d46dddeeef,ALB-CN-1870-7443,isSameAs,ALB-CN-1880-26660,1870,1880,70-80,0.99
305b84d9-702c-462e-8ad2-79801b2413c3,ALB-CN-1870-7444,isSameAs,ALB-CN-1880-26661,1870,1880,70-80,0.75
ba687594-ebbe-4237-be09-f703bd764aec,ALB-CN-1870-7446,isSameAs,ALB-CN-1880-26662,1870,1880,70-80,0.95
ac736acb-c005-4d40-9bb3-e765e5038864,ALB-CN-1870-7447,isSameAs,ALB-CN-1880-26665,1870,1880,70-80,0.858
c6188ede-e432-4dcb-9569-9d87a9506e53,ALB-CN-1870-7448,isSameAs,ALB-CN-1880-26663,1870,1880,70-80,0.973
79c66be2-67bf-4438-8663-906303b15cfb,ALB-CN-1870-7449,isSameAs,ALB-CN-1880-26664,1870,1880,70-80,0.973
7f1b9988-12f1-46f2-8e6e-a105b9d26e1a,ALB-CN-1870-745,isSameAs,ALB-CN-1880-16871,1870,1880,70-80,0.891
c4f68f25-f59a-445d-a5e2-b653321617bf,ALB-CN-1870-7451,isSameAs,ALB-CN-1880-26670,1870,1880,70-80,0.924
b233d8d4-1ccc-44dc-83a6-3d4ad9c89bd8,ALB-CN-1870-7452,isSameAs,ALB-CN-1880-26671,1870,1880,70-80,0.858
d5ea38f3-6e55-4654-9318-eafc343ecd77,ALB-CN-1870-7453,isSameAs,ALB-CN-1880-26672,1870,1880,70-80,0.953
27c790e1-1ff2-4c04-8cf0-89170944b5a8,ALB-CN-1870-7454,isSameAs,ALB-CN-1880-26676,1870,1880,70-80,0.94
ca46a8a6-e213-4f3e-8e61-f67d6972966a,ALB-CN-1870-7455,isSameAs,ALB-CN-1880-19338,1870,1880,70-80,0.711
d713b635-402f-4f44-b870-a915eb8daea5,ALB-CN-1870-7456,isSameAs,ALB-CN-1880-19339,1870,1880,70-80,0.786
4dec55c0-d7de-4c43-b521-ec47cea3efe9,ALB-CN-1870-7458,isSameAs,ALB-CN-1880-19333,1870,1880,70-80,0.69
ec356fcb-4ca1-45b9-a631-3b3bf58ee841,ALB-CN-1870-746,isSameAs,ALB-CN-1880-16770,1870,1880,70-80,0.989
08eaa38f-44b6-43aa-8efb-db54a1584841,ALB-CN-1870-7461,isSameAs,ALB-CN-1880-19334,1870,1880,70-80,0.909
6b233047-9573-4c94-8df0-3fe241b5d964,ALB-CN-1870-7463,isSameAs,ALB-CN-1880-19155,1870,1880,70-80,0.964
07f7695f-e8a6-4874-8329-40fa39994d1b,ALB-CN-1870-7465,isSameAs,ALB-CN-1880-19158,1870,1880,70-80,0.769
67dafb63-4066-477e-82d8-4f9a71f64168,ALB-CN-1870-7466,isSameAs,ALB-CN-1880-19156,1870,1880,70-80,0.948
a8fbbfbb-6245-40d4-88bb-19dad1a147f5,ALB-CN-1870-7467,isSameAs,ALB-CN-1880-19157,1870,1880,70-80,0.917
623eaabe-cda9-4274-8f45-cc5d2c1a565d,ALB-CN-1870-747,isSameAs,ALB-CN-1880-16771,1870,1880,70-80,0.984
c959b356-dcb0-4fa6-8110-74ab399d85bf,ALB-CN-1870-7478,isSameAs,ALB-CN-1880-19176,1870,1880,70-80,0.909
bb567b16-5d8f-4fdb-9177-68331d27bf87,ALB-CN-1870-7479,isSameAs,ALB-CN-1880-18375,1870,1880,70-80,0.75
b0dc6475-a132-4c8e-ae42-0eb376f3757c,ALB-CN-1870-748,isSameAs,ALB-CN-1880-16772,1870,1880,70-80,0.989
ba3d4c61-0d58-4862-82a2-c978b422420c,ALB-CN-1870-7481,isSameAs,ALB-CN-1880-19164,1870,1880,70-80,0.786
e3a9741e-fd1e-4005-8be9-5b955dab6d35,ALB-CN-1870-7484,isSameAs,ALB-CN-1880-24122,1870,1880,70-80,0.825
984df3d0-b7e2-4a0f-b596-6c38fc189ea6,ALB-CN-1870-7488,isSameAs,ALB-CN-1880-27698,1870,1880,70-80,0.769
8bcf6d7d-a990-41fe-9c0e-f7dbe39450f8,ALB-CN-1870-749,isSameAs,ALB-CN-1880-16777,1870,1880,70-80,0.984
f632dab2-2daa-43ff-83ca-e4fda0b15a0d,ALB-CN-1870-7491,isSameAs,ALB-CN-1880-3652,1870,1880,70-80,0.721
32685e98-edd6-40e6-92e2-b23c0aaa6eed,ALB-CN-1870-7493,isSameAs,ALB-CN-1880-27704,1870,1880,70-80,0.741
25f12a46-ae21-41e1-b849-20134f1e966c,ALB-CN-1870-7496,isSameAs,ALB-CN-1880-27710,1870,1880,70-80,0.943
3eea6687-90ee-444f-addc-132e225ade98,ALB-CN-1870-7499,isSameAs,ALB-CN-1880-27711,1870,1880,70-80,0.978
6a8beeb8-72f5-4c58-8866-152204addc03,ALB-CN-1870-75,isSameAs,ALB-CN-1880-27461,1870,1880,70-80,0.622
055a1c7e-6acd-4e2e-834e-806165f2ecb6,ALB-CN-1870-750,isSameAs,ALB-CN-1880-16778,1870,1880,70-80,0.905
3abb81b4-4de9-48f4-a56d-7ca038213dac,ALB-CN-1870-7500,isSameAs,ALB-CN-1880-27712,1870,1880,70-80,0.668
8d276a8f-6c3a-4dda-8963-a84cd059f1d7,ALB-CN-1870-7506,isSameAs,ALB-CN-1880-32396,1870,1880,70-80,0.964
26bffd5b-c178-4a29-8422-48f0c6c855ad,ALB-CN-1870-7509,isSameAs,ALB-CN-1880-23491,1870,1880,70-80,0.622
615b4ed0-7e25-4d41-b14f-0c208f0aba52,ALB-CN-1870-7510,isSameAs,ALB-CN-1880-8124,1870,1880,70-80,0.69
136cb704-f20f-4188-a44f-16dbae5d232a,ALB-CN-1870-7511,isSameAs,ALB-CN-1880-19327,1870,1880,70-80,0.98
b6510dd8-3f9e-46a7-9509-6fd1b7ac0fb8,ALB-CN-1870-7512,isSameAs,ALB-CN-1880-19328,1870,1880,70-80,0.924
92c6f61d-3cd6-42b3-ab7b-a36fd81388ed,ALB-CN-1870-7514,isSameAs,ALB-CN-1880-19330,1870,1880,70-80,0.971
2706126a-aab2-41ee-bfba-cfccbc541190,ALB-CN-1870-7518,isSameAs,ALB-CN-1880-13605,1870,1880,70-80,0.924
a8d7a48b-672b-4b90-990c-bb4932653368,ALB-CN-1870-7521,isSameAs,ALB-CN-1880-18660,1870,1880,70-80,0.948
3a3461e0-4e90-4709-b934-495caff78ef4,ALB-CN-1870-7523,isSameAs,ALB-CN-1880-25697,1870,1880,70-80,0.622
ff5cfbe6-b58b-40e0-8d97-e32b49c0bb81,ALB-CN-1870-7526,isSameAs,ALB-CN-1880-18662,1870,1880,70-80,0.896
d33a8a7e-9548-4e2b-a7a9-c48f264a549d,ALB-CN-1870-7528,isSameAs,ALB-CN-1880-18663,1870,1880,70-80,0.891
0acedc28-c095-4cdc-8f3c-84056f3e97fd,ALB-CN-1870-7529,isSameAs,ALB-CN-1880-18664,1870,1880,70-80,0.924
7f76360e-91c9-47f4-a9bc-c75bf1428fd1,ALB-CN-1870-7539,isSameAs,ALB-CN-1880-19020,1870,1880,70-80,0.786
3e5d2c67-0d7a-47e2-b559-45ba0f3aad06,ALB-CN-1870-754,isSameAs,ALB-CN-1880-29592,1870,1880,70-80,0.917
a9340ba6-45c7-4014-9447-644c91fdbefa,ALB-CN-1870-7540,isSameAs,ALB-CN-1880-19021,1870,1880,70-80,0.846
4c7f7b49-3655-4904-b4da-dba29ad9c9a0,ALB-CN-1870-7542,isSameAs,ALB-CN-1880-29930,1870,1880,70-80,0.668
40ab516f-96d8-4577-9b03-25771a4c63ad,ALB-CN-1870-7544,isSameAs,ALB-CN-1880-29933,1870,1880,70-80,0.711
b2ad0d14-5011-4d21-8bb4-ab97cc3bb67c,ALB-CN-1870-7545,isSameAs,ALB-CN-1880-29932,1870,1880,70-80,0.896
073b385e-a853-4608-9ba5-6ab7925860b9,ALB-CN-1870-7548,isSameAs,ALB-CN-1880-18921,1870,1880,70-80,0.943
02cd5067-35c8-414a-b411-4c1babc84153,ALB-CN-1870-755,isSameAs,ALB-CN-1880-29593,1870,1880,70-80,0.909
f51c2e33-6e58-4a1b-8b2e-9261d18579a5,ALB-CN-1870-7550,isSameAs,ALB-CN-1880-2096,1870,1880,70-80,0.646
b5090118-1073-47e5-b058-5a1f4ecb6b08,ALB-CN-1870-7554,isSameAs,ALB-CN-1880-18794,1870,1880,70-80,0.961
25cf0797-77d4-4a22-804d-2e3465cef513,ALB-CN-1870-7555,isSameAs,ALB-CN-1880-18795,1870,1880,70-80,0.957
ab5be985-6287-430e-a299-fced1958b67c,ALB-CN-1870-7557,isSameAs,ALB-CN-1880-18797,1870,1880,70-80,0.964
7710bcd8-210a-4e4b-9eef-d60de9a99b05,ALB-CN-1870-7559,isSameAs,ALB-CN-1880-19493,1870,1880,70-80,0.668
19c2a427-8f11-425a-81ec-3edf6f67627a,ALB-CN-1870-7560,isSameAs,ALB-CN-1880-19032,1870,1880,70-80,0.937
b77cd9e7-b7e1-49f7-867a-2af93871469d,ALB-CN-1870-7562,isSameAs,ALB-CN-1880-19039,1870,1880,70-80,0.909
a3e0c80a-d44b-4093-9efc-857efefcc4fb,ALB-CN-1870-7564,isSameAs,ALB-CN-1880-19034,1870,1880,70-80,0.657
4d695249-9702-4352-95cc-495298e3febc,ALB-CN-1870-7566,isSameAs,ALB-CN-1880-19059,1870,1880,70-80,0.971
6fe3e709-f130-4a3a-b5be-1929760bff01,ALB-CN-1870-7567,isSameAs,ALB-CN-1880-19060,1870,1880,70-80,0.98
78bd014c-1920-4a19-ba39-5c451fa5442b,ALB-CN-1870-7569,isSameAs,ALB-CN-1880-19062,1870,1880,70-80,0.984
c0fda6fd-ebf2-405c-9281-f4c890ef5102,ALB-CN-1870-7570,isSameAs,ALB-CN-1880-19063,1870,1880,70-80,0.989
ea3350fe-e4be-400d-8fe7-2857ae14824f,ALB-CN-1870-7571,isSameAs,ALB-CN-1880-19064,1870,1880,70-80,0.984
898f8318-cdda-43fc-a95d-60a8544c394a,ALB-CN-1870-7573,isSameAs,ALB-CN-1880-17994,1870,1880,70-80,0.832
29e5ec61-4adc-4319-ab46-f66078ee1f28,ALB-CN-1870-7577,isSameAs,ALB-CN-1880-17995,1870,1880,70-80,0.75
cd162b44-4a32-43c9-b358-838fbeca99cf,ALB-CN-1870-7578,isSameAs,ALB-CN-1880-17996,1870,1880,70-80,0.931
301dff96-030d-41d7-9a0b-91a347eabea0,ALB-CN-1870-7579,isSameAs,ALB-CN-1880-17997,1870,1880,70-80,0.931
38609e70-58a5-4299-a895-02cb48a10b65,ALB-CN-1870-7580,isSameAs,ALB-CN-1880-17998,1870,1880,70-80,0.864
47f74c79-5e21-4c53-ae85-712e21b4512d,ALB-CN-1870-7581,isSameAs,ALB-CN-1880-17999,1870,1880,70-80,0.924
72d1e2be-8d4f-4b84-b68d-de47e958bcbf,ALB-CN-1870-7586,isSameAs,ALB-CN-1880-23700,1870,1880,70-80,0.622
ea73faa9-6c7e-4be9-970f-82dc4b54e690,ALB-CN-1870-7589,isSameAs,ALB-CN-1880-19004,1870,1880,70-80,0.957
04a67944-f66c-4bde-86d7-e96e53280c6d,ALB-CN-1870-7590,isSameAs,ALB-CN-1880-19005,1870,1880,70-80,0.711
d232663b-94bf-4135-b5f2-fe3e856e8e75,ALB-CN-1870-7591,isSameAs,ALB-CN-1880-19006,1870,1880,70-80,0.957
f344d09c-fa23-4722-a8ce-155dd40ea773,ALB-CN-1870-7592,isSameAs,ALB-CN-1880-19007,1870,1880,70-80,0.989
84f8d7bc-8b9f-48f3-b076-c9fae6c13310,ALB-CN-1870-7593,isSameAs,ALB-CN-1880-19008,1870,1880,70-80,0.931
c5a9d0b9-0991-4412-9ea0-dc2841cd6e72,ALB-CN-1870-7594,isSameAs,ALB-CN-1880-17531,1870,1880,70-80,0.846
04cdb0f0-f04c-4a2e-a75b-abd98ac288c4,ALB-CN-1870-7595,isSameAs,ALB-CN-1880-17532,1870,1880,70-80,0.964
238056c5-ee8c-43a9-9fde-155977938e07,ALB-CN-1870-7597,isSameAs,ALB-CN-1880-17533,1870,1880,70-80,0.94
bbb1f389-f18b-41c9-ae2a-c5cfdfa48e74,ALB-CN-1870-7598,isSameAs,ALB-CN-1880-17535,1870,1880,70-80,0.937
3d9c0375-b8e6-4f00-88d0-20aae4904682,ALB-CN-1870-7599,isSameAs,ALB-CN-1880-10254,1870,1880,70-80,0.711
85b639e7-5dac-422c-804b-b27b1570ee58,ALB-CN-1870-76,isSameAs,ALB-CN-1880-21994,1870,1880,70-80,0.989
1c6bbb9e-6afd-4647-b6cd-d90311e92bd9,ALB-CN-1870-7600,isSameAs,ALB-CN-1880-10253,1870,1880,70-80,0.622
b0ce4c52-3f00-4e1b-b989-31553f100c2f,ALB-CN-1870-7628,isSameAs,ALB-CN-1880-20536,1870,1880,70-80,0.818
b8e8af36-6bf7-476d-b624-f114db4af8e9,ALB-CN-1870-763,isSameAs,ALB-CN-1880-29601,1870,1880,70-80,0.948
d35c9a29-598c-4ada-b918-1724fcddba8f,ALB-CN-1870-7632,isSameAs,ALB-CN-1880-18156,1870,1880,70-80,0.711
3a59bbeb-6bfb-4750-a893-d3f00e953347,ALB-CN-1870-7634,isSameAs,ALB-CN-1880-19071,1870,1880,70-80,0.846
ddf4e117-026e-4508-a63e-fb861d618250,ALB-CN-1870-7637,isSameAs,ALB-CN-1880-19491,1870,1880,70-80,0.646
62a8b096-48de-4cee-a5bf-77e2247bf233,ALB-CN-1870-7641,isSameAs,ALB-CN-1880-19492,1870,1880,70-80,0.891
f1dec3cb-03fb-41ef-8594-7d94b4faa2d2,ALB-CN-1870-7642,isSameAs,ALB-CN-1880-19495,1870,1880,70-80,0.913
b3d54358-9712-48b8-8f3f-5c32a3c9e043,ALB-CN-1870-7645,isSameAs,ALB-CN-1880-21606,1870,1880,70-80,0.668
1c459dd3-e393-49f5-b8fd-c1f5f06b4369,ALB-CN-1870-7647,isSameAs,ALB-CN-1880-19363,1870,1880,70-80,0.948
d4e9cff3-c8f0-4c1e-a303-ee1d0395979f,ALB-CN-1870-7648,isSameAs,ALB-CN-1880-17608,1870,1880,70-80,0.99
ed8026cc-82e1-42f4-b264-43eb810d8674,ALB-CN-1870-7649,isSameAs,ALB-CN-1880-17609,1870,1880,70-80,0.987
cf32fd81-e44d-483f-b15b-9fb6cf71fc93,ALB-CN-1870-765,isSameAs,ALB-CN-1880-15080,1870,1880,70-80,0.69
8d669fb5-5732-4094-8625-d211a4044860,ALB-CN-1870-7650,isSameAs,ALB-CN-1880-17610,1870,1880,70-80,0.989
fb921b74-0a7a-4073-a160-ecae685e8375,ALB-CN-1870-7651,isSameAs,ALB-CN-1880-17614,1870,1880,70-80,0.9
840e475a-795e-4b80-9de8-eaf6e6cf64b8,ALB-CN-1870-7655,isSameAs,ALB-CN-1880-27132,1870,1880,70-80,0.846
b043d893-2440-4bfc-8876-02bd3f8a2f4c,ALB-CN-1870-7658,isSameAs,ALB-CN-1880-19045,1870,1880,70-80,0.818
5273c447-1d76-46b5-9b1b-7f2afe5def73,ALB-CN-1870-7659,isSameAs,ALB-CN-1880-19044,1870,1880,70-80,0.961
3b0f09a2-4bee-4cd7-b67d-9dc110fea8a2,ALB-CN-1870-766,isSameAs,ALB-CN-1880-29413,1870,1880,70-80,0.846
a4e773d1-d343-4a14-b8b2-ae3cd2790697,ALB-CN-1870-7661,isSameAs,ALB-CN-1880-1824,1870,1880,70-80,0.953
138e70b7-337c-4f85-97f9-4d8385294a78,ALB-CN-1870-7662,isSameAs,ALB-CN-1880-19047,1870,1880,70-80,0.99
88a39522-01f4-4218-87d5-64f2fec3bc8f,ALB-CN-1870-7663,isSameAs,ALB-CN-1880-19048,1870,1880,70-80,0.99
851d0540-57c5-4d98-89ec-c3fa53fd3773,ALB-CN-1870-7664,isSameAs,ALB-CN-1880-19049,1870,1880,70-80,0.984
c6d1c78c-cd2e-4858-a680-e444f80618dc,ALB-CN-1870-7665,isSameAs,ALB-CN-1880-19050,1870,1880,70-80,0.984
35ca39e9-81ac-481a-ae54-f345f25785e2,ALB-CN-1870-767,isSameAs,ALB-CN-1880-28689,1870,1880,70-80,0.634
d13ab3d5-55d0-471d-ac6e-6b13adc168ae,ALB-CN-1870-768,isSameAs,ALB-CN-1880-29602,1870,1880,70-80,0.777
8b151874-a6cf-4ba5-973c-830d3a5ea6b9,ALB-CN-1870-7684,isSameAs,ALB-CN-1880-17639,1870,1880,70-80,0.818
598f4a1a-8867-4891-b0fd-b4a41796e9e9,ALB-CN-1870-7686,isSameAs,ALB-CN-1880-19350,1870,1880,70-80,0.881
69ea1747-8fdc-49c8-9eb2-0b0bae1aa39d,ALB-CN-1870-7687,isSameAs,ALB-CN-1880-19351,1870,1880,70-80,0.948
7df4c07b-d8da-416c-ba53-96cd8400c8ed,ALB-CN-1870-7688,isSameAs,ALB-CN-1880-18421,1870,1880,70-80,0.741
f900df60-4862-45a7-9672-af6188d2fdf7,ALB-CN-1870-7689,isSameAs,ALB-CN-1880-19352,1870,1880,70-80,0.924
96496f81-303a-479a-9768-99f243dc1c59,ALB-CN-1870-7691,isSameAs,ALB-CN-1880-19356,1870,1880,70-80,0.937
52d59003-aedd-4b0f-80c5-b660955d0b2c,ALB-CN-1870-7695,isSameAs,ALB-CN-1880-19357,1870,1880,70-80,0.818
b25c9b46-c808-4b35-875a-26be9779f608,ALB-CN-1870-7696,isSameAs,ALB-CN-1880-19022,1870,1880,70-80,0.99
2a666d87-3873-42e7-9cfc-f0e20317faad,ALB-CN-1870-7697,isSameAs,ALB-CN-1880-19023,1870,1880,70-80,0.957
6087dbab-620f-494a-ae47-84f884aced2f,ALB-CN-1870-7699,isSameAs,ALB-CN-1880-19024,1870,1880,70-80,0.953
dad3f9f4-c5c7-4f24-8b9f-ad9eb3b16662,ALB-CN-1870-770,isSameAs,ALB-CN-1880-14940,1870,1880,70-80,0.75
2d4586d6-9e5e-4e6a-aa8f-857e1706f1f9,ALB-CN-1870-7700,isSameAs,ALB-CN-1880-23886,1870,1880,70-80,0.679
0788265c-4665-440b-8696-628f6f864bae,ALB-CN-1870-7701,isSameAs,ALB-CN-1880-19026,1870,1880,70-80,0.75
fc12c570-f298-4f01-9579-d8796257cd6d,ALB-CN-1870-7702,isSameAs,ALB-CN-1880-19027,1870,1880,70-80,0.984
dc9af228-72f9-432c-955f-9715b5f55983,ALB-CN-1870-7703,isSameAs,ALB-CN-1880-18041,1870,1880,70-80,0.891
d1b124de-195f-4b64-9e22-6b35c5110c32,ALB-CN-1870-7705,isSameAs,ALB-CN-1880-18043,1870,1880,70-80,0.937
423509e8-a82c-455f-afcd-a6935bde11e1,ALB-CN-1870-7706,isSameAs,ALB-CN-1880-18037,1870,1880,70-80,0.818
e944a048-3e2c-4797-b404-b52c17cc4dc4,ALB-CN-1870-7710,isSameAs,ALB-CN-1880-19220,1870,1880,70-80,0.87
6fe36f9a-24d8-4228-aef7-2179bab75e3b,ALB-CN-1870-7711,isSameAs,ALB-CN-1880-19221,1870,1880,70-80,0.909
5478c2fc-c047-4805-b988-5b27cf2e466a,ALB-CN-1870-7716,isSameAs,ALB-CN-1880-18452,1870,1880,70-80,0.957
0b765ad5-1dad-4805-871d-c1b4e54bd2ee,ALB-CN-1870-7717,isSameAs,ALB-CN-1880-18453,1870,1880,70-80,0.957
a96167d3-3385-4925-8562-f8559d92f3e7,ALB-CN-1870-7718,isSameAs,ALB-CN-1880-19341,1870,1880,70-80,0.76
4f290090-5612-4316-9a2f-7e6308c0639c,ALB-CN-1870-7723,isSameAs,ALB-CN-1880-18454,1870,1880,70-80,0.913
53639589-b05f-49bd-87b8-10cf360ba597,ALB-CN-1870-7724,isSameAs,ALB-CN-1880-18456,1870,1880,70-80,0.886
2dc68ebf-7a55-4542-b135-56e98e98724a,ALB-CN-1870-7725,isSameAs,ALB-CN-1880-18455,1870,1880,70-80,0.984
d5048ab5-c0fc-41c8-84d3-954d371ffd47,ALB-CN-1870-7727,isSameAs,ALB-CN-1880-18457,1870,1880,70-80,0.957
bb27f0a1-6b43-4658-b57a-c3eff7940e16,ALB-CN-1870-7731,isSameAs,ALB-CN-1880-18427,1870,1880,70-80,0.634
9298140c-6002-4a91-820a-1d35cf2add93,ALB-CN-1870-7735,isSameAs,ALB-CN-1880-27341,1870,1880,70-80,0.769
eb380700-4f27-4863-b97b-66ee76ee0d99,ALB-CN-1870-7741,isSameAs,ALB-CN-1880-10716,1870,1880,70-80,0.937
adc85bcd-da60-44ed-accb-76c1c984a41c,ALB-CN-1870-7742,isSameAs,ALB-CN-1880-10717,1870,1880,70-80,0.979
ad7c7297-8a63-41d6-b82e-5c47494cdbb1,ALB-CN-1870-7743,isSameAs,ALB-CN-1880-17862,1870,1880,70-80,0.973
6d569909-77f2-4998-88ae-9082470bd32f,ALB-CN-1870-7744,isSameAs,ALB-CN-1880-17863,1870,1880,70-80,0.943
125c206b-2982-4b77-950a-a47d57e558a9,ALB-CN-1870-7746,isSameAs,ALB-CN-1880-17864,1870,1880,70-80,0.917
24920157-deba-4b1d-917a-103c45b5c29a,ALB-CN-1870-7747,isSameAs,ALB-CN-1880-17865,1870,1880,70-80,0.818
387616fd-54e2-4ebf-9a3b-032372315221,ALB-CN-1870-7748,isSameAs,ALB-CN-1880-25415,1870,1880,70-80,0.769
1193218d-f652-424f-af9a-16dc0f4a3ad0,ALB-CN-1870-7749,isSameAs,ALB-CN-1880-17867,1870,1880,70-80,0.961
ecf256dd-b4e1-48f6-b5e4-d5e1f9297068,ALB-CN-1870-775,isSameAs,ALB-CN-1880-29383,1870,1880,70-80,0.953
6f655636-ff9f-4c5b-b72e-a26ea1093e09,ALB-CN-1870-7750,isSameAs,ALB-CN-1880-17868,1870,1880,70-80,0.961
2c773d29-35b4-4b32-82b9-28c7c1d7dce3,ALB-CN-1870-7751,isSameAs,ALB-CN-1880-24051,1870,1880,70-80,0.731
ea52de5e-8f82-4e73-97ae-25de8bb28206,ALB-CN-1870-7754,isSameAs,ALB-CN-1880-20167,1870,1880,70-80,0.832
1e91463d-674a-4940-a591-cd59561c7587,ALB-CN-1870-7757,isSameAs,ALB-CN-1880-28167,1870,1880,70-80,0.711
955d55df-5651-4cdb-b0cf-2b5ef7309e24,ALB-CN-1870-7758,isSameAs,ALB-CN-1880-19207,1870,1880,70-80,0.818
421ea101-608d-4079-9a0d-057995b5e664,ALB-CN-1870-7759,isSameAs,ALB-CN-1880-19208,1870,1880,70-80,0.957
1920786b-66fe-4818-a895-eb1bc25deff4,ALB-CN-1870-7760,isSameAs,ALB-CN-1880-19209,1870,1880,70-80,0.984
3db5ffcd-b242-4262-8ad5-aab1850b2cfa,ALB-CN-1870-7761,isSameAs,ALB-CN-1880-19210,1870,1880,70-80,0.971
169ad379-4ec5-4f34-892a-8d0223ca332b,ALB-CN-1870-7762,isSameAs,ALB-CN-1880-19211,1870,1880,70-80,0.957
84f7e3d2-50f6-45d4-a07b-c80becfab03c,ALB-CN-1870-7764,isSameAs,ALB-CN-1880-21676,1870,1880,70-80,0.98
affc1795-b2a5-4077-ba74-0dfed04fb343,ALB-CN-1870-7765,isSameAs,ALB-CN-1880-21677,1870,1880,70-80,0.971
9c7bdc56-b91f-4b14-8bd4-dabfa9123e86,ALB-CN-1870-7766,isSameAs,ALB-CN-1880-9889,1870,1880,70-80,0.917
4d2ad1ed-b127-401d-9b54-e04927a96713,ALB-CN-1870-7767,isSameAs,ALB-CN-1880-31049,1870,1880,70-80,0.711
f486743f-353e-40dc-8852-2cc80497b7e5,ALB-CN-1870-7768,isSameAs,ALB-CN-1880-21678,1870,1880,70-80,0.971
db9144d9-af6b-4721-add5-e1b8b7b6bda2,ALB-CN-1870-7769,isSameAs,ALB-CN-1880-21679,1870,1880,70-80,0.98
213a943a-1b7d-4e94-b24a-b220d8670468,ALB-CN-1870-777,isSameAs,ALB-CN-1880-29384,1870,1880,70-80,0.953
14291d86-9854-4b9e-a588-bb5faf060ad2,ALB-CN-1870-7770,isSameAs,ALB-CN-1880-21680,1870,1880,70-80,0.971
ba82b3a8-3ec2-4521-b805-603bf191a287,ALB-CN-1870-7772,isSameAs,ALB-CN-1880-18399,1870,1880,70-80,0.87
8b22dfb8-58f7-4b27-9a37-0e49aa624669,ALB-CN-1870-7773,isSameAs,ALB-CN-1880-17801,1870,1880,70-80,0.668
e3f60f80-caa1-4669-8f0d-052e08ff5d8a,ALB-CN-1870-7774,isSameAs,ALB-CN-1880-18401,1870,1880,70-80,0.818
0d77ed8b-4e9d-4442-90e9-d3cc2591dfc4,ALB-CN-1870-7776,isSameAs,ALB-CN-1880-18402,1870,1880,70-80,0.961
d37a6bcd-9335-4d9f-9c0f-b95e2ab14dae,ALB-CN-1870-7777,isSameAs,ALB-CN-1880-18403,1870,1880,70-80,0.961
9d56686f-277d-43bb-92aa-940afc2dc892,ALB-CN-1870-7779,isSameAs,ALB-CN-1880-18404,1870,1880,70-80,0.982
e0df56ae-bacd-4c26-a7cb-e58be85b66e4,ALB-CN-1870-778,isSameAs,ALB-CN-1880-29385,1870,1880,70-80,0.937
76716241-6f17-48f5-aeab-a9a9b8eeb91f,ALB-CN-1870-7780,isSameAs,ALB-CN-1880-18405,1870,1880,70-80,0.984
b17b3803-8da6-40ed-8c79-6808dc3f11dc,ALB-CN-1870-7782,isSameAs,ALB-CN-1880-17802,1870,1880,70-80,0.917
84a45a79-bdfa-4b1c-b772-dd19e1fb42d4,ALB-CN-1870-7788,isSameAs,ALB-CN-1880-29651,1870,1880,70-80,0.622
7c8f156c-8cb3-4e15-a927-ba521c5d1c5e,ALB-CN-1870-779,isSameAs,ALB-CN-1880-29386,1870,1880,70-80,0.937
af849100-974f-4baa-bb11-d4d7e4433908,ALB-CN-1870-7790,isSameAs,ALB-CN-1880-22601,1870,1880,70-80,0.731
bcccffdf-fbaf-413f-8ca7-18ac4c6e50ed,ALB-CN-1870-7791,isSameAs,ALB-CN-1880-5065,1870,1880,70-80,0.731
ad88845f-f265-4555-9932-fa1d0e5e2403,ALB-CN-1870-7795,isSameAs,ALB-CN-1880-18304,1870,1880,70-80,0.87
8dc0a02b-55bf-460b-8f81-06a5c7c4c0e4,ALB-CN-1870-7796,isSameAs,ALB-CN-1880-18305,1870,1880,70-80,0.909
53bbc044-6a6a-46ad-a037-f52e9a8374b2,ALB-CN-1870-7797,isSameAs,ALB-CN-1880-18306,1870,1880,70-80,0.909
4e98d8b6-c935-40cd-ae98-7d91ff7af947,ALB-CN-1870-7798,isSameAs,ALB-CN-1880-18307,1870,1880,70-80,0.948
8cd5e989-7fe5-4cd7-b749-70642bef9ed0,ALB-CN-1870-7799,isSameAs,ALB-CN-1880-18308,1870,1880,70-80,0.937
81b48166-da3f-4e85-a601-7fcd3ce712ee,ALB-CN-1870-78,isSameAs,ALB-CN-1880-21995,1870,1880,70-80,0.99
6cbda100-32d5-4959-9a13-a6e3c2d28053,ALB-CN-1870-7800,isSameAs,ALB-CN-1880-18309,1870,1880,70-80,0.948
54afb12b-54d3-4586-9a7c-efc6ea71ba5c,ALB-CN-1870-7803,isSameAs,ALB-CN-1880-24601,1870,1880,70-80,0.934
204f1ef9-1775-46ba-ba2d-672d390ed82a,ALB-CN-1870-7808,isSameAs,ALB-CN-1880-20290,1870,1880,70-80,0.75
e9c27069-3e5e-4045-b587-8a70d845e90e,ALB-CN-1870-7809,isSameAs,ALB-CN-1880-18323,1870,1880,70-80,0.971
1f1a1a9f-735e-4c78-8f33-cba22984df1c,ALB-CN-1870-781,isSameAs,ALB-CN-1880-29380,1870,1880,70-80,0.81
225feb5c-7e5c-4592-8537-92414e27948f,ALB-CN-1870-7810,isSameAs,ALB-CN-1880-18324,1870,1880,70-80,0.711
1be9bccc-48c4-47d8-9d65-5ec3547258cd,ALB-CN-1870-7811,isSameAs,ALB-CN-1880-18325,1870,1880,70-80,0.94
1d2c6e37-1317-4add-a0b0-9f77dc741d0c,ALB-CN-1870-7814,isSameAs,ALB-CN-1880-18326,1870,1880,70-80,0.971
2baf6e53-4d9e-4923-b6f6-a363816e9db2,ALB-CN-1870-7817,isSameAs,ALB-CN-1880-3503,1870,1880,70-80,0.75
1422f72e-3b04-42b1-a2f7-05be14340d97,ALB-CN-1870-7820,isSameAs,ALB-CN-1880-25161,1870,1880,70-80,0.786
87e98d06-b3e0-46bc-b970-d3f14be08b00,ALB-CN-1870-7827,isSameAs,ALB-CN-1880-28970,1870,1880,70-80,0.87
eda07a9d-83a8-4bb9-9947-87b16b296fbe,ALB-CN-1870-7828,isSameAs,ALB-CN-1880-28971,1870,1880,70-80,0.909
256631de-e500-4a9f-a585-683882352d5f,ALB-CN-1870-7830,isSameAs,ALB-CN-1880-18339,1870,1880,70-80,0.75
0907b3e3-77f1-46a6-b23c-0e575ec90555,ALB-CN-1870-7833,isSameAs,ALB-CN-1880-18340,1870,1880,70-80,0.924
2e61b91b-edb8-4ec0-9124-50457e1a2fc8,ALB-CN-1870-7835,isSameAs,ALB-CN-1880-15532,1870,1880,70-80,0.794
aa9ac8f6-8747-4e9c-9a4b-d14685f9319c,ALB-CN-1870-7841,isSameAs,ALB-CN-1880-20051,1870,1880,70-80,0.917
c8a36edc-85d8-4454-80ca-599fcc1db40a,ALB-CN-1870-7843,isSameAs,ALB-CN-1880-836,1870,1880,70-80,0.802
ddc29fe8-f66e-4b26-8947-40b6e88a1457,ALB-CN-1870-7844,isSameAs,ALB-CN-1880-18328,1870,1880,70-80,0.979
1c12ae99-6bb6-4c93-a470-1007ff72b2ba,ALB-CN-1870-7845,isSameAs,ALB-CN-1880-18329,1870,1880,70-80,0.931
89106032-d8db-4d35-ad1e-f4ee167703a7,ALB-CN-1870-7846,isSameAs,ALB-CN-1880-18330,1870,1880,70-80,0.971
7382cbf7-9a46-4062-9e1a-0220c8f0480b,ALB-CN-1870-785,isSameAs,ALB-CN-1880-29611,1870,1880,70-80,0.909
2f4b1400-99db-46da-929a-b3f25be84290,ALB-CN-1870-7850,isSameAs,ALB-CN-1880-25399,1870,1880,70-80,0.731
343fc2a2-febb-45d2-b9eb-4a6ba6db3e31,ALB-CN-1870-7851,isSameAs,ALB-CN-1880-18327,1870,1880,70-80,0.957
6840530e-5376-42d2-9ece-712cff9fef52,ALB-CN-1870-7852,isSameAs,ALB-CN-1880-25468,1870,1880,70-80,0.731
c3847620-dffd-44b1-b783-69d7b0c5cb8d,ALB-CN-1870-7853,isSameAs,ALB-CN-1880-20019,1870,1880,70-80,0.818
0df73056-8c3f-42d1-8150-8efdf723337a,ALB-CN-1870-7854,isSameAs,ALB-CN-1880-20020,1870,1880,70-80,0.875
76141c68-5127-48ba-942d-5aaf5d850661,ALB-CN-1870-7857,isSameAs,ALB-CN-1880-20067,1870,1880,70-80,0.846
e2a70422-8fbd-477a-b285-9bb150d49742,ALB-CN-1870-786,isSameAs,ALB-CN-1880-29612,1870,1880,70-80,0.909
71609f48-1985-47c5-bb15-61ab7d2e54d4,ALB-CN-1870-7861,isSameAs,ALB-CN-1880-19583,1870,1880,70-80,0.711
8809675e-fb24-4375-94a6-badc5bb09a3d,ALB-CN-1870-7863,isSameAs,ALB-CN-1880-20158,1870,1880,70-80,0.731
7ea29c5c-ec87-4667-847e-88d5b0f0736d,ALB-CN-1870-7865,isSameAs,ALB-CN-1880-17881,1870,1880,70-80,0.909
ccfd2a51-1784-473c-8924-0df9b123bd7a,ALB-CN-1870-7866,isSameAs,ALB-CN-1880-20069,1870,1880,70-80,0.984
a35e8edc-0847-41cc-beb6-42c3658c4ed3,ALB-CN-1870-7869,isSameAs,ALB-CN-1880-19092,1870,1880,70-80,0.769
96fd8116-68bb-45a4-891f-f8196367a631,ALB-CN-1870-787,isSameAs,ALB-CN-1880-14694,1870,1880,70-80,0.769
37c29b9a-dfb2-4db4-a749-18902d7029d6,ALB-CN-1870-7870,isSameAs,ALB-CN-1880-29675,1870,1880,70-80,0.731
f425e7d2-02b2-419c-842f-ba17f03eda63,ALB-CN-1870-7871,isSameAs,ALB-CN-1880-20677,1870,1880,70-80,0.711
ab803d7a-b7b1-41cd-881f-088c8b34cf68,ALB-CN-1870-7872,isSameAs,ALB-CN-1880-20681,1870,1880,70-80,0.9
225e9842-2d68-410a-abab-a2272311a692,ALB-CN-1870-7875,isSameAs,ALB-CN-1880-18389,1870,1880,70-80,0.937
4f4ebd33-39e7-4bd8-ada4-064d125ac4e8,ALB-CN-1870-7878,isSameAs,ALB-CN-1880-32407,1870,1880,70-80,0.634
d791e677-9372-4aab-8a51-35a59638780b,ALB-CN-1870-7883,isSameAs,ALB-CN-1880-20029,1870,1880,70-80,0.846
cc61d157-dbfa-4117-a147-dc60067563a6,ALB-CN-1870-7889,isSameAs,ALB-CN-1880-18224,1870,1880,70-80,0.858
8f68764e-7465-408e-a4b1-f093d5a75711,ALB-CN-1870-789,isSameAs,ALB-CN-1880-14696,1870,1880,70-80,0.948
c0faa888-384a-4851-aedc-72f68cd87d56,ALB-CN-1870-7893,isSameAs,ALB-CN-1880-7657,1870,1880,70-80,0.802
4190a03a-ae44-4d0e-b285-574a82e21310,ALB-CN-1870-7895,isSameAs,ALB-CN-1880-8262,1870,1880,70-80,0.832
4c2b64fc-4d0a-44ec-9cd4-fccdd1b08b52,ALB-CN-1870-79,isSameAs,ALB-CN-1880-21996,1870,1880,70-80,0.99
74170d67-f706-461f-9d2d-fd378e30b223,ALB-CN-1870-790,isSameAs,ALB-CN-1880-14697,1870,1880,70-80,0.711
0ed163cc-736e-4372-b697-ae9a2641d49c,ALB-CN-1870-7900,isSameAs,ALB-CN-1880-15234,1870,1880,70-80,0.668
37dd2d47-dc5b-46e7-8a6e-d6241f59ff11,ALB-CN-1870-7901,isSameAs,ALB-CN-1880-29210,1870,1880,70-80,0.971
d2ecb563-aa7d-408a-b6c1-e175e8bf0703,ALB-CN-1870-7902,isSameAs,ALB-CN-1880-13395,1870,1880,70-80,0.802
e91c3891-4217-4e54-b80a-5998dd644493,ALB-CN-1870-7910,isSameAs,ALB-CN-1880-18203,1870,1880,70-80,0.818
7082924d-f3dd-41e0-9a06-1d683cb95baf,ALB-CN-1870-7912,isSameAs,ALB-CN-1880-28293,1870,1880,70-80,0.87
c6453b52-b25a-4b7f-99e0-236112ee4ca6,ALB-CN-1870-7918,isSameAs,ALB-CN-1880-6776,1870,1880,70-80,0.69
6fb4718c-3a01-4401-8e97-dcf259bf8774,ALB-CN-1870-7921,isSameAs,ALB-CN-1880-28296,1870,1880,70-80,0.711
5f2a50c7-bcd1-44a9-877f-d9d03d70c498,ALB-CN-1870-7922,isSameAs,ALB-CN-1880-28298,1870,1880,70-80,0.984
8affe9dc-49cd-46d2-88fa-abab9eb4ca2b,ALB-CN-1870-7926,isSameAs,ALB-CN-1880-13362,1870,1880,70-80,0.802
71c324e2-9f88-4f2e-b97e-622cbea1fe7c,ALB-CN-1870-7927,isSameAs,ALB-CN-1880-9665,1870,1880,70-80,0.731
736149e9-0807-487c-b10c-8549b266eba8,ALB-CN-1870-7933,isSameAs,ALB-CN-1880-18165,1870,1880,70-80,0.99
9b01daf8-98dd-465f-a02c-090c8d175cbe,ALB-CN-1870-7934,isSameAs,ALB-CN-1880-18166,1870,1880,70-80,0.905
186430bd-607b-4564-bc69-7ae84b66a1c3,ALB-CN-1870-7937,isSameAs,ALB-CN-1880-18167,1870,1880,70-80,0.982
7dfb25d7-36ca-4af9-a01f-386b81692b5c,ALB-CN-1870-7938,isSameAs,ALB-CN-1880-18168,1870,1880,70-80,0.973
c203cc66-21de-42ca-a37e-de1893fe141b,ALB-CN-1870-7940,isSameAs,ALB-CN-1880-18169,1870,1880,70-80,0.984
2a48e513-d420-40d2-89d0-bcf8d25ef97f,ALB-CN-1870-7941,isSameAs,ALB-CN-1880-18191,1870,1880,70-80,0.87
979b137d-67db-42e9-a037-bf73a9f803fd,ALB-CN-1870-7943,isSameAs,ALB-CN-1880-18193,1870,1880,70-80,0.989
28e30c9a-ce4d-4f3d-87c3-87309c6f71b1,ALB-CN-1870-7944,isSameAs,ALB-CN-1880-18194,1870,1880,70-80,0.989
73de6b69-d195-4a7a-8312-06f2f514e84d,ALB-CN-1870-7945,isSameAs,ALB-CN-1880-18195,1870,1880,70-80,0.989
85240f75-457e-447b-b394-e702ed3ac2d3,ALB-CN-1870-7946,isSameAs,ALB-CN-1880-18196,1870,1880,70-80,0.982
9ea8735d-c145-4d36-a76a-4a5e6da6fcf0,ALB-CN-1870-7947,isSameAs,ALB-CN-1880-18217,1870,1880,70-80,0.909
bd974d0b-3cd2-4edc-9618-4e0b7a92204f,ALB-CN-1870-7948,isSameAs,ALB-CN-1880-18218,1870,1880,70-80,0.9
dad7f431-f650-4fe1-b2dc-340cb1e60077,ALB-CN-1870-7949,isSameAs,ALB-CN-1880-18219,1870,1880,70-80,0.984
6ee9432b-764f-4aa8-b6c1-38349cafc231,ALB-CN-1870-7950,isSameAs,ALB-CN-1880-18220,1870,1880,70-80,0.668
a15a0507-5ffa-4624-ae91-b111d4a4122a,ALB-CN-1870-7954,isSameAs,ALB-CN-1880-18478,1870,1880,70-80,0.976
75df38f4-6c3c-4682-8acf-781706032530,ALB-CN-1870-7956,isSameAs,ALB-CN-1880-18479,1870,1880,70-80,0.971
3687953b-c141-47ab-8c25-fffe8b995ecd,ALB-CN-1870-7957,isSameAs,ALB-CN-1880-18480,1870,1880,70-80,0.931
0cf6d59b-0483-4fea-aba6-2b136504a9bf,ALB-CN-1870-7959,isSameAs,ALB-CN-1880-18482,1870,1880,70-80,0.957
3729fc22-1b4c-40d4-b955-3e660cccfc27,ALB-CN-1870-7960,isSameAs,ALB-CN-1880-18483,1870,1880,70-80,0.931
f666c7c0-1db4-4d24-8b63-4223aeb27796,ALB-CN-1870-7973,isSameAs,ALB-CN-1880-9184,1870,1880,70-80,0.76
adf8adb4-3496-4585-b34a-456e805f07b3,ALB-CN-1870-7976,isSameAs,ALB-CN-1880-9186,1870,1880,70-80,0.909
ee4cf663-e033-4194-a43f-b6a2fe650268,ALB-CN-1870-798,isSameAs,ALB-CN-1880-3214,1870,1880,70-80,0.982
c0357216-1b6f-4ce2-b463-88c2737f2545,ALB-CN-1870-799,isSameAs,ALB-CN-1880-3215,1870,1880,70-80,0.937
b90b4a26-1a93-46e9-884d-2ac59d6f0d93,ALB-CN-1870-7991,isSameAs,ALB-CN-1880-18464,1870,1880,70-80,0.961
c85569eb-bed8-4f79-9aae-c2af53f7f3e6,ALB-CN-1870-7992,isSameAs,ALB-CN-1880-18465,1870,1880,70-80,0.87
ebafbc9c-83eb-49c8-81bc-6d335edce010,ALB-CN-1870-7995,isSameAs,ALB-CN-1880-18470,1870,1880,70-80,0.937
82cab9f6-3ceb-469d-8637-901756e8fc6a,ALB-CN-1870-7996,isSameAs,ALB-CN-1880-18471,1870,1880,70-80,0.937
4167b6d2-83cc-4433-a16d-409b530e1594,ALB-CN-1870-7997,isSameAs,ALB-CN-1880-18472,1870,1880,70-80,0.976
a9a2f988-27d0-4ada-afaa-480b0a0685d7,ALB-CN-1870-7998,isSameAs,ALB-CN-1880-18473,1870,1880,70-80,0.75
bebeb70b-0e73-4dc0-9e57-61a96b72a8e3,ALB-CN-1870-80,isSameAs,ALB-CN-1880-24373,1870,1880,70-80,0.937
e3da97d4-0b7f-4b3b-b4a2-876b5a263301,ALB-CN-1870-800,isSameAs,ALB-CN-1880-17502,1870,1880,70-80,0.905
bc5cbe3b-bd9f-4315-8838-2ade18b741a6,ALB-CN-1870-8006,isSameAs,ALB-CN-1880-30648,1870,1880,70-80,0.87
c2587c5d-a331-480d-9841-ea3c7259de68,ALB-CN-1870-8009,isSameAs,ALB-CN-1880-23227,1870,1880,70-80,0.769
fe20060a-4163-4b2e-b0f1-d00993360865,ALB-CN-1870-8011,isSameAs,ALB-CN-1880-18807,1870,1880,70-80,0.818
126d8758-86c8-4de8-bfd2-cf47f240a44b,ALB-CN-1870-8012,isSameAs,ALB-CN-1880-9051,1870,1880,70-80,0.964
bfa391a0-9e8f-4c9f-ae05-711c2a65af48,ALB-CN-1870-8013,isSameAs,ALB-CN-1880-20021,1870,1880,70-80,0.679
d0a05c1c-3e1e-49bd-87eb-7956652a565b,ALB-CN-1870-8014,isSameAs,ALB-CN-1880-11006,1870,1880,70-80,0.891
dd6dacc7-d5fb-495f-8504-2797ccc25a1c,ALB-CN-1870-8018,isSameAs,ALB-CN-1880-23032,1870,1880,70-80,0.711
8a974d3a-0ca0-40fe-ba24-4a094ee84532,ALB-CN-1870-8019,isSameAs,ALB-CN-1880-18003,1870,1880,70-80,0.982
31e6211b-b451-442e-acef-5959044f50a5,ALB-CN-1870-8020,isSameAs,ALB-CN-1880-30695,1870,1880,70-80,0.937
b50935d9-5ce0-4e74-a25b-f7af1af8364a,ALB-CN-1870-8023,isSameAs,ALB-CN-1880-18004,1870,1880,70-80,0.818
af9e6f58-5678-4a08-a9b1-c4501dfbab33,ALB-CN-1870-8024,isSameAs,ALB-CN-1880-18005,1870,1880,70-80,0.989
61513e7c-93bd-4746-99dd-5c5b1534c636,ALB-CN-1870-8025,isSameAs,ALB-CN-1880-18006,1870,1880,70-80,0.973
c2232051-4e03-45d1-8e6f-3b692c16b5aa,ALB-CN-1870-8027,isSameAs,ALB-CN-1880-18071,1870,1880,70-80,0.99
b0f0e615-e5b7-4d03-b1ea-79d60728045e,ALB-CN-1870-8028,isSameAs,ALB-CN-1880-18072,1870,1880,70-80,0.984
8f72ef4d-7a9a-42c9-af6d-d9af685244cc,ALB-CN-1870-803,isSameAs,ALB-CN-1880-29706,1870,1880,70-80,0.846
bd3d02fb-c938-4d71-86ae-e2f368fc0f30,ALB-CN-1870-8030,isSameAs,ALB-CN-1880-18073,1870,1880,70-80,0.973
7030b2cf-1870-4892-8f74-d5b24ede9ca1,ALB-CN-1870-8031,isSameAs,ALB-CN-1880-18074,1870,1880,70-80,0.977
a33be202-9ad4-4949-8e48-318b965b2e7d,ALB-CN-1870-8033,isSameAs,ALB-CN-1880-18075,1870,1880,70-80,0.989
00ade6f5-cfc1-4bbd-9484-11fd1e2f9c48,ALB-CN-1870-8034,isSameAs,ALB-CN-1880-18076,1870,1880,70-80,0.984
0a41b497-6f0c-4712-ae3a-11440ec1a0d6,ALB-CN-1870-8036,isSameAs,ALB-CN-1880-13795,1870,1880,70-80,0.657
9daf0f05-9e8b-478e-b06d-654ab500c27c,ALB-CN-1870-8037,isSameAs,ALB-CN-1880-18027,1870,1880,70-80,0.75
6999879e-2864-4505-99ce-96b24b36efca,ALB-CN-1870-8039,isSameAs,ALB-CN-1880-18028,1870,1880,70-80,0.75
0d7041e9-5ef9-42d6-9b7c-73f80c4c7ae6,ALB-CN-1870-8042,isSameAs,ALB-CN-1880-17970,1870,1880,70-80,0.94
2bad98ae-ba9c-4e46-86de-f8fac3760e53,ALB-CN-1870-8043,isSameAs,ALB-CN-1880-17971,1870,1880,70-80,0.948
f66a6cae-72e7-4127-9cd2-b8d620e1cda2,ALB-CN-1870-8044,isSameAs,ALB-CN-1880-17972,1870,1880,70-80,0.957
9197beb5-44e6-4a57-bec9-26b8675399a7,ALB-CN-1870-8045,isSameAs,ALB-CN-1880-17973,1870,1880,70-80,0.971
fe473338-88c7-464e-89cf-820e3f2d4b6c,ALB-CN-1870-8046,isSameAs,ALB-CN-1880-18031,1870,1880,70-80,0.913
71b983df-0de4-4504-b5b5-fc4a480db87f,ALB-CN-1870-8047,isSameAs,ALB-CN-1880-18035,1870,1880,70-80,0.864
e285c02d-f53b-48c0-902a-a58062430b67,ALB-CN-1870-8049,isSameAs,ALB-CN-1880-1713,1870,1880,70-80,0.622
b0ca4e3c-0af0-4af0-af47-d5e8650a475e,ALB-CN-1870-805,isSameAs,ALB-CN-1880-29707,1870,1880,70-80,0.931
87af6a7f-9e19-4221-bf85-33388b99d019,ALB-CN-1870-8050,isSameAs,ALB-CN-1880-18032,1870,1880,70-80,0.957
7a4349f8-a6ae-4687-a15b-9cc24566ced9,ALB-CN-1870-8051,isSameAs,ALB-CN-1880-18033,1870,1880,70-80,0.957
15846686-d42c-4b91-b57f-fb2eb488ead5,ALB-CN-1870-8052,isSameAs,ALB-CN-1880-18034,1870,1880,70-80,0.957
cfe9b991-6efd-4705-a294-2fc2dd19ad83,ALB-CN-1870-8053,isSameAs,ALB-CN-1880-1025,1870,1880,70-80,0.75
053cb73d-155c-46fd-8ce7-f899fc6a793f,ALB-CN-1870-8055,isSameAs,ALB-CN-1880-1027,1870,1880,70-80,0.985
8188e785-616e-4535-8fef-c6f96a600de8,ALB-CN-1870-8057,isSameAs,ALB-CN-1880-1029,1870,1880,70-80,0.99
f09cad85-5a22-4317-bdee-d949a5642158,ALB-CN-1870-8058,isSameAs,ALB-CN-1880-1030,1870,1880,70-80,0.964
7e1c9747-ee64-4835-8495-e30e44834fc3,ALB-CN-1870-8059,isSameAs,ALB-CN-1880-3407,1870,1880,70-80,0.846
597105b9-1685-48c4-9f69-d43d95977a74,ALB-CN-1870-8060,isSameAs,ALB-CN-1880-18281,1870,1880,70-80,0.953
31aa2f1f-fa62-4fc2-9911-4b5624342943,ALB-CN-1870-8061,isSameAs,ALB-CN-1880-1187,1870,1880,70-80,0.786
125f4c01-7a6d-4c10-a098-6125c5ced20d,ALB-CN-1870-8064,isSameAs,ALB-CN-1880-18264,1870,1880,70-80,0.959
924c5797-aa04-47c6-97af-69c8087d4165,ALB-CN-1870-807,isSameAs,ALB-CN-1880-29708,1870,1880,70-80,0.875
83472609-8094-491d-856f-fd2a036a0fcb,ALB-CN-1870-8079,isSameAs,ALB-CN-1880-17592,1870,1880,70-80,0.913
ecb6ba5a-8760-4fc6-beba-066514ce93c3,ALB-CN-1870-808,isSameAs,ALB-CN-1880-29709,1870,1880,70-80,0.668
114b64b8-504a-4021-bf9f-b312cbcdc2e4,ALB-CN-1870-8080,isSameAs,ALB-CN-1880-17593,1870,1880,70-80,0.989
3f6120ac-9e93-406e-94d0-e46bb5af0398,ALB-CN-1870-8081,isSameAs,ALB-CN-1880-17595,1870,1880,70-80,0.913
d76fe985-b831-4a1d-a291-6b0dacf7ed10,ALB-CN-1870-8082,isSameAs,ALB-CN-1880-17594,1870,1880,70-80,0.989
10f3e212-5d37-416d-8bb1-ce617af06062,ALB-CN-1870-8083,isSameAs,ALB-CN-1880-6387,1870,1880,70-80,0.711
aaf315d1-c561-47f1-bcd4-e4618ff282c0,ALB-CN-1870-8084,isSameAs,ALB-CN-1880-17735,1870,1880,70-80,0.825
db3a7849-2a89-4b25-8ea8-b66b822a1afb,ALB-CN-1870-8085,isSameAs,ALB-CN-1880-17736,1870,1880,70-80,0.721
28553ab8-87a6-4fab-8ff3-4ae4b6f37631,ALB-CN-1870-8086,isSameAs,ALB-CN-1880-17596,1870,1880,70-80,0.971
07d6f66a-a14d-441f-9fca-d5f5b463217a,ALB-CN-1870-8087,isSameAs,ALB-CN-1880-17597,1870,1880,70-80,0.984
c1e3bb3f-4181-4423-affa-6816d692dfc7,ALB-CN-1870-8088,isSameAs,ALB-CN-1880-17598,1870,1880,70-80,0.95
d534ecea-102d-4039-beae-f828db41a1d5,ALB-CN-1870-8089,isSameAs,ALB-CN-1880-17986,1870,1880,70-80,0.81
d9d5daed-ed44-461a-87f0-268c48c96315,ALB-CN-1870-809,isSameAs,ALB-CN-1880-29710,1870,1880,70-80,0.984
bc8560ce-a197-4533-94ae-f3297854d54c,ALB-CN-1870-8090,isSameAs,ALB-CN-1880-17987,1870,1880,70-80,0.98
4c785d76-2d01-4acf-8f83-31528b67f609,ALB-CN-1870-8094,isSameAs,ALB-CN-1880-13792,1870,1880,70-80,0.852
27b38957-64d4-4c36-bb40-02e966486f66,ALB-CN-1870-8095,isSameAs,ALB-CN-1880-17988,1870,1880,70-80,0.984
67d11a6d-0ce1-4893-8798-002568e8f8a8,ALB-CN-1870-8096,isSameAs,ALB-CN-1880-17989,1870,1880,70-80,0.953
0124e29f-92be-4a63-a3f0-3d6b0140ecae,ALB-CN-1870-8097,isSameAs,ALB-CN-1880-17990,1870,1880,70-80,0.953
aa188cab-6cd8-4974-b264-104648fc5aa7,ALB-CN-1870-8099,isSameAs,ALB-CN-1880-17962,1870,1880,70-80,0.964
fa5ebb80-9b38-4b7d-95fc-1066f627d925,ALB-CN-1870-81,isSameAs,ALB-CN-1880-27462,1870,1880,70-80,0.622
f1403e79-3139-4a6f-9b5c-7bb3e4930dd1,ALB-CN-1870-8100,isSameAs,ALB-CN-1880-4204,1870,1880,70-80,0.832
c257a095-bf69-4ad4-bb0e-1ea41f500ab6,ALB-CN-1870-8101,isSameAs,ALB-CN-1880-18024,1870,1880,70-80,0.957
d9161194-8e7e-48cf-ad5d-1086a9e56116,ALB-CN-1870-8102,isSameAs,ALB-CN-1880-17956,1870,1880,70-80,0.802
05e6dd8c-76b7-4a09-942d-caebee6bddf1,ALB-CN-1870-8103,isSameAs,ALB-CN-1880-15288,1870,1880,70-80,0.769
dcf2b037-d3b9-42a0-91f4-c50c04e61977,ALB-CN-1870-8104,isSameAs,ALB-CN-1880-17964,1870,1880,70-80,0.964
a6a785a8-b77c-40a2-bcff-1f3fbb59b432,ALB-CN-1870-8105,isSameAs,ALB-CN-1880-17963,1870,1880,70-80,0.964
6dccbb67-c71e-4f07-b456-afa4c0944905,ALB-CN-1870-8111,isSameAs,ALB-CN-1880-17950,1870,1880,70-80,0.832
28c9b67c-fec3-4e5c-acad-ff000b6e4205,ALB-CN-1870-8113,isSameAs,ALB-CN-1880-1065,1870,1880,70-80,0.802
f03055cc-b562-4765-83e4-ec6ef63b87fc,ALB-CN-1870-8115,isSameAs,ALB-CN-1880-17577,1870,1880,70-80,0.948
428e4c31-7183-4e6a-847c-dcc63fed48a7,ALB-CN-1870-8116,isSameAs,ALB-CN-1880-17952,1870,1880,70-80,0.948
bca80c0a-8c74-4074-8895-403a29f76206,ALB-CN-1870-8118,isSameAs,ALB-CN-1880-18115,1870,1880,70-80,0.646
a50ee404-f6b9-4053-ad56-6eec0f644e25,ALB-CN-1870-8120,isSameAs,ALB-CN-1880-12898,1870,1880,70-80,0.802
bf31e501-d2a4-4032-bd7e-1cc2bdca2605,ALB-CN-1870-8121,isSameAs,ALB-CN-1880-17954,1870,1880,70-80,0.917
fb4fd1d2-9e67-415f-b550-3d4bdfd8ab9b,ALB-CN-1870-8122,isSameAs,ALB-CN-1880-17955,1870,1880,70-80,0.917
e93fe630-12a7-4e27-bdaf-e7de073145fa,ALB-CN-1870-8125,isSameAs,ALB-CN-1880-17957,1870,1880,70-80,0.924
f75abdfb-1f5c-4e25-97e7-fde2119fd0a5,ALB-CN-1870-8126,isSameAs,ALB-CN-1880-22246,1870,1880,70-80,0.924
550b6990-0d53-49f8-89dc-145837e2ffde,ALB-CN-1870-8128,isSameAs,ALB-CN-1880-17941,1870,1880,70-80,0.959
7d264607-aadb-4ce1-95cd-3799e6a6ada6,ALB-CN-1870-813,isSameAs,ALB-CN-1880-15279,1870,1880,70-80,0.634
dac4c70e-1e24-4281-906e-7fcc38679665,ALB-CN-1870-8130,isSameAs,ALB-CN-1880-17943,1870,1880,70-80,0.989
b8980405-4e5c-4b8b-9bb1-4b21c745a419,ALB-CN-1870-8131,isSameAs,ALB-CN-1880-17944,1870,1880,70-80,0.957
6e3d26b2-fa91-46da-9963-2ab7077b1931,ALB-CN-1870-8132,isSameAs,ALB-CN-1880-17945,1870,1880,70-80,0.971
2aa243db-abe1-4d9a-9807-a6240213d098,ALB-CN-1870-8133,isSameAs,ALB-CN-1880-17946,1870,1880,70-80,0.957
2a960bb5-e55b-4d98-8483-9b1c2e5faab2,ALB-CN-1870-8134,isSameAs,ALB-CN-1880-17767,1870,1880,70-80,0.948
6a15f8fe-86a4-449f-8bd4-107e17652a48,ALB-CN-1870-8135,isSameAs,ALB-CN-1880-17790,1870,1880,70-80,0.786
367b6f8e-0735-453b-8570-d8c014b80e4a,ALB-CN-1870-8136,isSameAs,ALB-CN-1880-17763,1870,1880,70-80,0.948
448ac8ef-2a25-4bfb-a1dc-5efc506538c7,ALB-CN-1870-8137,isSameAs,ALB-CN-1880-17764,1870,1880,70-80,0.948
002c0684-1b29-4a22-80cf-87dd8b75d07b,ALB-CN-1870-8145,isSameAs,ALB-CN-1880-17860,1870,1880,70-80,0.731
6718ebec-1844-49d4-90f4-2f26448d942a,ALB-CN-1870-815,isSameAs,ALB-CN-1880-15280,1870,1880,70-80,0.721
b9d6a2da-2c30-4c37-bc97-1447ed3102b7,ALB-CN-1870-8151,isSameAs,ALB-CN-1880-8898,1870,1880,70-80,0.622
45957e17-9bd5-4f2c-aff3-5df4aecf85cc,ALB-CN-1870-8158,isSameAs,ALB-CN-1880-1742,1870,1880,70-80,0.711
9711c5e6-cb46-4a8a-a02c-8c1c70105062,ALB-CN-1870-8159,isSameAs,ALB-CN-1880-31794,1870,1880,70-80,0.802
26103aea-6d0d-4b47-b867-39131b67a569,ALB-CN-1870-816,isSameAs,ALB-CN-1880-16878,1870,1880,70-80,0.786
2e6355e8-615e-4647-a180-bf508b878980,ALB-CN-1870-8160,isSameAs,ALB-CN-1880-17685,1870,1880,70-80,0.937
239515c0-cddf-4bd0-bb37-0b565601545a,ALB-CN-1870-8165,isSameAs,ALB-CN-1880-6880,1870,1880,70-80,0.622
b3158a9f-59e0-4df0-8dfd-bc2f00efe646,ALB-CN-1870-8167,isSameAs,ALB-CN-1880-1028,1870,1880,70-80,0.832
701e0a02-183f-44ff-afba-b5a730bb6248,ALB-CN-1870-8169,isSameAs,ALB-CN-1880-17918,1870,1880,70-80,0.731
eda6bb6b-92c2-4552-98bc-8fd09b68f64b,ALB-CN-1870-817,isSameAs,ALB-CN-1880-29131,1870,1880,70-80,0.957
2d1a7c3d-aab6-42fd-bade-5a59ba2b2ce5,ALB-CN-1870-8171,isSameAs,ALB-CN-1880-28497,1870,1880,70-80,0.75
5fd85846-be9b-4334-a2df-03fc82eed0f8,ALB-CN-1870-8172,isSameAs,ALB-CN-1880-1032,1870,1880,70-80,0.769
b60a790b-1ea9-4e48-a2a9-66241e60d474,ALB-CN-1870-8173,isSameAs,ALB-CN-1880-1031,1870,1880,70-80,0.924
e467e130-4c8f-4b89-b29f-615bc6706481,ALB-CN-1870-8174,isSameAs,ALB-CN-1880-17899,1870,1880,70-80,0.971
b0ca55cf-28fd-4a89-9a32-d8a6197db8ed,ALB-CN-1870-8175,isSameAs,ALB-CN-1880-17900,1870,1880,70-80,0.98
825f8042-c590-43c1-819e-de0883bc1e23,ALB-CN-1870-8178,isSameAs,ALB-CN-1880-19138,1870,1880,70-80,0.721
8ac87674-dc80-453a-89b2-6a8970dec121,ALB-CN-1870-8179,isSameAs,ALB-CN-1880-17901,1870,1880,70-80,0.985
337995a7-4964-4dfa-bf69-5e8107494482,ALB-CN-1870-818,isSameAs,ALB-CN-1880-29132,1870,1880,70-80,0.98
2ed2949b-db9a-4b6c-bdfb-937302c67abe,ALB-CN-1870-8180,isSameAs,ALB-CN-1880-17910,1870,1880,70-80,0.825
dc5f0d44-827d-4bd2-8705-6bab2109be99,ALB-CN-1870-8182,isSameAs,ALB-CN-1880-17903,1870,1880,70-80,0.75
dbb486bf-e5a7-42a1-9a69-11315ca04b42,ALB-CN-1870-8184,isSameAs,ALB-CN-1880-17902,1870,1880,70-80,0.957
9ec38507-b6ca-4002-860d-e00061934673,ALB-CN-1870-8188,isSameAs,ALB-CN-1880-19134,1870,1880,70-80,0.891
a0dc3466-c2ac-4061-a505-5c2b15317603,ALB-CN-1870-8189,isSameAs,ALB-CN-1880-17557,1870,1880,70-80,0.711
c0a3db73-8755-42e5-93df-5de50bf668b1,ALB-CN-1870-819,isSameAs,ALB-CN-1880-29133,1870,1880,70-80,0.971
08cc0bf7-4dc5-4c8e-8da7-08e65c774f36,ALB-CN-1870-8191,isSameAs,ALB-CN-1880-19135,1870,1880,70-80,0.846
debbc512-0593-4446-b311-8a2f87ca05df,ALB-CN-1870-8193,isSameAs,ALB-CN-1880-12953,1870,1880,70-80,0.711
8af90251-3c00-4276-b125-7036f229761d,ALB-CN-1870-82,isSameAs,ALB-CN-1880-21997,1870,1880,70-80,0.984
1e5b65e6-e72b-44e6-8ed5-edf297015e22,ALB-CN-1870-820,isSameAs,ALB-CN-1880-26708,1870,1880,70-80,0.75
c1ad1888-4dfe-4567-80a7-de32aa3b13e0,ALB-CN-1870-8201,isSameAs,ALB-CN-1880-17584,1870,1880,70-80,0.622
01b1a104-f6e5-4763-9db1-37644d360b68,ALB-CN-1870-8204,isSameAs,ALB-CN-1880-17587,1870,1880,70-80,0.931
20168ba7-600f-4102-a1e5-f5fa8583f53a,ALB-CN-1870-8205,isSameAs,ALB-CN-1880-17588,1870,1880,70-80,0.931
91d3a6af-de6d-42de-88e3-b39cc1b0b2bb,ALB-CN-1870-8206,isSameAs,ALB-CN-1880-17589,1870,1880,70-80,0.931
6995aa4e-ebb4-4640-a904-67e23d9c04a2,ALB-CN-1870-821,isSameAs,ALB-CN-1880-29134,1870,1880,70-80,0.984
6394b5d4-a4c5-4877-aaf3-aee1afd7d2ac,ALB-CN-1870-8217,isSameAs,ALB-CN-1880-17517,1870,1880,70-80,0.668
bffc839e-d76f-4cde-8d32-9a829e67a8db,ALB-CN-1870-8218,isSameAs,ALB-CN-1880-31074,1870,1880,70-80,0.9
3cf22115-36ec-4295-bae3-cc2c43dc7fc6,ALB-CN-1870-8219,isSameAs,ALB-CN-1880-29663,1870,1880,70-80,0.701
a3da5dea-24f4-4ec5-a8f8-3660611bd82e,ALB-CN-1870-822,isSameAs,ALB-CN-1880-29135,1870,1880,70-80,0.957
7a2ca12d-0535-4185-9db8-21ecdb6c2e03,ALB-CN-1870-8222,isSameAs,ALB-CN-1880-31076,1870,1880,70-80,0.937
25fbb862-b10a-447c-a79b-3faedbb69791,ALB-CN-1870-8223,isSameAs,ALB-CN-1880-4899,1870,1880,70-80,0.909
ace1bdff-8448-406d-a187-6c485067bc24,ALB-CN-1870-8226,isSameAs,ALB-CN-1880-17831,1870,1880,70-80,0.943
2e5e77f4-d276-4fc7-a82f-6c7557321141,ALB-CN-1870-8228,isSameAs,ALB-CN-1880-17965,1870,1880,70-80,0.948
3143f50d-6003-47cc-a0e1-991dd13cea29,ALB-CN-1870-8229,isSameAs,ALB-CN-1880-17966,1870,1880,70-80,0.87
c33a4b4f-a6e8-4e19-9c13-8f7e99fee464,ALB-CN-1870-823,isSameAs,ALB-CN-1880-29136,1870,1880,70-80,0.957
3cc94242-c7db-4107-b8dc-93e5ba97c45a,ALB-CN-1870-8230,isSameAs,ALB-CN-1880-17967,1870,1880,70-80,0.924
23ba85a8-92c7-4d27-a74c-eec61eb2be25,ALB-CN-1870-8231,isSameAs,ALB-CN-1880-13081,1870,1880,70-80,0.679
50efda6c-9464-437d-b24e-d0ceb7720780,ALB-CN-1870-824,isSameAs,ALB-CN-1880-29137,1870,1880,70-80,0.957
a42f9b87-8f90-423e-9b35-f6bdcbf39ad4,ALB-CN-1870-8240,isSameAs,ALB-CN-1880-17814,1870,1880,70-80,0.964
bb9ae282-3e4b-42e5-9534-f8eeb56fcb5d,ALB-CN-1870-825,isSameAs,ALB-CN-1880-29366,1870,1880,70-80,0.913
252a7d8a-f402-45ed-bded-c2045235e273,ALB-CN-1870-8252,isSameAs,ALB-CN-1880-17833,1870,1880,70-80,0.984
afb26c32-e775-43c1-8a9f-d5de4d5e581e,ALB-CN-1870-8253,isSameAs,ALB-CN-1880-16860,1870,1880,70-80,0.646
93a4d520-2f5c-4246-8bd4-203b86e88bfd,ALB-CN-1870-8254,isSameAs,ALB-CN-1880-17968,1870,1880,70-80,0.858
94444d45-495d-4e3b-b1b1-72fd299ec515,ALB-CN-1870-8256,isSameAs,ALB-CN-1880-17835,1870,1880,70-80,0.99
361c6ee5-431b-4b96-9420-8b8ab2909962,ALB-CN-1870-8257,isSameAs,ALB-CN-1880-16862,1870,1880,70-80,0.976
0faaa300-70b2-4350-a200-6eac1405494e,ALB-CN-1870-8258,isSameAs,ALB-CN-1880-9894,1870,1880,70-80,0.931
224ae48f-f2c9-428c-ac7b-895609f8dcd3,ALB-CN-1870-8259,isSameAs,ALB-CN-1880-17838,1870,1880,70-80,0.961
921368fd-f230-4044-bf58-5d5ca6912451,ALB-CN-1870-826,isSameAs,ALB-CN-1880-29367,1870,1880,70-80,0.957
c9f29d84-3ac6-4a31-8a3e-b9397a7476ec,ALB-CN-1870-8261,isSameAs,ALB-CN-1880-13338,1870,1880,70-80,0.731
aad192b0-b1e8-4a8c-8680-25c991211ebd,ALB-CN-1870-8263,isSameAs,ALB-CN-1880-17747,1870,1880,70-80,0.98
c054d7d4-eef7-4cec-a029-0c3038bca2f6,ALB-CN-1870-8265,isSameAs,ALB-CN-1880-17748,1870,1880,70-80,0.98
b6599155-b04f-42f0-bfcf-a42518af4e95,ALB-CN-1870-8269,isSameAs,ALB-CN-1880-26636,1870,1880,70-80,0.909
d00d15ea-318f-4ad3-9779-b54949280d6c,ALB-CN-1870-827,isSameAs,ALB-CN-1880-11725,1870,1880,70-80,0.832
9375796c-a064-4c0c-95a7-0f5c9c6974e6,ALB-CN-1870-8272,isSameAs,ALB-CN-1880-26638,1870,1880,70-80,0.802
5409db2e-52f4-424c-9fbb-9b86988a950f,ALB-CN-1870-8273,isSameAs,ALB-CN-1880-17452,1870,1880,70-80,0.917
c1ce90bb-0fc0-49d6-84be-3d9589268a4a,ALB-CN-1870-8275,isSameAs,ALB-CN-1880-17574,1870,1880,70-80,0.81
34588066-b802-40bb-9532-48eae0e9a63f,ALB-CN-1870-8276,isSameAs,ALB-CN-1880-17912,1870,1880,70-80,0.909
4b91856d-2159-4457-be09-317010e2f460,ALB-CN-1870-8277,isSameAs,ALB-CN-1880-17575,1870,1880,70-80,0.98
024ed07f-290a-432f-b60a-9ac702d1c69c,ALB-CN-1870-8278,isSameAs,ALB-CN-1880-16861,1870,1880,70-80,0.943
e59c1bed-9776-48d4-a9e8-531bc098e572,ALB-CN-1870-8279,isSameAs,ALB-CN-1880-17038,1870,1880,70-80,0.832
e1fd4042-af90-4b08-a509-0c539328dc89,ALB-CN-1870-8283,isSameAs,ALB-CN-1880-17722,1870,1880,70-80,0.976
52f322b0-7e24-4e9a-a069-5182aa3a1c63,ALB-CN-1870-8285,isSameAs,ALB-CN-1880-17723,1870,1880,70-80,0.94
0b04a24c-8413-401b-9301-453ac4788e60,ALB-CN-1870-8286,isSameAs,ALB-CN-1880-17724,1870,1880,70-80,0.98
2acc26a6-a8f8-4a8c-9357-35974c0af3ec,ALB-CN-1870-8288,isSameAs,ALB-CN-1880-14026,1870,1880,70-80,0.9
7f121ef3-6f42-4b3d-94f3-e1dc09beb6fb,ALB-CN-1870-829,isSameAs,ALB-CN-1880-28885,1870,1880,70-80,0.818
4688d897-d882-48b9-b4a5-9a03f35cf5d8,ALB-CN-1870-8295,isSameAs,ALB-CN-1880-17651,1870,1880,70-80,0.87
e5d0d017-56d1-4117-9112-89061e4a901a,ALB-CN-1870-8298,isSameAs,ALB-CN-1880-17640,1870,1880,70-80,0.971
174e53e7-f92f-4c94-9915-475f5bcd3f61,ALB-CN-1870-83,isSameAs,ALB-CN-1880-21998,1870,1880,70-80,0.984
e3a97b2a-04c7-4f1a-88b1-32099e42101b,ALB-CN-1870-830,isSameAs,ALB-CN-1880-29411,1870,1880,70-80,0.721
ed005f77-125d-436a-b1ff-efee3fa0ad1b,ALB-CN-1870-8300,isSameAs,ALB-CN-1880-17642,1870,1880,70-80,0.94
2e44b252-19a3-4558-908e-357ec8a95da0,ALB-CN-1870-8301,isSameAs,ALB-CN-1880-17644,1870,1880,70-80,0.741
7eb7efd8-9cf3-442a-bcc1-da09ecabff2d,ALB-CN-1870-8302,isSameAs,ALB-CN-1880-17526,1870,1880,70-80,0.846
ec70f74c-80e2-4b90-ad3c-b141f9a0418c,ALB-CN-1870-8306,isSameAs,ALB-CN-1880-17527,1870,1880,70-80,0.846
60880f5e-326d-4015-ae89-44eb45e45bd0,ALB-CN-1870-8314,isSameAs,ALB-CN-1880-8259,1870,1880,70-80,0.668
9bf5c9c5-d39a-4566-a6a3-a0b340c52222,ALB-CN-1870-832,isSameAs,ALB-CN-1880-29368,1870,1880,70-80,0.957
1ecdd0c4-87d8-4182-b607-2f7d30dda167,ALB-CN-1870-8323,isSameAs,ALB-CN-1880-18863,1870,1880,70-80,0.711
c923cf8e-f12d-424a-9bb7-f618568a4b41,ALB-CN-1870-8324,isSameAs,ALB-CN-1880-17789,1870,1880,70-80,0.985
246f8797-3bb6-438a-b63b-10eba2e0171d,ALB-CN-1870-8325,isSameAs,ALB-CN-1880-17788,1870,1880,70-80,0.917
bf83c086-db53-4056-b903-66114470b004,ALB-CN-1870-8326,isSameAs,ALB-CN-1880-17792,1870,1880,70-80,0.957
a885f1a9-df36-4b5f-ab9e-0f3752fc89d4,ALB-CN-1870-8327,isSameAs,ALB-CN-1880-17793,1870,1880,70-80,0.98
3842f9fc-71c8-4859-bfec-0ecef6520928,ALB-CN-1870-8329,isSameAs,ALB-CN-1880-17794,1870,1880,70-80,0.971
ad7cd3be-86ff-4059-a2f8-c2c73babccaf,ALB-CN-1870-833,isSameAs,ALB-CN-1880-29369,1870,1880,70-80,0.957
edee60e0-616d-433a-82b7-98a78eab19ad,ALB-CN-1870-8330,isSameAs,ALB-CN-1880-17795,1870,1880,70-80,0.971
19a5ef08-376d-41ba-bd40-bba1559401c8,ALB-CN-1870-8331,isSameAs,ALB-CN-1880-17796,1870,1880,70-80,0.99
b2cc3084-847a-4783-b91b-68880b5cd39a,ALB-CN-1870-8332,isSameAs,ALB-CN-1880-17797,1870,1880,70-80,0.931
a853aadc-733e-491f-90ad-a643ff12616b,ALB-CN-1870-8334,isSameAs,ALB-CN-1880-17755,1870,1880,70-80,0.98
7fb6fda0-dc9d-4d39-8e2f-83233de77c18,ALB-CN-1870-8335,isSameAs,ALB-CN-1880-17756,1870,1880,70-80,0.881
df409620-82a5-4158-9dd2-6b59a1f8aa0e,ALB-CN-1870-8337,isSameAs,ALB-CN-1880-17757,1870,1880,70-80,0.94
9f15670d-3aae-48a3-991d-025972fec676,ALB-CN-1870-8339,isSameAs,ALB-CN-1880-17758,1870,1880,70-80,0.69
6bb455ba-90f1-411e-8c81-7e713bd0c62a,ALB-CN-1870-834,isSameAs,ALB-CN-1880-29370,1870,1880,70-80,0.95
2bff35f7-8758-4a55-8877-f93190015422,ALB-CN-1870-8343,isSameAs,ALB-CN-1880-16493,1870,1880,70-80,0.622
a695876e-8df7-4de8-9c9c-d984e46c81a6,ALB-CN-1870-8345,isSameAs,ALB-CN-1880-15726,1870,1880,70-80,0.87
ac9b928f-b3c3-41c0-8748-8cf427d701a3,ALB-CN-1870-8348,isSameAs,ALB-CN-1880-17653,1870,1880,70-80,0.9
57e20c49-aa8e-49b1-841d-c9c237608402,ALB-CN-1870-8349,isSameAs,ALB-CN-1880-17654,1870,1880,70-80,0.971
e1d059c6-f991-40aa-b449-cedb55723b3f,ALB-CN-1870-835,isSameAs,ALB-CN-1880-11616,1870,1880,70-80,0.846
0a1578c8-b593-4e99-a996-4c69346e749d,ALB-CN-1870-8350,isSameAs,ALB-CN-1880-17655,1870,1880,70-80,0.957
e4d9aeb9-0324-4cdb-b1af-f341160dc6dd,ALB-CN-1870-8351,isSameAs,ALB-CN-1880-17656,1870,1880,70-80,0.9
558e33c5-fba9-40f2-8e22-883a3639e076,ALB-CN-1870-8352,isSameAs,ALB-CN-1880-17657,1870,1880,70-80,0.937
c6121997-0200-4ddc-a88e-897a6804a199,ALB-CN-1870-8353,isSameAs,ALB-CN-1880-17658,1870,1880,70-80,0.937
f34423ac-30bb-46e9-a98f-0c6fa2d580a4,ALB-CN-1870-8354,isSameAs,ALB-CN-1880-17659,1870,1880,70-80,0.957
4b13ed5e-02f9-429a-99e2-3df4d75a7e2b,ALB-CN-1870-836,isSameAs,ALB-CN-1880-29161,1870,1880,70-80,0.924
7bbeb714-1d24-4936-a184-9dda4f146f37,ALB-CN-1870-837,isSameAs,ALB-CN-1880-29162,1870,1880,70-80,0.964
5acfd719-5a9f-4469-9fe9-b0899d52162f,ALB-CN-1870-8382,isSameAs,ALB-CN-1880-17421,1870,1880,70-80,0.864
391c7b80-6019-4c01-a60d-f3e453c8233e,ALB-CN-1870-8383,isSameAs,ALB-CN-1880-17422,1870,1880,70-80,0.953
e211ea88-10b7-4dd1-81fa-374dee815e10,ALB-CN-1870-8384,isSameAs,ALB-CN-1880-17433,1870,1880,70-80,0.934
cdd6ad2a-ee46-4b99-b2f2-638bc1e2a3cd,ALB-CN-1870-8386,isSameAs,ALB-CN-1880-17438,1870,1880,70-80,0.846
63e891a7-b771-4f43-9e07-a4ca0188e93b,ALB-CN-1870-8387,isSameAs,ALB-CN-1880-17423,1870,1880,70-80,0.984
56b5a764-110b-4a6c-ac87-04ecd35263da,ALB-CN-1870-8388,isSameAs,ALB-CN-1880-17424,1870,1880,70-80,0.957
f71ba869-85d9-4284-9a01-273b803a93ed,ALB-CN-1870-8390,isSameAs,ALB-CN-1880-17425,1870,1880,70-80,0.971
f988fc90-6435-421b-aef5-cd8058c0923c,ALB-CN-1870-8391,isSameAs,ALB-CN-1880-3648,1870,1880,70-80,0.731
ff41f140-ac72-41c0-9b42-5e9456c6cbfe,ALB-CN-1870-8392,isSameAs,ALB-CN-1880-17415,1870,1880,70-80,0.957
4a4e7602-0c12-468e-8de3-576b9e3bb7ce,ALB-CN-1870-8393,isSameAs,ALB-CN-1880-17416,1870,1880,70-80,0.832
08027f64-8d3f-48e9-b29a-9208bdcb6a38,ALB-CN-1870-8394,isSameAs,ALB-CN-1880-17417,1870,1880,70-80,0.818
f53b1d26-11a9-48fb-844c-8b4e7a639a74,ALB-CN-1870-8396,isSameAs,ALB-CN-1880-17420,1870,1880,70-80,0.786
0d86f7e6-d3ff-4092-8fcf-df773a1453a3,ALB-CN-1870-840,isSameAs,ALB-CN-1880-15036,1870,1880,70-80,0.668
5139c200-2c98-49e8-8ab8-07db23e1c2e3,ALB-CN-1870-8408,isSameAs,ALB-CN-1880-17510,1870,1880,70-80,0.75
6825021c-fd19-4c57-9067-36ce3574ff18,ALB-CN-1870-8411,isSameAs,ALB-CN-1880-722,1870,1880,70-80,0.87
39b3ce4e-8a92-4c91-924e-ab0203855963,ALB-CN-1870-8412,isSameAs,ALB-CN-1880-723,1870,1880,70-80,0.968
291c1946-0f8e-456c-a8ab-09d317639cec,ALB-CN-1870-8414,isSameAs,ALB-CN-1880-11154,1870,1880,70-80,0.622
fdb1a6aa-ef87-43fb-b7ce-dd3e00d64b87,ALB-CN-1870-8415,isSameAs,ALB-CN-1880-725,1870,1880,70-80,0.913
1f16883e-c7ab-47ae-a509-ae28a3fb87c9,ALB-CN-1870-8416,isSameAs,ALB-CN-1880-724,1870,1880,70-80,0.976
0444885a-b533-467d-94c5-b4b3c5f2b449,ALB-CN-1870-8417,isSameAs,ALB-CN-1880-726,1870,1880,70-80,0.937
3e853a1a-c86e-469d-afc9-d27800650152,ALB-CN-1870-842,isSameAs,ALB-CN-1880-26677,1870,1880,70-80,0.924
ccf98934-2d99-490e-be59-6a58aaf1edc7,ALB-CN-1870-8422,isSameAs,ALB-CN-1880-17304,1870,1880,70-80,0.731
0f894bb0-a9d3-459e-9b88-c9cb6f80dc49,ALB-CN-1870-8428,isSameAs,ALB-CN-1880-22853,1870,1880,70-80,0.721
a7409eeb-5e75-412a-9a60-873e53abd676,ALB-CN-1870-8429,isSameAs,ALB-CN-1880-10393,1870,1880,70-80,0.777
1d69e1d9-0bc2-42ff-9799-6f4198be8906,ALB-CN-1870-8430,isSameAs,ALB-CN-1880-10394,1870,1880,70-80,0.891
7663581b-7225-44cf-b419-09972a708ccc,ALB-CN-1870-8431,isSameAs,ALB-CN-1880-10395,1870,1880,70-80,0.891
befaa117-0726-4237-be77-2d255bd79726,ALB-CN-1870-8438,isSameAs,ALB-CN-1880-17490,1870,1880,70-80,0.818
bfde65bd-8465-466c-9fbc-9388a5c67aa0,ALB-CN-1870-8439,isSameAs,ALB-CN-1880-17491,1870,1880,70-80,0.802
ee506ab7-108b-471d-ab0b-0ffa084d9868,ALB-CN-1870-8440,isSameAs,ALB-CN-1880-17492,1870,1880,70-80,0.99
f632b081-89d2-45db-beb2-2f93fa92c578,ALB-CN-1870-8441,isSameAs,ALB-CN-1880-17493,1870,1880,70-80,0.988
b7b20219-df3e-4447-b470-5052d8e25e23,ALB-CN-1870-8442,isSameAs,ALB-CN-1880-17494,1870,1880,70-80,0.75
a6da64cc-a028-42a7-8fca-8782294a272c,ALB-CN-1870-8443,isSameAs,ALB-CN-1880-17300,1870,1880,70-80,0.668
e0d9ccc7-2164-4560-8585-fdcb0f6d8dc9,ALB-CN-1870-8444,isSameAs,ALB-CN-1880-17293,1870,1880,70-80,0.973
2bbea1de-404a-46ab-946d-bca496effda5,ALB-CN-1870-8446,isSameAs,ALB-CN-1880-17297,1870,1880,70-80,0.924
3e64af46-fd40-4758-bbd6-aef9b08e0c62,ALB-CN-1870-845,isSameAs,ALB-CN-1880-26678,1870,1880,70-80,0.924
b5c219b5-835b-4a1e-937d-005dca5e4098,ALB-CN-1870-8456,isSameAs,ALB-CN-1880-17496,1870,1880,70-80,0.909
b620d902-58df-49eb-9bb7-7fbcb5feb62a,ALB-CN-1870-8459,isSameAs,ALB-CN-1880-1019,1870,1880,70-80,0.646
00334402-b66d-4c91-b9ac-1ec862e1be41,ALB-CN-1870-846,isSameAs,ALB-CN-1880-26679,1870,1880,70-80,0.948
518f52f8-757e-4020-b286-42a29ed04e48,ALB-CN-1870-8461,isSameAs,ALB-CN-1880-17368,1870,1880,70-80,0.973
e2804bb5-004c-443c-ad70-ae38b442db82,ALB-CN-1870-8463,isSameAs,ALB-CN-1880-17369,1870,1880,70-80,0.973
4dd3d5dc-26fd-40eb-8612-14723f1ee6f6,ALB-CN-1870-8464,isSameAs,ALB-CN-1880-17370,1870,1880,70-80,0.984
54591e15-440e-4b83-952f-bb0571bc94ba,ALB-CN-1870-8465,isSameAs,ALB-CN-1880-17371,1870,1880,70-80,0.984
e537d541-1017-43b8-8c42-9ac99da8c6df,ALB-CN-1870-8466,isSameAs,ALB-CN-1880-17372,1870,1880,70-80,0.989
f5396308-5943-4e14-b1b5-e36c36f2fda0,ALB-CN-1870-8468,isSameAs,ALB-CN-1880-18407,1870,1880,70-80,0.917
807116f0-b716-4c6b-bc13-bcffcbd11b28,ALB-CN-1870-8469,isSameAs,ALB-CN-1880-18408,1870,1880,70-80,0.917
a8c20433-55fb-4241-b503-7aa386e999df,ALB-CN-1870-847,isSameAs,ALB-CN-1880-26680,1870,1880,70-80,0.948
585864fb-b2e7-400d-93bf-8969dcadf37e,ALB-CN-1870-8470,isSameAs,ALB-CN-1880-19160,1870,1880,70-80,0.953
f4ae8c64-28e0-4565-a498-dbea95eb144b,ALB-CN-1870-8471,isSameAs,ALB-CN-1880-18410,1870,1880,70-80,0.98
7089b6a4-a86b-49bc-8420-fdc383a5bee3,ALB-CN-1870-8479,isSameAs,ALB-CN-1880-17380,1870,1880,70-80,0.909
33f6fe35-3fb1-43f2-aaae-bbd812b9ee9c,ALB-CN-1870-8481,isSameAs,ALB-CN-1880-729,1870,1880,70-80,0.987
a5e53c42-08f0-4687-a69e-26f7d7904481,ALB-CN-1870-8482,isSameAs,ALB-CN-1880-730,1870,1880,70-80,0.832
d84593eb-f3a0-494c-8357-f0ee110f7022,ALB-CN-1870-8483,isSameAs,ALB-CN-1880-731,1870,1880,70-80,0.931
758c5b67-11f2-4dd5-bdc6-cfef8838ce8a,ALB-CN-1870-8485,isSameAs,ALB-CN-1880-19123,1870,1880,70-80,0.69
44cffefd-746a-4387-a9f7-baa3d00ccaef,ALB-CN-1870-849,isSameAs,ALB-CN-1880-26681,1870,1880,70-80,0.711
cc45b4a0-4fe8-4c42-aa2e-0752b6c22e87,ALB-CN-1870-8496,isSameAs,ALB-CN-1880-19362,1870,1880,70-80,0.846
064866c7-06ba-46e7-b2f8-55bb7ec08b1e,ALB-CN-1870-8497,isSameAs,ALB-CN-1880-24410,1870,1880,70-80,0.646
18789acb-6275-47ee-b56b-9cc53ad2fc26,ALB-CN-1870-850,isSameAs,ALB-CN-1880-29371,1870,1880,70-80,0.989
fb75ad12-6e2c-4dd1-99ce-1db8313d2b32,ALB-CN-1870-8503,isSameAs,ALB-CN-1880-18967,1870,1880,70-80,0.668
a4f42e34-b57e-44c0-b0bc-7056db33fd5f,ALB-CN-1870-8504,isSameAs,ALB-CN-1880-18968,1870,1880,70-80,0.948
e2674a29-111d-4efe-b8dc-0c27550b9456,ALB-CN-1870-8508,isSameAs,ALB-CN-1880-18532,1870,1880,70-80,0.937
f9a1c91c-13d2-4f45-9c35-000439551655,ALB-CN-1870-851,isSameAs,ALB-CN-1880-29372,1870,1880,70-80,0.987
d748f43e-1134-4f0c-9c2a-8d880d88e93c,ALB-CN-1870-8513,isSameAs,ALB-CN-1880-18948,1870,1880,70-80,0.858
17a1b89e-2988-446b-8f93-592050f33371,ALB-CN-1870-8517,isSameAs,ALB-CN-1880-18989,1870,1880,70-80,0.846
22b01b1e-0dbd-4783-be6f-cc778cc3194d,ALB-CN-1870-8518,isSameAs,ALB-CN-1880-18990,1870,1880,70-80,0.864
ec4718f2-f214-448f-9d0a-4e4ac8387585,ALB-CN-1870-8519,isSameAs,ALB-CN-1880-18991,1870,1880,70-80,0.931
20a34c6d-aabc-4f23-bf5c-0c202b7ac007,ALB-CN-1870-8521,isSameAs,ALB-CN-1880-15581,1870,1880,70-80,0.786
6494a6d8-6078-4d79-8e94-928a9ec45ba9,ALB-CN-1870-8523,isSameAs,ALB-CN-1880-15583,1870,1880,70-80,0.852
a916fad6-76ff-4e1c-a274-7156988a373e,ALB-CN-1870-8524,isSameAs,ALB-CN-1880-17823,1870,1880,70-80,0.858
bc014071-c2dc-45de-87cf-2941278e7f6b,ALB-CN-1870-8525,isSameAs,ALB-CN-1880-27435,1870,1880,70-80,0.891
c197b2f4-6cc9-49a9-bc57-1f53a739611a,ALB-CN-1870-8526,isSameAs,ALB-CN-1880-27436,1870,1880,70-80,0.891
443855d6-c238-42b4-a862-075af7f91591,ALB-CN-1870-8528,isSameAs,ALB-CN-1880-17701,1870,1880,70-80,0.87
b98f1b48-413f-4bd9-8280-4b8a8e46926b,ALB-CN-1870-8529,isSameAs,ALB-CN-1880-27437,1870,1880,70-80,0.891
0641e677-297c-4d59-a4d6-b648ab43dad7,ALB-CN-1870-853,isSameAs,ALB-CN-1880-29373,1870,1880,70-80,0.984
0aa4ebe1-1e24-4006-9bf1-145ea28942da,ALB-CN-1870-8530,isSameAs,ALB-CN-1880-22280,1870,1880,70-80,0.964
2afffeff-81a9-4a49-9e93-20206d096e32,ALB-CN-1870-8531,isSameAs,ALB-CN-1880-27438,1870,1880,70-80,0.852
791e4928-8dff-4de5-87d1-18f163c197e6,ALB-CN-1870-8532,isSameAs,ALB-CN-1880-27439,1870,1880,70-80,0.924
f61500af-7242-4552-b5ad-56c138dc00ff,ALB-CN-1870-8533,isSameAs,ALB-CN-1880-27440,1870,1880,70-80,0.852
18fa4610-255f-4f2a-9374-f613c869bc85,ALB-CN-1870-8535,isSameAs,ALB-CN-1880-18604,1870,1880,70-80,0.75
d1f5494a-837c-40de-ac0d-6e66b8bc5971,ALB-CN-1870-8536,isSameAs,ALB-CN-1880-18529,1870,1880,70-80,0.721
477c78f8-ecd4-4fdf-a548-e477c8461da6,ALB-CN-1870-8537,isSameAs,ALB-CN-1880-18605,1870,1880,70-80,0.75
93503e02-1db2-4659-a489-a3cbab1e9ac6,ALB-CN-1870-8538,isSameAs,ALB-CN-1880-27424,1870,1880,70-80,0.731
4c9f4fcf-4ab8-4812-8a9f-e18a5ee0932a,ALB-CN-1870-8539,isSameAs,ALB-CN-1880-18525,1870,1880,70-80,0.973
028efb89-6844-4925-a8d0-d5252e685858,ALB-CN-1870-854,isSameAs,ALB-CN-1880-29374,1870,1880,70-80,0.99
adebdaba-90ff-4dc4-bc88-c1cb0627f638,ALB-CN-1870-8540,isSameAs,ALB-CN-1880-18526,1870,1880,70-80,0.973
99820e32-0447-487f-8ab6-287518a6713d,ALB-CN-1870-8541,isSameAs,ALB-CN-1880-18527,1870,1880,70-80,0.957
747a0550-31be-4920-807a-5d695418267b,ALB-CN-1870-8542,isSameAs,ALB-CN-1880-18678,1870,1880,70-80,0.931
10ec5270-964e-439c-a8d8-9ef2b98f74a7,ALB-CN-1870-8544,isSameAs,ALB-CN-1880-18680,1870,1880,70-80,0.937
55c670ee-ad09-4495-8387-b597105c5b9e,ALB-CN-1870-8549,isSameAs,ALB-CN-1880-19538,1870,1880,70-80,0.634
5fc83685-a58e-4566-933d-6f70c3a5dfca,ALB-CN-1870-8556,isSameAs,ALB-CN-1880-10547,1870,1880,70-80,0.769
ca0dc040-fd41-4786-b76d-4f860afedb7e,ALB-CN-1870-8557,isSameAs,ALB-CN-1880-18840,1870,1880,70-80,0.891
574120d6-cfd3-4875-a6e1-aaeedf41c08b,ALB-CN-1870-856,isSameAs,ALB-CN-1880-14750,1870,1880,70-80,0.731
85b32d1b-4a72-41cc-8c4e-a5e35d33e595,ALB-CN-1870-8561,isSameAs,ALB-CN-1880-10572,1870,1880,70-80,0.802
10bffa73-192f-47ba-ae16-8d0c6666c650,ALB-CN-1870-8571,isSameAs,ALB-CN-1880-23742,1870,1880,70-80,0.968
797d7c8c-c705-42bb-ba82-daa9c3d3abc8,ALB-CN-1870-8573,isSameAs,ALB-CN-1880-23743,1870,1880,70-80,0.968
4f0beece-6437-4c42-b9e3-169b097dd2e5,ALB-CN-1870-8574,isSameAs,ALB-CN-1880-23744,1870,1880,70-80,0.98
4f335881-33fd-48b4-94ee-bf87ca175e8d,ALB-CN-1870-8575,isSameAs,ALB-CN-1880-23745,1870,1880,70-80,0.622
b1533246-d066-4cce-8318-1b4313af0c3b,ALB-CN-1870-8576,isSameAs,ALB-CN-1880-9703,1870,1880,70-80,0.846
7585a993-5086-4741-ac7f-a1ed808a2d36,ALB-CN-1870-8577,isSameAs,ALB-CN-1880-26712,1870,1880,70-80,0.711
f04f9af7-1fb1-49fc-b1b1-ac659373e6ef,ALB-CN-1870-8578,isSameAs,ALB-CN-1880-29570,1870,1880,70-80,0.9
b1a6240a-70aa-4553-a98e-832bb715ea32,ALB-CN-1870-8579,isSameAs,ALB-CN-1880-23748,1870,1880,70-80,0.99
a60f0874-21dd-47db-9f65-868a7353c447,ALB-CN-1870-858,isSameAs,ALB-CN-1880-29656,1870,1880,70-80,0.794
dc85aaa4-ac8a-4fb8-bef7-7173b2013f7f,ALB-CN-1870-8580,isSameAs,ALB-CN-1880-17385,1870,1880,70-80,0.948
8c30eca9-4064-4191-9e60-65e27fdd0118,ALB-CN-1870-8581,isSameAs,ALB-CN-1880-17386,1870,1880,70-80,0.909
8cf49b81-6505-4756-bfca-7f4eac4827e4,ALB-CN-1870-8582,isSameAs,ALB-CN-1880-17387,1870,1880,70-80,0.891
219671e3-2fac-42d3-905d-91f166e44be6,ALB-CN-1870-8584,isSameAs,ALB-CN-1880-17388,1870,1880,70-80,0.896
caddeecd-ebd1-4ecc-a339-debd0d50f644,ALB-CN-1870-8587,isSameAs,ALB-CN-1880-19396,1870,1880,70-80,0.87
b67eac41-7a22-4d3b-bcd1-73894fca32f8,ALB-CN-1870-8588,isSameAs,ALB-CN-1880-19397,1870,1880,70-80,0.989
0be37b9d-441a-4d7f-a1c8-1ae06c76a870,ALB-CN-1870-8589,isSameAs,ALB-CN-1880-19398,1870,1880,70-80,0.984
4d934cb8-81fe-4a42-a440-44e227408aec,ALB-CN-1870-859,isSameAs,ALB-CN-1880-29483,1870,1880,70-80,0.711
3e6a59f3-2321-4d62-bf7c-378d4a59c92e,ALB-CN-1870-8590,isSameAs,ALB-CN-1880-19399,1870,1880,70-80,0.984
d0967417-fe88-436e-bdfa-95aa426153b1,ALB-CN-1870-8591,isSameAs,ALB-CN-1880-19400,1870,1880,70-80,0.973
66e5c0bd-af77-4227-a454-d53ae22cbc1a,ALB-CN-1870-8594,isSameAs,ALB-CN-1880-8072,1870,1880,70-80,0.646
a2e9093d-b2ae-44b7-9e09-b462d1199fd2,ALB-CN-1870-8597,isSameAs,ALB-CN-1880-19453,1870,1880,70-80,0.95
2db38542-9d61-45ec-8eae-7cdca2bfb9a6,ALB-CN-1870-8598,isSameAs,ALB-CN-1880-19454,1870,1880,70-80,0.959
09d06f8a-8056-48e8-8127-5f2d95e9d4b6,ALB-CN-1870-860,isSameAs,ALB-CN-1880-29657,1870,1880,70-80,0.891
e3f7837f-3392-4fa1-8826-06d77aa2f903,ALB-CN-1870-8601,isSameAs,ALB-CN-1880-19422,1870,1880,70-80,0.976
a389db02-2b3f-4d55-85ff-a7499bdaab84,ALB-CN-1870-8602,isSameAs,ALB-CN-1880-19408,1870,1880,70-80,0.937
e7760c33-7a5b-45a8-9f66-6a1357427c3a,ALB-CN-1870-8603,isSameAs,ALB-CN-1880-19403,1870,1880,70-80,0.937
d7260b95-2921-4949-b7d6-1c2fc8ee2b3b,ALB-CN-1870-8604,isSameAs,ALB-CN-1880-19427,1870,1880,70-80,0.87
70328628-009f-44ab-bbb4-aa38f021d069,ALB-CN-1870-8605,isSameAs,ALB-CN-1880-17474,1870,1880,70-80,0.622
5a0ef4db-698b-4b39-b35a-089f02ffb486,ALB-CN-1870-8606,isSameAs,ALB-CN-1880-19428,1870,1880,70-80,0.9
06cb37ff-0140-4962-9173-6dcf403c1439,ALB-CN-1870-8607,isSameAs,ALB-CN-1880-19423,1870,1880,70-80,0.964
62585e06-2acd-45ae-8836-8993a81d42a3,ALB-CN-1870-8608,isSameAs,ALB-CN-1880-17475,1870,1880,70-80,0.711
034a8e6a-0bd9-4139-a531-a4a8112b7d2e,ALB-CN-1870-8609,isSameAs,ALB-CN-1880-19446,1870,1880,70-80,0.931
1d014c5c-aa56-4100-a54e-c68940810102,ALB-CN-1870-861,isSameAs,ALB-CN-1880-29658,1870,1880,70-80,0.948
841bac38-74be-4c1f-8c96-ac411e34a099,ALB-CN-1870-8610,isSameAs,ALB-CN-1880-19447,1870,1880,70-80,0.87
dd8699a7-d664-4029-865f-21f9dd02943b,ALB-CN-1870-8611,isSameAs,ALB-CN-1880-19448,1870,1880,70-80,0.909
c52f9da3-cb44-4b24-b150-8d5792bb46c0,ALB-CN-1870-8612,isSameAs,ALB-CN-1880-19436,1870,1880,70-80,0.668
df352dd9-7a2b-4bb4-a86a-222ad1737a02,ALB-CN-1870-8614,isSameAs,ALB-CN-1880-19437,1870,1880,70-80,0.777
4b055668-18fc-4de7-ab2a-0bebc4c1154a,ALB-CN-1870-8615,isSameAs,ALB-CN-1880-19438,1870,1880,70-80,0.679
c0e6b4c2-62fd-4f08-8b00-7d82a797b02f,ALB-CN-1870-8619,isSameAs,ALB-CN-1880-26481,1870,1880,70-80,0.858
27265970-88b8-4c17-b827-e42e725acf93,ALB-CN-1870-862,isSameAs,ALB-CN-1880-31341,1870,1880,70-80,0.646
1770384c-ad0f-4404-b2e0-b75e4142c78b,ALB-CN-1870-8625,isSameAs,ALB-CN-1880-18790,1870,1880,70-80,0.769
912371a2-988c-453b-94d6-902b0cc3de08,ALB-CN-1870-8626,isSameAs,ALB-CN-1880-18793,1870,1880,70-80,0.881
bcedc2e8-d0f1-4ee6-a31f-4ce6a9e325d9,ALB-CN-1870-8632,isSameAs,ALB-CN-1880-19489,1870,1880,70-80,0.75
7a9b9d8a-5516-470a-9235-7372a12a475d,ALB-CN-1870-8635,isSameAs,ALB-CN-1880-29958,1870,1880,70-80,0.622
610258e4-a4ab-48df-9dec-90912e04d1a2,ALB-CN-1870-8637,isSameAs,ALB-CN-1880-19460,1870,1880,70-80,0.971
e3b30b63-dc9d-42aa-884c-b3910983a7ad,ALB-CN-1870-8638,isSameAs,ALB-CN-1880-19461,1870,1880,70-80,0.98
61622582-ac05-45ec-8876-358e9a389e42,ALB-CN-1870-8641,isSameAs,ALB-CN-1880-19462,1870,1880,70-80,0.957
ef68fc74-e9e6-4786-b3b6-3d8b7ffee5d3,ALB-CN-1870-8642,isSameAs,ALB-CN-1880-747,1870,1880,70-80,0.976
cc8132c0-ba22-40cf-a04a-efa758090f41,ALB-CN-1870-8643,isSameAs,ALB-CN-1880-19463,1870,1880,70-80,0.957
46e8c2b0-8d04-4c7f-b8b7-0fd40444c203,ALB-CN-1870-8644,isSameAs,ALB-CN-1880-745,1870,1880,70-80,0.668
509006c6-15fc-4606-b2bf-c9d8cd560072,ALB-CN-1870-8645,isSameAs,ALB-CN-1880-746,1870,1880,70-80,0.668
19c5ea64-7925-446b-b471-99de572ee228,ALB-CN-1870-8646,isSameAs,ALB-CN-1880-18919,1870,1880,70-80,0.971
5f3a0ceb-cf61-4937-b06a-17620d25bf80,ALB-CN-1870-8647,isSameAs,ALB-CN-1880-18920,1870,1880,70-80,0.913
73290165-9e7f-42a5-a24c-a87a6234829b,ALB-CN-1870-8649,isSameAs,ALB-CN-1880-18924,1870,1880,70-80,0.94
8ac6cc87-85af-48f2-80d0-6d9c8e6d0683,ALB-CN-1870-8650,isSameAs,ALB-CN-1880-18922,1870,1880,70-80,0.957
681a5a20-8b36-4e5c-a255-c2b3b9aca9b7,ALB-CN-1870-8651,isSameAs,ALB-CN-1880-18923,1870,1880,70-80,0.971
c45a5094-dd1b-4dec-9965-38d622ef96b0,ALB-CN-1870-8654,isSameAs,ALB-CN-1880-18929,1870,1880,70-80,0.657
7fda7e51-52b8-4f3f-8551-e7c912e66b90,ALB-CN-1870-8656,isSameAs,ALB-CN-1880-18931,1870,1880,70-80,0.98
37aa8a5c-1dcc-4c37-add8-eb546c4f4c9b,ALB-CN-1870-8659,isSameAs,ALB-CN-1880-18928,1870,1880,70-80,0.668
70cecd54-dfca-4700-9194-7e9ae018636d,ALB-CN-1870-8661,isSameAs,ALB-CN-1880-19414,1870,1880,70-80,0.964
ff51b304-05c1-465d-a20b-018147b306c0,ALB-CN-1870-8662,isSameAs,ALB-CN-1880-19415,1870,1880,70-80,0.909
abebfb87-d866-4ed2-aff0-428a8363a26c,ALB-CN-1870-8669,isSameAs,ALB-CN-1880-18603,1870,1880,70-80,0.98
bc6e48f0-1c99-4829-91c6-ba347a78bc56,ALB-CN-1870-867,isSameAs,ALB-CN-1880-29485,1870,1880,70-80,0.937
d1dc09f9-9ba8-40b3-90b6-596c9870df5b,ALB-CN-1870-8672,isSameAs,ALB-CN-1880-18606,1870,1880,70-80,0.622
8a48c0fb-7544-4474-968e-d7b3d2f7f4fd,ALB-CN-1870-8673,isSameAs,ALB-CN-1880-18607,1870,1880,70-80,0.957
e8a0a399-e9c4-4934-b409-4517ad767567,ALB-CN-1870-8675,isSameAs,ALB-CN-1880-18609,1870,1880,70-80,0.98
647cd9a6-fb72-4180-be37-8b7c5ee37391,ALB-CN-1870-868,isSameAs,ALB-CN-1880-7234,1870,1880,70-80,0.731
011fb24e-16ba-42ae-9c05-22936a99483c,ALB-CN-1870-8680,isSameAs,ALB-CN-1880-26477,1870,1880,70-80,0.69
b984cbb9-ec7d-4de6-887b-78dfced0b686,ALB-CN-1870-8689,isSameAs,ALB-CN-1880-12024,1870,1880,70-80,0.81
164a2d29-1d46-4cca-a32c-5abd462979f0,ALB-CN-1870-8690,isSameAs,ALB-CN-1880-18911,1870,1880,70-80,0.988
371453f4-5594-4316-8367-3aa5eb61100c,ALB-CN-1870-8691,isSameAs,ALB-CN-1880-18912,1870,1880,70-80,0.99
761a840f-4183-4400-8f54-e9bf23f6c43e,ALB-CN-1870-8692,isSameAs,ALB-CN-1880-18913,1870,1880,70-80,0.989
15d521e2-ff97-44a0-b832-fa7d97a99720,ALB-CN-1870-8693,isSameAs,ALB-CN-1880-18914,1870,1880,70-80,0.977
e37ed2c8-519e-420c-9189-b01ef0426bda,ALB-CN-1870-8694,isSameAs,ALB-CN-1880-18915,1870,1880,70-80,0.973
68e2a9b2-32a8-427d-9a9a-8d6009909d11,ALB-CN-1870-8695,isSameAs,ALB-CN-1880-18916,1870,1880,70-80,0.818
dd544083-b8e5-4714-9080-eacb5268bc5c,ALB-CN-1870-8698,isSameAs,ALB-CN-1880-18873,1870,1880,70-80,0.984
aad6b6cb-331b-4767-ad58-e5ffd0d16829,ALB-CN-1870-8699,isSameAs,ALB-CN-1880-18874,1870,1880,70-80,0.989
f134d532-4a35-4300-90b9-7caacc40b375,ALB-CN-1870-8700,isSameAs,ALB-CN-1880-18875,1870,1880,70-80,0.99
b55ec7f5-aebd-4d59-b37a-1047c9c06ba2,ALB-CN-1870-8701,isSameAs,ALB-CN-1880-18879,1870,1880,70-80,0.989
e925f90a-9717-4e18-91f6-8b2c25a745b5,ALB-CN-1870-8703,isSameAs,ALB-CN-1880-13440,1870,1880,70-80,0.69
15e5bd53-986b-4f5e-a4ab-3c251be4a000,ALB-CN-1870-8704,isSameAs,ALB-CN-1880-18876,1870,1880,70-80,0.989
627745db-64ec-4cee-9558-831e58461275,ALB-CN-1870-8705,isSameAs,ALB-CN-1880-18877,1870,1880,70-80,0.818
9b7db8c6-8dd9-42ca-84c2-221cc133bbed,ALB-CN-1870-8707,isSameAs,ALB-CN-1880-900,1870,1880,70-80,0.937
5a876772-2d9e-462a-a250-94ecb45ba5d8,ALB-CN-1870-8709,isSameAs,ALB-CN-1880-901,1870,1880,70-80,0.98
f2ee35d7-2675-4463-bb5c-5d395893026c,ALB-CN-1870-871,isSameAs,ALB-CN-1880-29588,1870,1880,70-80,0.937
ebb23659-0e42-47e3-a2c2-1fd7f1cc10d6,ALB-CN-1870-872,isSameAs,ALB-CN-1880-29631,1870,1880,70-80,0.984
03804298-90b5-42f8-a6ac-a6cf47bc1610,ALB-CN-1870-8720,isSameAs,ALB-CN-1880-30003,1870,1880,70-80,0.818
69d4efbc-4270-4e09-987c-6d805b62811a,ALB-CN-1870-8721,isSameAs,ALB-CN-1880-26478,1870,1880,70-80,0.98
aba4b98e-7818-4e9f-992f-2bf9872a249a,ALB-CN-1870-8722,isSameAs,ALB-CN-1880-26487,1870,1880,70-80,0.832
6830289e-79b0-4419-b0c7-b150f601879a,ALB-CN-1870-8725,isSameAs,ALB-CN-1880-26482,1870,1880,70-80,0.777
cb813975-c419-425f-984e-ef551e2fa00b,ALB-CN-1870-8726,isSameAs,ALB-CN-1880-26483,1870,1880,70-80,0.777
a4fb4818-7c04-43c1-b29e-3341b1618aa7,ALB-CN-1870-8729,isSameAs,ALB-CN-1880-17484,1870,1880,70-80,0.802
8f6fd086-d69e-4d24-bac3-32a9ff48ab97,ALB-CN-1870-873,isSameAs,ALB-CN-1880-29632,1870,1880,70-80,0.977
f6050fce-8db7-4714-82c9-069114f60be1,ALB-CN-1870-8735,isSameAs,ALB-CN-1880-10769,1870,1880,70-80,0.75
eb1158eb-f3b6-4f5d-ab82-5fcc64284606,ALB-CN-1870-8737,isSameAs,ALB-CN-1880-17238,1870,1880,70-80,0.622
55b87e9c-e3a5-4224-b87a-bc39fc0cf54f,ALB-CN-1870-8746,isSameAs,ALB-CN-1880-29686,1870,1880,70-80,0.794
305e9e58-0e2e-4982-828b-bc35106f46aa,ALB-CN-1870-8747,isSameAs,ALB-CN-1880-29680,1870,1880,70-80,0.794
8db9d398-6b33-4202-91b0-11c1162f2bda,ALB-CN-1870-875,isSameAs,ALB-CN-1880-29638,1870,1880,70-80,0.976
6923aadd-716b-4bef-8140-1430ea0d691d,ALB-CN-1870-8750,isSameAs,ALB-CN-1880-18884,1870,1880,70-80,0.953
df2259d4-fe68-4b4d-b7cf-00c4f687b8d1,ALB-CN-1870-8751,isSameAs,ALB-CN-1880-18885,1870,1880,70-80,0.971
95654d23-fde7-4d4d-ae01-b1c42503590c,ALB-CN-1870-8752,isSameAs,ALB-CN-1880-31833,1870,1880,70-80,0.69
1d07997c-9e5b-4dc3-93d3-93b003b79161,ALB-CN-1870-8754,isSameAs,ALB-CN-1880-18808,1870,1880,70-80,0.931
3e62c1fc-46d4-4168-92c0-da367d8ce592,ALB-CN-1870-8756,isSameAs,ALB-CN-1880-18810,1870,1880,70-80,0.839
068232d2-9142-4dd2-a507-5affca5dd03a,ALB-CN-1870-8758,isSameAs,ALB-CN-1880-26130,1870,1880,70-80,0.971
d429075f-ac30-41d6-b86b-7281cb03026e,ALB-CN-1870-8759,isSameAs,ALB-CN-1880-26132,1870,1880,70-80,0.98
a22ea792-71af-4e08-9686-7015a3b0ea14,ALB-CN-1870-876,isSameAs,ALB-CN-1880-29639,1870,1880,70-80,0.99
5c3aa7fc-b558-463b-850e-25f6abef7eab,ALB-CN-1870-8763,isSameAs,ALB-CN-1880-26131,1870,1880,70-80,0.931
f292daff-9a40-4101-b008-f002906b41f4,ALB-CN-1870-8767,isSameAs,ALB-CN-1880-26136,1870,1880,70-80,0.777
3b16804f-9db8-4419-98e8-61a4ab30c510,ALB-CN-1870-877,isSameAs,ALB-CN-1880-29633,1870,1880,70-80,0.99
a8fa3010-17b8-4dab-902c-57100f238a45,ALB-CN-1870-8770,isSameAs,ALB-CN-1880-18777,1870,1880,70-80,0.852
615fcedd-1d73-4056-9d8c-51701e2ab2df,ALB-CN-1870-8772,isSameAs,ALB-CN-1880-18805,1870,1880,70-80,0.957
f55ff7a7-1dcb-4366-934c-0915ef7e957c,ALB-CN-1870-878,isSameAs,ALB-CN-1880-29634,1870,1880,70-80,0.976
d99d2a5b-90d0-4557-88ad-c8ca566d5aaf,ALB-CN-1870-8784,isSameAs,ALB-CN-1880-27818,1870,1880,70-80,0.846
e4a6ea1d-1c6a-41bd-9ba0-8545efc2d74b,ALB-CN-1870-8785,isSameAs,ALB-CN-1880-17347,1870,1880,70-80,0.818
67a3fbd9-8bf4-40cb-8c3a-0fbc6f6a7469,ALB-CN-1870-8786,isSameAs,ALB-CN-1880-17348,1870,1880,70-80,0.948
10d89109-08c0-489c-aa01-13f3489e7dac,ALB-CN-1870-8787,isSameAs,ALB-CN-1880-17349,1870,1880,70-80,0.937
13e6e84a-dabb-4075-961b-230e0ae851a6,ALB-CN-1870-8788,isSameAs,ALB-CN-1880-17350,1870,1880,70-80,0.957
d682e616-5183-403b-b19a-73a9db49f4ee,ALB-CN-1870-8789,isSameAs,ALB-CN-1880-17339,1870,1880,70-80,0.984
3de80677-c2e8-4603-83d2-d262f32e9927,ALB-CN-1870-8792,isSameAs,ALB-CN-1880-17341,1870,1880,70-80,0.99
23061282-c7ef-4f09-9ae0-5a3aea2b6273,ALB-CN-1870-8793,isSameAs,ALB-CN-1880-17346,1870,1880,70-80,0.864
a9023216-4786-486a-9dbc-04f5d3753280,ALB-CN-1870-8794,isSameAs,ALB-CN-1880-17340,1870,1880,70-80,0.971
cddf55cc-179d-469b-b949-7112bec57424,ALB-CN-1870-8795,isSameAs,ALB-CN-1880-17342,1870,1880,70-80,0.931
0d7e232e-2c4f-4cd3-a9ec-95eed10cede8,ALB-CN-1870-8796,isSameAs,ALB-CN-1880-17343,1870,1880,70-80,0.937
0e6209dc-e761-4ee2-b69b-561b63be49e5,ALB-CN-1870-8800,isSameAs,ALB-CN-1880-18869,1870,1880,70-80,0.802
c9122d0a-6df3-43ad-b3e1-e9eca4ae7eb5,ALB-CN-1870-8804,isSameAs,ALB-CN-1880-15041,1870,1880,70-80,0.711
08bc9145-25f7-46ee-b0ec-0fe3cb1cdd5c,ALB-CN-1870-8805,isSameAs,ALB-CN-1880-15042,1870,1880,70-80,0.622
20d9b284-d0e8-4e68-bddb-7ce485de9e20,ALB-CN-1870-8817,isSameAs,ALB-CN-1880-19501,1870,1880,70-80,0.909
b090f7cc-9b62-4da5-8b0a-0a4b7edac465,ALB-CN-1870-8822,isSameAs,ALB-CN-1880-19503,1870,1880,70-80,0.802
385faa1f-8437-4385-93a2-ce3d71134311,ALB-CN-1870-8830,isSameAs,ALB-CN-1880-17569,1870,1880,70-80,0.953
9f612a9e-9264-47aa-a4e1-c819423efa04,ALB-CN-1870-8834,isSameAs,ALB-CN-1880-19533,1870,1880,70-80,0.76
a4dbaff5-94c1-482e-be60-4cd5641d33b0,ALB-CN-1870-8835,isSameAs,ALB-CN-1880-15605,1870,1880,70-80,0.864
4e6be4cc-48c1-4270-9900-a60577b19010,ALB-CN-1870-8838,isSameAs,ALB-CN-1880-3535,1870,1880,70-80,0.881
d7ab39ab-d82e-468b-b8b2-9dcce2eba6e8,ALB-CN-1870-8844,isSameAs,ALB-CN-1880-19520,1870,1880,70-80,0.957
d90a5415-c177-4b58-b1f8-8cb16ab943ca,ALB-CN-1870-8845,isSameAs,ALB-CN-1880-19521,1870,1880,70-80,0.924
222de67d-2115-4e7f-85fa-ab3e05aae035,ALB-CN-1870-8846,isSameAs,ALB-CN-1880-19522,1870,1880,70-80,0.971
e0f6b1cc-7efb-4a87-95db-75a5786b26b6,ALB-CN-1870-8847,isSameAs,ALB-CN-1880-19523,1870,1880,70-80,0.957
46ca4161-a6b2-4d6d-add9-6b32eb2c0234,ALB-CN-1870-8849,isSameAs,ALB-CN-1880-17579,1870,1880,70-80,0.917
de2a2b67-3a69-4cc2-bf0d-c00922befc8a,ALB-CN-1870-8851,isSameAs,ALB-CN-1880-18710,1870,1880,70-80,0.943
103181a8-3951-46b5-a6a8-754f84f226b5,ALB-CN-1870-8852,isSameAs,ALB-CN-1880-15026,1870,1880,70-80,0.701
72cb2ac5-f604-4dd8-a4b0-91ccb50e69fd,ALB-CN-1870-8854,isSameAs,ALB-CN-1880-26138,1870,1880,70-80,0.891
8b824231-e893-4463-b5a1-878dca501e09,ALB-CN-1870-8857,isSameAs,ALB-CN-1880-26128,1870,1880,70-80,0.891
bc654a43-f112-4b6c-9b13-d488c2480cc9,ALB-CN-1870-8859,isSameAs,ALB-CN-1880-21102,1870,1880,70-80,0.646
24ec289e-8a6f-4fcf-97d7-f0f8d0bd32c1,ALB-CN-1870-8860,isSameAs,ALB-CN-1880-18741,1870,1880,70-80,0.825
4285f9d7-1b12-450c-9a46-85982e0fbb36,ALB-CN-1870-8861,isSameAs,ALB-CN-1880-21242,1870,1880,70-80,0.721
70bb820c-139e-49b6-8d7a-de5d3aa45db0,ALB-CN-1870-8864,isSameAs,ALB-CN-1880-18773,1870,1880,70-80,0.731
8d2d8765-9e70-48bf-bbdd-abf0fc7bb8d5,ALB-CN-1870-8870,isSameAs,ALB-CN-1880-17259,1870,1880,70-80,0.943
5306fdb6-eeea-4a91-8e23-6873e3abaa1b,ALB-CN-1870-8871,isSameAs,ALB-CN-1880-2021,1870,1880,70-80,0.891
694518b1-bdd5-4f65-92b9-3cd7199abd55,ALB-CN-1870-8872,isSameAs,ALB-CN-1880-32167,1870,1880,70-80,0.76
f529e24f-8d47-4865-9d6b-877fcdf38edd,ALB-CN-1870-8876,isSameAs,ALB-CN-1880-775,1870,1880,70-80,0.973
00665d19-6121-4d8f-9923-9d29faeab1e2,ALB-CN-1870-8878,isSameAs,ALB-CN-1880-783,1870,1880,70-80,0.852
24e11abf-2c0c-4be6-a1eb-0d6aced3b0ff,ALB-CN-1870-8880,isSameAs,ALB-CN-1880-777,1870,1880,70-80,0.858
eb0b390a-a5da-4cce-877b-373f5924594a,ALB-CN-1870-8881,isSameAs,ALB-CN-1880-778,1870,1880,70-80,0.961
3884438c-209c-4854-8b50-ca9303d8fa3f,ALB-CN-1870-8882,isSameAs,ALB-CN-1880-15039,1870,1880,70-80,0.777
a8d0d03c-d980-4c9c-9e89-b14cff2b0210,ALB-CN-1870-8883,isSameAs,ALB-CN-1880-61,1870,1880,70-80,0.668
a4633579-1915-428d-a3fd-308410b7c4d3,ALB-CN-1870-8884,isSameAs,ALB-CN-1880-2022,1870,1880,70-80,0.69
aa7c1728-4c3a-4739-85d6-700cc38bd3b7,ALB-CN-1870-8885,isSameAs,ALB-CN-1880-16802,1870,1880,70-80,0.846
36506719-b71a-49e1-b65a-8298db4b8147,ALB-CN-1870-8886,isSameAs,ALB-CN-1880-25755,1870,1880,70-80,0.948
3b1fedc0-80e8-4657-89ad-dd30e2fec5db,ALB-CN-1870-8887,isSameAs,ALB-CN-1880-18665,1870,1880,70-80,0.87
dc4d5f63-41fd-4631-859c-1d9b938a6a8d,ALB-CN-1870-8890,isSameAs,ALB-CN-1880-18733,1870,1880,70-80,0.896
51a2e6f8-7edc-43cf-b846-f383e801bf3a,ALB-CN-1870-8891,isSameAs,ALB-CN-1880-18735,1870,1880,70-80,0.948
6831518a-b7ee-4b4e-afa4-9d22dbb77e41,ALB-CN-1870-8892,isSameAs,ALB-CN-1880-18734,1870,1880,70-80,0.924
875d7c41-4615-44a1-8e75-bd57ea22bb07,ALB-CN-1870-8893,isSameAs,ALB-CN-1880-17157,1870,1880,70-80,0.937
ce5b2b75-fb1c-48a6-b744-230472623182,ALB-CN-1870-8894,isSameAs,ALB-CN-1880-17158,1870,1880,70-80,0.957
b34138f9-c57c-4f18-aa38-ab39304adef0,ALB-CN-1870-8895,isSameAs,ALB-CN-1880-16620,1870,1880,70-80,0.711
377e9265-a706-40ef-a4d5-44e59126de8d,ALB-CN-1870-8896,isSameAs,ALB-CN-1880-17159,1870,1880,70-80,0.957
a2272342-62ef-4401-ae03-511a74133072,ALB-CN-1870-8897,isSameAs,ALB-CN-1880-17160,1870,1880,70-80,0.957
46e32372-b284-4b7e-b9b6-9b3d182102f6,ALB-CN-1870-8898,isSameAs,ALB-CN-1880-17161,1870,1880,70-80,0.943
b65e7e72-1541-44de-b15c-4fe5c939bedb,ALB-CN-1870-8899,isSameAs,ALB-CN-1880-17162,1870,1880,70-80,0.81
ecc9e103-4415-443b-812d-3924ebe1c272,ALB-CN-1870-8900,isSameAs,ALB-CN-1880-17163,1870,1880,70-80,0.741
11da458a-99de-4888-b5bf-e9736a73c762,ALB-CN-1870-8901,isSameAs,ALB-CN-1880-17164,1870,1880,70-80,0.957
29afb436-efd1-4b3c-ba66-d4f2c0ca8751,ALB-CN-1870-8902,isSameAs,ALB-CN-1880-17156,1870,1880,70-80,0.818
7957e52c-4df0-40c3-8ed3-78716a4eddce,ALB-CN-1870-8907,isSameAs,ALB-CN-1880-17325,1870,1880,70-80,0.953
3563d2ac-155b-48f3-a79b-ba0932a90165,ALB-CN-1870-8911,isSameAs,ALB-CN-1880-17327,1870,1880,70-80,0.846
5e889c89-a768-45cf-85c5-6c247c3d7b9e,ALB-CN-1870-8912,isSameAs,ALB-CN-1880-17328,1870,1880,70-80,0.881
6add9d90-eb95-4de9-9908-3f36911fed24,ALB-CN-1870-8917,isSameAs,ALB-CN-1880-31315,1870,1880,70-80,0.76
7546f2fd-cd90-4f8b-8a0b-efe2ff4437c2,ALB-CN-1870-8918,isSameAs,ALB-CN-1880-31312,1870,1880,70-80,0.741
4e16ac4c-3e7e-4431-9d40-ef96f08e75f6,ALB-CN-1870-8921,isSameAs,ALB-CN-1880-861,1870,1880,70-80,0.875
773bbaa7-54af-4cb9-8196-bf89be34e5aa,ALB-CN-1870-8925,isSameAs,ALB-CN-1880-17166,1870,1880,70-80,0.875
e60ecdfe-2eac-4bcf-8e22-1fd7512ff2d4,ALB-CN-1870-8927,isSameAs,ALB-CN-1880-17167,1870,1880,70-80,0.731
5cf77fa7-a177-4704-84f4-5c90966e62b4,ALB-CN-1870-893,isSameAs,ALB-CN-1880-29699,1870,1880,70-80,0.99
709ef33b-1c8d-4b8b-90a1-c3bcc70a8acc,ALB-CN-1870-8931,isSameAs,ALB-CN-1880-961,1870,1880,70-80,0.731
cc0cac52-a2c9-4a44-925a-e72b52d48593,ALB-CN-1870-8932,isSameAs,ALB-CN-1880-27295,1870,1880,70-80,0.75
7b19b7e4-eeda-4b37-bae3-09ecd35548fc,ALB-CN-1870-8933,isSameAs,ALB-CN-1880-7895,1870,1880,70-80,0.711
bdb5a779-9e6c-494c-ae84-3e3cb6745eb6,ALB-CN-1870-8934,isSameAs,ALB-CN-1880-7888,1870,1880,70-80,0.984
50a102ed-a4c3-44c5-965d-f87020a6745a,ALB-CN-1870-8935,isSameAs,ALB-CN-1880-7889,1870,1880,70-80,0.622
2c3a976c-81ea-4bc8-b699-8be2c2970ed3,ALB-CN-1870-8936,isSameAs,ALB-CN-1880-7890,1870,1880,70-80,0.711
cfae3ce1-dc71-419b-abc0-27f61a704263,ALB-CN-1870-8937,isSameAs,ALB-CN-1880-13604,1870,1880,70-80,0.646
61e540fe-a03b-4ea6-9635-47d53b03b0d4,ALB-CN-1870-894,isSameAs,ALB-CN-1880-15944,1870,1880,70-80,0.76
462ad549-39e8-4a2c-9b50-783fab10721b,ALB-CN-1870-895,isSameAs,ALB-CN-1880-29701,1870,1880,70-80,0.966
b397c733-0d6e-42cb-8e71-40f5bb7a90b4,ALB-CN-1870-8950,isSameAs,ALB-CN-1880-2733,1870,1880,70-80,0.921
4fd5e0df-0e66-462d-acae-440ad178b204,ALB-CN-1870-896,isSameAs,ALB-CN-1880-15945,1870,1880,70-80,0.622
048128eb-6e45-48cd-b656-8cb347a8ba02,ALB-CN-1870-8967,isSameAs,ALB-CN-1880-27469,1870,1880,70-80,0.87
c8e6696e-7d5b-4b37-9eed-695e196c0770,ALB-CN-1870-8969,isSameAs,ALB-CN-1880-17111,1870,1880,70-80,0.971
3f9823e8-735d-46fc-80fc-5977b90dcd37,ALB-CN-1870-8970,isSameAs,ALB-CN-1880-17112,1870,1880,70-80,0.98
2d721aab-1acb-4494-96c9-336e25b1d07d,ALB-CN-1870-8972,isSameAs,ALB-CN-1880-17119,1870,1880,70-80,0.818
23c02093-d237-4f3d-8d55-46b08469e06b,ALB-CN-1870-8973,isSameAs,ALB-CN-1880-17113,1870,1880,70-80,0.94
7adba590-c337-4784-a9d1-a02f61c21b63,ALB-CN-1870-8974,isSameAs,ALB-CN-1880-17114,1870,1880,70-80,0.94
87dbafce-e189-4be1-ac0b-a4ff7b6ac4c9,ALB-CN-1870-8975,isSameAs,ALB-CN-1880-17115,1870,1880,70-80,0.818
72063e04-1b13-4c82-b7a7-a54beaf66296,ALB-CN-1870-898,isSameAs,ALB-CN-1880-29607,1870,1880,70-80,0.769
e35146d4-16ab-4770-8153-c5c17209a22a,ALB-CN-1870-8981,isSameAs,ALB-CN-1880-17923,1870,1880,70-80,0.818
a4cc7012-7eaf-4e26-9c32-b5056b49023d,ALB-CN-1870-8982,isSameAs,ALB-CN-1880-19097,1870,1880,70-80,0.846
d1d02015-8a17-4078-a70e-cccaf79c11a6,ALB-CN-1870-8987,isSameAs,ALB-CN-1880-17140,1870,1880,70-80,0.87
347adc63-d277-4a95-87e7-61ec741fd5ec,ALB-CN-1870-8993,isSameAs,ALB-CN-1880-17169,1870,1880,70-80,0.968
af560f19-c917-4482-94ef-f7bec84bced9,ALB-CN-1870-8994,isSameAs,ALB-CN-1880-17170,1870,1880,70-80,0.964
34648ca9-1bfe-4310-8692-f27780dd12c1,ALB-CN-1870-8995,isSameAs,ALB-CN-1880-17171,1870,1880,70-80,0.971
52196e42-b9c3-432c-a28c-49844466fdc6,ALB-CN-1870-9002,isSameAs,ALB-CN-1880-17182,1870,1880,70-80,0.94
5b92dfba-5ad0-4046-be3f-c84cf3aa8d33,ALB-CN-1870-9003,isSameAs,ALB-CN-1880-17181,1870,1880,70-80,0.87
1361856a-5371-4af6-a585-e32f1db65315,ALB-CN-1870-9004,isSameAs,ALB-CN-1880-17188,1870,1880,70-80,0.864
54b520f7-bd5c-4a1d-bf81-eb5bb63bda42,ALB-CN-1870-9005,isSameAs,ALB-CN-1880-17183,1870,1880,70-80,0.937
a2a42f20-1b01-4008-b6c9-e64ec9316f7f,ALB-CN-1870-9009,isSameAs,ALB-CN-1880-17184,1870,1880,70-80,0.668
d93cb616-a003-48e1-a485-6af3ab5a278b,ALB-CN-1870-901,isSameAs,ALB-CN-1880-18014,1870,1880,70-80,0.846
f4760853-0e66-47e3-bf70-0e3b271ad051,ALB-CN-1870-9010,isSameAs,ALB-CN-1880-17185,1870,1880,70-80,0.978
c933df0a-7ab6-443e-9cec-19da8b1304cb,ALB-CN-1870-9016,isSameAs,ALB-CN-1880-20805,1870,1880,70-80,0.711
c8034130-4415-4cfe-9a71-2c118748aee1,ALB-CN-1870-9017,isSameAs,ALB-CN-1880-20806,1870,1880,70-80,0.786
e9b709ef-ad17-421c-8431-f20091aea402,ALB-CN-1870-9018,isSameAs,ALB-CN-1880-5908,1870,1880,70-80,0.646
52183bbe-b2fd-4942-bb58-306882828a5e,ALB-CN-1870-9021,isSameAs,ALB-CN-1880-20813,1870,1880,70-80,0.711
6b4cc210-adad-40eb-bcea-ca91f4cccb10,ALB-CN-1870-9023,isSameAs,ALB-CN-1880-18799,1870,1880,70-80,0.818
047943cb-ba25-4286-b6c7-e0bf69bccd7c,ALB-CN-1870-9026,isSameAs,ALB-CN-1880-20807,1870,1880,70-80,0.711
7eee4156-63ed-4dff-bdf2-e2b87adc1e60,ALB-CN-1870-9036,isSameAs,ALB-CN-1880-16748,1870,1880,70-80,0.721
739449cf-83f7-4c0a-bed6-94bf53fbe0f8,ALB-CN-1870-9044,isSameAs,ALB-CN-1880-17623,1870,1880,70-80,0.891
932ad21b-9be9-43f1-bc71-c897edae5a06,ALB-CN-1870-9046,isSameAs,ALB-CN-1880-17628,1870,1880,70-80,0.881
7617be2f-8978-4600-94c9-9ce3806848a2,ALB-CN-1870-9047,isSameAs,ALB-CN-1880-17629,1870,1880,70-80,0.832
ea58e9a8-eb64-4894-ba7f-86c2a8877562,ALB-CN-1870-9048,isSameAs,ALB-CN-1880-18666,1870,1880,70-80,0.721
52545961-375c-4fc3-9c4d-26c82923d560,ALB-CN-1870-9049,isSameAs,ALB-CN-1880-17631,1870,1880,70-80,0.852
b3ee14d5-8e8b-4b75-8027-4176c763a470,ALB-CN-1870-9050,isSameAs,ALB-CN-1880-18957,1870,1880,70-80,0.818
4a78d176-e64f-40d4-ae64-bc2a3c02ba56,ALB-CN-1870-9051,isSameAs,ALB-CN-1880-17635,1870,1880,70-80,0.99
a03b4bf4-b114-46ed-b76c-66972f3efd93,ALB-CN-1870-9052,isSameAs,ALB-CN-1880-17315,1870,1880,70-80,0.971
4a30bfc2-d963-4554-8d44-e693d8c30b2e,ALB-CN-1870-9055,isSameAs,ALB-CN-1880-17317,1870,1880,70-80,0.9
7e7f7f0a-2a81-4aa4-a04e-9572d87b8ffd,ALB-CN-1870-9056,isSameAs,ALB-CN-1880-17318,1870,1880,70-80,0.957
f52e7387-249a-4aa2-b663-31eb33a06649,ALB-CN-1870-9057,isSameAs,ALB-CN-1880-17319,1870,1880,70-80,0.931
5b95bef2-b4a3-4e7f-adf3-4d6dcde2e82c,ALB-CN-1870-906,isSameAs,ALB-CN-1880-29477,1870,1880,70-80,0.881
77b95062-a0bd-41c8-bfa0-61c027c57c23,ALB-CN-1870-9064,isSameAs,ALB-CN-1880-18512,1870,1880,70-80,0.9
a76e3e6b-f9eb-40f5-a9fb-cd99728800fd,ALB-CN-1870-9066,isSameAs,ALB-CN-1880-18941,1870,1880,70-80,0.953
6332dbab-ab36-465f-b6b7-6849262334d9,ALB-CN-1870-9067,isSameAs,ALB-CN-1880-18942,1870,1880,70-80,0.953
6b4e3b26-ba60-4ffd-9b98-44aa508f4b36,ALB-CN-1870-9068,isSameAs,ALB-CN-1880-18943,1870,1880,70-80,0.953
89c62443-9223-45a3-9fb4-03f84523e900,ALB-CN-1870-9069,isSameAs,ALB-CN-1880-17683,1870,1880,70-80,0.891
5e1a5eab-5d59-43d2-a65b-86ea820910f7,ALB-CN-1870-907,isSameAs,ALB-CN-1880-28609,1870,1880,70-80,0.987
da4f0e33-e33c-4a99-b4c6-ec873e34ba99,ALB-CN-1870-9071,isSameAs,ALB-CN-1880-18044,1870,1880,70-80,0.769
295d8c01-f190-485c-ae93-f545d16af240,ALB-CN-1870-9072,isSameAs,ALB-CN-1880-17836,1870,1880,70-80,0.832
c73ce09a-d75e-4ff2-8a57-8fda9ccaed38,ALB-CN-1870-9080,isSameAs,ALB-CN-1880-19382,1870,1880,70-80,0.731
4f7b32d3-f4f4-4a64-bd83-38b4ac819608,ALB-CN-1870-9081,isSameAs,ALB-CN-1880-19383,1870,1880,70-80,0.87
7da64b93-d790-42ad-8db2-9ac7225b3519,ALB-CN-1870-9085,isSameAs,ALB-CN-1880-3474,1870,1880,70-80,0.668
50a9f4a9-496c-41f0-9280-fed6f512414b,ALB-CN-1870-9086,isSameAs,ALB-CN-1880-18782,1870,1880,70-80,0.881
5aa8cce5-01e0-442e-9d7f-e033e37f005f,ALB-CN-1870-9087,isSameAs,ALB-CN-1880-18783,1870,1880,70-80,0.909
81bc22ee-f9da-479b-90e9-d549d3ea2bff,ALB-CN-1870-9089,isSameAs,ALB-CN-1880-18784,1870,1880,70-80,0.964
29c99837-7240-4665-af89-da54415ae61c,ALB-CN-1870-9095,isSameAs,ALB-CN-1880-17665,1870,1880,70-80,0.794
1dcb32e6-eae0-4144-8cf2-7a35571dba4c,ALB-CN-1870-9096,isSameAs,ALB-CN-1880-17666,1870,1880,70-80,0.786
1b97139c-32b8-4c29-99c2-7ed2e8234a0d,ALB-CN-1870-9098,isSameAs,ALB-CN-1880-19506,1870,1880,70-80,0.98
df874824-d5a1-435b-a560-b8e8a2104825,ALB-CN-1870-9099,isSameAs,ALB-CN-1880-19507,1870,1880,70-80,0.948
554a298b-3612-45f2-bd09-21913d01ca91,ALB-CN-1870-9100,isSameAs,ALB-CN-1880-19509,1870,1880,70-80,0.957
d708a7ef-baaf-481a-aa0f-a0ab90f89d53,ALB-CN-1870-9101,isSameAs,ALB-CN-1880-19508,1870,1880,70-80,0.971
d226350f-e979-4238-803d-a192f6adf551,ALB-CN-1870-9107,isSameAs,ALB-CN-1880-17707,1870,1880,70-80,0.937
0265e15b-85e3-4cfa-b809-4ecb9d509208,ALB-CN-1870-911,isSameAs,ALB-CN-1880-28616,1870,1880,70-80,0.846
0bb5c96b-e03a-480f-b3be-028edc141ca7,ALB-CN-1870-9115,isSameAs,ALB-CN-1880-31266,1870,1880,70-80,0.679
48f8c646-ac0f-4d95-b2e5-aafc43d1a527,ALB-CN-1870-9127,isSameAs,ALB-CN-1880-8056,1870,1880,70-80,0.75
eaa3c071-b0c0-4fb6-b33c-485dbf5c7c2a,ALB-CN-1870-9130,isSameAs,ALB-CN-1880-18310,1870,1880,70-80,0.622
4583334b-303e-4378-baa2-c853094f10fe,ALB-CN-1870-9134,isSameAs,ALB-CN-1880-28732,1870,1880,70-80,0.75
c4cdb359-38aa-4fd1-b91a-789c51a3b0f0,ALB-CN-1870-9145,isSameAs,ALB-CN-1880-24779,1870,1880,70-80,0.957
093b98b1-fd35-45b6-b22e-2956efd8f796,ALB-CN-1870-9146,isSameAs,ALB-CN-1880-24780,1870,1880,70-80,0.987
064bfde6-2d90-4171-bd99-293c39ed36ff,ALB-CN-1870-9147,isSameAs,ALB-CN-1880-24781,1870,1880,70-80,0.913
87cb1d0e-c623-4add-be72-f13f7faab9ae,ALB-CN-1870-9148,isSameAs,ALB-CN-1880-24782,1870,1880,70-80,0.913
a8c94049-654f-4cfa-beaa-7e02f2534501,ALB-CN-1870-9149,isSameAs,ALB-CN-1880-28384,1870,1880,70-80,0.971
2e90d715-c56c-4663-b1f3-c8394ac07c48,ALB-CN-1870-9150,isSameAs,ALB-CN-1880-28385,1870,1880,70-80,0.832
2e0b50aa-fd4e-4967-96a8-ef9162f8b83a,ALB-CN-1870-9151,isSameAs,ALB-CN-1880-28386,1870,1880,70-80,0.948
c6c03bf8-bc4a-427f-8229-59d9b12b1c3f,ALB-CN-1870-9152,isSameAs,ALB-CN-1880-27482,1870,1880,70-80,0.622
30b2bf46-fd81-40b4-adc0-d5d87321d9a5,ALB-CN-1870-9154,isSameAs,ALB-CN-1880-28388,1870,1880,70-80,0.75
3d6fd070-79b0-4e54-a8bc-d6a17000b9c5,ALB-CN-1870-9155,isSameAs,ALB-CN-1880-24811,1870,1880,70-80,0.786
31557371-85fc-41f7-914d-c5fe0bb50400,ALB-CN-1870-9156,isSameAs,ALB-CN-1880-24812,1870,1880,70-80,0.786
dbd298d2-f221-4670-bc45-9d321a7d1c6f,ALB-CN-1870-9160,isSameAs,ALB-CN-1880-20293,1870,1880,70-80,0.668
8a10db7a-dbe7-4579-9e9f-4d55f29d95f6,ALB-CN-1870-9162,isSameAs,ALB-CN-1880-28198,1870,1880,70-80,0.852
4bc0d05a-e4a3-4304-8edb-21abdc37ce06,ALB-CN-1870-9163,isSameAs,ALB-CN-1880-28199,1870,1880,70-80,0.87
e56aa68d-147e-4634-b2db-23edf358ecb3,ALB-CN-1870-9164,isSameAs,ALB-CN-1880-28200,1870,1880,70-80,0.978
c2ff304b-e13d-4730-8770-c1201ce520a1,ALB-CN-1870-9166,isSameAs,ALB-CN-1880-28202,1870,1880,70-80,0.961
8a41375b-9822-42b3-af7b-24ca3d920564,ALB-CN-1870-9167,isSameAs,ALB-CN-1880-24324,1870,1880,70-80,0.786
1de8f4eb-3c4f-4ff0-9516-31e695b470eb,ALB-CN-1870-9169,isSameAs,ALB-CN-1880-4695,1870,1880,70-80,0.875
d0369af9-4f54-4595-84fe-2fdfff4c064a,ALB-CN-1870-9170,isSameAs,ALB-CN-1880-28439,1870,1880,70-80,0.76
073fcc70-ce3c-4669-813d-b451447f10c2,ALB-CN-1870-9171,isSameAs,ALB-CN-1880-28440,1870,1880,70-80,0.87
fd5caffa-581f-4f8c-9867-9992e278a6e2,ALB-CN-1870-9172,isSameAs,ALB-CN-1880-28441,1870,1880,70-80,0.909
13ee13f9-d73c-4375-b863-385e56dda1b2,ALB-CN-1870-9175,isSameAs,ALB-CN-1880-28207,1870,1880,70-80,0.891
9f1a343f-6f85-40be-bacb-bd5f71c16880,ALB-CN-1870-918,isSameAs,ALB-CN-1880-11338,1870,1880,70-80,0.891
2666c178-4533-4950-86f8-5e5b6de0483b,ALB-CN-1870-9185,isSameAs,ALB-CN-1880-30717,1870,1880,70-80,0.75
5f892f97-4bad-401f-9681-0ea8cf134ccc,ALB-CN-1870-9193,isSameAs,ALB-CN-1880-24845,1870,1880,70-80,0.818
c774bcb6-f974-41d1-93dc-d901819cf708,ALB-CN-1870-9195,isSameAs,ALB-CN-1880-24846,1870,1880,70-80,0.983
232be04e-1a83-4d53-b0fc-896d2aaf0b52,ALB-CN-1870-9197,isSameAs,ALB-CN-1880-28346,1870,1880,70-80,0.948
a925e1c8-216c-46d1-b663-1e26429b91ca,ALB-CN-1870-92,isSameAs,ALB-CN-1880-24390,1870,1880,70-80,0.948
20025a3e-104d-4258-9efe-5c3062515654,ALB-CN-1870-920,isSameAs,ALB-CN-1880-12498,1870,1880,70-80,0.76
6171e3e1-1de2-4551-a9f1-5479bcbc5e06,ALB-CN-1870-9200,isSameAs,ALB-CN-1880-28350,1870,1880,70-80,0.953
d6889d7b-2586-42ee-b74c-1e4eba26cc0e,ALB-CN-1870-9201,isSameAs,ALB-CN-1880-28347,1870,1880,70-80,0.971
203fc16c-c48c-4e2e-b5f8-9f6cc6704ce0,ALB-CN-1870-9202,isSameAs,ALB-CN-1880-2450,1870,1880,70-80,0.769
9e05dd35-a5e0-4e8d-adb9-ec04ba6d2200,ALB-CN-1870-9203,isSameAs,ALB-CN-1880-28348,1870,1880,70-80,0.966
f1a02be4-868c-44ba-8155-bae783abee15,ALB-CN-1870-9210,isSameAs,ALB-CN-1880-28560,1870,1880,70-80,0.846
2c807977-b2da-416b-8df1-b155643edb79,ALB-CN-1870-9214,isSameAs,ALB-CN-1880-29017,1870,1880,70-80,0.832
1a320143-3317-4e0d-9ab0-289151584118,ALB-CN-1870-9218,isSameAs,ALB-CN-1880-29020,1870,1880,70-80,0.769
af331b75-155a-42d5-aab3-96be4440572f,ALB-CN-1870-9220,isSameAs,ALB-CN-1880-29029,1870,1880,70-80,0.971
b511314c-242f-420b-8357-581b5935e4a9,ALB-CN-1870-9221,isSameAs,ALB-CN-1880-29030,1870,1880,70-80,0.984
90b7f446-2d78-4b18-b0d3-45bce11707a5,ALB-CN-1870-9222,isSameAs,ALB-CN-1880-29031,1870,1880,70-80,0.98
dbe0f793-86d8-4dd8-bdba-01f0e293fc81,ALB-CN-1870-9223,isSameAs,ALB-CN-1880-29032,1870,1880,70-80,0.818
0ac116ba-04fc-4d32-bbca-12d8bb5b3a5b,ALB-CN-1870-9224,isSameAs,ALB-CN-1880-29033,1870,1880,70-80,0.971
56e0cc94-58c4-44f1-a317-1deeedc93e26,ALB-CN-1870-9225,isSameAs,ALB-CN-1880-29034,1870,1880,70-80,0.989
7fcda203-b308-4162-a757-b1021d6d558d,ALB-CN-1870-9226,isSameAs,ALB-CN-1880-29035,1870,1880,70-80,0.989
a239d1e7-0ca5-4b57-a905-fbb3fdc07070,ALB-CN-1870-9229,isSameAs,ALB-CN-1880-29053,1870,1880,70-80,0.94
7c576b20-b231-44ed-82f0-b3cb2fc3ef57,ALB-CN-1870-9230,isSameAs,ALB-CN-1880-29054,1870,1880,70-80,0.959
ac5458b5-68a0-48a4-ad4d-bd155d757d2a,ALB-CN-1870-9231,isSameAs,ALB-CN-1880-29055,1870,1880,70-80,0.971
96d10ca1-51df-433c-802f-c2b54f900aa4,ALB-CN-1870-9232,isSameAs,ALB-CN-1880-29056,1870,1880,70-80,0.971
651f1ad3-6776-4de4-a5e4-1a9800fe931f,ALB-CN-1870-9233,isSameAs,ALB-CN-1880-29057,1870,1880,70-80,0.957
6c110c42-57ab-429c-ba39-a7871d259a88,ALB-CN-1870-9234,isSameAs,ALB-CN-1880-29058,1870,1880,70-80,0.957
bc88f5c8-85ac-49c0-8b4e-88d9ea95d8ed,ALB-CN-1870-9235,isSameAs,ALB-CN-1880-29059,1870,1880,70-80,0.99
25e5000a-de15-4477-8d2a-047df79c5cc9,ALB-CN-1870-9249,isSameAs,ALB-CN-1880-5440,1870,1880,70-80,0.957
b180aed2-6e0d-473f-be63-e17cc004b619,ALB-CN-1870-9251,isSameAs,ALB-CN-1880-5442,1870,1880,70-80,0.832
fd4b839a-0b63-423d-a512-f0c6b6445915,ALB-CN-1870-9252,isSameAs,ALB-CN-1880-28387,1870,1880,70-80,0.948
bca0dcb0-1966-43e7-ad18-5224cf4510bd,ALB-CN-1870-9255,isSameAs,ALB-CN-1880-30700,1870,1880,70-80,0.978
9891cd0f-6a1e-49b8-81dc-38b4b00e9f07,ALB-CN-1870-9256,isSameAs,ALB-CN-1880-30701,1870,1880,70-80,0.968
52348797-6ec0-4852-92bd-42fb5f5b1d82,ALB-CN-1870-9257,isSameAs,ALB-CN-1880-30702,1870,1880,70-80,0.971
93bfc4ab-dac9-4b1a-a58f-9c052c6df4d1,ALB-CN-1870-9258,isSameAs,ALB-CN-1880-30703,1870,1880,70-80,0.777
1977878c-a203-4514-a325-3b6c8f623364,ALB-CN-1870-9259,isSameAs,ALB-CN-1880-30704,1870,1880,70-80,0.622
ce86e386-eac3-4c4d-9f54-d7780114645c,ALB-CN-1870-9260,isSameAs,ALB-CN-1880-30705,1870,1880,70-80,0.953
8aeaa29e-8ef9-4c08-809e-c3932d7f2058,ALB-CN-1870-9266,isSameAs,ALB-CN-1880-29025,1870,1880,70-80,0.611
886f2cbe-0839-4a96-bb09-2d9849a4409d,ALB-CN-1870-9267,isSameAs,ALB-CN-1880-29012,1870,1880,70-80,0.984
c2c0a8f0-8841-4ee2-91f6-0f625b932211,ALB-CN-1870-9268,isSameAs,ALB-CN-1880-29013,1870,1880,70-80,0.972
7ea4db77-8bf6-419f-a9eb-0208e78735a9,ALB-CN-1870-9270,isSameAs,ALB-CN-1880-29014,1870,1880,70-80,0.973
d4446772-05a1-46ee-9a15-a25c624a650d,ALB-CN-1870-9271,isSameAs,ALB-CN-1880-29015,1870,1880,70-80,0.984
f584aa90-cd45-43ec-bada-3c26964aa6dd,ALB-CN-1870-9274,isSameAs,ALB-CN-1880-22479,1870,1880,70-80,0.611
7e754491-dead-4aac-847f-fad0266c028d,ALB-CN-1870-9275,isSameAs,ALB-CN-1880-16836,1870,1880,70-80,0.921
03d117d3-659f-4f83-9c4d-e9d7a436f14b,ALB-CN-1870-9278,isSameAs,ALB-CN-1880-8035,1870,1880,70-80,0.731
24d20347-edfc-47ae-b35a-8a728c424175,ALB-CN-1870-9286,isSameAs,ALB-CN-1880-32257,1870,1880,70-80,0.622
4dcd771b-5745-48b9-b604-9dbec1dafd48,ALB-CN-1870-9290,isSameAs,ALB-CN-1880-29127,1870,1880,70-80,0.802
433427a6-11ba-4afc-ad2f-034eeb796e71,ALB-CN-1870-9296,isSameAs,ALB-CN-1880-29718,1870,1880,70-80,0.622
832b4f50-bdde-48e7-9967-de5f94e9a1ad,ALB-CN-1870-9297,isSameAs,ALB-CN-1880-11548,1870,1880,70-80,0.622
8bda656c-49a3-4c33-a77f-e0dfa8776c50,ALB-CN-1870-93,isSameAs,ALB-CN-1880-24391,1870,1880,70-80,0.711
7d7fe5e8-4326-4fb9-b302-6b9058dfd742,ALB-CN-1870-9301,isSameAs,ALB-CN-1880-27088,1870,1880,70-80,0.802
11cf7318-3157-477c-baa5-816cdce676cd,ALB-CN-1870-9304,isSameAs,ALB-CN-1880-24625,1870,1880,70-80,0.832
efcd56e0-2620-4604-a365-a6b44bd30174,ALB-CN-1870-9306,isSameAs,ALB-CN-1880-28553,1870,1880,70-80,0.622
aa7e75d9-33ca-41f8-96c7-2ce48b49e3bf,ALB-CN-1870-9307,isSameAs,ALB-CN-1880-28562,1870,1880,70-80,0.87
d3af521e-e5eb-4245-8821-93d262a33e6a,ALB-CN-1870-931,isSameAs,ALB-CN-1880-29418,1870,1880,70-80,0.711
c9574200-ff65-489f-b170-faf18defc282,ALB-CN-1870-9310,isSameAs,ALB-CN-1880-28432,1870,1880,70-80,0.786
bec832ce-f7de-4859-8d95-5144a17dd8e2,ALB-CN-1870-9313,isSameAs,ALB-CN-1880-28566,1870,1880,70-80,0.731
de9b1397-9a03-4401-a01c-1777022799c0,ALB-CN-1870-9314,isSameAs,ALB-CN-1880-28563,1870,1880,70-80,0.657
35ee4fca-33c8-4d7d-a4b0-89e6cb8db52d,ALB-CN-1870-9315,isSameAs,ALB-CN-1880-23761,1870,1880,70-80,0.964
4e464a03-b51a-4886-a7d7-7be6edc196e5,ALB-CN-1870-9320,isSameAs,ALB-CN-1880-26111,1870,1880,70-80,0.668
0cc2d3a0-b692-469b-b5ad-673dc947555b,ALB-CN-1870-9326,isSameAs,ALB-CN-1880-29038,1870,1880,70-80,0.909
d7a2f123-8941-4aee-add1-a3e2d04bbbe4,ALB-CN-1870-9327,isSameAs,ALB-CN-1880-29039,1870,1880,70-80,0.846
80a085f3-50e6-4ee5-8c6e-4c5fdb9a0990,ALB-CN-1870-9330,isSameAs,ALB-CN-1880-8960,1870,1880,70-80,0.881
3dc57ff1-2d2c-4950-90ce-f4677493a3e2,ALB-CN-1870-9336,isSameAs,ALB-CN-1880-28981,1870,1880,70-80,0.94
7e3323bf-738c-40aa-9c8c-962cf15030d0,ALB-CN-1870-9337,isSameAs,ALB-CN-1880-28982,1870,1880,70-80,0.94
b613d419-1799-411d-a18b-58905764ad04,ALB-CN-1870-9339,isSameAs,ALB-CN-1880-28983,1870,1880,70-80,0.984
48c31822-e519-418a-b99e-a34c339402d9,ALB-CN-1870-9340,isSameAs,ALB-CN-1880-28448,1870,1880,70-80,0.76
83aedacf-ac98-411f-8096-47a77b321152,ALB-CN-1870-9341,isSameAs,ALB-CN-1880-28985,1870,1880,70-80,0.957
bec3392c-58f6-49b6-968a-bc3e7eb29854,ALB-CN-1870-9342,isSameAs,ALB-CN-1880-28986,1870,1880,70-80,0.971
dda5ec1a-0e9b-4f83-8279-c24afdc4bb80,ALB-CN-1870-9348,isSameAs,ALB-CN-1880-28501,1870,1880,70-80,0.953
e246ac4f-5be9-43ea-85ba-e82ad24cb18d,ALB-CN-1870-9349,isSameAs,ALB-CN-1880-28502,1870,1880,70-80,0.963
2e837983-e563-4bd4-b265-c658aa079f17,ALB-CN-1870-9350,isSameAs,ALB-CN-1880-28503,1870,1880,70-80,0.9
65c2997f-280d-4b75-aa91-c60cea4e45ef,ALB-CN-1870-9352,isSameAs,ALB-CN-1880-28504,1870,1880,70-80,0.9
55e8e3a6-dc9b-4c64-9936-457dcefeca10,ALB-CN-1870-9359,isSameAs,ALB-CN-1880-19349,1870,1880,70-80,0.794
9a3267dc-001b-48e3-8686-59878648a63b,ALB-CN-1870-9360,isSameAs,ALB-CN-1880-13419,1870,1880,70-80,0.622
34ced1c1-3c4c-49ae-bd6a-535a96aea125,ALB-CN-1870-9363,isSameAs,ALB-CN-1880-28578,1870,1880,70-80,0.668
ad107221-9fdd-4675-b046-541e36ebb971,ALB-CN-1870-9372,isSameAs,ALB-CN-1880-27520,1870,1880,70-80,0.881
3716828a-5629-4fec-9c62-c8c7492a8e65,ALB-CN-1870-9373,isSameAs,ALB-CN-1880-8956,1870,1880,70-80,0.69
d6304cf0-1ac8-4057-bb7e-34667bc88921,ALB-CN-1870-9375,isSameAs,ALB-CN-1880-27423,1870,1880,70-80,0.931
f2676c08-4842-4aa1-803f-6b7dbf527426,ALB-CN-1870-9376,isSameAs,ALB-CN-1880-27431,1870,1880,70-80,0.858
c16752c3-ae0b-49c8-ac26-c7cbfe4f2f8d,ALB-CN-1870-9384,isSameAs,ALB-CN-1880-26413,1870,1880,70-80,0.99
ed5da782-6488-47a0-a713-60b2d6ea52a2,ALB-CN-1870-9385,isSameAs,ALB-CN-1880-26414,1870,1880,70-80,0.979
851822c0-83d9-4012-84eb-67fb10102bd6,ALB-CN-1870-9388,isSameAs,ALB-CN-1880-32226,1870,1880,70-80,0.87
b62ff9c7-1741-4d24-8228-2a1ceed5c570,ALB-CN-1870-9389,isSameAs,ALB-CN-1880-26416,1870,1880,70-80,0.818
05e5451f-8ec5-43e6-8784-590329c02a04,ALB-CN-1870-9392,isSameAs,ALB-CN-1880-26419,1870,1880,70-80,0.989
c47697ef-621c-490d-b2bf-141a5989874f,ALB-CN-1870-9393,isSameAs,ALB-CN-1880-26420,1870,1880,70-80,0.984
e104cf39-d629-4319-8a49-d3c22435ce96,ALB-CN-1870-9395,isSameAs,ALB-CN-1880-26422,1870,1880,70-80,0.973
89616e26-9561-4b5a-b1ab-b17ede776ff0,ALB-CN-1870-9396,isSameAs,ALB-CN-1880-26423,1870,1880,70-80,0.957
8455f8cf-61c5-4153-a9bc-ef9150465b2b,ALB-CN-1870-9404,isSameAs,ALB-CN-1880-20940,1870,1880,70-80,0.937
49c2dbcf-0a0c-4e45-9e0f-100444b048d2,ALB-CN-1870-9406,isSameAs,ALB-CN-1880-31458,1870,1880,70-80,0.711
6f2db28f-e4b3-4b69-919b-8051506043ed,ALB-CN-1870-9408,isSameAs,ALB-CN-1880-31460,1870,1880,70-80,0.937
14fd97c7-6899-4e46-8e62-6cf983eff620,ALB-CN-1870-9409,isSameAs,ALB-CN-1880-29726,1870,1880,70-80,0.87
341641f2-c21a-4cd2-be19-1146b10fffc9,ALB-CN-1870-9410,isSameAs,ALB-CN-1880-29724,1870,1880,70-80,0.909
20fe10dc-4a20-42ab-a177-2f87ce453f3b,ALB-CN-1870-9411,isSameAs,ALB-CN-1880-29725,1870,1880,70-80,0.825
496a41f7-774b-4d0a-8137-fdfb383aaa3e,ALB-CN-1870-9412,isSameAs,ALB-CN-1880-29727,1870,1880,70-80,0.917
22f14085-49db-4895-b622-6cd381143fa1,ALB-CN-1870-942,isSameAs,ALB-CN-1880-6700,1870,1880,70-80,0.786
e5d3f314-dc7b-45bc-be14-01564a4e0f5a,ALB-CN-1870-9422,isSameAs,ALB-CN-1880-18955,1870,1880,70-80,0.87
ffd639f8-82af-4617-a3de-5ef9ce4bdf8f,ALB-CN-1870-9423,isSameAs,ALB-CN-1880-18956,1870,1880,70-80,0.87
ffda49fb-2f82-4ff7-ac88-2052b1ace7f7,ALB-CN-1870-9424,isSameAs,ALB-CN-1880-4375,1870,1880,70-80,0.721
86b79b43-f38e-49c9-bbd8-53b7ce7248b5,ALB-CN-1870-9425,isSameAs,ALB-CN-1880-18958,1870,1880,70-80,0.87
14eeef52-5886-4b74-bc4c-85b55b4f29f1,ALB-CN-1870-9426,isSameAs,ALB-CN-1880-3425,1870,1880,70-80,0.9
8764e058-b1ca-40e4-b12c-bc9a18d12508,ALB-CN-1870-9428,isSameAs,ALB-CN-1880-3427,1870,1880,70-80,0.711
6c22ec59-ef42-4b88-a3e2-1bb762f0f7e2,ALB-CN-1870-9429,isSameAs,ALB-CN-1880-3428,1870,1880,70-80,0.971
7047b17c-159a-49fd-8964-6b2034ea8201,ALB-CN-1870-9430,isSameAs,ALB-CN-1880-3429,1870,1880,70-80,0.957
491221f0-efca-43e1-a44a-91ebdd36301e,ALB-CN-1870-9431,isSameAs,ALB-CN-1880-3430,1870,1880,70-80,0.98
77ea62b5-e6ab-4d9e-998d-90fd350e0e21,ALB-CN-1870-9436,isSameAs,ALB-CN-1880-17537,1870,1880,70-80,0.948
48dbfcc9-7496-43f5-8920-9bf4f0ba0a1d,ALB-CN-1870-9437,isSameAs,ALB-CN-1880-17538,1870,1880,70-80,0.937
fed18458-d8bd-41d8-baa0-bec679eefebf,ALB-CN-1870-9438,isSameAs,ALB-CN-1880-17539,1870,1880,70-80,0.948
cc84d4be-7869-4cda-bbf8-cedfc4d4584f,ALB-CN-1870-9439,isSameAs,ALB-CN-1880-17540,1870,1880,70-80,0.924
45b399ad-5c6a-4c79-9d75-d68d089bdecc,ALB-CN-1870-944,isSameAs,ALB-CN-1880-29674,1870,1880,70-80,0.937
f3c80945-8a79-453b-9a47-55f0d84cf34d,ALB-CN-1870-9441,isSameAs,ALB-CN-1880-17878,1870,1880,70-80,0.832
8f9d342e-352d-4985-8e01-19a370c87be3,ALB-CN-1870-9442,isSameAs,ALB-CN-1880-17879,1870,1880,70-80,0.957
71bcbdb4-f664-4086-8b96-43d196e538b1,ALB-CN-1870-9443,isSameAs,ALB-CN-1880-17880,1870,1880,70-80,0.9
b5d9b8ba-16b5-477e-a1a9-99071e0bd01a,ALB-CN-1870-9445,isSameAs,ALB-CN-1880-17882,1870,1880,70-80,0.948
dc1017fa-7498-4f3e-bf5b-ef1817410b21,ALB-CN-1870-9455,isSameAs,ALB-CN-1880-27380,1870,1880,70-80,0.818
ee4a5b67-1030-43e9-a7b5-df57ff7deae7,ALB-CN-1870-9456,isSameAs,ALB-CN-1880-27381,1870,1880,70-80,0.973
78e1decc-cab4-4db0-b801-9c59fe74114f,ALB-CN-1870-9457,isSameAs,ALB-CN-1880-27382,1870,1880,70-80,0.973
c3e97617-02e5-4891-bd2f-065cc584cfa1,ALB-CN-1870-9458,isSameAs,ALB-CN-1880-27383,1870,1880,70-80,0.75
489af1fb-f156-48a0-a2d8-7078e06b58d9,ALB-CN-1870-9459,isSameAs,ALB-CN-1880-27384,1870,1880,70-80,0.982
dcb7da25-dfa8-4d4a-a785-57f190783b1a,ALB-CN-1870-9463,isSameAs,ALB-CN-1880-27486,1870,1880,70-80,0.98
0b5447b0-e8f4-455d-8fd9-3b7f088559dc,ALB-CN-1870-9464,isSameAs,ALB-CN-1880-11307,1870,1880,70-80,0.846
a5ec5b1c-68e6-4819-89c6-3dc81b16be0f,ALB-CN-1870-9466,isSameAs,ALB-CN-1880-27488,1870,1880,70-80,0.989
132de2aa-6bfc-491d-8f14-f779acc732c2,ALB-CN-1870-9467,isSameAs,ALB-CN-1880-27489,1870,1880,70-80,0.913
6de95412-fb2e-433a-bed6-32a2cac5b11a,ALB-CN-1870-9469,isSameAs,ALB-CN-1880-26110,1870,1880,70-80,0.98
6e2e9a68-950e-4b21-aead-ffef89263ed4,ALB-CN-1870-9470,isSameAs,ALB-CN-1880-22687,1870,1880,70-80,0.99
8c4caceb-75ba-4e0a-a7be-925aa0a6d21c,ALB-CN-1870-9473,isSameAs,ALB-CN-1880-26112,1870,1880,70-80,0.948
3f652cbf-7b95-49e9-b47e-41baa0a060a6,ALB-CN-1870-9474,isSameAs,ALB-CN-1880-12010,1870,1880,70-80,0.769
b0b87ab8-6973-44c7-857f-66dd83bb7352,ALB-CN-1870-9475,isSameAs,ALB-CN-1880-3793,1870,1880,70-80,0.943
055416cf-d4c1-4c04-b064-43ac4a1b236f,ALB-CN-1870-9477,isSameAs,ALB-CN-1880-26116,1870,1880,70-80,0.99
233d1a55-86c5-4f64-8957-a94f7232884a,ALB-CN-1870-9478,isSameAs,ALB-CN-1880-26117,1870,1880,70-80,0.948
5baf4fea-8509-461f-8c26-4702f98471d9,ALB-CN-1870-948,isSameAs,ALB-CN-1880-15472,1870,1880,70-80,0.679
3c9faeaf-bd49-4eb5-947b-441af166ab5e,ALB-CN-1870-9484,isSameAs,ALB-CN-1880-8474,1870,1880,70-80,0.75
e7e2a1f5-9def-4c6e-8cdc-9c5da334b708,ALB-CN-1870-9486,isSameAs,ALB-CN-1880-20723,1870,1880,70-80,0.731
c9f0d5e5-cfe7-4ef4-bc56-526a826d041c,ALB-CN-1870-9491,isSameAs,ALB-CN-1880-27401,1870,1880,70-80,0.948
a76e7346-50d3-48a6-9e87-39b6ca9b1b10,ALB-CN-1870-9495,isSameAs,ALB-CN-1880-27403,1870,1880,70-80,0.975
ade6ad40-cd2b-4e0d-824c-48bc906c05f5,ALB-CN-1870-9496,isSameAs,ALB-CN-1880-27404,1870,1880,70-80,0.963
64009bec-0a33-4406-be8c-197eead6b031,ALB-CN-1870-9502,isSameAs,ALB-CN-1880-29114,1870,1880,70-80,0.657
930eb783-86fb-4c08-ba60-72a2d5a03fdc,ALB-CN-1870-9506,isSameAs,ALB-CN-1880-20686,1870,1880,70-80,0.69
74a3689c-3b0a-46c1-b8c8-e4970542c402,ALB-CN-1870-951,isSameAs,ALB-CN-1880-15470,1870,1880,70-80,0.948
be9943cd-f9e6-4516-b7de-58310e37e958,ALB-CN-1870-9515,isSameAs,ALB-CN-1880-27419,1870,1880,70-80,0.818
a0d38b1c-5693-46c6-92ba-ca085e8df1e7,ALB-CN-1870-9517,isSameAs,ALB-CN-1880-17052,1870,1880,70-80,0.622
ae1da230-0a8d-4817-bbac-b83dad57d87a,ALB-CN-1870-9518,isSameAs,ALB-CN-1880-13778,1870,1880,70-80,0.634
ab1b16db-63cc-4c4f-ade2-a2e6d8be1abf,ALB-CN-1870-952,isSameAs,ALB-CN-1880-15471,1870,1880,70-80,0.769
6b0c6730-95cd-4743-a44d-086a3fa71f95,ALB-CN-1870-9520,isSameAs,ALB-CN-1880-27422,1870,1880,70-80,0.825
2ab13a4a-560e-404c-a41d-df483d1543e8,ALB-CN-1870-9522,isSameAs,ALB-CN-1880-13173,1870,1880,70-80,0.731
a661e325-df93-4c70-a160-7f3ff2175ce5,ALB-CN-1870-9524,isSameAs,ALB-CN-1880-27391,1870,1880,70-80,0.802
c0530092-8646-4256-a788-dc5d7393b6c7,ALB-CN-1870-9525,isSameAs,ALB-CN-1880-27393,1870,1880,70-80,0.858
23348a3f-c8fa-4a54-94ad-02fda1d3b671,ALB-CN-1870-9544,isSameAs,ALB-CN-1880-22665,1870,1880,70-80,0.646
56f3d6e3-3242-498e-8d26-2d66a2d33380,ALB-CN-1870-9545,isSameAs,ALB-CN-1880-26769,1870,1880,70-80,0.87
10a0e523-435e-4c74-ad37-27dd83a124ae,ALB-CN-1870-955,isSameAs,ALB-CN-1880-1475,1870,1880,70-80,0.701
7e69435e-2fa7-4cb9-b77d-827cff15fec4,ALB-CN-1870-9557,isSameAs,ALB-CN-1880-8036,1870,1880,70-80,0.69
a618cbf0-08ab-4c8a-91dd-a9f7271720fe,ALB-CN-1870-9560,isSameAs,ALB-CN-1880-31529,1870,1880,70-80,0.711
4129a2cd-e2a2-41f7-b81b-d1eafcfa94a6,ALB-CN-1870-9561,isSameAs,ALB-CN-1880-31530,1870,1880,70-80,0.9
2013e543-756e-43a0-8634-6489db2fc7f3,ALB-CN-1870-9562,isSameAs,ALB-CN-1880-31531,1870,1880,70-80,0.984
9992b7e5-8dcc-4bb1-8cc3-645c958c47a9,ALB-CN-1870-9563,isSameAs,ALB-CN-1880-1933,1870,1880,70-80,0.769
e517f19d-986f-47cf-8dad-7cdf1303b6bd,ALB-CN-1870-9565,isSameAs,ALB-CN-1880-31534,1870,1880,70-80,0.98
d9819ae2-8b07-4a5d-8d4b-eb0046d0ebdf,ALB-CN-1870-9566,isSameAs,ALB-CN-1880-28846,1870,1880,70-80,0.786
1e6fbf64-4fdc-4810-9f7b-a326a36fe07a,ALB-CN-1870-9567,isSameAs,ALB-CN-1880-16278,1870,1880,70-80,0.769
76fe423c-b19a-4212-b4a2-c9c9d320daa0,ALB-CN-1870-9568,isSameAs,ALB-CN-1880-1932,1870,1880,70-80,0.832
cd2290c3-be0e-4e59-9086-75f21d36a7af,ALB-CN-1870-957,isSameAs,ALB-CN-1880-15475,1870,1880,70-80,0.711
808fe968-edf8-44af-a4b3-58b4f7c74f68,ALB-CN-1870-9575,isSameAs,ALB-CN-1880-27233,1870,1880,70-80,0.794
27eed494-a116-444a-be48-568ecfa5727c,ALB-CN-1870-9578,isSameAs,ALB-CN-1880-942,1870,1880,70-80,0.777
1694b4c0-5f0d-4893-8376-7abac2745e56,ALB-CN-1870-9579,isSameAs,ALB-CN-1880-13551,1870,1880,70-80,0.802
89014f95-7dc4-4d49-b302-f8b8e0b1101e,ALB-CN-1870-958,isSameAs,ALB-CN-1880-15476,1870,1880,70-80,0.622
d2010e3f-fa3b-407b-98cd-c882ee025eab,ALB-CN-1870-9580,isSameAs,ALB-CN-1880-28965,1870,1880,70-80,0.622
f6bc007b-4e92-4f9c-83f9-b085200e96c0,ALB-CN-1870-9581,isSameAs,ALB-CN-1880-15269,1870,1880,70-80,0.657
c93aa745-a7fa-40df-a56d-81100c7c4056,ALB-CN-1870-9583,isSameAs,ALB-CN-1880-28969,1870,1880,70-80,0.622
adf9f616-6be9-49a5-a68b-992c0f30922e,ALB-CN-1870-9598,isSameAs,ALB-CN-1880-26746,1870,1880,70-80,0.909
28b07b01-4b27-4452-a27c-285527e0a284,ALB-CN-1870-9599,isSameAs,ALB-CN-1880-26747,1870,1880,70-80,0.931
3b426ada-acab-4cab-8dbc-314fc16aa5e5,ALB-CN-1870-9600,isSameAs,ALB-CN-1880-1869,1870,1880,70-80,0.769
613dc110-b022-48dd-9a3e-1c27b9fab8e2,ALB-CN-1870-9601,isSameAs,ALB-CN-1880-26559,1870,1880,70-80,0.69
3839dfc2-ae89-4f6b-96cb-c25ec8ccb63a,ALB-CN-1870-9603,isSameAs,ALB-CN-1880-26596,1870,1880,70-80,0.711
62364448-74b1-4da8-9f51-b4f5fad15fa9,ALB-CN-1870-9605,isSameAs,ALB-CN-1880-28405,1870,1880,70-80,0.711
f9d48df7-8861-479c-a224-4e4d6827039d,ALB-CN-1870-9606,isSameAs,ALB-CN-1880-26748,1870,1880,70-80,0.961
14347cff-1723-4c08-96fe-80c61e1876c2,ALB-CN-1870-961,isSameAs,ALB-CN-1880-15125,1870,1880,70-80,0.937
465d5597-c132-4a46-8962-8b5e65e7b7bf,ALB-CN-1870-9612,isSameAs,ALB-CN-1880-30174,1870,1880,70-80,0.75
40730f01-bfba-4726-b176-ddf1c2097d33,ALB-CN-1870-962,isSameAs,ALB-CN-1880-15126,1870,1880,70-80,0.634
83b15501-20ba-49e7-91b2-e1a26d71a22c,ALB-CN-1870-9628,isSameAs,ALB-CN-1880-27765,1870,1880,70-80,0.909
bc6d572d-d441-4019-b129-3ca99efd083a,ALB-CN-1870-9629,isSameAs,ALB-CN-1880-27514,1870,1880,70-80,0.937
48280e82-f5be-4cc3-9e8c-c3265a78d428,ALB-CN-1870-963,isSameAs,ALB-CN-1880-9169,1870,1880,70-80,0.852
08b763e7-6d4c-4bb6-82c5-6e7edfa07fc8,ALB-CN-1870-9630,isSameAs,ALB-CN-1880-27515,1870,1880,70-80,0.832
678c6eab-dfc8-4338-8647-dd2c81847c63,ALB-CN-1870-9638,isSameAs,ALB-CN-1880-24236,1870,1880,70-80,0.917
71a29bd8-8b08-4776-90a5-cf3bb78e774c,ALB-CN-1870-9639,isSameAs,ALB-CN-1880-16280,1870,1880,70-80,0.731
bf4260d6-096a-4f68-8ffe-8fc3940e1c06,ALB-CN-1870-964,isSameAs,ALB-CN-1880-20487,1870,1880,70-80,0.976
fa9076ec-e30b-43d0-925c-7bdce8de7c98,ALB-CN-1870-9648,isSameAs,ALB-CN-1880-28309,1870,1880,70-80,0.69
69bd7b28-8ff1-4d1c-bb3b-cd42f3e9ee18,ALB-CN-1870-965,isSameAs,ALB-CN-1880-9171,1870,1880,70-80,0.948
d53a1daf-aadf-43e6-885e-8fba87944558,ALB-CN-1870-9651,isSameAs,ALB-CN-1880-29852,1870,1880,70-80,0.948
68fa524b-bb61-48d1-9ed5-0ebcb67b0fe0,ALB-CN-1870-9653,isSameAs,ALB-CN-1880-29854,1870,1880,70-80,0.964
6ef25685-9ab7-46f7-b20a-24a9df108619,ALB-CN-1870-9654,isSameAs,ALB-CN-1880-28360,1870,1880,70-80,0.679
75bd138e-1b6c-4b3d-8b00-66414eccab3b,ALB-CN-1870-966,isSameAs,ALB-CN-1880-9172,1870,1880,70-80,0.924
c1fb0d43-e04f-429d-84ad-a69da833cca0,ALB-CN-1870-9665,isSameAs,ALB-CN-1880-26953,1870,1880,70-80,0.875
13fe1076-ee56-4f2f-b45c-9c128fd3949e,ALB-CN-1870-9666,isSameAs,ALB-CN-1880-26954,1870,1880,70-80,0.948
ffe0d8c0-9e28-45bd-852d-d7f3cf4f92f5,ALB-CN-1870-9667,isSameAs,ALB-CN-1880-26955,1870,1880,70-80,0.896
766988bd-863e-4094-8823-9edf8d649666,ALB-CN-1870-967,isSameAs,ALB-CN-1880-9173,1870,1880,70-80,0.98
73010f1e-b448-432c-8967-0606a53f3118,ALB-CN-1870-9672,isSameAs,ALB-CN-1880-24732,1870,1880,70-80,0.891
5db473c8-61a5-410d-b41d-b3ace21349c1,ALB-CN-1870-9674,isSameAs,ALB-CN-1880-24734,1870,1880,70-80,0.971
54c3749f-d496-49d7-a4d5-f856f3158540,ALB-CN-1870-9675,isSameAs,ALB-CN-1880-24735,1870,1880,70-80,0.98
c1c0fe26-c1e6-48f4-92df-b5c74841466c,ALB-CN-1870-9676,isSameAs,ALB-CN-1880-24736,1870,1880,70-80,0.99
8fc8f558-0df2-40dc-8d3c-6facfbe993e2,ALB-CN-1870-9678,isSameAs,ALB-CN-1880-28312,1870,1880,70-80,0.858
a9d3cea6-1a1f-45f8-9cba-841f5fdf54d4,ALB-CN-1870-968,isSameAs,ALB-CN-1880-18113,1870,1880,70-80,0.984
403f48e2-69a8-4468-8d18-74d1b7dfa8e1,ALB-CN-1870-9680,isSameAs,ALB-CN-1880-7258,1870,1880,70-80,0.75
967da7a8-9262-4b38-a8df-44f3d7c29c3f,ALB-CN-1870-9681,isSameAs,ALB-CN-1880-26440,1870,1880,70-80,0.832
2df2acbe-77ed-4a9a-ae98-3246307d60ac,ALB-CN-1870-9682,isSameAs,ALB-CN-1880-27134,1870,1880,70-80,0.668
ebd73049-d0b5-4356-960b-dfe2aad8f72b,ALB-CN-1870-9684,isSameAs,ALB-CN-1880-26441,1870,1880,70-80,0.832
3cbdfe55-c666-423e-a09f-34be9c4b7b48,ALB-CN-1870-969,isSameAs,ALB-CN-1880-18114,1870,1880,70-80,0.957
0a4116a6-656d-4bae-887d-e9ad4e6123cd,ALB-CN-1870-9695,isSameAs,ALB-CN-1880-32196,1870,1880,70-80,0.832
f41bd73e-a524-4999-bd98-8703dab22dc2,ALB-CN-1870-9698,isSameAs,ALB-CN-1880-32198,1870,1880,70-80,0.948
ab01fa7e-9547-456f-80cd-da4d2594ac6b,ALB-CN-1870-9699,isSameAs,ALB-CN-1880-32199,1870,1880,70-80,0.964
c3f40e67-0911-4a96-98de-e9d1568167c3,ALB-CN-1870-9700,isSameAs,ALB-CN-1880-32164,1870,1880,70-80,0.984
8e6b0d19-3b6f-4478-91c8-aad743c67274,ALB-CN-1870-9705,isSameAs,ALB-CN-1880-32169,1870,1880,70-80,0.818
f3ab469c-2e3c-4696-b0a1-2e1925278092,ALB-CN-1870-9707,isSameAs,ALB-CN-1880-32168,1870,1880,70-80,0.875
d2cc7b29-51d4-47b5-807d-94cd05dfec8e,ALB-CN-1870-9708,isSameAs,ALB-CN-1880-3689,1870,1880,70-80,0.711
053429ef-1793-4da3-aa8c-216a8c980063,ALB-CN-1870-9713,isSameAs,ALB-CN-1880-24679,1870,1880,70-80,0.99
9f60578f-5de6-467a-915c-d9452de745bd,ALB-CN-1870-9714,isSameAs,ALB-CN-1880-24680,1870,1880,70-80,0.978
53b5a680-1672-4f34-8e37-90bfbd3f7143,ALB-CN-1870-9715,isSameAs,ALB-CN-1880-32014,1870,1880,70-80,0.731
eba3012a-f021-402a-800d-5eba1deaab9e,ALB-CN-1870-9720,isSameAs,ALB-CN-1880-24675,1870,1880,70-80,0.786
0d8c62dd-2611-4a4f-aac1-ffc79fc7dc72,ALB-CN-1870-9721,isSameAs,ALB-CN-1880-24681,1870,1880,70-80,0.99
3e9d19d3-58e8-4475-8cc4-6383d2f48fb2,ALB-CN-1870-9722,isSameAs,ALB-CN-1880-24682,1870,1880,70-80,0.984
64c68542-31cd-4f70-81e7-c3f1085a5477,ALB-CN-1870-9724,isSameAs,ALB-CN-1880-24484,1870,1880,70-80,0.891
86286f9b-cfa9-4c1f-bc3e-d8f323b64b5c,ALB-CN-1870-9725,isSameAs,ALB-CN-1880-24485,1870,1880,70-80,0.832
84f5ef32-d961-419a-aaa7-619df57734fc,ALB-CN-1870-9726,isSameAs,ALB-CN-1880-24486,1870,1880,70-80,0.948
477bb78d-b3fd-4676-8126-139d3c5d9263,ALB-CN-1870-9727,isSameAs,ALB-CN-1880-24487,1870,1880,70-80,0.957
0029675f-78ab-4761-a225-f17d5fed6d3b,ALB-CN-1870-9728,isSameAs,ALB-CN-1880-26162,1870,1880,70-80,0.87
4ba5e567-8a4a-401c-9c31-cea6673be72b,ALB-CN-1870-9729,isSameAs,ALB-CN-1880-24492,1870,1880,70-80,0.622
a426d9b7-3404-443d-81e7-e68e4499d998,ALB-CN-1870-973,isSameAs,ALB-CN-1880-22858,1870,1880,70-80,0.961
48725943-923f-43f0-8eb3-1e542ec98f80,ALB-CN-1870-9732,isSameAs,ALB-CN-1880-24777,1870,1880,70-80,0.721
cd840488-ce21-44ec-86d6-cef303503bfa,ALB-CN-1870-9733,isSameAs,ALB-CN-1880-30213,1870,1880,70-80,0.891
2da7c738-aa7c-4df0-afab-95b15f287f76,ALB-CN-1870-9736,isSameAs,ALB-CN-1880-24778,1870,1880,70-80,0.825
88b136a8-a23f-4d5a-846d-f391c0b854f6,ALB-CN-1870-974,isSameAs,ALB-CN-1880-22859,1870,1880,70-80,0.931
5fcbc978-6b75-4253-918d-53dd1e740547,ALB-CN-1870-9744,isSameAs,ALB-CN-1880-24756,1870,1880,70-80,0.984
8589d7e8-f3b4-47c6-b1e8-cc6413425450,ALB-CN-1870-9745,isSameAs,ALB-CN-1880-24757,1870,1880,70-80,0.982
c354fee1-a845-4876-a9a9-df3435583e07,ALB-CN-1870-9746,isSameAs,ALB-CN-1880-24758,1870,1880,70-80,0.75
c2174b47-624e-4f31-8dd8-d8b1dfbafcf6,ALB-CN-1870-9747,isSameAs,ALB-CN-1880-24759,1870,1880,70-80,0.989
3377ee53-87be-4c4f-9867-52322f59c790,ALB-CN-1870-9748,isSameAs,ALB-CN-1880-24760,1870,1880,70-80,0.973
3c5af168-54a6-4d6b-9cdb-984b2c2f89f4,ALB-CN-1870-9749,isSameAs,ALB-CN-1880-24761,1870,1880,70-80,0.982
7dd13e5e-e2f0-4e92-b4af-0a3498f82c9e,ALB-CN-1870-9751,isSameAs,ALB-CN-1880-26428,1870,1880,70-80,0.786
74ccfd27-a64e-4d3b-a580-6faa6f5e1cac,ALB-CN-1870-9754,isSameAs,ALB-CN-1880-32048,1870,1880,70-80,0.657
6a26889d-89f2-490a-a7ed-517ddfa93bbd,ALB-CN-1870-9756,isSameAs,ALB-CN-1880-3435,1870,1880,70-80,0.818
4b3ad5e9-c296-46c6-8d2d-0ad1886cbada,ALB-CN-1870-9761,isSameAs,ALB-CN-1880-13060,1870,1880,70-80,0.87
6c7f846b-99ba-4dcb-ac75-a0b266cc41b9,ALB-CN-1870-9765,isSameAs,ALB-CN-1880-23978,1870,1880,70-80,0.69
830a7beb-8afd-4aa5-859b-90a467b35103,ALB-CN-1870-9766,isSameAs,ALB-CN-1880-32125,1870,1880,70-80,0.896
c324951b-f059-42ff-a733-ac3864105ca7,ALB-CN-1870-9767,isSameAs,ALB-CN-1880-32126,1870,1880,70-80,0.825
f04b7eef-4ee0-452b-897c-0431ead449f2,ALB-CN-1870-9769,isSameAs,ALB-CN-1880-26308,1870,1880,70-80,0.622
88f908a7-1b60-4e69-85db-04c3ec3784fb,ALB-CN-1870-9770,isSameAs,ALB-CN-1880-26309,1870,1880,70-80,0.959
ce973b82-0b9b-4982-843d-87d9eda4a145,ALB-CN-1870-9773,isSameAs,ALB-CN-1880-26310,1870,1880,70-80,0.622
acca43ab-7737-4d7c-81b8-0e95ff7355f3,ALB-CN-1870-9774,isSameAs,ALB-CN-1880-26312,1870,1880,70-80,0.839
bc9dd225-c09f-4b08-8df0-fd613ca5d903,ALB-CN-1870-9775,isSameAs,ALB-CN-1880-26313,1870,1880,70-80,0.839
9f437aff-1838-4757-bcba-69f56a800020,ALB-CN-1870-9777,isSameAs,ALB-CN-1880-24762,1870,1880,70-80,0.971
01c8a184-f268-4935-9dca-575e59e93510,ALB-CN-1870-9779,isSameAs,ALB-CN-1880-24764,1870,1880,70-80,0.98
7ded70a3-de3b-4da6-bd64-de1dc90a4c4e,ALB-CN-1870-9781,isSameAs,ALB-CN-1880-24765,1870,1880,70-80,0.968
266e9f4b-9f9a-41e4-aabd-6d54647a633a,ALB-CN-1870-9785,isSameAs,ALB-CN-1880-26940,1870,1880,70-80,0.976
b105548e-4d53-4826-b419-e255006ed106,ALB-CN-1870-9786,isSameAs,ALB-CN-1880-26941,1870,1880,70-80,0.846
300ff1cb-287e-4048-b8d7-7fcc276046e8,ALB-CN-1870-9788,isSameAs,ALB-CN-1880-116,1870,1880,70-80,0.75
8b3f0667-88e3-4b4e-84c5-afdf28135ad4,ALB-CN-1870-9789,isSameAs,ALB-CN-1880-18778,1870,1880,70-80,0.891
995fe615-11cc-4d73-a4be-9d7f0ae1bbb4,ALB-CN-1870-9794,isSameAs,ALB-CN-1880-31355,1870,1880,70-80,0.987
063b4c42-7595-4d14-8751-f0e6c19158d5,ALB-CN-1870-9795,isSameAs,ALB-CN-1880-31356,1870,1880,70-80,0.948
57eeec9a-5029-4f98-9624-c831e7e6475f,ALB-CN-1870-9796,isSameAs,ALB-CN-1880-31357,1870,1880,70-80,0.622
6315ea1b-6eee-4224-b7aa-2e61337ad51e,ALB-CN-1870-980,isSameAs,ALB-CN-1880-22838,1870,1880,70-80,0.69
bc7078ab-f104-433a-bac3-f1251fa51f7e,ALB-CN-1870-9800,isSameAs,ALB-CN-1880-14062,1870,1880,70-80,0.69
5ce25053-4d3e-41e5-b144-565f7ce92829,ALB-CN-1870-9809,isSameAs,ALB-CN-1880-25144,1870,1880,70-80,0.69
d64f35e4-41ca-46bd-b7f9-fe50400cf2c1,ALB-CN-1870-981,isSameAs,ALB-CN-1880-22804,1870,1880,70-80,0.984
3390cc96-c9af-4131-b2b6-2b0d102710ac,ALB-CN-1870-9810,isSameAs,ALB-CN-1880-25145,1870,1880,70-80,0.818
2418f094-39c7-4017-a3ff-05923af8b7dd,ALB-CN-1870-9812,isSameAs,ALB-CN-1880-24763,1870,1880,70-80,0.957
48a73165-d4cb-4439-b533-1f86a8ef11c7,ALB-CN-1870-9813,isSameAs,ALB-CN-1880-24805,1870,1880,70-80,0.976
1d5e906b-8cd4-4649-b8b9-24b8fd1d47c9,ALB-CN-1870-9814,isSameAs,ALB-CN-1880-24806,1870,1880,70-80,0.937
b58531ca-01e9-4e3a-9028-1b1fe734f0fd,ALB-CN-1870-982,isSameAs,ALB-CN-1880-22805,1870,1880,70-80,0.982
7df8bff3-52dc-44ad-84e6-0eaf5a99c5da,ALB-CN-1870-9820,isSameAs,ALB-CN-1880-28608,1870,1880,70-80,0.987
caa21607-b527-4f66-99d5-30c54953650d,ALB-CN-1870-9822,isSameAs,ALB-CN-1880-28610,1870,1880,70-80,0.99
664def55-49f9-4ce9-b726-8a35af16ea69,ALB-CN-1870-9825,isSameAs,ALB-CN-1880-28611,1870,1880,70-80,0.98
c158f8c5-c42a-4a8c-99a8-f7a3782ec556,ALB-CN-1870-9826,isSameAs,ALB-CN-1880-28612,1870,1880,70-80,0.98
f73ee6d4-a386-492a-97fe-832018f24af2,ALB-CN-1870-9827,isSameAs,ALB-CN-1880-28613,1870,1880,70-80,0.971
88098fa9-6d1a-4739-8dc0-b3e04db621c7,ALB-CN-1870-9829,isSameAs,ALB-CN-1880-28614,1870,1880,70-80,0.971
56a58b68-7695-4c25-aedd-e377eb087b7a,ALB-CN-1870-983,isSameAs,ALB-CN-1880-22808,1870,1880,70-80,0.818
9c536131-c30b-4a61-b016-c13631baccf8,ALB-CN-1870-9830,isSameAs,ALB-CN-1880-28615,1870,1880,70-80,0.98
845c8e99-0d65-4cb8-88aa-0fbb27298b1d,ALB-CN-1870-9834,isSameAs,ALB-CN-1880-24820,1870,1880,70-80,0.987
f748462e-8648-45f6-81f2-01050978a5db,ALB-CN-1870-9837,isSameAs,ALB-CN-1880-24815,1870,1880,70-80,0.891
793cd4bd-f299-4984-89b8-45ab7d31ec0d,ALB-CN-1870-9839,isSameAs,ALB-CN-1880-28375,1870,1880,70-80,0.818
928408ab-e202-4330-8f4a-76e7e267b970,ALB-CN-1870-984,isSameAs,ALB-CN-1880-22806,1870,1880,70-80,0.982
15621c08-5fab-4ca3-bb94-1803c02c15b8,ALB-CN-1870-9840,isSameAs,ALB-CN-1880-28376,1870,1880,70-80,0.802
be8126c0-71b4-49f4-8eb1-6e418c197d4a,ALB-CN-1870-9845,isSameAs,ALB-CN-1880-29928,1870,1880,70-80,0.818
da5a4776-f9fa-4ac7-9fdb-57475eff7bc1,ALB-CN-1870-9846,isSameAs,ALB-CN-1880-28416,1870,1880,70-80,0.98
3204f0e5-1d7a-41b8-810f-3d2bf88f7d52,ALB-CN-1870-9847,isSameAs,ALB-CN-1880-28418,1870,1880,70-80,0.971
d3a2a8be-1cc2-4f85-b013-d4643122a961,ALB-CN-1870-9849,isSameAs,ALB-CN-1880-28420,1870,1880,70-80,0.971
9ed1f479-d813-4b7e-9859-53d54389026f,ALB-CN-1870-986,isSameAs,ALB-CN-1880-22807,1870,1880,70-80,0.984
d6963917-467c-4685-99f6-a85bc78fb13b,ALB-CN-1870-9869,isSameAs,ALB-CN-1880-24828,1870,1880,70-80,0.825
a541c960-b25e-4d2e-ae50-8f42b5bcaea2,ALB-CN-1870-9873,isSameAs,ALB-CN-1880-29048,1870,1880,70-80,0.75
e0b6a804-9891-4693-9730-5dde75dfd28c,ALB-CN-1870-9875,isSameAs,ALB-CN-1880-24829,1870,1880,70-80,0.731
be3392ed-d37b-4ee2-beb3-dc68117f2539,ALB-CN-1870-9883,isSameAs,ALB-CN-1880-22103,1870,1880,70-80,0.948
e3fe6b85-7081-4f11-9fcb-fb5c97cf62ba,ALB-CN-1870-9884,isSameAs,ALB-CN-1880-31103,1870,1880,70-80,0.646
acd53dd6-7f39-493c-b1c0-52fc08cf3ea0,ALB-CN-1870-989,isSameAs,ALB-CN-1880-31732,1870,1880,70-80,0.875
0c96498c-d92f-4803-a3e3-8372710018b4,ALB-CN-1870-990,isSameAs,ALB-CN-1880-26317,1870,1880,70-80,0.622
aa6173b3-67e9-4996-81a3-89341afe74b2,ALB-CN-1870-9900,isSameAs,ALB-CN-1880-17294,1870,1880,70-80,0.875
811dfbc0-fb14-4567-baae-1c44e66bf0c9,ALB-CN-1870-9902,isSameAs,ALB-CN-1880-24840,1870,1880,70-80,0.937
b2328886-588e-4ecb-8edb-36a5e20c8e39,ALB-CN-1870-9908,isSameAs,ALB-CN-1880-24841,1870,1880,70-80,0.825
53836539-ea1d-4626-b28e-e6c8f521143c,ALB-CN-1870-9909,isSameAs,ALB-CN-1880-24842,1870,1880,70-80,0.909
1b42cfc1-1ffa-4de7-ab6d-b061b87fab63,ALB-CN-1870-9910,isSameAs,ALB-CN-1880-26943,1870,1880,70-80,0.98
4da7a290-2954-46e0-a45e-cf594c33998d,ALB-CN-1870-9911,isSameAs,ALB-CN-1880-29893,1870,1880,70-80,0.818
af15646d-0b70-496e-b713-fe23c89b622c,ALB-CN-1870-9912,isSameAs,ALB-CN-1880-29894,1870,1880,70-80,0.846
5b2894eb-cd88-42b2-90c2-245155d83381,ALB-CN-1870-9913,isSameAs,ALB-CN-1880-26945,1870,1880,70-80,0.964
85d56584-0c8b-42a2-97af-d8ee74176d7b,ALB-CN-1870-9925,isSameAs,ALB-CN-1880-28481,1870,1880,70-80,0.786
4522ed5f-28ef-468f-977e-076ec598003b,ALB-CN-1870-9926,isSameAs,ALB-CN-1880-28482,1870,1880,70-80,0.9
8e56e607-7009-4305-aba8-a77f59c64e71,ALB-CN-1870-9927,isSameAs,ALB-CN-1880-28483,1870,1880,70-80,0.957
6c82aae5-ee79-451d-8deb-408773861263,ALB-CN-1870-9929,isSameAs,ALB-CN-1880-28484,1870,1880,70-80,0.9
c0b69a7d-c55f-44c0-b468-7cfa28445d28,ALB-CN-1870-9930,isSameAs,ALB-CN-1880-28485,1870,1880,70-80,0.971
479e9e4b-0e77-494f-8dfb-cf8cd33269a8,ALB-CN-1870-9931,isSameAs,ALB-CN-1880-28486,1870,1880,70-80,0.913
720dbf44-1c6e-4c90-83fb-d30c5666e846,ALB-CN-1870-9932,isSameAs,ALB-CN-1880-28487,1870,1880,70-80,0.971
72a6c29f-88e3-4dc0-aa3b-18f1416a6fce,ALB-CN-1870-9933,isSameAs,ALB-CN-1880-28334,1870,1880,70-80,0.76
7ad8c8a4-8280-4c53-b53f-5f18a60779f3,ALB-CN-1870-9934,isSameAs,ALB-CN-1880-28335,1870,1880,70-80,0.832
69f98149-3a40-4975-adbe-a74c7eed0c1a,ALB-CN-1870-9935,isSameAs,ALB-CN-1880-9373,1870,1880,70-80,0.731
b7c11421-2f06-43c3-a674-cc2d676171e1,ALB-CN-1870-9941,isSameAs,ALB-CN-1880-2199,1870,1880,70-80,0.818
9ff6c862-a534-46df-9e0a-7f37f9a9b24e,ALB-CN-1870-9942,isSameAs,ALB-CN-1880-29860,1870,1880,70-80,0.711
693166ac-a179-4267-b5be-e334482f6905,ALB-CN-1870-9943,isSameAs,ALB-CN-1880-30800,1870,1880,70-80,0.9
5d792536-fb5b-45d1-b5bb-2397eb5cc9b1,ALB-CN-1870-9953,isSameAs,ALB-CN-1880-28367,1870,1880,70-80,0.973
9b8e21db-0e2b-44a3-8f4e-3ded1b425918,ALB-CN-1870-9954,isSameAs,ALB-CN-1880-28368,1870,1880,70-80,0.989
22a12ee8-cb2d-4bc4-a5da-f5061c3d6aab,ALB-CN-1870-9955,isSameAs,ALB-CN-1880-28369,1870,1880,70-80,0.984
b21db296-7b92-477e-aac5-e26566f12ac0,ALB-CN-1870-9957,isSameAs,ALB-CN-1880-9354,1870,1880,70-80,0.818
86d673e7-95fd-41a4-b59e-ef1235678d86,ALB-CN-1870-9958,isSameAs,ALB-CN-1880-28370,1870,1880,70-80,0.976
7d02a23b-2988-4a8c-a005-c5319421ad4e,ALB-CN-1870-9959,isSameAs,ALB-CN-1880-28371,1870,1880,70-80,0.984
9f57d0d5-8290-4978-8b45-917a4d4a184b,ALB-CN-1870-9960,isSameAs,ALB-CN-1880-28372,1870,1880,70-80,0.984
fafbb736-97a1-4def-8643-4d9b92401139,ALB-CN-1870-9963,isSameAs,ALB-CN-1880-30644,1870,1880,70-80,0.924
9122fbf4-fc3a-4461-bdc5-4b5f059df5d7,ALB-CN-1870-9971,isSameAs,ALB-CN-1880-30645,1870,1880,70-80,0.931
1815e96e-852f-4ef8-9770-cfb50e4607bf,ALB-CN-1870-9972,isSameAs,ALB-CN-1880-30646,1870,1880,70-80,0.905
50886a73-a695-4cd9-99a7-abc891be3c54,ALB-CN-1870-9980,isSameAs,ALB-CN-1880-25002,1870,1880,70-80,0.846
f24dcf30-a2d9-415d-9b19-5a6aba4c88c7,ALB-CN-1870-9982,isSameAs,ALB-CN-1880-25020,1870,1880,70-80,0.87
55fa6d01-03fa-4a76-a408-e4f0906b6761,ALB-CN-1870-9983,isSameAs,ALB-CN-1880-25004,1870,1880,70-80,0.931
c7d8af23-9a16-48d6-9258-c321da75a236,ALB-CN-1870-9985,isSameAs,ALB-CN-1880-25005,1870,1880,70-80,0.846
a64df820-943a-4188-bf25-26df7c191f24,ALB-CN-1870-9988,isSameAs,ALB-CN-1880-28373,1870,1880,70-80,0.75
f5ac0906-e85b-4a04-9e58-7718cfd8c04e,ALB-CN-1870-9994,isSameAs,ALB-CN-1880-27072,1870,1880,70-80,0.731
c17fa2d9-4bea-48b3-8b73-9bd4da8ee233,ALB-CN-1870-9998,isSameAs,ALB-CN-1880-28402,1870,1880,70-80,0.825
