year,holdnum,slavenum,sizehold,statefip,stateicp,countyicp,county,urban,city,citypop,metro,metarea,mdstatus,metdist,urbarea,age,gender,norm_race,histid_slave,histid,linkpop,version
1850.0,307719.0,1.0,11.0,51.0,40.0,150.0,400150.0,1.0,0.0,0.0,1.0,0.0,1.0,0.0,0.0,35.0,M,B,56a7622b-9802-4a41-80ab-d29ff496b9e6,7ee3ceb7-7519-44ed-b240-95b3fd572100,1.0,1.0
1850.0,307719.0,2.0,11.0,51.0,40.0,150.0,400150.0,1.0,0.0,0.0,1.0,0.0,1.0,0.0,0.0,30.0,F,B,e3ca6330-d0de-4b67-8cbd-afb3658acf8f,7ee3ceb7-7519-44ed-b240-95b3fd572100,1.0,1.0
1850.0,307719.0,3.0,11.0,51.0,40.0,150.0,400150.0,1.0,0.0,0.0,1.0,0.0,1.0,0.0,0.0,3.0,F,B,32b38152-d705-4d5e-b3d4-b0a02c8109c0,7ee3ceb7-7519-44ed-b240-95b3fd572100,1.0,1.0
1850.0,307719.0,4.0,11.0,51.0,40.0,150.0,400150.0,1.0,0.0,0.0,1.0,0.0,1.0,0.0,0.0,36.0,M,B,f20c00c4-3056-4399-a796-07b4bf7fd08d,7ee3ceb7-7519-44ed-b240-95b3fd572100,1.0,1.0
1850.0,307719.0,5.0,11.0,51.0,40.0,150.0,400150.0,1.0,0.0,0.0,1.0,0.0,1.0,0.0,0.0,25.0,M,B,14f15299-252a-4fc6-8491-800a5636b9cb,7ee3ceb7-7519-44ed-b240-95b3fd572100,1.0,1.0
1850.0,307719.0,6.0,11.0,51.0,40.0,150.0,400150.0,1.0,0.0,0.0,1.0,0.0,1.0,0.0,0.0,16.0,M,B,a6f0255b-0653-4b13-91e5-0d102a34b6a8,7ee3ceb7-7519-44ed-b240-95b3fd572100,1.0,1.0
1850.0,307719.0,7.0,11.0,51.0,40.0,150.0,400150.0,1.0,0.0,0.0,1.0,0.0,1.0,0.0,0.0,14.0,M,B,e8cc7906-17ce-4e01-848f-fcbf178fb15c,7ee3ceb7-7519-44ed-b240-95b3fd572100,1.0,1.0
1850.0,307719.0,8.0,11.0,51.0,40.0,150.0,400150.0,1.0,0.0,0.0,1.0,0.0,1.0,0.0,0.0,7.0,M,B,85733699-cf55-4d5b-ae42-1348bc046191,7ee3ceb7-7519-44ed-b240-95b3fd572100,1.0,1.0
1850.0,307719.0,9.0,11.0,51.0,40.0,150.0,400150.0,1.0,0.0,0.0,1.0,0.0,1.0,0.0,0.0,10.0,M,B,5aeb7268-516a-4579-a8d1-780711ef81d5,7ee3ceb7-7519-44ed-b240-95b3fd572100,1.0,1.0
1850.0,307719.0,10.0,11.0,51.0,40.0,150.0,400150.0,1.0,0.0,0.0,1.0,0.0,1.0,0.0,0.0,14.0,M,B,6f85fe1c-76d9-4725-929e-39a9614cff22,7ee3ceb7-7519-44ed-b240-95b3fd572100,1.0,1.0
1850.0,307719.0,11.0,11.0,51.0,40.0,150.0,400150.0,1.0,0.0,0.0,1.0,0.0,1.0,0.0,0.0,40.0,M,B,1cb1a25e-70c9-418b-a97a-f60c07a735d2,7ee3ceb7-7519-44ed-b240-95b3fd572100,1.0,1.0
1850.0,307720.0,1.0,4.0,51.0,40.0,150.0,400150.0,1.0,0.0,0.0,1.0,0.0,1.0,0.0,0.0,67.0,M,B,ad55ecfa-bc6b-4aa8-a583-7267816c9fa6,0e5b5475-e8ac-48e6-bd44-8e5457da2e1c,1.0,1.0
1850.0,307720.0,2.0,4.0,51.0,40.0,150.0,400150.0,1.0,0.0,0.0,1.0,0.0,1.0,0.0,0.0,22.0,M,B,d00efcae-2da1-42f3-8682-5f0356f6c310,0e5b5475-e8ac-48e6-bd44-8e5457da2e1c,1.0,1.0
1850.0,307720.0,3.0,4.0,51.0,40.0,150.0,400150.0,1.0,0.0,0.0,1.0,0.0,1.0,0.0,0.0,22.0,M,B,08ab616d-1a40-4b8a-b7a4-71457e90327d,0e5b5475-e8ac-48e6-bd44-8e5457da2e1c,1.0,1.0
1850.0,307720.0,4.0,4.0,51.0,40.0,150.0,400150.0,1.0,0.0,0.0,1.0,0.0,1.0,0.0,0.0,50.0,F,B,f8d07df5-112d-4d5a-a798-72ae022f2439,0e5b5475-e8ac-48e6-bd44-8e5457da2e1c,1.0,1.0
1850.0,307721.0,1.0,10.0,51.0,40.0,150.0,400150.0,1.0,0.0,0.0,1.0,0.0,1.0,0.0,0.0,65.0,M,B,d94a558e-db02-4771-87b7-1b7acb5a49a0,7ee3ceb7-7519-44ed-b240-95b3fd572100,1.0,1.0
1850.0,307721.0,2.0,10.0,51.0,40.0,150.0,400150.0,1.0,0.0,0.0,1.0,0.0,1.0,0.0,0.0,55.0,M,B,b0a0ff5e-b991-4287-8329-c3bb991b9413,7ee3ceb7-7519-44ed-b240-95b3fd572100,1.0,1.0
1850.0,307721.0,3.0,10.0,51.0,40.0,150.0,400150.0,1.0,0.0,0.0,1.0,0.0,1.0,0.0,0.0,32.0,M,B,d964bdac-34c4-4bec-a253-a21e981d6ff5,7ee3ceb7-7519-44ed-b240-95b3fd572100,1.0,1.0
1850.0,307721.0,4.0,10.0,51.0,40.0,150.0,400150.0,1.0,0.0,0.0,1.0,0.0,1.0,0.0,0.0,54.0,M,B,daabea89-304c-4d18-8f2c-81c4b82e0396,7ee3ceb7-7519-44ed-b240-95b3fd572100,1.0,1.0
1850.0,307721.0,5.0,10.0,51.0,40.0,150.0,400150.0,1.0,0.0,0.0,1.0,0.0,1.0,0.0,0.0,50.0,M,B,be2222f2-bc7f-4f30-bcb5-46bfc7b0d4ad,7ee3ceb7-7519-44ed-b240-95b3fd572100,1.0,1.0
1850.0,307721.0,6.0,10.0,51.0,40.0,150.0,400150.0,1.0,0.0,0.0,1.0,0.0,1.0,0.0,0.0,18.0,M,B,1ba5bb40-d014-41bf-aa6b-2b05423c0165,7ee3ceb7-7519-44ed-b240-95b3fd572100,1.0,1.0
1850.0,307721.0,7.0,10.0,51.0,40.0,150.0,400150.0,1.0,0.0,0.0,1.0,0.0,1.0,0.0,0.0,20.0,M,B,f7d4c869-4252-4cac-af17-c1253b9f542a,7ee3ceb7-7519-44ed-b240-95b3fd572100,1.0,1.0
1850.0,307721.0,8.0,10.0,51.0,40.0,150.0,400150.0,1.0,0.0,0.0,1.0,0.0,1.0,0.0,0.0,18.0,F,B,058c7953-043e-4099-ba1b-70c823fdf7f2,7ee3ceb7-7519-44ed-b240-95b3fd572100,1.0,1.0
1850.0,307721.0,9.0,10.0,51.0,40.0,150.0,400150.0,1.0,0.0,0.0,1.0,0.0,1.0,0.0,0.0,28.0,F,B,3600f336-1720-442f-b8e1-9eb4bede10f8,7ee3ceb7-7519-44ed-b240-95b3fd572100,1.0,1.0
1850.0,307721.0,10.0,10.0,51.0,40.0,150.0,400150.0,1.0,0.0,0.0,1.0,0.0,1.0,0.0,0.0,55.0,M,B,90240987-0e44-4c0c-b680-e59966581b6e,7ee3ceb7-7519-44ed-b240-95b3fd572100,1.0,1.0
1850.0,307722.0,1.0,17.0,51.0,40.0,150.0,400150.0,1.0,0.0,0.0,1.0,0.0,1.0,0.0,0.0,55.0,M,B,d1a6bdcf-e85a-431b-9efb-7f06674ea1df,12b14841-4aac-437e-be59-ce3c1cce644b,1.0,1.0
1850.0,307722.0,2.0,17.0,51.0,40.0,150.0,400150.0,1.0,0.0,0.0,1.0,0.0,1.0,0.0,0.0,34.0,M,B,1b04e840-de66-452b-9091-e47dba4096d5,12b14841-4aac-437e-be59-ce3c1cce644b,1.0,1.0
1850.0,307722.0,3.0,17.0,51.0,40.0,150.0,400150.0,1.0,0.0,0.0,1.0,0.0,1.0,0.0,0.0,24.0,M,B,0b1c2f5b-5b62-4688-9a66-afaa6b1a896b,12b14841-4aac-437e-be59-ce3c1cce644b,1.0,1.0
1850.0,307722.0,4.0,17.0,51.0,40.0,150.0,400150.0,1.0,0.0,0.0,1.0,0.0,1.0,0.0,0.0,22.0,M,B,22e3022f-3b36-421c-9329-8d056751372d,12b14841-4aac-437e-be59-ce3c1cce644b,1.0,1.0
1850.0,307722.0,5.0,17.0,51.0,40.0,150.0,400150.0,1.0,0.0,0.0,1.0,0.0,1.0,0.0,0.0,19.0,M,B,f6aa83dc-79e2-4f4f-99f1-416cb5ae0f50,12b14841-4aac-437e-be59-ce3c1cce644b,1.0,1.0
1850.0,307722.0,6.0,17.0,51.0,40.0,150.0,400150.0,1.0,0.0,0.0,1.0,0.0,1.0,0.0,0.0,12.0,M,B,530489da-df41-417f-b162-31a92a662d0c,12b14841-4aac-437e-be59-ce3c1cce644b,1.0,1.0
1850.0,307722.0,7.0,17.0,51.0,40.0,150.0,400150.0,1.0,0.0,0.0,1.0,0.0,1.0,0.0,0.0,10.0,M,B,49a6f00b-6c58-488c-8430-571fb88fb931,12b14841-4aac-437e-be59-ce3c1cce644b,1.0,1.0
1850.0,307722.0,8.0,17.0,51.0,40.0,150.0,400150.0,1.0,0.0,0.0,1.0,0.0,1.0,0.0,0.0,6.0,M,B,5aa25ac3-71c6-4cfc-838c-cf6b30260196,12b14841-4aac-437e-be59-ce3c1cce644b,1.0,1.0
1850.0,307722.0,9.0,17.0,51.0,40.0,150.0,400150.0,1.0,0.0,0.0,1.0,0.0,1.0,0.0,0.0,4.0,M,B,1b7b9ff7-0d94-44ce-867d-e2de185c0c05,12b14841-4aac-437e-be59-ce3c1cce644b,1.0,1.0
1850.0,307722.0,10.0,17.0,51.0,40.0,150.0,400150.0,1.0,0.0,0.0,1.0,0.0,1.0,0.0,0.0,2.0,M,B,0fde70b2-d9c6-4119-9300-6ea0bff78a0e,12b14841-4aac-437e-be59-ce3c1cce644b,1.0,1.0
1850.0,307722.0,11.0,17.0,51.0,40.0,150.0,400150.0,1.0,0.0,0.0,1.0,0.0,1.0,0.0,0.0,0.0,M,B,f7c4d1e9-b0f4-4ff9-ab55-83bd415b3859,12b14841-4aac-437e-be59-ce3c1cce644b,1.0,1.0
1850.0,307722.0,12.0,17.0,51.0,40.0,150.0,400150.0,1.0,0.0,0.0,1.0,0.0,1.0,0.0,0.0,32.0,F,B,a9bafe5b-b8c9-4527-b9f9-513ed2f00e28,12b14841-4aac-437e-be59-ce3c1cce644b,1.0,1.0
1850.0,307722.0,13.0,17.0,51.0,40.0,150.0,400150.0,1.0,0.0,0.0,1.0,0.0,1.0,0.0,0.0,22.0,F,B,1c48dc33-4aaf-48e2-89a0-41663332a365,12b14841-4aac-437e-be59-ce3c1cce644b,1.0,1.0
1850.0,307722.0,14.0,17.0,51.0,40.0,150.0,400150.0,1.0,0.0,0.0,1.0,0.0,1.0,0.0,0.0,17.0,F,B,eab6d364-e10d-4c8f-9e0b-ef2ac9e5226a,12b14841-4aac-437e-be59-ce3c1cce644b,1.0,1.0
1850.0,307722.0,15.0,17.0,51.0,40.0,150.0,400150.0,1.0,0.0,0.0,1.0,0.0,1.0,0.0,0.0,9.0,F,B,209ea11f-f5a7-4d54-9ff2-19cab4a04708,12b14841-4aac-437e-be59-ce3c1cce644b,1.0,1.0
1850.0,307722.0,16.0,17.0,51.0,40.0,150.0,400150.0,1.0,0.0,0.0,1.0,0.0,1.0,0.0,0.0,9.0,F,B,8e8d98f0-413e-4549-a24b-d2ea43a499c7,12b14841-4aac-437e-be59-ce3c1cce644b,1.0,1.0
1850.0,307722.0,17.0,17.0,51.0,40.0,150.0,400150.0,1.0,0.0,0.0,1.0,0.0,1.0,0.0,0.0,2.0,F,B,1f5c1367-b4ae-4cd2-82ec-fd8cdda8148a,12b14841-4aac-437e-be59-ce3c1cce644b,1.0,1.0
1850.0,307723.0,1.0,28.0,51.0,40.0,150.0,400150.0,1.0,0.0,0.0,1.0,0.0,1.0,0.0,0.0,60.0,M,B,96e6b435-bcda-49cd-b97b-0d2cfbb85ce0,e8fec78a-51bd-4ac5-be23-ce490a4de35b,1.0,1.0
1850.0,307723.0,2.0,28.0,51.0,40.0,150.0,400150.0,1.0,0.0,0.0,1.0,0.0,1.0,0.0,0.0,4.0,M,B,71f5d9d1-b048-42f3-b6e2-45d7345e195c,e8fec78a-51bd-4ac5-be23-ce490a4de35b,1.0,1.0
1850.0,307723.0,3.0,28.0,51.0,40.0,150.0,400150.0,1.0,0.0,0.0,1.0,0.0,1.0,0.0,0.0,6.0,M,B,aa04d49a-f059-40a7-923f-81cc7b1b48ad,e8fec78a-51bd-4ac5-be23-ce490a4de35b,1.0,1.0
1850.0,307723.0,4.0,28.0,51.0,40.0,150.0,400150.0,1.0,0.0,0.0,1.0,0.0,1.0,0.0,0.0,4.0,M,B,26bd79ce-00c7-448a-ac70-9754507afdcc,e8fec78a-51bd-4ac5-be23-ce490a4de35b,1.0,1.0
1850.0,307723.0,5.0,28.0,51.0,40.0,150.0,400150.0,1.0,0.0,0.0,1.0,0.0,1.0,0.0,0.0,2.0,M,B,60fe4d55-8bd7-4ce5-90a4-4cc83eadccf3,e8fec78a-51bd-4ac5-be23-ce490a4de35b,1.0,1.0
1850.0,307723.0,6.0,28.0,51.0,40.0,150.0,400150.0,1.0,0.0,0.0,1.0,0.0,1.0,0.0,0.0,15.0,M,B,1f77899d-ed2d-40ab-82a2-40639aa80ec1,e8fec78a-51bd-4ac5-be23-ce490a4de35b,1.0,1.0
1850.0,307723.0,7.0,28.0,51.0,40.0,150.0,400150.0,1.0,0.0,0.0,1.0,0.0,1.0,0.0,0.0,16.0,M,B,0419eb7d-5250-4455-b6fe-1c34bc44d221,e8fec78a-51bd-4ac5-be23-ce490a4de35b,1.0,1.0
1850.0,307723.0,8.0,28.0,51.0,40.0,150.0,400150.0,1.0,0.0,0.0,1.0,0.0,1.0,0.0,0.0,14.0,M,B,82ee83f4-de62-475b-92f8-d05915f2e9ff,e8fec78a-51bd-4ac5-be23-ce490a4de35b,1.0,1.0
1850.0,307723.0,9.0,28.0,51.0,40.0,150.0,400150.0,1.0,0.0,0.0,1.0,0.0,1.0,0.0,0.0,32.0,F,B,12a01b21-cdfe-49ca-85ea-921a81368710,e8fec78a-51bd-4ac5-be23-ce490a4de35b,1.0,1.0
1850.0,307723.0,10.0,28.0,51.0,40.0,150.0,400150.0,1.0,0.0,0.0,1.0,0.0,1.0,0.0,0.0,21.0,F,B,3dce7f5e-7df3-495e-8749-0ddfbe8f8abc,e8fec78a-51bd-4ac5-be23-ce490a4de35b,1.0,1.0
1850.0,307723.0,11.0,28.0,51.0,40.0,150.0,400150.0,1.0,0.0,0.0,1.0,0.0,1.0,0.0,0.0,30.0,F,B,67e18858-7e89-4157-b21d-809571200c74,e8fec78a-51bd-4ac5-be23-ce490a4de35b,1.0,1.0
1850.0,307723.0,12.0,28.0,51.0,40.0,150.0,400150.0,1.0,0.0,0.0,1.0,0.0,1.0,0.0,0.0,40.0,M,B,c324c087-bbb3-4d65-a1a7-077403154537,e8fec78a-51bd-4ac5-be23-ce490a4de35b,1.0,1.0
1850.0,307723.0,13.0,28.0,51.0,40.0,150.0,400150.0,1.0,0.0,0.0,1.0,0.0,1.0,0.0,0.0,20.0,F,B,340d8365-08bb-47f0-b1b7-22902fa8d87b,e8fec78a-51bd-4ac5-be23-ce490a4de35b,1.0,1.0
1850.0,307723.0,14.0,28.0,51.0,40.0,150.0,400150.0,1.0,0.0,0.0,1.0,0.0,1.0,0.0,0.0,19.0,F,B,62fc12fd-90c4-40f2-9402-9df9a0d176e6,e8fec78a-51bd-4ac5-be23-ce490a4de35b,1.0,1.0
1850.0,307723.0,15.0,28.0,51.0,40.0,150.0,400150.0,1.0,0.0,0.0,1.0,0.0,1.0,0.0,0.0,18.0,F,B,9b4a1fdd-a0d1-4c8a-a570-c2d3fa31d3fb,e8fec78a-51bd-4ac5-be23-ce490a4de35b,1.0,1.0
1850.0,307723.0,16.0,28.0,51.0,40.0,150.0,400150.0,1.0,0.0,0.0,1.0,0.0,1.0,0.0,0.0,14.0,F,B,cf30b3c0-2b67-4bd6-b497-6671d9418d30,e8fec78a-51bd-4ac5-be23-ce490a4de35b,1.0,1.0
1850.0,307723.0,17.0,28.0,51.0,40.0,150.0,400150.0,1.0,0.0,0.0,1.0,0.0,1.0,0.0,0.0,13.0,F,B,b55210d4-c2fd-472e-94ca-1cfdafa7edd5,e8fec78a-51bd-4ac5-be23-ce490a4de35b,1.0,1.0
1850.0,307723.0,18.0,28.0,51.0,40.0,150.0,400150.0,1.0,0.0,0.0,1.0,0.0,1.0,0.0,0.0,6.0,F,B,0c304aa3-341e-43b0-9166-baf00163f15d,e8fec78a-51bd-4ac5-be23-ce490a4de35b,1.0,1.0
1850.0,307723.0,19.0,28.0,51.0,40.0,150.0,400150.0,1.0,0.0,0.0,1.0,0.0,1.0,0.0,0.0,4.0,F,B,1359f896-a3e9-4030-9d04-01a88215bdb8,e8fec78a-51bd-4ac5-be23-ce490a4de35b,1.0,1.0
1850.0,307723.0,20.0,28.0,51.0,40.0,150.0,400150.0,1.0,0.0,0.0,1.0,0.0,1.0,0.0,0.0,5.0,F,B,b13e72c7-f07e-487e-9288-b69f50888af0,e8fec78a-51bd-4ac5-be23-ce490a4de35b,1.0,1.0
1850.0,307723.0,21.0,28.0,51.0,40.0,150.0,400150.0,1.0,0.0,0.0,1.0,0.0,1.0,0.0,0.0,0.0,F,B,7ab21f8a-0d43-4f8c-95e2-e8faf0302c95,e8fec78a-51bd-4ac5-be23-ce490a4de35b,1.0,1.0
1850.0,307723.0,22.0,28.0,51.0,40.0,150.0,400150.0,1.0,0.0,0.0,1.0,0.0,1.0,0.0,0.0,40.0,M,B,ec3cd3ed-1b9f-4270-9fe1-fa844c133ca9,e8fec78a-51bd-4ac5-be23-ce490a4de35b,1.0,1.0
1850.0,307723.0,23.0,28.0,51.0,40.0,150.0,400150.0,1.0,0.0,0.0,1.0,0.0,1.0,0.0,0.0,30.0,M,B,dadc1979-0c39-4338-8516-62d19f7f9cdf,e8fec78a-51bd-4ac5-be23-ce490a4de35b,1.0,1.0
1850.0,307723.0,24.0,28.0,51.0,40.0,150.0,400150.0,1.0,0.0,0.0,1.0,0.0,1.0,0.0,0.0,22.0,M,B,35efc6fc-3541-459e-b438-5865d16ba39b,e8fec78a-51bd-4ac5-be23-ce490a4de35b,1.0,1.0
1850.0,307723.0,25.0,28.0,51.0,40.0,150.0,400150.0,1.0,0.0,0.0,1.0,0.0,1.0,0.0,0.0,19.0,M,B,3e9e107b-cc3d-4656-8ce2-37db26b77a32,e8fec78a-51bd-4ac5-be23-ce490a4de35b,1.0,1.0
1850.0,307723.0,26.0,28.0,51.0,40.0,150.0,400150.0,1.0,0.0,0.0,1.0,0.0,1.0,0.0,0.0,18.0,M,B,a4a53812-013b-4508-946b-f8b884e047e5,e8fec78a-51bd-4ac5-be23-ce490a4de35b,1.0,1.0
1850.0,307723.0,27.0,28.0,51.0,40.0,150.0,400150.0,1.0,0.0,0.0,1.0,0.0,1.0,0.0,0.0,11.0,M,B,5dea2003-1dde-470b-a1f6-c37b50029673,e8fec78a-51bd-4ac5-be23-ce490a4de35b,1.0,1.0
1850.0,307723.0,28.0,28.0,51.0,40.0,150.0,400150.0,1.0,0.0,0.0,1.0,0.0,1.0,0.0,0.0,4.0,M,B,54f0a3f5-8659-4c2d-9b21-4c96ae523000,e8fec78a-51bd-4ac5-be23-ce490a4de35b,1.0,1.0
1850.0,307724.0,1.0,4.0,51.0,40.0,150.0,400150.0,1.0,0.0,0.0,1.0,0.0,1.0,0.0,0.0,8.0,M,B,5c6ccf74-dd33-4b75-a5f5-4230d73296de,,0.0,1.0
1850.0,307724.0,2.0,4.0,51.0,40.0,150.0,400150.0,1.0,0.0,0.0,1.0,0.0,1.0,0.0,0.0,2.0,M,B,9c3809c9-9f48-41a6-8cc1-3ab96318df9a,,0.0,1.0
1850.0,307724.0,3.0,4.0,51.0,40.0,150.0,400150.0,1.0,0.0,0.0,1.0,0.0,1.0,0.0,0.0,5.0,M,B,deb7ff74-5114-4a5e-8791-d87c2c730740,,0.0,1.0
1850.0,307724.0,4.0,4.0,51.0,40.0,150.0,400150.0,1.0,0.0,0.0,1.0,0.0,1.0,0.0,0.0,35.0,F,B,f1d3ce86-09fd-452a-8a48-5e483de0cc9f,,0.0,1.0
1850.0,307725.0,1.0,1.0,51.0,40.0,150.0,400150.0,1.0,0.0,0.0,1.0,0.0,1.0,0.0,0.0,12.0,F,B,56762bc5-90d0-4c27-8352-d7aa9f24320c,37eddf34-1c0a-477a-bfb8-9b2771ecb677,1.0,1.0
1850.0,307726.0,1.0,1.0,51.0,40.0,150.0,400150.0,1.0,0.0,0.0,1.0,0.0,1.0,0.0,0.0,45.0,F,B,00e70cfd-528d-42ab-968b-319704cd32ec,92300f4e-4018-4b9d-8d47-9108dd7aae92,1.0,1.0
1850.0,307727.0,1.0,1.0,51.0,40.0,150.0,400150.0,1.0,0.0,0.0,1.0,0.0,1.0,0.0,0.0,11.0,M,B,8148b315-2f7b-4258-9e67-fedcfed81495,e8741b6f-7767-4240-939f-c19b9c74f40b,1.0,1.0
1850.0,307728.0,1.0,3.0,51.0,40.0,150.0,400150.0,1.0,0.0,0.0,1.0,0.0,1.0,0.0,0.0,10.0,M,B,117e09ef-dae0-407c-936d-4c27332647b1,91501526-78f0-4095-8b7e-5ddd9f47b1e3,1.0,1.0
1850.0,307728.0,2.0,3.0,51.0,40.0,150.0,400150.0,1.0,0.0,0.0,1.0,0.0,1.0,0.0,0.0,13.0,M,B,5202c735-0da6-4ffa-b49a-9c593629b40b,91501526-78f0-4095-8b7e-5ddd9f47b1e3,1.0,1.0
1850.0,307728.0,3.0,3.0,51.0,40.0,150.0,400150.0,1.0,0.0,0.0,1.0,0.0,1.0,0.0,0.0,20.0,F,B,2089bf9b-1c3a-4b46-80b1-3f347f99b0df,91501526-78f0-4095-8b7e-5ddd9f47b1e3,1.0,1.0
1850.0,307729.0,1.0,1.0,51.0,40.0,150.0,400150.0,1.0,0.0,0.0,1.0,0.0,1.0,0.0,0.0,7.0,F,B,e5ce98e6-6f63-48e0-bfd6-8de472bdc881,570d3157-acd7-4169-978e-27d1bac1b9f0,1.0,1.0
1850.0,307730.0,1.0,2.0,51.0,40.0,150.0,400150.0,1.0,0.0,0.0,1.0,0.0,1.0,0.0,0.0,18.0,F,B,aafd01a7-8dd9-4bc7-9977-ab4258bade69,ad5c567e-9876-461d-b495-f1e027d1d211,1.0,1.0
1850.0,307730.0,2.0,2.0,51.0,40.0,150.0,400150.0,1.0,0.0,0.0,1.0,0.0,1.0,0.0,0.0,1.0,F,B,f5ee17ae-025d-45c8-967f-7a9edcfefa7f,ad5c567e-9876-461d-b495-f1e027d1d211,1.0,1.0
1850.0,307731.0,1.0,1.0,51.0,40.0,150.0,400150.0,1.0,0.0,0.0,1.0,0.0,1.0,0.0,0.0,12.0,F,B,28ca7d14-c577-42ab-9084-a83b01b90389,8522b10c-5d2e-4751-b4af-95d8103b0c8c,1.0,1.0
1850.0,307732.0,1.0,1.0,51.0,40.0,150.0,400150.0,1.0,0.0,0.0,1.0,0.0,1.0,0.0,0.0,9.0,M,B,6cd2daf8-3e08-4745-a96a-41b90e65f244,cd184abf-5b73-4ba8-960c-bf194f7531b1,1.0,1.0
1850.0,307736.0,1.0,8.0,51.0,40.0,150.0,400150.0,1.0,0.0,0.0,1.0,0.0,1.0,0.0,0.0,50.0,M,B,be1e844f-4269-4190-b71f-571e1a02fbe2,246f087e-a5f5-49a5-89a3-f58ee4a30c0b,1.0,1.0
1850.0,307736.0,2.0,8.0,51.0,40.0,150.0,400150.0,1.0,0.0,0.0,1.0,0.0,1.0,0.0,0.0,15.0,M,B,6bd40836-fb01-4cf0-a4b8-702bcc80caab,246f087e-a5f5-49a5-89a3-f58ee4a30c0b,1.0,1.0
1850.0,307736.0,3.0,8.0,51.0,40.0,150.0,400150.0,1.0,0.0,0.0,1.0,0.0,1.0,0.0,0.0,13.0,M,B,dc1075a8-5d6f-4bc6-949c-86b256df959c,246f087e-a5f5-49a5-89a3-f58ee4a30c0b,1.0,1.0
1850.0,307736.0,4.0,8.0,51.0,40.0,150.0,400150.0,1.0,0.0,0.0,1.0,0.0,1.0,0.0,0.0,8.0,M,B,b5fe4417-46e9-498b-b5f4-ef4219870286,246f087e-a5f5-49a5-89a3-f58ee4a30c0b,1.0,1.0
1850.0,307736.0,5.0,8.0,51.0,40.0,150.0,400150.0,1.0,0.0,0.0,1.0,0.0,1.0,0.0,0.0,1.0,M,B,27f3dfaa-35fe-4ea2-9d91-dcb66d521d83,246f087e-a5f5-49a5-89a3-f58ee4a30c0b,1.0,1.0
1850.0,307736.0,6.0,8.0,51.0,40.0,150.0,400150.0,1.0,0.0,0.0,1.0,0.0,1.0,0.0,0.0,1.0,M,B,f88d9343-df70-43ea-a5c5-f6237ecd4866,246f087e-a5f5-49a5-89a3-f58ee4a30c0b,1.0,1.0
1850.0,307736.0,7.0,8.0,51.0,40.0,150.0,400150.0,1.0,0.0,0.0,1.0,0.0,1.0,0.0,0.0,37.0,F,B,c798bbb6-4d20-4c89-9167-ddf722347115,246f087e-a5f5-49a5-89a3-f58ee4a30c0b,1.0,1.0
1850.0,307736.0,8.0,8.0,51.0,40.0,150.0,400150.0,1.0,0.0,0.0,1.0,0.0,1.0,0.0,0.0,6.0,F,B,a6e6ecae-36b7-412e-a0f5-c457b704b169,246f087e-a5f5-49a5-89a3-f58ee4a30c0b,1.0,1.0
1850.0,307737.0,1.0,2.0,51.0,40.0,150.0,400150.0,1.0,0.0,0.0,1.0,0.0,1.0,0.0,0.0,20.0,F,B,2568d6e1-d8a0-40e7-8dd0-1e9ab4f193bf,4ff14ff0-8a7d-4b86-8653-3004e80fcc20,1.0,1.0
1850.0,307737.0,2.0,2.0,51.0,40.0,150.0,400150.0,1.0,0.0,0.0,1.0,0.0,1.0,0.0,0.0,16.0,F,B,5e7f93b9-d3aa-45f4-8028-d99f6b5eab75,4ff14ff0-8a7d-4b86-8653-3004e80fcc20,1.0,1.0
1850.0,307733.0,1.0,1.0,51.0,40.0,150.0,400150.0,1.0,0.0,0.0,1.0,0.0,1.0,0.0,0.0,40.0,M,B,ebc1908c-09ab-4207-9118-980d2543d66f,50aa3ab6-5008-40be-ad91-c13cfc761606,1.0,1.0
1850.0,307738.0,1.0,3.0,51.0,40.0,150.0,400150.0,1.0,0.0,0.0,1.0,0.0,1.0,0.0,0.0,21.0,F,B,9cc24928-c79b-4484-924c-c7b04bacaa40,3da0b850-56da-4f6b-85a8-e77fdc0e880a,1.0,1.0
1850.0,307738.0,2.0,3.0,51.0,40.0,150.0,400150.0,1.0,0.0,0.0,1.0,0.0,1.0,0.0,0.0,4.0,F,B,9d394482-4406-4b11-8e14-8e12947c284d,3da0b850-56da-4f6b-85a8-e77fdc0e880a,1.0,1.0
1850.0,307738.0,3.0,3.0,51.0,40.0,150.0,400150.0,1.0,0.0,0.0,1.0,0.0,1.0,0.0,0.0,0.0,F,B,3a6f2fba-5b0f-46ee-81a4-911e612ef495,3da0b850-56da-4f6b-85a8-e77fdc0e880a,1.0,1.0
1850.0,307739.0,1.0,2.0,51.0,40.0,150.0,400150.0,1.0,0.0,0.0,1.0,0.0,1.0,0.0,0.0,20.0,F,B,2c8be712-dc75-4ec1-a4d5-862e3568a835,e6cd55e7-2b7c-46b6-85d5-797c509192ac,1.0,1.0
1850.0,307739.0,2.0,2.0,51.0,40.0,150.0,400150.0,1.0,0.0,0.0,1.0,0.0,1.0,0.0,0.0,0.0,F,B,4eb73afc-f055-4e5f-b022-128bff48c41d,e6cd55e7-2b7c-46b6-85d5-797c509192ac,1.0,1.0
1850.0,307740.0,1.0,4.0,51.0,40.0,150.0,400150.0,1.0,0.0,0.0,1.0,0.0,1.0,0.0,0.0,19.0,M,B,3f9265fb-4cbf-4376-9c74-4945d05aba4e,f5c499d0-21dc-4719-8e82-d606c8f0ba8a,1.0,1.0
1850.0,307740.0,2.0,4.0,51.0,40.0,150.0,400150.0,1.0,0.0,0.0,1.0,0.0,1.0,0.0,0.0,14.0,M,B,fe350333-63bf-4cd3-abec-52eec433e125,f5c499d0-21dc-4719-8e82-d606c8f0ba8a,1.0,1.0
1850.0,307740.0,3.0,4.0,51.0,40.0,150.0,400150.0,1.0,0.0,0.0,1.0,0.0,1.0,0.0,0.0,11.0,M,B,104a990b-c82a-4a4b-8fc8-fd4fb6a04860,f5c499d0-21dc-4719-8e82-d606c8f0ba8a,1.0,1.0
1850.0,307740.0,4.0,4.0,51.0,40.0,150.0,400150.0,1.0,0.0,0.0,1.0,0.0,1.0,0.0,0.0,20.0,F,B,d41ed84f-96c2-40f9-bcaf-25ddc79c2f91,f5c499d0-21dc-4719-8e82-d606c8f0ba8a,1.0,1.0
1850.0,307741.0,1.0,4.0,51.0,40.0,150.0,400150.0,1.0,0.0,0.0,1.0,0.0,1.0,0.0,0.0,24.0,M,B,3d76f535-49ea-40ba-baa4-4548fd178584,345745a3-afbc-4d2d-bb7b-932a909706d5,1.0,1.0
1850.0,307741.0,2.0,4.0,51.0,40.0,150.0,400150.0,1.0,0.0,0.0,1.0,0.0,1.0,0.0,0.0,15.0,M,B,07732dcb-c271-4331-8025-034c9b64ca9f,345745a3-afbc-4d2d-bb7b-932a909706d5,1.0,1.0
1850.0,307741.0,3.0,4.0,51.0,40.0,150.0,400150.0,1.0,0.0,0.0,1.0,0.0,1.0,0.0,0.0,25.0,F,B,32fc1a4b-5da0-4570-bc7c-4fb49e799c9f,345745a3-afbc-4d2d-bb7b-932a909706d5,1.0,1.0
1850.0,307741.0,4.0,4.0,51.0,40.0,150.0,400150.0,1.0,0.0,0.0,1.0,0.0,1.0,0.0,0.0,13.0,F,B,899a94ee-ae29-4412-be5b-5ba53a5bf23a,345745a3-afbc-4d2d-bb7b-932a909706d5,1.0,1.0
1850.0,307734.0,1.0,1.0,51.0,40.0,150.0,400150.0,1.0,0.0,0.0,1.0,0.0,1.0,0.0,0.0,40.0,M,B,c2516db0-a0a7-4f60-b92d-2bfbeb23021b,aabdd65c-e97b-4b42-92ea-e893267b1595,1.0,1.0
1850.0,307742.0,1.0,10.0,51.0,40.0,150.0,400150.0,1.0,0.0,0.0,1.0,0.0,1.0,0.0,0.0,27.0,M,B,6db74d32-c72a-443f-9b79-8cf847afd2c3,931b05c8-657c-45d0-a9c2-719be4fab447,1.0,1.0
1850.0,307742.0,2.0,10.0,51.0,40.0,150.0,400150.0,1.0,0.0,0.0,1.0,0.0,1.0,0.0,0.0,25.0,M,B,3a517781-5c28-4a36-8dc8-7cd73e4f1e65,931b05c8-657c-45d0-a9c2-719be4fab447,1.0,1.0
1850.0,307742.0,3.0,10.0,51.0,40.0,150.0,400150.0,1.0,0.0,0.0,1.0,0.0,1.0,0.0,0.0,7.0,M,B,434afd67-207f-4bff-8494-5b52dfb9edda,931b05c8-657c-45d0-a9c2-719be4fab447,1.0,1.0
1850.0,307742.0,4.0,10.0,51.0,40.0,150.0,400150.0,1.0,0.0,0.0,1.0,0.0,1.0,0.0,0.0,4.0,M,B,6dae188e-1426-4331-a4bf-6e98b3b3f849,931b05c8-657c-45d0-a9c2-719be4fab447,1.0,1.0
1850.0,307742.0,5.0,10.0,51.0,40.0,150.0,400150.0,1.0,0.0,0.0,1.0,0.0,1.0,0.0,0.0,2.0,M,B,90c18a83-7dd9-448d-866d-ca8695fe2116,931b05c8-657c-45d0-a9c2-719be4fab447,1.0,1.0
1850.0,307742.0,6.0,10.0,51.0,40.0,150.0,400150.0,1.0,0.0,0.0,1.0,0.0,1.0,0.0,0.0,67.0,F,B,5b32fe8d-2f0c-4453-8824-d754596c10d4,931b05c8-657c-45d0-a9c2-719be4fab447,1.0,1.0
1850.0,307742.0,7.0,10.0,51.0,40.0,150.0,400150.0,1.0,0.0,0.0,1.0,0.0,1.0,0.0,0.0,31.0,F,B,74cae71a-6a94-4021-b2f7-40a31eeafc42,931b05c8-657c-45d0-a9c2-719be4fab447,1.0,1.0
1850.0,307742.0,8.0,10.0,51.0,40.0,150.0,400150.0,1.0,0.0,0.0,1.0,0.0,1.0,0.0,0.0,27.0,F,B,fe375112-d574-482b-800a-bab19af76839,931b05c8-657c-45d0-a9c2-719be4fab447,1.0,1.0
1850.0,307742.0,9.0,10.0,51.0,40.0,150.0,400150.0,1.0,0.0,0.0,1.0,0.0,1.0,0.0,0.0,12.0,F,B,462c37eb-a22a-4ea4-9aa0-078d87d48a17,931b05c8-657c-45d0-a9c2-719be4fab447,1.0,1.0
1850.0,307742.0,10.0,10.0,51.0,40.0,150.0,400150.0,1.0,0.0,0.0,1.0,0.0,1.0,0.0,0.0,6.0,F,B,40ced3d4-da55-4ece-8024-22895e1d806d,931b05c8-657c-45d0-a9c2-719be4fab447,1.0,1.0
1850.0,307735.0,1.0,6.0,51.0,40.0,150.0,400150.0,1.0,0.0,0.0,1.0,0.0,1.0,0.0,0.0,70.0,M,B,86bf0e5f-526a-4bbd-a171-680cdfa08859,eabf96af-100a-4869-b869-a24af2d71532,1.0,1.0
1850.0,307735.0,2.0,6.0,51.0,40.0,150.0,400150.0,1.0,0.0,0.0,1.0,0.0,1.0,0.0,0.0,18.0,M,B,8b1fcf27-0c4e-4c7f-9984-2fa76abb3090,eabf96af-100a-4869-b869-a24af2d71532,1.0,1.0
1850.0,307735.0,3.0,6.0,51.0,40.0,150.0,400150.0,1.0,0.0,0.0,1.0,0.0,1.0,0.0,0.0,11.0,M,B,748442b4-9f8d-4420-b6ba-8191dc27625d,eabf96af-100a-4869-b869-a24af2d71532,1.0,1.0
1850.0,307735.0,4.0,6.0,51.0,40.0,150.0,400150.0,1.0,0.0,0.0,1.0,0.0,1.0,0.0,0.0,9.0,M,B,679f1f0e-2b4c-4ce1-8aed-822ec2160450,eabf96af-100a-4869-b869-a24af2d71532,1.0,1.0
1850.0,307735.0,5.0,6.0,51.0,40.0,150.0,400150.0,1.0,0.0,0.0,1.0,0.0,1.0,0.0,0.0,50.0,F,B,a8915250-e4de-43c9-8871-337a64e78c74,eabf96af-100a-4869-b869-a24af2d71532,1.0,1.0
1850.0,307735.0,6.0,6.0,51.0,40.0,150.0,400150.0,1.0,0.0,0.0,1.0,0.0,1.0,0.0,0.0,4.0,F,B,41077242-243e-4afd-a720-95fd622a6645,eabf96af-100a-4869-b869-a24af2d71532,1.0,1.0
1850.0,307743.0,1.0,1.0,51.0,40.0,150.0,400150.0,1.0,0.0,0.0,1.0,0.0,1.0,0.0,0.0,60.0,F,B,8fd26a6e-4aaf-40c4-8dd9-fb009e41d296,6ae4c860-4f25-4a2c-99d3-ad9f0dbba624,1.0,1.0
1850.0,307747.0,1.0,4.0,51.0,40.0,150.0,400150.0,1.0,0.0,0.0,1.0,0.0,1.0,0.0,0.0,18.0,M,B,e0e9a420-f6c0-4d85-bac9-9fcb25e0ec44,,0.0,1.0
1850.0,307747.0,2.0,4.0,51.0,40.0,150.0,400150.0,1.0,0.0,0.0,1.0,0.0,1.0,0.0,0.0,18.0,M,B,2a203291-0e40-41e4-a6a5-b4333b523182,,0.0,1.0
1850.0,307747.0,3.0,4.0,51.0,40.0,150.0,400150.0,1.0,0.0,0.0,1.0,0.0,1.0,0.0,0.0,35.0,M,B,8e3afee2-3e90-4fcf-9c1c-8ba25b3c6b34,,0.0,1.0
1850.0,307747.0,4.0,4.0,51.0,40.0,150.0,400150.0,1.0,0.0,0.0,1.0,0.0,1.0,0.0,0.0,25.0,M,B,f7d5706e-c412-4362-9e43-3433f37c4d86,,0.0,1.0
1850.0,307748.0,1.0,2.0,51.0,40.0,150.0,400150.0,1.0,0.0,0.0,1.0,0.0,1.0,0.0,0.0,50.0,M,B,3b90c3ad-ec2f-45d2-a4bb-f51a6b62b96c,880e1498-0634-4542-8be2-6d73fbc9e470,1.0,1.0
1850.0,307748.0,2.0,2.0,51.0,40.0,150.0,400150.0,1.0,0.0,0.0,1.0,0.0,1.0,0.0,0.0,15.0,M,B,370907c3-8eca-4b25-b863-a96f6880d5e1,880e1498-0634-4542-8be2-6d73fbc9e470,1.0,1.0
1850.0,307749.0,1.0,1.0,51.0,40.0,150.0,400150.0,1.0,0.0,0.0,1.0,0.0,1.0,0.0,0.0,12.0,F,B,8302195d-ab19-4860-a5c3-9e00f5d7b9a3,b517062b-b114-4ac2-969b-18b867daea7c,1.0,1.0
1850.0,307750.0,1.0,1.0,51.0,40.0,150.0,400150.0,1.0,0.0,0.0,1.0,0.0,1.0,0.0,0.0,16.0,F,B,0e51b225-9ee8-4a65-8165-80651c8cf076,38300bf2-c295-4dca-a0ac-ffc6bf50b1ae,1.0,1.0
1850.0,307751.0,1.0,2.0,51.0,40.0,150.0,400150.0,1.0,0.0,0.0,1.0,0.0,1.0,0.0,0.0,15.0,M,B,437f4bd8-f5f2-49d2-bf56-1b5bfb6a753b,d2a3278e-3e7b-44a8-9f01-bff657a0ec2d,1.0,1.0
1850.0,307751.0,2.0,2.0,51.0,40.0,150.0,400150.0,1.0,0.0,0.0,1.0,0.0,1.0,0.0,0.0,12.0,F,B,d23cc648-636e-4657-81d9-b69b48fe153f,d2a3278e-3e7b-44a8-9f01-bff657a0ec2d,1.0,1.0
1850.0,307752.0,1.0,1.0,51.0,40.0,150.0,400150.0,1.0,0.0,0.0,1.0,0.0,1.0,0.0,0.0,10.0,M,B,336e349d-f73c-4021-a596-6c5c12f32be4,1ea03aa2-59a0-482e-a219-7ef0c4910174,1.0,1.0
1850.0,307744.0,1.0,4.0,51.0,40.0,150.0,400150.0,1.0,0.0,0.0,1.0,0.0,1.0,0.0,0.0,12.0,M,B,bf2eec9a-a781-4037-b9e8-0ff1ad6f4404,965ad1ab-bbd0-4eb5-b4bf-207e54f32512,1.0,1.0
1850.0,307744.0,2.0,4.0,51.0,40.0,150.0,400150.0,1.0,0.0,0.0,1.0,0.0,1.0,0.0,0.0,7.0,M,B,04fa105c-56a4-41ca-87db-7b09c7af3525,965ad1ab-bbd0-4eb5-b4bf-207e54f32512,1.0,1.0
1850.0,307744.0,3.0,4.0,51.0,40.0,150.0,400150.0,1.0,0.0,0.0,1.0,0.0,1.0,0.0,0.0,25.0,M,B,02d0d87e-d794-44d0-b122-0b370206f50d,965ad1ab-bbd0-4eb5-b4bf-207e54f32512,1.0,1.0
1850.0,307744.0,4.0,4.0,51.0,40.0,150.0,400150.0,1.0,0.0,0.0,1.0,0.0,1.0,0.0,0.0,13.0,F,B,407e72d0-1984-49f8-b85a-7f16b0933bc3,965ad1ab-bbd0-4eb5-b4bf-207e54f32512,1.0,1.0
1850.0,307753.0,1.0,1.0,51.0,40.0,150.0,400150.0,1.0,0.0,0.0,1.0,0.0,1.0,0.0,0.0,15.0,F,B,5b2061f9-c6a7-4036-870a-657e41a5d66c,6d81d47e-6fcc-43e7-97cb-4fabdfaa3c02,1.0,1.0
1850.0,307754.0,1.0,10.0,51.0,40.0,150.0,400150.0,1.0,0.0,0.0,1.0,0.0,1.0,0.0,0.0,25.0,M,B,88100833-86eb-48d8-aa1a-a5dcc4126bef,e440a9c1-c526-4074-98f6-bd1ff18524a5,1.0,1.0
1850.0,307754.0,2.0,10.0,51.0,40.0,150.0,400150.0,1.0,0.0,0.0,1.0,0.0,1.0,0.0,0.0,15.0,M,B,4fdda75e-8e8a-442e-b5c7-821ba3b4371d,e440a9c1-c526-4074-98f6-bd1ff18524a5,1.0,1.0
1850.0,307754.0,3.0,10.0,51.0,40.0,150.0,400150.0,1.0,0.0,0.0,1.0,0.0,1.0,0.0,0.0,13.0,M,B,7bad9bd0-39eb-4544-9bc7-c0f2290601a8,e440a9c1-c526-4074-98f6-bd1ff18524a5,1.0,1.0
1850.0,307754.0,4.0,10.0,51.0,40.0,150.0,400150.0,1.0,0.0,0.0,1.0,0.0,1.0,0.0,0.0,14.0,M,B,f4ab9dc9-c844-4314-aed6-3d586e06dba4,e440a9c1-c526-4074-98f6-bd1ff18524a5,1.0,1.0
1850.0,307754.0,5.0,10.0,51.0,40.0,150.0,400150.0,1.0,0.0,0.0,1.0,0.0,1.0,0.0,0.0,7.0,M,B,62a95e72-2634-4afa-a4f7-41c6c4458e7c,e440a9c1-c526-4074-98f6-bd1ff18524a5,1.0,1.0
1850.0,307754.0,6.0,10.0,51.0,40.0,150.0,400150.0,1.0,0.0,0.0,1.0,0.0,1.0,0.0,0.0,4.0,M,B,a7b4f0f3-60e8-447f-98e4-56fd1c66c2ae,e440a9c1-c526-4074-98f6-bd1ff18524a5,1.0,1.0
1850.0,307754.0,7.0,10.0,51.0,40.0,150.0,400150.0,1.0,0.0,0.0,1.0,0.0,1.0,0.0,0.0,3.0,M,B,7b5a68aa-ce3f-427b-91ec-88c7438529c6,e440a9c1-c526-4074-98f6-bd1ff18524a5,1.0,1.0
1850.0,307754.0,8.0,10.0,51.0,40.0,150.0,400150.0,1.0,0.0,0.0,1.0,0.0,1.0,0.0,0.0,25.0,F,B,2dc3aea0-12f0-4778-a129-e29ad90bcc96,e440a9c1-c526-4074-98f6-bd1ff18524a5,1.0,1.0
1850.0,307754.0,9.0,10.0,51.0,40.0,150.0,400150.0,1.0,0.0,0.0,1.0,0.0,1.0,0.0,0.0,18.0,F,B,abb809e9-d454-4444-86eb-8f0866952604,e440a9c1-c526-4074-98f6-bd1ff18524a5,1.0,1.0
1850.0,307754.0,10.0,10.0,51.0,40.0,150.0,400150.0,1.0,0.0,0.0,1.0,0.0,1.0,0.0,0.0,14.0,F,B,8f318f7a-231f-4d07-8e08-92b5ea993f53,e440a9c1-c526-4074-98f6-bd1ff18524a5,1.0,1.0
1850.0,307755.0,1.0,12.0,51.0,40.0,150.0,400150.0,1.0,0.0,0.0,1.0,0.0,1.0,0.0,0.0,48.0,M,B,92b07236-ddcb-4b61-a98e-c0f4bcdba25a,03786aae-ce44-4630-b8cd-67c9a13ef007,1.0,1.0
1850.0,307755.0,2.0,12.0,51.0,40.0,150.0,400150.0,1.0,0.0,0.0,1.0,0.0,1.0,0.0,0.0,22.0,M,B,2c5e3adc-c213-4b80-b566-f62c001f068a,03786aae-ce44-4630-b8cd-67c9a13ef007,1.0,1.0
1850.0,307755.0,3.0,12.0,51.0,40.0,150.0,400150.0,1.0,0.0,0.0,1.0,0.0,1.0,0.0,0.0,15.0,M,B,49a421f4-6219-4d60-af9f-673fc8f34bd4,03786aae-ce44-4630-b8cd-67c9a13ef007,1.0,1.0
1850.0,307755.0,4.0,12.0,51.0,40.0,150.0,400150.0,1.0,0.0,0.0,1.0,0.0,1.0,0.0,0.0,12.0,M,B,d9256918-ab7d-4ca4-a1c4-ae4155eeb327,03786aae-ce44-4630-b8cd-67c9a13ef007,1.0,1.0
1850.0,307755.0,5.0,12.0,51.0,40.0,150.0,400150.0,1.0,0.0,0.0,1.0,0.0,1.0,0.0,0.0,10.0,M,B,2ed45e92-064b-47fb-a9de-25c6962c2a9b,03786aae-ce44-4630-b8cd-67c9a13ef007,1.0,1.0
1850.0,307755.0,6.0,12.0,51.0,40.0,150.0,400150.0,1.0,0.0,0.0,1.0,0.0,1.0,0.0,0.0,8.0,M,B,526eb980-2dcc-444a-ac78-c9ff5e74cd3f,03786aae-ce44-4630-b8cd-67c9a13ef007,1.0,1.0
1850.0,307755.0,7.0,12.0,51.0,40.0,150.0,400150.0,1.0,0.0,0.0,1.0,0.0,1.0,0.0,0.0,6.0,M,B,a38d1eef-a25b-4c72-a99b-5dd03dc7ba67,03786aae-ce44-4630-b8cd-67c9a13ef007,1.0,1.0
1850.0,307755.0,8.0,12.0,51.0,40.0,150.0,400150.0,1.0,0.0,0.0,1.0,0.0,1.0,0.0,0.0,3.0,M,B,daca3c6f-d995-4fe6-9efe-9ac03cd1f650,03786aae-ce44-4630-b8cd-67c9a13ef007,1.0,1.0
1850.0,307755.0,9.0,12.0,51.0,40.0,150.0,400150.0,1.0,0.0,0.0,1.0,0.0,1.0,0.0,0.0,3.0,M,B,dd82430b-9e5a-448d-92f4-2fb875d953e4,03786aae-ce44-4630-b8cd-67c9a13ef007,1.0,1.0
1850.0,307755.0,10.0,12.0,51.0,40.0,150.0,400150.0,1.0,0.0,0.0,1.0,0.0,1.0,0.0,0.0,1.0,M,B,dbdd5661-f899-470c-b042-fc084c4dfec5,03786aae-ce44-4630-b8cd-67c9a13ef007,1.0,1.0
1850.0,307755.0,11.0,12.0,51.0,40.0,150.0,400150.0,1.0,0.0,0.0,1.0,0.0,1.0,0.0,0.0,35.0,F,B,39a1b901-525e-4de6-8dc0-22895ad716ce,03786aae-ce44-4630-b8cd-67c9a13ef007,1.0,1.0
1850.0,307755.0,12.0,12.0,51.0,40.0,150.0,400150.0,1.0,0.0,0.0,1.0,0.0,1.0,0.0,0.0,34.0,F,B,a2113f0b-8685-4cee-b3d9-7ae80943b71e,03786aae-ce44-4630-b8cd-67c9a13ef007,1.0,1.0
1850.0,307745.0,1.0,2.0,51.0,40.0,150.0,400150.0,1.0,0.0,0.0,1.0,0.0,1.0,0.0,0.0,10.0,M,B,4c1a6ab4-4fda-407d-b29e-c9dc5257e9c1,8929b64a-2fa2-45d0-a418-3b868871193b,1.0,1.0
1850.0,307745.0,2.0,2.0,51.0,40.0,150.0,400150.0,1.0,0.0,0.0,1.0,0.0,1.0,0.0,0.0,16.0,F,B,6aef33c5-346a-4f4c-bf50-b918f5976990,8929b64a-2fa2-45d0-a418-3b868871193b,1.0,1.0
1850.0,307746.0,1.0,1.0,51.0,40.0,150.0,400150.0,1.0,0.0,0.0,1.0,0.0,1.0,0.0,0.0,12.0,F,B,5e3b865b-b44b-49c5-88cd-b0ba1908cb73,27a97d7a-f362-49b2-9ed4-356a4bf3a740,1.0,1.0
1850.0,307756.0,1.0,4.0,51.0,40.0,150.0,400150.0,1.0,0.0,0.0,1.0,0.0,1.0,0.0,0.0,6.0,F,B,b026355c-1e55-406b-a9f5-51851333b027,a67b9897-b9a0-4d9a-a459-2e50a49295da,1.0,1.0
1850.0,307756.0,2.0,4.0,51.0,40.0,150.0,400150.0,1.0,0.0,0.0,1.0,0.0,1.0,0.0,0.0,1.0,F,B,51174abc-2f5a-4f38-9305-5cf9bdc6a86e,a67b9897-b9a0-4d9a-a459-2e50a49295da,1.0,1.0
1850.0,307756.0,3.0,4.0,51.0,40.0,150.0,400150.0,1.0,0.0,0.0,1.0,0.0,1.0,0.0,0.0,1.0,F,B,760b0796-f2b0-4558-b5b1-11ef5f7bf01e,a67b9897-b9a0-4d9a-a459-2e50a49295da,1.0,1.0
1850.0,307756.0,4.0,4.0,51.0,40.0,150.0,400150.0,1.0,0.0,0.0,1.0,0.0,1.0,0.0,0.0,1.0,F,B,9c8c3cc3-257b-4376-ad4e-7ab74bde2aa9,a67b9897-b9a0-4d9a-a459-2e50a49295da,1.0,1.0
1850.0,307758.0,1.0,6.0,51.0,40.0,150.0,400150.0,1.0,0.0,0.0,1.0,0.0,1.0,0.0,0.0,3.0,M,B,25ad2e80-aa5d-4594-ad16-8d2047350894,,0.0,1.0
1850.0,307758.0,2.0,6.0,51.0,40.0,150.0,400150.0,1.0,0.0,0.0,1.0,0.0,1.0,0.0,0.0,26.0,F,B,6dad8731-12c7-4092-acc3-f3e10d95df21,,0.0,1.0
1850.0,307758.0,3.0,6.0,51.0,40.0,150.0,400150.0,1.0,0.0,0.0,1.0,0.0,1.0,0.0,0.0,16.0,F,B,90a52d24-6358-4a8c-bc7d-fddbb2202da6,,0.0,1.0
1850.0,307758.0,4.0,6.0,51.0,40.0,150.0,400150.0,1.0,0.0,0.0,1.0,0.0,1.0,0.0,0.0,2.0,F,B,6441a220-b13d-47f3-b3ea-36996da3cd4d,,0.0,1.0
1850.0,307758.0,5.0,6.0,51.0,40.0,150.0,400150.0,1.0,0.0,0.0,1.0,0.0,1.0,0.0,0.0,0.0,F,B,9787f2b6-67f0-4ce9-a650-ffda9007e9eb,,0.0,1.0
1850.0,307758.0,6.0,6.0,51.0,40.0,150.0,400150.0,1.0,0.0,0.0,1.0,0.0,1.0,0.0,0.0,28.0,M,B,840d88c5-01f1-4a5c-9d0f-ce71d8f2e701,,0.0,1.0
1850.0,307759.0,1.0,3.0,51.0,40.0,150.0,400150.0,1.0,0.0,0.0,1.0,0.0,1.0,0.0,0.0,13.0,F,B,cb3efab1-40da-4021-be3f-69f0eebfa18e,03786aae-ce44-4630-b8cd-67c9a13ef007,1.0,1.0
1850.0,307759.0,2.0,3.0,51.0,40.0,150.0,400150.0,1.0,0.0,0.0,1.0,0.0,1.0,0.0,0.0,9.0,F,B,41a1ec91-87f0-43f2-ab1c-fe371e5e2ea1,03786aae-ce44-4630-b8cd-67c9a13ef007,1.0,1.0
1850.0,307759.0,3.0,3.0,51.0,40.0,150.0,400150.0,1.0,0.0,0.0,1.0,0.0,1.0,0.0,0.0,8.0,F,B,3fc21c5d-f359-42b2-9abd-24ea95506be3,03786aae-ce44-4630-b8cd-67c9a13ef007,1.0,1.0
1850.0,307760.0,1.0,5.0,51.0,40.0,150.0,400150.0,1.0,0.0,0.0,1.0,0.0,1.0,0.0,0.0,15.0,M,B,ef73a6c7-90a9-41b1-a1de-c852a4592e2b,95d9e4b4-fdb5-4231-a150-2666d1547625,1.0,1.0
1850.0,307760.0,2.0,5.0,51.0,40.0,150.0,400150.0,1.0,0.0,0.0,1.0,0.0,1.0,0.0,0.0,6.0,M,B,48314e96-270b-4e3b-9d68-f9b6662d39dc,95d9e4b4-fdb5-4231-a150-2666d1547625,1.0,1.0
1850.0,307760.0,3.0,5.0,51.0,40.0,150.0,400150.0,1.0,0.0,0.0,1.0,0.0,1.0,0.0,0.0,22.0,F,B,ffec1b59-0063-4ef9-92ce-eafb51a155a1,95d9e4b4-fdb5-4231-a150-2666d1547625,1.0,1.0
1850.0,307760.0,4.0,5.0,51.0,40.0,150.0,400150.0,1.0,0.0,0.0,1.0,0.0,1.0,0.0,0.0,10.0,F,B,b198d742-717f-4160-8976-221eb11effa8,95d9e4b4-fdb5-4231-a150-2666d1547625,1.0,1.0
1850.0,307760.0,5.0,5.0,51.0,40.0,150.0,400150.0,1.0,0.0,0.0,1.0,0.0,1.0,0.0,0.0,2.0,F,B,8fc1980e-ab1c-457c-931a-e67bdc39f9b4,95d9e4b4-fdb5-4231-a150-2666d1547625,1.0,1.0
1850.0,307761.0,1.0,4.0,51.0,40.0,150.0,400150.0,1.0,0.0,0.0,1.0,0.0,1.0,0.0,0.0,7.0,M,B,06fc1c9d-23cf-46e8-a885-e6f2154742fa,e66754e4-69a0-46a6-9791-959cbd834794,1.0,1.0
1850.0,307761.0,2.0,4.0,51.0,40.0,150.0,400150.0,1.0,0.0,0.0,1.0,0.0,1.0,0.0,0.0,1.0,M,B,08bb1a9a-acce-4098-b355-078491dc24c4,e66754e4-69a0-46a6-9791-959cbd834794,1.0,1.0
1850.0,307761.0,3.0,4.0,51.0,40.0,150.0,400150.0,1.0,0.0,0.0,1.0,0.0,1.0,0.0,0.0,24.0,F,B,8f9db24a-8dfb-4d45-b78f-ab65493c2699,e66754e4-69a0-46a6-9791-959cbd834794,1.0,1.0
1850.0,307761.0,4.0,4.0,51.0,40.0,150.0,400150.0,1.0,0.0,0.0,1.0,0.0,1.0,0.0,0.0,2.0,F,B,f1b2448f-700f-45a4-92ff-66b60804e363,e66754e4-69a0-46a6-9791-959cbd834794,1.0,1.0
1850.0,307762.0,1.0,8.0,51.0,40.0,150.0,400150.0,1.0,0.0,0.0,1.0,0.0,1.0,0.0,0.0,43.0,M,B,1031db4e-c463-4428-aab0-5e6dfcd59e8c,9bd8c853-8f2e-4d66-b31c-c3042b021060,1.0,1.0
1850.0,307762.0,2.0,8.0,51.0,40.0,150.0,400150.0,1.0,0.0,0.0,1.0,0.0,1.0,0.0,0.0,42.0,M,B,2d486f03-31a6-43b6-8a90-4c7b7b478ada,9bd8c853-8f2e-4d66-b31c-c3042b021060,1.0,1.0
1850.0,307762.0,3.0,8.0,51.0,40.0,150.0,400150.0,1.0,0.0,0.0,1.0,0.0,1.0,0.0,0.0,25.0,M,B,88aade58-c1c6-4446-a4db-f21f7fc304f7,9bd8c853-8f2e-4d66-b31c-c3042b021060,1.0,1.0
1850.0,307762.0,4.0,8.0,51.0,40.0,150.0,400150.0,1.0,0.0,0.0,1.0,0.0,1.0,0.0,0.0,15.0,M,B,7b94f905-5ee3-465c-8483-c6d10b4ed915,9bd8c853-8f2e-4d66-b31c-c3042b021060,1.0,1.0
1850.0,307762.0,5.0,8.0,51.0,40.0,150.0,400150.0,1.0,0.0,0.0,1.0,0.0,1.0,0.0,0.0,27.0,F,B,75b346ae-a7ce-4fba-a875-29b2a5b6d1ea,9bd8c853-8f2e-4d66-b31c-c3042b021060,1.0,1.0
1850.0,307762.0,6.0,8.0,51.0,40.0,150.0,400150.0,1.0,0.0,0.0,1.0,0.0,1.0,0.0,0.0,16.0,F,B,3c2fc28d-5e50-4bc0-9062-5d4a7d4bec13,9bd8c853-8f2e-4d66-b31c-c3042b021060,1.0,1.0
1850.0,307762.0,7.0,8.0,51.0,40.0,150.0,400150.0,1.0,0.0,0.0,1.0,0.0,1.0,0.0,0.0,8.0,F,B,eda8932e-6ab9-4536-b520-ada409e4b345,9bd8c853-8f2e-4d66-b31c-c3042b021060,1.0,1.0
1850.0,307762.0,8.0,8.0,51.0,40.0,150.0,400150.0,1.0,0.0,0.0,1.0,0.0,1.0,0.0,0.0,6.0,F,B,0f5563af-69ae-44ab-83ac-77ecdc3bca76,9bd8c853-8f2e-4d66-b31c-c3042b021060,1.0,1.0
1850.0,307763.0,1.0,2.0,51.0,40.0,150.0,400150.0,1.0,0.0,0.0,1.0,0.0,1.0,0.0,0.0,19.0,M,B,ca0681b3-4cb0-4487-93a3-332304ca19ae,1c363e05-b492-4e12-b68a-f88f1a067d59,1.0,1.0
1850.0,307763.0,2.0,2.0,51.0,40.0,150.0,400150.0,1.0,0.0,0.0,1.0,0.0,1.0,0.0,0.0,50.0,F,B,5b6f41a6-7cd6-47d0-9a8e-d9c599c23dd5,1c363e05-b492-4e12-b68a-f88f1a067d59,1.0,1.0
1850.0,307764.0,1.0,1.0,51.0,40.0,150.0,400150.0,1.0,0.0,0.0,1.0,0.0,1.0,0.0,0.0,23.0,F,B,455c6862-ab37-4298-b84a-5f1b11cd1933,183df446-6147-4b9b-aece-d3469540dae4,1.0,1.0
1850.0,307765.0,1.0,2.0,51.0,40.0,150.0,400150.0,1.0,0.0,0.0,1.0,0.0,1.0,0.0,0.0,25.0,M,B,5a374233-9cfc-400b-943e-56bdc9db4337,4caa1a7e-23e4-453c-9bdb-a9d49c60a3d6,1.0,1.0
1850.0,307765.0,2.0,2.0,51.0,40.0,150.0,400150.0,1.0,0.0,0.0,1.0,0.0,1.0,0.0,0.0,17.0,F,B,8884850f-6cbd-4886-9afd-a143610ba410,4caa1a7e-23e4-453c-9bdb-a9d49c60a3d6,1.0,1.0
1850.0,307766.0,1.0,1.0,51.0,40.0,150.0,400150.0,1.0,0.0,0.0,1.0,0.0,1.0,0.0,0.0,12.0,M,B,4ac08c27-288b-42fd-8427-199f4ef8d1f4,a548bb53-c583-4cab-b29d-5906d4bcb936,1.0,1.0
1850.0,307767.0,1.0,2.0,51.0,40.0,150.0,400150.0,1.0,0.0,0.0,1.0,0.0,1.0,0.0,0.0,12.0,M,B,5beed663-b61c-4f94-a188-b78d1ed285e4,a4df9ac0-203f-4b92-bbf4-5ae960264f78,1.0,1.0
1850.0,307767.0,2.0,2.0,51.0,40.0,150.0,400150.0,1.0,0.0,0.0,1.0,0.0,1.0,0.0,0.0,15.0,F,B,31e5957c-b830-408d-b4d6-8981b091a95d,a4df9ac0-203f-4b92-bbf4-5ae960264f78,1.0,1.0
1850.0,307757.0,1.0,4.0,51.0,40.0,150.0,400150.0,1.0,0.0,0.0,1.0,0.0,1.0,0.0,0.0,21.0,M,B,757642a8-3df2-49a7-a842-51bef540c006,08970afa-fd72-4d6f-a90f-8207da64ff92,2.0,1.0
1850.0,307757.0,2.0,4.0,51.0,40.0,150.0,400150.0,1.0,0.0,0.0,1.0,0.0,1.0,0.0,0.0,20.0,M,B,e63b38d8-43a7-4967-a759-5f03c3ce4a9e,08970afa-fd72-4d6f-a90f-8207da64ff92,2.0,1.0
1850.0,307757.0,3.0,4.0,51.0,40.0,150.0,400150.0,1.0,0.0,0.0,1.0,0.0,1.0,0.0,0.0,65.0,F,B,c8b33e81-ba42-40d1-84dd-99a56bc3aa5e,08970afa-fd72-4d6f-a90f-8207da64ff92,2.0,1.0
1850.0,307757.0,4.0,4.0,51.0,40.0,150.0,400150.0,1.0,0.0,0.0,1.0,0.0,1.0,0.0,0.0,15.0,F,B,f5319ad3-e155-40a5-8afa-8f73fe188dea,08970afa-fd72-4d6f-a90f-8207da64ff92,2.0,1.0
1850.0,307768.0,1.0,10.0,51.0,40.0,150.0,400150.0,1.0,0.0,0.0,1.0,0.0,1.0,0.0,0.0,33.0,M,B,56e2e551-cea6-4884-8d69-170caa816cd6,ff4766a5-6dce-49c7-9501-bb9c77d96972,1.0,1.0
1850.0,307768.0,2.0,10.0,51.0,40.0,150.0,400150.0,1.0,0.0,0.0,1.0,0.0,1.0,0.0,0.0,0.0,F,B,14b71271-6f7f-4830-be43-06c8b8d5cc86,ff4766a5-6dce-49c7-9501-bb9c77d96972,1.0,1.0
1850.0,307768.0,3.0,10.0,51.0,40.0,150.0,400150.0,1.0,0.0,0.0,1.0,0.0,1.0,0.0,0.0,35.0,M,B,1cfcea90-6332-42d7-81d7-5f8700e534f7,ff4766a5-6dce-49c7-9501-bb9c77d96972,1.0,1.0
1850.0,307768.0,4.0,10.0,51.0,40.0,150.0,400150.0,1.0,0.0,0.0,1.0,0.0,1.0,0.0,0.0,9.0,M,B,4535b8f4-a865-48ce-8388-eeb185ce351a,ff4766a5-6dce-49c7-9501-bb9c77d96972,1.0,1.0
1850.0,307768.0,5.0,10.0,51.0,40.0,150.0,400150.0,1.0,0.0,0.0,1.0,0.0,1.0,0.0,0.0,7.0,M,B,f748ef82-ce10-438d-aa3e-5d8f4abef4fb,ff4766a5-6dce-49c7-9501-bb9c77d96972,1.0,1.0
1850.0,307768.0,6.0,10.0,51.0,40.0,150.0,400150.0,1.0,0.0,0.0,1.0,0.0,1.0,0.0,0.0,67.0,F,B,4777e92b-bfe4-4242-a7c0-47cb3c283455,ff4766a5-6dce-49c7-9501-bb9c77d96972,1.0,1.0
1850.0,307768.0,7.0,10.0,51.0,40.0,150.0,400150.0,1.0,0.0,0.0,1.0,0.0,1.0,0.0,0.0,35.0,F,B,36059138-e25c-40e8-8e32-bd6f4929a0aa,ff4766a5-6dce-49c7-9501-bb9c77d96972,1.0,1.0
1850.0,307768.0,8.0,10.0,51.0,40.0,150.0,400150.0,1.0,0.0,0.0,1.0,0.0,1.0,0.0,0.0,30.0,F,B,e23ac562-9a8c-4f84-af85-33c7d5414b42,ff4766a5-6dce-49c7-9501-bb9c77d96972,1.0,1.0
1850.0,307768.0,9.0,10.0,51.0,40.0,150.0,400150.0,1.0,0.0,0.0,1.0,0.0,1.0,0.0,0.0,18.0,F,B,c088b1e4-e596-4926-b5c9-0c8ee76340ed,ff4766a5-6dce-49c7-9501-bb9c77d96972,1.0,1.0
1850.0,307768.0,10.0,10.0,51.0,40.0,150.0,400150.0,1.0,0.0,0.0,1.0,0.0,1.0,0.0,0.0,10.0,F,B,0e5f73a5-71a1-4859-acb4-e90edede610b,ff4766a5-6dce-49c7-9501-bb9c77d96972,1.0,1.0
1850.0,307769.0,1.0,6.0,51.0,40.0,150.0,400150.0,1.0,0.0,0.0,1.0,0.0,1.0,0.0,0.0,22.0,M,B,c6df0e51-8cec-4bda-9f5e-ec93702d4712,c52b214c-d728-49e3-9b0c-48bea99a856d,1.0,1.0
1850.0,307769.0,2.0,6.0,51.0,40.0,150.0,400150.0,1.0,0.0,0.0,1.0,0.0,1.0,0.0,0.0,14.0,M,B,2da0f81d-1d29-42a9-82e9-168c87337dd3,c52b214c-d728-49e3-9b0c-48bea99a856d,1.0,1.0
1850.0,307769.0,3.0,6.0,51.0,40.0,150.0,400150.0,1.0,0.0,0.0,1.0,0.0,1.0,0.0,0.0,12.0,M,B,2201fe71-a4ce-4de6-b323-4a417001e0e7,c52b214c-d728-49e3-9b0c-48bea99a856d,1.0,1.0
1850.0,307769.0,4.0,6.0,51.0,40.0,150.0,400150.0,1.0,0.0,0.0,1.0,0.0,1.0,0.0,0.0,6.0,M,B,02b57182-2680-41bf-871c-ea11e070575d,c52b214c-d728-49e3-9b0c-48bea99a856d,1.0,1.0
1850.0,307769.0,5.0,6.0,51.0,40.0,150.0,400150.0,1.0,0.0,0.0,1.0,0.0,1.0,0.0,0.0,5.0,M,B,60e4fa04-0b60-4ec6-9377-f9efccc4e309,c52b214c-d728-49e3-9b0c-48bea99a856d,1.0,1.0
1850.0,307769.0,6.0,6.0,51.0,40.0,150.0,400150.0,1.0,0.0,0.0,1.0,0.0,1.0,0.0,0.0,12.0,F,B,4902e016-82fd-43d9-bac1-d5453009ac17,c52b214c-d728-49e3-9b0c-48bea99a856d,1.0,1.0
1850.0,307770.0,1.0,2.0,51.0,40.0,150.0,400150.0,1.0,0.0,0.0,1.0,0.0,1.0,0.0,0.0,20.0,M,B,ba203480-2095-49a8-8c0a-1ad14edc85eb,7903ccd7-1066-40cd-b96c-452c16308447,1.0,1.0
1850.0,307770.0,2.0,2.0,51.0,40.0,150.0,400150.0,1.0,0.0,0.0,1.0,0.0,1.0,0.0,0.0,8.0,M,B,e56168ed-c0d0-426e-985d-a8446e52618e,7903ccd7-1066-40cd-b96c-452c16308447,1.0,1.0
1850.0,307771.0,1.0,1.0,51.0,40.0,150.0,400150.0,1.0,0.0,0.0,1.0,0.0,1.0,0.0,0.0,35.0,M,B,c0003855-b195-448b-8e43-ec199de88044,2d9de1fb-df83-4798-bb74-b43687cf7cd6,1.0,1.0
1850.0,307772.0,1.0,1.0,51.0,40.0,150.0,400150.0,1.0,0.0,0.0,1.0,0.0,1.0,0.0,0.0,33.0,F,B,a005ddd8-b530-42a4-8554-f0b945a80dde,85ed1ee6-9324-4cef-a252-ad265de13fe0,1.0,1.0
1850.0,307773.0,1.0,3.0,51.0,40.0,150.0,400150.0,1.0,0.0,0.0,1.0,0.0,1.0,0.0,0.0,44.0,F,B,1176991e-2b1f-4054-8559-7f808b40fcfd,f3cee15d-989f-4a62-81db-c935681bcf1f,1.0,1.0
1850.0,307773.0,2.0,3.0,51.0,40.0,150.0,400150.0,1.0,0.0,0.0,1.0,0.0,1.0,0.0,0.0,8.0,F,B,977ab9e1-66e1-4f64-948f-69a1580e56ea,f3cee15d-989f-4a62-81db-c935681bcf1f,1.0,1.0
1850.0,307773.0,3.0,3.0,51.0,40.0,150.0,400150.0,1.0,0.0,0.0,1.0,0.0,1.0,0.0,0.0,7.0,F,B,80d9aa5a-975d-422a-9c46-3d2494a70258,f3cee15d-989f-4a62-81db-c935681bcf1f,1.0,1.0
1850.0,307774.0,1.0,2.0,51.0,40.0,150.0,400150.0,1.0,0.0,0.0,1.0,0.0,1.0,0.0,0.0,19.0,F,B,257ddfc0-892d-46d8-9fcc-1a90ce5f93da,4cb2687b-5978-41ab-bcf6-648f187b61fb,1.0,1.0
1850.0,307774.0,2.0,2.0,51.0,40.0,150.0,400150.0,1.0,0.0,0.0,1.0,0.0,1.0,0.0,0.0,0.0,F,B,6282796a-6d6e-4deb-b838-9b792cc69542,4cb2687b-5978-41ab-bcf6-648f187b61fb,1.0,1.0
1850.0,307775.0,1.0,2.0,51.0,40.0,150.0,400150.0,1.0,0.0,0.0,1.0,0.0,1.0,0.0,0.0,15.0,M,B,a7977afb-185b-47dd-890e-37619f2e85ca,21532f65-58ae-4ab5-9654-6be780f8a1f9,1.0,1.0
1850.0,307775.0,2.0,2.0,51.0,40.0,150.0,400150.0,1.0,0.0,0.0,1.0,0.0,1.0,0.0,0.0,12.0,F,B,253e508b-698e-45af-a7c2-2b6dd0271107,21532f65-58ae-4ab5-9654-6be780f8a1f9,1.0,1.0
1850.0,307776.0,1.0,9.0,51.0,40.0,150.0,400150.0,1.0,0.0,0.0,1.0,0.0,1.0,0.0,0.0,64.0,M,B,b2989ce8-1653-4bca-a755-188b0166a2be,2038fa38-ef4f-4100-8654-44888b9e5e35,1.0,1.0
1850.0,307776.0,2.0,9.0,51.0,40.0,150.0,400150.0,1.0,0.0,0.0,1.0,0.0,1.0,0.0,0.0,50.0,M,B,1e0eace2-1edc-4e56-b277-4cf21bc486ac,2038fa38-ef4f-4100-8654-44888b9e5e35,1.0,1.0
1850.0,307776.0,3.0,9.0,51.0,40.0,150.0,400150.0,1.0,0.0,0.0,1.0,0.0,1.0,0.0,0.0,25.0,M,B,25c1a3e5-d899-42bc-90b8-ee8860feb21e,2038fa38-ef4f-4100-8654-44888b9e5e35,1.0,1.0
1850.0,307776.0,4.0,9.0,51.0,40.0,150.0,400150.0,1.0,0.0,0.0,1.0,0.0,1.0,0.0,0.0,23.0,M,B,858778ec-c594-4318-9a39-c70aa2cd6b09,2038fa38-ef4f-4100-8654-44888b9e5e35,1.0,1.0
1850.0,307776.0,5.0,9.0,51.0,40.0,150.0,400150.0,1.0,0.0,0.0,1.0,0.0,1.0,0.0,0.0,10.0,M,B,9cebbf9c-c67d-4757-ac4c-8a4397ff2984,2038fa38-ef4f-4100-8654-44888b9e5e35,1.0,1.0
1850.0,307776.0,6.0,9.0,51.0,40.0,150.0,400150.0,1.0,0.0,0.0,1.0,0.0,1.0,0.0,0.0,6.0,M,B,ad5df7f7-7619-4a3e-bc1a-708e859d1a28,2038fa38-ef4f-4100-8654-44888b9e5e35,1.0,1.0
1850.0,307776.0,7.0,9.0,51.0,40.0,150.0,400150.0,1.0,0.0,0.0,1.0,0.0,1.0,0.0,0.0,5.0,M,B,7270be2e-1763-4a6e-80a8-31a26a994421,2038fa38-ef4f-4100-8654-44888b9e5e35,1.0,1.0
1850.0,307776.0,8.0,9.0,51.0,40.0,150.0,400150.0,1.0,0.0,0.0,1.0,0.0,1.0,0.0,0.0,25.0,F,B,341df005-8a4f-43d6-b230-a9599782bc51,2038fa38-ef4f-4100-8654-44888b9e5e35,1.0,1.0
1850.0,307776.0,9.0,9.0,51.0,40.0,150.0,400150.0,1.0,0.0,0.0,1.0,0.0,1.0,0.0,0.0,11.0,F,B,ac451535-6ef3-4fdb-be7a-5d864c433922,2038fa38-ef4f-4100-8654-44888b9e5e35,1.0,1.0
1850.0,307777.0,1.0,2.0,51.0,40.0,150.0,400150.0,1.0,0.0,0.0,1.0,0.0,1.0,0.0,0.0,17.0,M,B,facda694-539c-496b-85d1-f932ae76b572,f3a3d1e1-439a-4dab-98fc-02710d6199f8,1.0,1.0
1850.0,307777.0,2.0,2.0,51.0,40.0,150.0,400150.0,1.0,0.0,0.0,1.0,0.0,1.0,0.0,0.0,35.0,F,B,3e12ac3b-2c58-412d-8847-87153f2675c2,f3a3d1e1-439a-4dab-98fc-02710d6199f8,1.0,1.0
1850.0,307778.0,1.0,11.0,51.0,40.0,150.0,400150.0,1.0,0.0,0.0,1.0,0.0,1.0,0.0,0.0,17.0,M,B,f23377f8-691a-4812-a431-2570db0bd55e,7c9ec0e3-e2ca-41e2-87f6-9d5058a4b4c4,1.0,1.0
1850.0,307778.0,2.0,11.0,51.0,40.0,150.0,400150.0,1.0,0.0,0.0,1.0,0.0,1.0,0.0,0.0,24.0,M,B,4aa2a3ad-2dd6-42b8-a959-ceda6b05418d,7c9ec0e3-e2ca-41e2-87f6-9d5058a4b4c4,1.0,1.0
1850.0,307778.0,3.0,11.0,51.0,40.0,150.0,400150.0,1.0,0.0,0.0,1.0,0.0,1.0,0.0,0.0,23.0,M,B,5b0adbfc-3fc9-4086-86b3-83f4a81c414d,7c9ec0e3-e2ca-41e2-87f6-9d5058a4b4c4,1.0,1.0
1850.0,307778.0,4.0,11.0,51.0,40.0,150.0,400150.0,1.0,0.0,0.0,1.0,0.0,1.0,0.0,0.0,23.0,M,B,abb1964a-8f45-42be-a33f-2703cec4b79a,7c9ec0e3-e2ca-41e2-87f6-9d5058a4b4c4,1.0,1.0
1850.0,307778.0,5.0,11.0,51.0,40.0,150.0,400150.0,1.0,0.0,0.0,1.0,0.0,1.0,0.0,0.0,21.0,M,B,8d82e52e-e4a9-4ce3-9823-01e3f8c471f5,7c9ec0e3-e2ca-41e2-87f6-9d5058a4b4c4,1.0,1.0
1850.0,307778.0,6.0,11.0,51.0,40.0,150.0,400150.0,1.0,0.0,0.0,1.0,0.0,1.0,0.0,0.0,23.0,M,B,75a75cb8-189c-4cd2-af01-05de0b80a73e,7c9ec0e3-e2ca-41e2-87f6-9d5058a4b4c4,1.0,1.0
1850.0,307778.0,7.0,11.0,51.0,40.0,150.0,400150.0,1.0,0.0,0.0,1.0,0.0,1.0,0.0,0.0,22.0,M,B,1ab012ef-5043-4d9e-b00d-106ab193a60a,7c9ec0e3-e2ca-41e2-87f6-9d5058a4b4c4,1.0,1.0
1850.0,307778.0,8.0,11.0,51.0,40.0,150.0,400150.0,1.0,0.0,0.0,1.0,0.0,1.0,0.0,0.0,20.0,M,B,14c166d5-5a64-40f9-a116-6b4e5144e29c,7c9ec0e3-e2ca-41e2-87f6-9d5058a4b4c4,1.0,1.0
1850.0,307778.0,9.0,11.0,51.0,40.0,150.0,400150.0,1.0,0.0,0.0,1.0,0.0,1.0,0.0,0.0,20.0,M,B,1ddf211f-44cf-4995-93fe-ad9f853a362d,7c9ec0e3-e2ca-41e2-87f6-9d5058a4b4c4,1.0,1.0
1850.0,307778.0,10.0,11.0,51.0,40.0,150.0,400150.0,1.0,0.0,0.0,1.0,0.0,1.0,0.0,0.0,20.0,M,B,6fcd32ba-2b87-44ae-ab87-a625f89136ca,7c9ec0e3-e2ca-41e2-87f6-9d5058a4b4c4,1.0,1.0
1850.0,307778.0,11.0,11.0,51.0,40.0,150.0,400150.0,1.0,0.0,0.0,1.0,0.0,1.0,0.0,0.0,18.0,F,B,b3347d3f-5165-4b59-a015-3dab429c5c38,7c9ec0e3-e2ca-41e2-87f6-9d5058a4b4c4,1.0,1.0
1850.0,307780.0,1.0,19.0,51.0,40.0,150.0,400150.0,1.0,0.0,0.0,1.0,0.0,1.0,0.0,0.0,30.0,M,B,a789336d-87af-4a4d-a377-a29db04516b7,,0.0,1.0
1850.0,307780.0,2.0,19.0,51.0,40.0,150.0,400150.0,1.0,0.0,0.0,1.0,0.0,1.0,0.0,0.0,26.0,M,B,fea48a78-2824-43b8-a732-1bbfe2b61a67,,0.0,1.0
1850.0,307780.0,3.0,19.0,51.0,40.0,150.0,400150.0,1.0,0.0,0.0,1.0,0.0,1.0,0.0,0.0,95.0,M,B,f8981ca9-0334-4cf2-876b-7f518f8b4de1,,0.0,1.0
1850.0,307780.0,4.0,19.0,51.0,40.0,150.0,400150.0,1.0,0.0,0.0,1.0,0.0,1.0,0.0,0.0,12.0,M,B,2ce12aae-5857-453c-90ce-a149a11c2b0c,,0.0,1.0
1850.0,307780.0,5.0,19.0,51.0,40.0,150.0,400150.0,1.0,0.0,0.0,1.0,0.0,1.0,0.0,0.0,10.0,M,B,4e84270a-c0af-480c-bb11-2071839ec9b0,,0.0,1.0
1850.0,307780.0,6.0,19.0,51.0,40.0,150.0,400150.0,1.0,0.0,0.0,1.0,0.0,1.0,0.0,0.0,6.0,M,B,4b081a95-b0e4-42d4-8572-046b5cce67c1,,0.0,1.0
1850.0,307780.0,7.0,19.0,51.0,40.0,150.0,400150.0,1.0,0.0,0.0,1.0,0.0,1.0,0.0,0.0,2.0,M,B,09e187ed-f49c-430e-92ed-2d7784952b09,,0.0,1.0
1850.0,307780.0,8.0,19.0,51.0,40.0,150.0,400150.0,1.0,0.0,0.0,1.0,0.0,1.0,0.0,0.0,50.0,F,B,8723557f-7480-487d-9df9-09fb77881da8,,0.0,1.0
1850.0,307780.0,9.0,19.0,51.0,40.0,150.0,400150.0,1.0,0.0,0.0,1.0,0.0,1.0,0.0,0.0,35.0,F,B,b739f7a2-4e64-4c00-9ed5-5b15f22aeebf,,0.0,1.0
1850.0,307780.0,10.0,19.0,51.0,40.0,150.0,400150.0,1.0,0.0,0.0,1.0,0.0,1.0,0.0,0.0,21.0,F,B,f26d2d4b-8d28-4160-95a1-73355fc6388f,,0.0,1.0
1850.0,307780.0,11.0,19.0,51.0,40.0,150.0,400150.0,1.0,0.0,0.0,1.0,0.0,1.0,0.0,0.0,15.0,F,B,f2af0271-1717-48dd-8926-63719ae8e357,,0.0,1.0
1850.0,307780.0,12.0,19.0,51.0,40.0,150.0,400150.0,1.0,0.0,0.0,1.0,0.0,1.0,0.0,0.0,15.0,F,B,e7f30a36-b0d0-48ab-abd8-e54b8b80ab3f,,0.0,1.0
1850.0,307780.0,13.0,19.0,51.0,40.0,150.0,400150.0,1.0,0.0,0.0,1.0,0.0,1.0,0.0,0.0,8.0,F,B,dfb0fd89-50ff-4a99-abf7-19c974348d6e,,0.0,1.0
1850.0,307780.0,14.0,19.0,51.0,40.0,150.0,400150.0,1.0,0.0,0.0,1.0,0.0,1.0,0.0,0.0,12.0,F,B,e20c4e8d-362a-4d9f-8c32-e3db1ead1f38,,0.0,1.0
1850.0,307780.0,15.0,19.0,51.0,40.0,150.0,400150.0,1.0,0.0,0.0,1.0,0.0,1.0,0.0,0.0,5.0,F,B,19c3c54f-2201-444e-bb58-aaafec2fa14d,,0.0,1.0
1850.0,307780.0,16.0,19.0,51.0,40.0,150.0,400150.0,1.0,0.0,0.0,1.0,0.0,1.0,0.0,0.0,2.0,F,B,0ce48010-c785-48ec-b0e2-8786360ef83d,,0.0,1.0
1850.0,307780.0,17.0,19.0,51.0,40.0,150.0,400150.0,1.0,0.0,0.0,1.0,0.0,1.0,0.0,0.0,1.0,F,B,293b76d5-8076-4a74-bfe8-406362ebb78f,,0.0,1.0
1850.0,307780.0,18.0,19.0,51.0,40.0,150.0,400150.0,1.0,0.0,0.0,1.0,0.0,1.0,0.0,0.0,15.0,F,B,2eabe8c1-09f9-4451-a1b7-29ce815c3256,,0.0,1.0
1850.0,307780.0,19.0,19.0,51.0,40.0,150.0,400150.0,1.0,0.0,0.0,1.0,0.0,1.0,0.0,0.0,48.0,M,B,aa1c7685-f52d-4513-9adf-f1f6a9666be8,,0.0,1.0
1850.0,307781.0,1.0,1.0,51.0,40.0,150.0,400150.0,1.0,0.0,0.0,1.0,0.0,1.0,0.0,0.0,40.0,M,B,7c4bf33e-2b7a-4e94-9134-74d1f0e828d0,22bbd4b2-6307-44c2-895d-4635d7f6fc80,1.0,1.0
1850.0,307782.0,1.0,3.0,51.0,40.0,150.0,400150.0,1.0,0.0,0.0,1.0,0.0,1.0,0.0,0.0,42.0,M,B,38e4e933-b5a5-4466-8d0c-e07e67e3a146,594bc1e1-e2c9-486f-a890-6c996088c737,1.0,1.0
1850.0,307782.0,2.0,3.0,51.0,40.0,150.0,400150.0,1.0,0.0,0.0,1.0,0.0,1.0,0.0,0.0,14.0,F,B,37677c94-4803-46fe-abc5-bbfee425e17a,594bc1e1-e2c9-486f-a890-6c996088c737,1.0,1.0
1850.0,307782.0,3.0,3.0,51.0,40.0,150.0,400150.0,1.0,0.0,0.0,1.0,0.0,1.0,0.0,0.0,12.0,F,B,0ff4be7a-5d41-4cb3-b61b-ded53a705c53,594bc1e1-e2c9-486f-a890-6c996088c737,1.0,1.0
1850.0,307783.0,1.0,1.0,51.0,40.0,150.0,400150.0,1.0,0.0,0.0,1.0,0.0,1.0,0.0,0.0,20.0,F,B,97880b6c-def2-454b-b500-b5cc5babe96d,2ed4aecb-b64b-40ed-8df1-ab0fada80e1a,1.0,1.0
1850.0,307784.0,1.0,1.0,51.0,40.0,150.0,400150.0,1.0,0.0,0.0,1.0,0.0,1.0,0.0,0.0,13.0,F,B,9c01a06c-7347-433e-8ce5-d36e6bd91654,f201227d-ea39-49d5-8aa3-9425fc17e429,1.0,1.0
1850.0,307785.0,1.0,1.0,51.0,40.0,150.0,400150.0,1.0,0.0,0.0,1.0,0.0,1.0,0.0,0.0,63.0,M,B,ae43d7b6-45f4-4ff4-8542-5ba20c24478d,ac49ee4d-1b02-4691-9726-d9d7dcdc58c3,1.0,1.0
1850.0,307786.0,1.0,8.0,51.0,40.0,150.0,400150.0,1.0,0.0,0.0,1.0,0.0,1.0,0.0,0.0,67.0,M,B,ecd0dbd1-40bc-4aee-8179-7fd50785d405,8cc19cbc-541c-4c6d-b5a4-7d159e2fc687,1.0,1.0
1850.0,307786.0,2.0,8.0,51.0,40.0,150.0,400150.0,1.0,0.0,0.0,1.0,0.0,1.0,0.0,0.0,3.0,M,B,37499a70-31f6-44d7-a1e2-60e66635863e,8cc19cbc-541c-4c6d-b5a4-7d159e2fc687,1.0,1.0
1850.0,307786.0,3.0,8.0,51.0,40.0,150.0,400150.0,1.0,0.0,0.0,1.0,0.0,1.0,0.0,0.0,3.0,M,B,e9d9c2ee-482f-4d96-9753-87badd34c150,8cc19cbc-541c-4c6d-b5a4-7d159e2fc687,1.0,1.0
1850.0,307786.0,4.0,8.0,51.0,40.0,150.0,400150.0,1.0,0.0,0.0,1.0,0.0,1.0,0.0,0.0,0.0,M,B,0b59606b-d6cb-491f-84d3-2c0c8a077c2d,8cc19cbc-541c-4c6d-b5a4-7d159e2fc687,1.0,1.0
1850.0,307786.0,5.0,8.0,51.0,40.0,150.0,400150.0,1.0,0.0,0.0,1.0,0.0,1.0,0.0,0.0,22.0,F,B,170930aa-e3b1-4f17-9b8b-613b67ada5cc,8cc19cbc-541c-4c6d-b5a4-7d159e2fc687,1.0,1.0
1850.0,307786.0,6.0,8.0,51.0,40.0,150.0,400150.0,1.0,0.0,0.0,1.0,0.0,1.0,0.0,0.0,24.0,F,B,ab69b912-903d-4bc1-b7d3-934249d2b903,8cc19cbc-541c-4c6d-b5a4-7d159e2fc687,1.0,1.0
1850.0,307786.0,7.0,8.0,51.0,40.0,150.0,400150.0,1.0,0.0,0.0,1.0,0.0,1.0,0.0,0.0,5.0,F,B,945f791c-b44c-4f02-b752-2cbfb758b118,8cc19cbc-541c-4c6d-b5a4-7d159e2fc687,1.0,1.0
1850.0,307786.0,8.0,8.0,51.0,40.0,150.0,400150.0,1.0,0.0,0.0,1.0,0.0,1.0,0.0,0.0,3.0,F,B,48420a16-2935-437a-a736-8d84882f720e,8cc19cbc-541c-4c6d-b5a4-7d159e2fc687,1.0,1.0
1850.0,307779.0,1.0,1.0,51.0,40.0,150.0,400150.0,1.0,0.0,0.0,1.0,0.0,1.0,0.0,0.0,21.0,M,B,0a802962-8eac-4b19-837b-33106f066baf,a0f2dfc9-dd44-4202-9e61-83f33cfff618,1.0,1.0
1850.0,307787.0,1.0,7.0,51.0,40.0,150.0,400150.0,1.0,0.0,0.0,1.0,0.0,1.0,0.0,0.0,30.0,M,B,2715c845-05e1-4e5a-ba28-8026e022ffde,7bf81168-d65a-4623-9917-8543c56b5902,1.0,1.0
1850.0,307787.0,2.0,7.0,51.0,40.0,150.0,400150.0,1.0,0.0,0.0,1.0,0.0,1.0,0.0,0.0,13.0,M,B,3c077446-61ea-4621-9892-e556e07aebcf,7bf81168-d65a-4623-9917-8543c56b5902,1.0,1.0
1850.0,307787.0,3.0,7.0,51.0,40.0,150.0,400150.0,1.0,0.0,0.0,1.0,0.0,1.0,0.0,0.0,7.0,M,B,3d02f6be-bbf2-432b-ba01-6395539fa57d,7bf81168-d65a-4623-9917-8543c56b5902,1.0,1.0
1850.0,307787.0,4.0,7.0,51.0,40.0,150.0,400150.0,1.0,0.0,0.0,1.0,0.0,1.0,0.0,0.0,2.0,M,B,cfee1985-3e51-4659-a0e7-e6d8118dbc4d,7bf81168-d65a-4623-9917-8543c56b5902,1.0,1.0
1850.0,307787.0,5.0,7.0,51.0,40.0,150.0,400150.0,1.0,0.0,0.0,1.0,0.0,1.0,0.0,0.0,36.0,F,B,bc38719d-ed28-4e74-ab8b-0e9754371e5c,7bf81168-d65a-4623-9917-8543c56b5902,1.0,1.0
1850.0,307787.0,6.0,7.0,51.0,40.0,150.0,400150.0,1.0,0.0,0.0,1.0,0.0,1.0,0.0,0.0,10.0,F,B,a600cd18-ee64-4b87-903b-b16bcda185e7,7bf81168-d65a-4623-9917-8543c56b5902,1.0,1.0
1850.0,307787.0,7.0,7.0,51.0,40.0,150.0,400150.0,1.0,0.0,0.0,1.0,0.0,1.0,0.0,0.0,5.0,F,B,8584b6ba-f695-4d32-84c1-547b8bf8c522,7bf81168-d65a-4623-9917-8543c56b5902,1.0,1.0
1850.0,307789.0,1.0,3.0,51.0,40.0,150.0,400150.0,1.0,0.0,0.0,1.0,0.0,1.0,0.0,0.0,46.0,F,B,94a1df6a-1d53-4f66-9de1-1b6578d6ccb4,,0.0,1.0
1850.0,307789.0,2.0,3.0,51.0,40.0,150.0,400150.0,1.0,0.0,0.0,1.0,0.0,1.0,0.0,0.0,18.0,F,B,a9b8383b-886e-4c07-a34c-c6f510a852cd,,0.0,1.0
1850.0,307789.0,3.0,3.0,51.0,40.0,150.0,400150.0,1.0,0.0,0.0,1.0,0.0,1.0,0.0,0.0,30.0,M,B,bbc7c923-44ef-4b63-b145-5e89667241bb,,0.0,1.0
1850.0,307790.0,1.0,1.0,51.0,40.0,150.0,400150.0,1.0,0.0,0.0,1.0,0.0,1.0,0.0,0.0,22.0,M,B,38531f71-ce17-4de1-8a19-138b0bfe6e69,8e5d6e2f-5763-4b3e-b6a7-f3514dcb8e9c,1.0,1.0
1850.0,307791.0,1.0,1.0,51.0,40.0,150.0,400150.0,1.0,0.0,0.0,1.0,0.0,1.0,0.0,0.0,10.0,M,B,a77d564a-36a3-46e0-ace2-91ed261ad2a3,5f467702-8805-4bb9-bc53-29c5791213ea,1.0,1.0
1850.0,307792.0,1.0,28.0,51.0,40.0,150.0,400150.0,1.0,0.0,0.0,1.0,0.0,1.0,0.0,0.0,30.0,M,B,a93b6324-fa11-4636-be9c-ff0159bf5fd6,f5b1bb58-bd75-4cad-9f7d-6947d3a02f27,1.0,1.0
1850.0,307792.0,2.0,28.0,51.0,40.0,150.0,400150.0,1.0,0.0,0.0,1.0,0.0,1.0,0.0,0.0,50.0,M,B,187b3234-a9c3-47d2-be0f-dc40c0f1907a,f5b1bb58-bd75-4cad-9f7d-6947d3a02f27,1.0,1.0
1850.0,307792.0,3.0,28.0,51.0,40.0,150.0,400150.0,1.0,0.0,0.0,1.0,0.0,1.0,0.0,0.0,13.0,M,B,3bd1ce9b-a6a1-4ba0-9e5f-84a9f70864aa,f5b1bb58-bd75-4cad-9f7d-6947d3a02f27,1.0,1.0
1850.0,307792.0,4.0,28.0,51.0,40.0,150.0,400150.0,1.0,0.0,0.0,1.0,0.0,1.0,0.0,0.0,7.0,M,B,8798019c-5b41-4690-a032-ce9a055e460f,f5b1bb58-bd75-4cad-9f7d-6947d3a02f27,1.0,1.0
1850.0,307792.0,5.0,28.0,51.0,40.0,150.0,400150.0,1.0,0.0,0.0,1.0,0.0,1.0,0.0,0.0,5.0,M,B,d315ef06-363d-49d7-b86e-08697649bcdc,f5b1bb58-bd75-4cad-9f7d-6947d3a02f27,1.0,1.0
1850.0,307792.0,6.0,28.0,51.0,40.0,150.0,400150.0,1.0,0.0,0.0,1.0,0.0,1.0,0.0,0.0,1.0,M,B,cf0c6a0b-25c7-4bbf-852e-3b9ad58d62ea,f5b1bb58-bd75-4cad-9f7d-6947d3a02f27,1.0,1.0
1850.0,307792.0,7.0,28.0,51.0,40.0,150.0,400150.0,1.0,0.0,0.0,1.0,0.0,1.0,0.0,0.0,35.0,F,B,14d5ddc1-7b8e-4a85-b223-974ba18b81db,f5b1bb58-bd75-4cad-9f7d-6947d3a02f27,1.0,1.0
1850.0,307792.0,8.0,28.0,51.0,40.0,150.0,400150.0,1.0,0.0,0.0,1.0,0.0,1.0,0.0,0.0,15.0,F,B,01e1295d-3c23-449f-aa91-fb1815b10722,f5b1bb58-bd75-4cad-9f7d-6947d3a02f27,1.0,1.0
1850.0,307792.0,9.0,28.0,51.0,40.0,150.0,400150.0,1.0,0.0,0.0,1.0,0.0,1.0,0.0,0.0,60.0,M,B,595682e3-9750-456f-9a98-20e7f2d41e82,f5b1bb58-bd75-4cad-9f7d-6947d3a02f27,1.0,1.0
1850.0,307792.0,10.0,28.0,51.0,40.0,150.0,400150.0,1.0,0.0,0.0,1.0,0.0,1.0,0.0,0.0,40.0,M,B,cfb7b3ad-83c5-4425-9ed8-9858f9d3a61e,f5b1bb58-bd75-4cad-9f7d-6947d3a02f27,1.0,1.0
1850.0,307792.0,11.0,28.0,51.0,40.0,150.0,400150.0,1.0,0.0,0.0,1.0,0.0,1.0,0.0,0.0,38.0,M,B,47b38bc8-c3f4-481b-9a87-d62e2654f796,f5b1bb58-bd75-4cad-9f7d-6947d3a02f27,1.0,1.0
1850.0,307792.0,12.0,28.0,51.0,40.0,150.0,400150.0,1.0,0.0,0.0,1.0,0.0,1.0,0.0,0.0,20.0,M,B,89b92a9f-309c-4976-abde-94e438daf066,f5b1bb58-bd75-4cad-9f7d-6947d3a02f27,1.0,1.0
1850.0,307792.0,13.0,28.0,51.0,40.0,150.0,400150.0,1.0,0.0,0.0,1.0,0.0,1.0,0.0,0.0,16.0,M,B,dda0d910-f1ad-48d1-8ed0-437124905092,f5b1bb58-bd75-4cad-9f7d-6947d3a02f27,1.0,1.0
1850.0,307792.0,14.0,28.0,51.0,40.0,150.0,400150.0,1.0,0.0,0.0,1.0,0.0,1.0,0.0,0.0,11.0,M,B,fc53edcc-5b2b-4979-b39c-de350824dcdc,f5b1bb58-bd75-4cad-9f7d-6947d3a02f27,1.0,1.0
1850.0,307792.0,15.0,28.0,51.0,40.0,150.0,400150.0,1.0,0.0,0.0,1.0,0.0,1.0,0.0,0.0,8.0,M,B,5162afef-8bfd-4fa1-963b-dd3ddc5342b3,f5b1bb58-bd75-4cad-9f7d-6947d3a02f27,1.0,1.0
1850.0,307792.0,16.0,28.0,51.0,40.0,150.0,400150.0,1.0,0.0,0.0,1.0,0.0,1.0,0.0,0.0,8.0,M,B,bb627f67-594c-40ef-a3d5-128872a9fe7c,f5b1bb58-bd75-4cad-9f7d-6947d3a02f27,1.0,1.0
1850.0,307792.0,17.0,28.0,51.0,40.0,150.0,400150.0,1.0,0.0,0.0,1.0,0.0,1.0,0.0,0.0,6.0,M,B,8a0151c4-a798-4002-bdf5-f31c78f1eff7,f5b1bb58-bd75-4cad-9f7d-6947d3a02f27,1.0,1.0
1850.0,307792.0,18.0,28.0,51.0,40.0,150.0,400150.0,1.0,0.0,0.0,1.0,0.0,1.0,0.0,0.0,4.0,M,B,0a9448d6-253a-4126-ad48-decb77ea1dbe,f5b1bb58-bd75-4cad-9f7d-6947d3a02f27,1.0,1.0
1850.0,307792.0,19.0,28.0,51.0,40.0,150.0,400150.0,1.0,0.0,0.0,1.0,0.0,1.0,0.0,0.0,3.0,M,B,6f693ff1-b7ea-4cfa-aab6-037f1ab236cf,f5b1bb58-bd75-4cad-9f7d-6947d3a02f27,1.0,1.0
1850.0,307792.0,20.0,28.0,51.0,40.0,150.0,400150.0,1.0,0.0,0.0,1.0,0.0,1.0,0.0,0.0,1.0,M,B,f0a4b4a8-cbe7-4a9d-94a0-689bb537c349,f5b1bb58-bd75-4cad-9f7d-6947d3a02f27,1.0,1.0
1850.0,307792.0,21.0,28.0,51.0,40.0,150.0,400150.0,1.0,0.0,0.0,1.0,0.0,1.0,0.0,0.0,38.0,F,B,64db47d3-1eeb-4776-8c6f-b42cf320f310,f5b1bb58-bd75-4cad-9f7d-6947d3a02f27,1.0,1.0
1850.0,307792.0,22.0,28.0,51.0,40.0,150.0,400150.0,1.0,0.0,0.0,1.0,0.0,1.0,0.0,0.0,30.0,F,B,f60825b1-b23b-4979-98fa-39fe158ceef8,f5b1bb58-bd75-4cad-9f7d-6947d3a02f27,1.0,1.0
1850.0,307792.0,23.0,28.0,51.0,40.0,150.0,400150.0,1.0,0.0,0.0,1.0,0.0,1.0,0.0,0.0,28.0,F,B,4cf6124c-09f7-4daa-9aba-efda1f217685,f5b1bb58-bd75-4cad-9f7d-6947d3a02f27,1.0,1.0
1850.0,307792.0,24.0,28.0,51.0,40.0,150.0,400150.0,1.0,0.0,0.0,1.0,0.0,1.0,0.0,0.0,10.0,F,B,701bb90f-c314-4f3c-a386-4ab3c526c383,f5b1bb58-bd75-4cad-9f7d-6947d3a02f27,1.0,1.0
1850.0,307792.0,25.0,28.0,51.0,40.0,150.0,400150.0,1.0,0.0,0.0,1.0,0.0,1.0,0.0,0.0,8.0,F,B,1acae163-3dff-4670-a03b-be1fbb4767aa,f5b1bb58-bd75-4cad-9f7d-6947d3a02f27,1.0,1.0
1850.0,307792.0,26.0,28.0,51.0,40.0,150.0,400150.0,1.0,0.0,0.0,1.0,0.0,1.0,0.0,0.0,4.0,F,B,9b113b98-3292-4705-a804-f33e5a5e4210,f5b1bb58-bd75-4cad-9f7d-6947d3a02f27,1.0,1.0
1850.0,307792.0,27.0,28.0,51.0,40.0,150.0,400150.0,1.0,0.0,0.0,1.0,0.0,1.0,0.0,0.0,3.0,F,B,a178ffca-b7b6-42aa-b377-12ee4873f17f,f5b1bb58-bd75-4cad-9f7d-6947d3a02f27,1.0,1.0
1850.0,307792.0,28.0,28.0,51.0,40.0,150.0,400150.0,1.0,0.0,0.0,1.0,0.0,1.0,0.0,0.0,3.0,F,B,c0fd1765-6ceb-42d5-9c03-fc8ca3bd3ed9,f5b1bb58-bd75-4cad-9f7d-6947d3a02f27,1.0,1.0
1850.0,307793.0,1.0,1.0,51.0,40.0,150.0,400150.0,1.0,0.0,0.0,1.0,0.0,1.0,0.0,0.0,25.0,F,B,66ee11c0-d454-4819-a947-c10e7602a260,8658316e-3f3b-48e9-9066-5f249b47d7f8,1.0,1.0
1850.0,307788.0,1.0,1.0,51.0,40.0,150.0,400150.0,1.0,0.0,0.0,1.0,0.0,1.0,0.0,0.0,18.0,F,B,1878d6c1-18f5-4eef-833d-6bfb76dc740e,aea7cc7f-830f-49b9-8956-a05f9482e10b,1.0,1.0
1850.0,307794.0,1.0,1.0,51.0,40.0,150.0,400150.0,1.0,0.0,0.0,1.0,0.0,1.0,0.0,0.0,14.0,F,B,bb393dd4-122c-4af5-a8ea-19b4d1521a1a,d3dbe4e1-6b06-4b66-a3cc-9aafac48b38b,1.0,1.0
1850.0,307797.0,1.0,2.0,51.0,40.0,150.0,400150.0,1.0,0.0,0.0,1.0,0.0,1.0,0.0,0.0,18.0,F,B,8b506db5-2074-4dcd-a606-1a658551de18,,0.0,1.0
1850.0,307797.0,2.0,2.0,51.0,40.0,150.0,400150.0,1.0,0.0,0.0,1.0,0.0,1.0,0.0,0.0,28.0,M,B,6f31f46c-f0e8-48d5-be35-4aae299cddd5,,0.0,1.0
1850.0,307798.0,1.0,2.0,51.0,40.0,150.0,400150.0,1.0,0.0,0.0,1.0,0.0,1.0,0.0,0.0,16.0,M,B,9c294d48-94f7-40f9-984d-b45bccff902a,a71b8f28-ca2a-4fcb-af63-9811d2a754f7,1.0,1.0
1850.0,307798.0,2.0,2.0,51.0,40.0,150.0,400150.0,1.0,0.0,0.0,1.0,0.0,1.0,0.0,0.0,13.0,F,B,5059e83a-1bbf-4290-bef8-36a88aca6fa1,a71b8f28-ca2a-4fcb-af63-9811d2a754f7,1.0,1.0
1850.0,307799.0,1.0,3.0,51.0,40.0,150.0,400150.0,1.0,0.0,0.0,1.0,0.0,1.0,0.0,0.0,18.0,M,B,ebbd601b-b5fb-4979-af14-5345efd224d4,eda9aa9a-3408-400f-9ba9-084dd759f971,1.0,1.0
1850.0,307799.0,2.0,3.0,51.0,40.0,150.0,400150.0,1.0,0.0,0.0,1.0,0.0,1.0,0.0,0.0,10.0,M,B,d014b759-3fb5-4962-9469-8d179fe561be,eda9aa9a-3408-400f-9ba9-084dd759f971,1.0,1.0
1850.0,307799.0,3.0,3.0,51.0,40.0,150.0,400150.0,1.0,0.0,0.0,1.0,0.0,1.0,0.0,0.0,16.0,F,B,7c8b3443-f0c3-4d94-a8fe-9c4c950f0801,eda9aa9a-3408-400f-9ba9-084dd759f971,1.0,1.0
1850.0,307800.0,1.0,1.0,51.0,40.0,150.0,400150.0,1.0,0.0,0.0,1.0,0.0,1.0,0.0,0.0,47.0,M,B,36ef0db2-84c6-4b7b-b159-7037e327ec9e,d5117cf5-5ddc-45c1-88c9-28f6c59d9e5c,1.0,1.0
1850.0,307801.0,1.0,7.0,51.0,40.0,150.0,400150.0,1.0,0.0,0.0,1.0,0.0,1.0,0.0,0.0,28.0,M,B,fefc3090-ed74-4396-9180-7e18badae17b,ce70e06d-78ad-48bd-97b9-c23e4fb06d7e,1.0,1.0
1850.0,307801.0,2.0,7.0,51.0,40.0,150.0,400150.0,1.0,0.0,0.0,1.0,0.0,1.0,0.0,0.0,20.0,M,B,fd846c5f-6652-4510-88ad-06b2093d68cb,ce70e06d-78ad-48bd-97b9-c23e4fb06d7e,1.0,1.0
1850.0,307801.0,3.0,7.0,51.0,40.0,150.0,400150.0,1.0,0.0,0.0,1.0,0.0,1.0,0.0,0.0,9.0,M,B,bc8def4f-de4b-45ca-a7b2-f1346e0bb256,ce70e06d-78ad-48bd-97b9-c23e4fb06d7e,1.0,1.0
1850.0,307801.0,4.0,7.0,51.0,40.0,150.0,400150.0,1.0,0.0,0.0,1.0,0.0,1.0,0.0,0.0,5.0,M,B,9d556909-5593-4668-8d1d-f6755857c61b,ce70e06d-78ad-48bd-97b9-c23e4fb06d7e,1.0,1.0
1850.0,307801.0,5.0,7.0,51.0,40.0,150.0,400150.0,1.0,0.0,0.0,1.0,0.0,1.0,0.0,0.0,3.0,M,B,16967780-3e5c-4442-93b2-9b9f3520a94b,ce70e06d-78ad-48bd-97b9-c23e4fb06d7e,1.0,1.0
1850.0,307801.0,6.0,7.0,51.0,40.0,150.0,400150.0,1.0,0.0,0.0,1.0,0.0,1.0,0.0,0.0,30.0,F,B,3863854b-9337-4394-8495-6fa89d4f6bca,ce70e06d-78ad-48bd-97b9-c23e4fb06d7e,1.0,1.0
1850.0,307801.0,7.0,7.0,51.0,40.0,150.0,400150.0,1.0,0.0,0.0,1.0,0.0,1.0,0.0,0.0,12.0,F,B,cabdecde-d002-45b0-a12a-60b41cffb755,ce70e06d-78ad-48bd-97b9-c23e4fb06d7e,1.0,1.0
1850.0,307795.0,1.0,5.0,51.0,40.0,150.0,400150.0,1.0,0.0,0.0,1.0,0.0,1.0,0.0,0.0,50.0,M,B,159275bc-287d-4553-ba12-c849e22111b5,8df8779d-621f-4d31-ad1a-260ab06e86c0,1.0,1.0
1850.0,307795.0,2.0,5.0,51.0,40.0,150.0,400150.0,1.0,0.0,0.0,1.0,0.0,1.0,0.0,0.0,12.0,M,B,89b77558-0bce-4d4f-8ede-f3caeadba305,8df8779d-621f-4d31-ad1a-260ab06e86c0,1.0,1.0
1850.0,307795.0,3.0,5.0,51.0,40.0,150.0,400150.0,1.0,0.0,0.0,1.0,0.0,1.0,0.0,0.0,65.0,F,B,dd0948d5-e44a-41e2-b1cc-3c4b27034d69,8df8779d-621f-4d31-ad1a-260ab06e86c0,1.0,1.0
1850.0,307795.0,4.0,5.0,51.0,40.0,150.0,400150.0,1.0,0.0,0.0,1.0,0.0,1.0,0.0,0.0,20.0,F,B,0a4c0750-b408-435b-8d9d-6ebaf86703fc,8df8779d-621f-4d31-ad1a-260ab06e86c0,1.0,1.0
1850.0,307795.0,5.0,5.0,51.0,40.0,150.0,400150.0,1.0,0.0,0.0,1.0,0.0,1.0,0.0,0.0,13.0,F,B,5f35a9b1-e2ad-4495-8e6e-f1e1e7757110,8df8779d-621f-4d31-ad1a-260ab06e86c0,1.0,1.0
1850.0,307802.0,1.0,5.0,51.0,40.0,150.0,400150.0,1.0,0.0,0.0,1.0,0.0,1.0,0.0,0.0,30.0,M,B,4e0b6f50-59e5-41a8-b6af-71fab724abc9,692cc1b6-5f99-4a7f-b5c5-84cf921f9c6e,1.0,1.0
1850.0,307802.0,2.0,5.0,51.0,40.0,150.0,400150.0,1.0,0.0,0.0,1.0,0.0,1.0,0.0,0.0,18.0,M,B,2189eb03-90aa-413c-a5c8-baec7309b7ba,692cc1b6-5f99-4a7f-b5c5-84cf921f9c6e,1.0,1.0
1850.0,307802.0,3.0,5.0,51.0,40.0,150.0,400150.0,1.0,0.0,0.0,1.0,0.0,1.0,0.0,0.0,9.0,M,B,12517499-045f-42ea-b125-76903dc2350f,692cc1b6-5f99-4a7f-b5c5-84cf921f9c6e,1.0,1.0
1850.0,307802.0,4.0,5.0,51.0,40.0,150.0,400150.0,1.0,0.0,0.0,1.0,0.0,1.0,0.0,0.0,45.0,F,B,1fc1119e-e8f4-44cc-9a7c-53d972856b13,692cc1b6-5f99-4a7f-b5c5-84cf921f9c6e,1.0,1.0
1850.0,307802.0,5.0,5.0,51.0,40.0,150.0,400150.0,1.0,0.0,0.0,1.0,0.0,1.0,0.0,0.0,40.0,F,B,ddb5780d-3c17-49ef-b82a-36c8619ac12a,692cc1b6-5f99-4a7f-b5c5-84cf921f9c6e,1.0,1.0
1850.0,307803.0,1.0,1.0,51.0,40.0,150.0,400150.0,1.0,0.0,0.0,1.0,0.0,1.0,0.0,0.0,25.0,M,B,2a1b925e-503b-43c8-a084-9c4c943bbf9b,24bda11c-a668-4aa7-b227-102b456d33ec,1.0,1.0
1850.0,307804.0,1.0,15.0,51.0,40.0,150.0,400150.0,1.0,0.0,0.0,1.0,0.0,1.0,0.0,0.0,2.0,M,B,ea0f3198-f806-4060-a30d-736c65ce7933,0a1c84a8-e8cc-42fe-afee-360b8716bc26,1.0,1.0
1850.0,307804.0,2.0,15.0,51.0,40.0,150.0,400150.0,1.0,0.0,0.0,1.0,0.0,1.0,0.0,0.0,23.0,M,B,9389f35c-c619-4163-9a68-d4228ccfcacf,0a1c84a8-e8cc-42fe-afee-360b8716bc26,1.0,1.0
1850.0,307804.0,3.0,15.0,51.0,40.0,150.0,400150.0,1.0,0.0,0.0,1.0,0.0,1.0,0.0,0.0,11.0,M,B,f4303b8a-c5f3-432a-b2dc-fa066609526a,0a1c84a8-e8cc-42fe-afee-360b8716bc26,1.0,1.0
1850.0,307804.0,4.0,15.0,51.0,40.0,150.0,400150.0,1.0,0.0,0.0,1.0,0.0,1.0,0.0,0.0,11.0,M,B,17150514-05cc-4484-8e3c-d16ceb5d8c0a,0a1c84a8-e8cc-42fe-afee-360b8716bc26,1.0,1.0
1850.0,307804.0,5.0,15.0,51.0,40.0,150.0,400150.0,1.0,0.0,0.0,1.0,0.0,1.0,0.0,0.0,43.0,F,B,d48ffdc1-26ff-45c5-b0ed-061fd6918484,0a1c84a8-e8cc-42fe-afee-360b8716bc26,1.0,1.0
1850.0,307804.0,6.0,15.0,51.0,40.0,150.0,400150.0,1.0,0.0,0.0,1.0,0.0,1.0,0.0,0.0,16.0,F,B,7297a182-8879-47eb-8c30-c0400150583f,0a1c84a8-e8cc-42fe-afee-360b8716bc26,1.0,1.0
1850.0,307804.0,7.0,15.0,51.0,40.0,150.0,400150.0,1.0,0.0,0.0,1.0,0.0,1.0,0.0,0.0,14.0,F,B,b23c9513-c6c1-4260-88d5-bf068e2bfb0c,0a1c84a8-e8cc-42fe-afee-360b8716bc26,1.0,1.0
1850.0,307804.0,8.0,15.0,51.0,40.0,150.0,400150.0,1.0,0.0,0.0,1.0,0.0,1.0,0.0,0.0,5.0,F,B,8b21e5a5-b7c3-4142-9863-26661ea9a6d9,0a1c84a8-e8cc-42fe-afee-360b8716bc26,1.0,1.0
1850.0,307804.0,9.0,15.0,51.0,40.0,150.0,400150.0,1.0,0.0,0.0,1.0,0.0,1.0,0.0,0.0,3.0,F,B,8a2e291c-9ff5-493a-8fa6-d19ffdf7a549,0a1c84a8-e8cc-42fe-afee-360b8716bc26,1.0,1.0
1850.0,307804.0,10.0,15.0,51.0,40.0,150.0,400150.0,1.0,0.0,0.0,1.0,0.0,1.0,0.0,0.0,19.0,M,B,f3ad195e-ffab-4a79-af94-9e411fcf12a9,0a1c84a8-e8cc-42fe-afee-360b8716bc26,1.0,1.0
1850.0,307804.0,11.0,15.0,51.0,40.0,150.0,400150.0,1.0,0.0,0.0,1.0,0.0,1.0,0.0,0.0,17.0,M,B,b83e1623-c13a-4b46-9e95-048909708cec,0a1c84a8-e8cc-42fe-afee-360b8716bc26,1.0,1.0
1850.0,307804.0,12.0,15.0,51.0,40.0,150.0,400150.0,1.0,0.0,0.0,1.0,0.0,1.0,0.0,0.0,11.0,M,B,0f54ac67-7e36-40f4-9de2-e11f484f2da9,0a1c84a8-e8cc-42fe-afee-360b8716bc26,1.0,1.0
1850.0,307804.0,13.0,15.0,51.0,40.0,150.0,400150.0,1.0,0.0,0.0,1.0,0.0,1.0,0.0,0.0,9.0,M,B,d261d6f8-99a8-4949-bec2-27441a68d19e,0a1c84a8-e8cc-42fe-afee-360b8716bc26,1.0,1.0
1850.0,307804.0,14.0,15.0,51.0,40.0,150.0,400150.0,1.0,0.0,0.0,1.0,0.0,1.0,0.0,0.0,35.0,F,B,c25abd3c-29b4-45ab-8731-61bcd0865f0c,0a1c84a8-e8cc-42fe-afee-360b8716bc26,1.0,1.0
1850.0,307804.0,15.0,15.0,51.0,40.0,150.0,400150.0,1.0,0.0,0.0,1.0,0.0,1.0,0.0,0.0,18.0,F,B,2810b01b-4a5a-4ea7-bc31-8e1d2fd4f9c2,0a1c84a8-e8cc-42fe-afee-360b8716bc26,1.0,1.0
1850.0,307796.0,1.0,2.0,51.0,40.0,150.0,400150.0,1.0,0.0,0.0,1.0,0.0,1.0,0.0,0.0,21.0,F,B,e83fc9f9-200a-48c8-aa9a-83bb2734501e,a13e79a4-4479-4d95-bc94-ac950980c758,1.0,1.0
1850.0,307796.0,2.0,2.0,51.0,40.0,150.0,400150.0,1.0,0.0,0.0,1.0,0.0,1.0,0.0,0.0,7.0,F,B,6fdc61bf-e821-4bad-9b34-32b53934ad84,a13e79a4-4479-4d95-bc94-ac950980c758,1.0,1.0
1850.0,307807.0,1.0,6.0,51.0,40.0,150.0,400150.0,1.0,0.0,0.0,1.0,0.0,1.0,0.0,0.0,7.0,M,B,1cd71247-65d1-4fa4-aa4d-23b5496682d5,,0.0,1.0
1850.0,307807.0,2.0,6.0,51.0,40.0,150.0,400150.0,1.0,0.0,0.0,1.0,0.0,1.0,0.0,0.0,44.0,F,B,21e13180-e8b9-44fe-8fd7-fe05af6a74b1,,0.0,1.0
1850.0,307807.0,3.0,6.0,51.0,40.0,150.0,400150.0,1.0,0.0,0.0,1.0,0.0,1.0,0.0,0.0,16.0,F,B,c9aa9e5f-62c3-409f-bc86-504ebbc4144d,,0.0,1.0
1850.0,307807.0,4.0,6.0,51.0,40.0,150.0,400150.0,1.0,0.0,0.0,1.0,0.0,1.0,0.0,0.0,53.0,M,B,116fdb3e-0252-4af8-be15-d3d5ae34c8ab,,0.0,1.0
1850.0,307807.0,5.0,6.0,51.0,40.0,150.0,400150.0,1.0,0.0,0.0,1.0,0.0,1.0,0.0,0.0,20.0,M,B,15accdbc-2a7a-471a-9957-7a34b4f7cc18,,0.0,1.0
1850.0,307807.0,6.0,6.0,51.0,40.0,150.0,400150.0,1.0,0.0,0.0,1.0,0.0,1.0,0.0,0.0,11.0,M,B,fc089072-a4c5-480c-99ca-def1fd820465,,0.0,1.0
1850.0,307808.0,1.0,6.0,51.0,40.0,150.0,400150.0,1.0,0.0,0.0,1.0,0.0,1.0,0.0,0.0,68.0,M,B,f37fe95b-5c59-4604-9a75-8f8f78e53267,5ab30323-f323-45f0-80e8-cf55b36ea7ae,1.0,1.0
1850.0,307808.0,2.0,6.0,51.0,40.0,150.0,400150.0,1.0,0.0,0.0,1.0,0.0,1.0,0.0,0.0,19.0,M,B,7f912c7a-096f-4c91-aaa9-36530ee4e630,5ab30323-f323-45f0-80e8-cf55b36ea7ae,1.0,1.0
1850.0,307808.0,3.0,6.0,51.0,40.0,150.0,400150.0,1.0,0.0,0.0,1.0,0.0,1.0,0.0,0.0,15.0,M,B,dccd8eed-1a0e-4c1c-a7d5-422c3f328bd9,5ab30323-f323-45f0-80e8-cf55b36ea7ae,1.0,1.0
1850.0,307808.0,4.0,6.0,51.0,40.0,150.0,400150.0,1.0,0.0,0.0,1.0,0.0,1.0,0.0,0.0,9.0,M,B,2498e466-1a5b-4d67-825a-2da07c02047d,5ab30323-f323-45f0-80e8-cf55b36ea7ae,1.0,1.0
1850.0,307808.0,5.0,6.0,51.0,40.0,150.0,400150.0,1.0,0.0,0.0,1.0,0.0,1.0,0.0,0.0,49.0,F,B,67455b3c-c4f7-4586-98f7-561fd6c28257,5ab30323-f323-45f0-80e8-cf55b36ea7ae,1.0,1.0
1850.0,307808.0,6.0,6.0,51.0,40.0,150.0,400150.0,1.0,0.0,0.0,1.0,0.0,1.0,0.0,0.0,13.0,F,B,a7e0cb3c-66ee-4b43-afb9-0d10db4edf0f,5ab30323-f323-45f0-80e8-cf55b36ea7ae,1.0,1.0
1850.0,307809.0,1.0,9.0,51.0,40.0,150.0,400150.0,1.0,0.0,0.0,1.0,0.0,1.0,0.0,0.0,44.0,M,B,cd132626-1392-40b0-b762-a7f459466b03,392ad271-ec46-41a8-afa6-7d8ebdb4ef93,1.0,1.0
1850.0,307809.0,2.0,9.0,51.0,40.0,150.0,400150.0,1.0,0.0,0.0,1.0,0.0,1.0,0.0,0.0,16.0,M,B,443a89f7-1480-4abd-96af-3d5c204cdc10,392ad271-ec46-41a8-afa6-7d8ebdb4ef93,1.0,1.0
1850.0,307809.0,3.0,9.0,51.0,40.0,150.0,400150.0,1.0,0.0,0.0,1.0,0.0,1.0,0.0,0.0,13.0,M,B,9627513d-ffdd-4351-b967-e9d7d327be29,392ad271-ec46-41a8-afa6-7d8ebdb4ef93,1.0,1.0
1850.0,307809.0,4.0,9.0,51.0,40.0,150.0,400150.0,1.0,0.0,0.0,1.0,0.0,1.0,0.0,0.0,4.0,M,B,f819ff12-3e42-45c9-9220-d0efe3b19c67,392ad271-ec46-41a8-afa6-7d8ebdb4ef93,1.0,1.0
1850.0,307809.0,5.0,9.0,51.0,40.0,150.0,400150.0,1.0,0.0,0.0,1.0,0.0,1.0,0.0,0.0,3.0,M,B,4e934e10-8aa9-460f-97fd-d80fa73f565b,392ad271-ec46-41a8-afa6-7d8ebdb4ef93,1.0,1.0
1850.0,307809.0,6.0,9.0,51.0,40.0,150.0,400150.0,1.0,0.0,0.0,1.0,0.0,1.0,0.0,0.0,40.0,F,B,e03b81ae-9ec7-46b0-8626-400e14529e96,392ad271-ec46-41a8-afa6-7d8ebdb4ef93,1.0,1.0
1850.0,307809.0,7.0,9.0,51.0,40.0,150.0,400150.0,1.0,0.0,0.0,1.0,0.0,1.0,0.0,0.0,9.0,F,B,bf84c2dc-31f7-40fe-83a4-7966220b5a11,392ad271-ec46-41a8-afa6-7d8ebdb4ef93,1.0,1.0
1850.0,307809.0,8.0,9.0,51.0,40.0,150.0,400150.0,1.0,0.0,0.0,1.0,0.0,1.0,0.0,0.0,4.0,F,B,85be939a-6bd5-4fd3-829c-3b7200c7e865,392ad271-ec46-41a8-afa6-7d8ebdb4ef93,1.0,1.0
1850.0,307809.0,9.0,9.0,51.0,40.0,150.0,400150.0,1.0,0.0,0.0,1.0,0.0,1.0,0.0,0.0,0.0,F,B,9e40fd6b-700b-432e-9845-e11c0fe40000,392ad271-ec46-41a8-afa6-7d8ebdb4ef93,1.0,1.0
1850.0,307810.0,1.0,5.0,51.0,40.0,150.0,400150.0,1.0,0.0,0.0,1.0,0.0,1.0,0.0,0.0,25.0,M,B,1a32376e-066e-44c9-b5d1-15cc8f0f731a,9f0e9cb2-8f03-4ec3-b155-b9a66718cb43,1.0,1.0
1850.0,307810.0,2.0,5.0,51.0,40.0,150.0,400150.0,1.0,0.0,0.0,1.0,0.0,1.0,0.0,0.0,20.0,F,B,ab51991a-a683-4053-820b-8a4e8010a3c6,9f0e9cb2-8f03-4ec3-b155-b9a66718cb43,1.0,1.0
1850.0,307810.0,3.0,5.0,51.0,40.0,150.0,400150.0,1.0,0.0,0.0,1.0,0.0,1.0,0.0,0.0,6.0,F,B,c7f00772-0c62-4445-8c85-2b6718a762e7,9f0e9cb2-8f03-4ec3-b155-b9a66718cb43,1.0,1.0
1850.0,307810.0,4.0,5.0,51.0,40.0,150.0,400150.0,1.0,0.0,0.0,1.0,0.0,1.0,0.0,0.0,2.0,F,B,f675e322-600f-472c-9c83-dad79dec8ef1,9f0e9cb2-8f03-4ec3-b155-b9a66718cb43,1.0,1.0
1850.0,307810.0,5.0,5.0,51.0,40.0,150.0,400150.0,1.0,0.0,0.0,1.0,0.0,1.0,0.0,0.0,50.0,F,B,417c39eb-320b-4c97-9e89-164859fc8ac6,9f0e9cb2-8f03-4ec3-b155-b9a66718cb43,1.0,1.0
1850.0,307805.0,1.0,1.0,51.0,40.0,150.0,400150.0,1.0,0.0,0.0,1.0,0.0,1.0,0.0,0.0,10.0,M,B,59d16635-bd16-4832-abb0-995dd27f72bc,ef575424-33d9-4584-9aec-ef5f6c1d0b47,1.0,1.0
1850.0,307811.0,1.0,5.0,51.0,40.0,150.0,400150.0,1.0,0.0,0.0,1.0,0.0,1.0,0.0,0.0,25.0,M,B,beb64e49-e333-4b21-b785-9eb797f6b6e3,0ad60f40-33a4-4d2a-b2b3-85a2e9bdbaac,1.0,1.0
1850.0,307811.0,2.0,5.0,51.0,40.0,150.0,400150.0,1.0,0.0,0.0,1.0,0.0,1.0,0.0,0.0,18.0,M,B,942e5da1-2cc7-4551-8ee6-cdff879373e0,0ad60f40-33a4-4d2a-b2b3-85a2e9bdbaac,1.0,1.0
1850.0,307811.0,3.0,5.0,51.0,40.0,150.0,400150.0,1.0,0.0,0.0,1.0,0.0,1.0,0.0,0.0,6.0,M,B,01c1d272-3004-4ebc-bb06-3d0ecfa445b6,0ad60f40-33a4-4d2a-b2b3-85a2e9bdbaac,1.0,1.0
1850.0,307811.0,4.0,5.0,51.0,40.0,150.0,400150.0,1.0,0.0,0.0,1.0,0.0,1.0,0.0,0.0,4.0,F,B,863e2f04-5542-4155-87c7-45dd2d121ca4,0ad60f40-33a4-4d2a-b2b3-85a2e9bdbaac,1.0,1.0
1850.0,307811.0,5.0,5.0,51.0,40.0,150.0,400150.0,1.0,0.0,0.0,1.0,0.0,1.0,0.0,0.0,85.0,F,B,49b1c311-e487-44fd-90c7-ea7d6dc211e1,0ad60f40-33a4-4d2a-b2b3-85a2e9bdbaac,1.0,1.0
1850.0,307812.0,1.0,3.0,51.0,40.0,150.0,400150.0,1.0,0.0,0.0,1.0,0.0,1.0,0.0,0.0,50.0,F,B,6943d90c-959b-4b1e-9b8a-4bd8e4267e43,8fb350a2-0567-4eaf-aa6d-14bac9f98c54,1.0,1.0
1850.0,307812.0,2.0,3.0,51.0,40.0,150.0,400150.0,1.0,0.0,0.0,1.0,0.0,1.0,0.0,0.0,16.0,F,B,d1dd6aed-a7f7-4187-9afe-3d038c9ff542,8fb350a2-0567-4eaf-aa6d-14bac9f98c54,1.0,1.0
1850.0,307812.0,3.0,3.0,51.0,40.0,150.0,400150.0,1.0,0.0,0.0,1.0,0.0,1.0,0.0,0.0,12.0,F,B,f7074450-4baa-444d-9cae-90785e32ecb8,8fb350a2-0567-4eaf-aa6d-14bac9f98c54,1.0,1.0
1850.0,307806.0,1.0,3.0,51.0,40.0,150.0,400150.0,1.0,0.0,0.0,1.0,0.0,1.0,0.0,0.0,40.0,M,B,b9581204-b771-4345-8338-74c5b6de6a94,bf4a5fb6-47c5-4c49-9353-b21c9b7e4809,1.0,1.0
1850.0,307806.0,2.0,3.0,51.0,40.0,150.0,400150.0,1.0,0.0,0.0,1.0,0.0,1.0,0.0,0.0,18.0,M,B,4385c4e0-0d3e-4021-a491-8c516a67486c,bf4a5fb6-47c5-4c49-9353-b21c9b7e4809,1.0,1.0
1850.0,307806.0,3.0,3.0,51.0,40.0,150.0,400150.0,1.0,0.0,0.0,1.0,0.0,1.0,0.0,0.0,16.0,M,B,1f0953f7-8964-46c2-9193-2fcfd816f87c,bf4a5fb6-47c5-4c49-9353-b21c9b7e4809,1.0,1.0
1850.0,307813.0,1.0,2.0,51.0,40.0,150.0,400150.0,1.0,0.0,0.0,1.0,0.0,1.0,0.0,0.0,16.0,M,B,183fdcc2-2989-4ccf-8367-eb472c24fae5,3289434b-5ed3-4fb9-92bd-14a4a6772ec9,1.0,1.0
1850.0,307813.0,2.0,2.0,51.0,40.0,150.0,400150.0,1.0,0.0,0.0,1.0,0.0,1.0,0.0,0.0,11.0,M,B,b5666809-a94a-4a43-965f-732e1de964cd,3289434b-5ed3-4fb9-92bd-14a4a6772ec9,1.0,1.0
1850.0,307814.0,1.0,1.0,51.0,40.0,150.0,400150.0,1.0,0.0,0.0,1.0,0.0,1.0,0.0,0.0,14.0,M,B,2da0ce2b-63c1-45b8-ac7a-c6145fccf466,00e785b1-995d-4957-b6e2-aefd9255fb1f,1.0,1.0
1850.0,307816.0,1.0,8.0,51.0,40.0,150.0,400150.0,1.0,0.0,0.0,1.0,0.0,1.0,0.0,0.0,7.0,M,B,ddb687b1-e608-4a2f-baae-ec40db01af0b,,0.0,1.0
1850.0,307816.0,2.0,8.0,51.0,40.0,150.0,400150.0,1.0,0.0,0.0,1.0,0.0,1.0,0.0,0.0,4.0,M,B,8a7857e9-9ec5-4e2b-84da-a7b8d16fd014,,0.0,1.0
1850.0,307816.0,3.0,8.0,51.0,40.0,150.0,400150.0,1.0,0.0,0.0,1.0,0.0,1.0,0.0,0.0,39.0,F,B,9a1cb458-ab39-4371-929e-15ac2bc322fe,,0.0,1.0
1850.0,307816.0,4.0,8.0,51.0,40.0,150.0,400150.0,1.0,0.0,0.0,1.0,0.0,1.0,0.0,0.0,9.0,F,B,563a04de-fecb-4d06-9d9b-1043e702575a,,0.0,1.0
1850.0,307816.0,5.0,8.0,51.0,40.0,150.0,400150.0,1.0,0.0,0.0,1.0,0.0,1.0,0.0,0.0,1.0,F,B,810fdb72-a33e-4e41-afce-3678f19d4553,,0.0,1.0
1850.0,307816.0,6.0,8.0,51.0,40.0,150.0,400150.0,1.0,0.0,0.0,1.0,0.0,1.0,0.0,0.0,16.0,M,B,0197bba0-8c08-4168-9049-0d375743e174,,0.0,1.0
1850.0,307816.0,7.0,8.0,51.0,40.0,150.0,400150.0,1.0,0.0,0.0,1.0,0.0,1.0,0.0,0.0,14.0,M,B,e57cb974-acad-413d-909b-873d59b4a6b8,,0.0,1.0
1850.0,307816.0,8.0,8.0,51.0,40.0,150.0,400150.0,1.0,0.0,0.0,1.0,0.0,1.0,0.0,0.0,9.0,M,B,2eb8d148-c9db-47af-98dd-462a2151b731,,0.0,1.0
1850.0,307817.0,1.0,4.0,51.0,40.0,150.0,400150.0,1.0,0.0,0.0,1.0,0.0,1.0,0.0,0.0,25.0,M,B,ae53fabb-81ac-46ab-a0b5-1847e4d844f6,13136b4e-b364-4892-b4af-9456e3ad1d04,1.0,1.0
1850.0,307817.0,2.0,4.0,51.0,40.0,150.0,400150.0,1.0,0.0,0.0,1.0,0.0,1.0,0.0,0.0,0.0,M,B,c78ffebf-ceab-4945-a4df-885cce868e32,13136b4e-b364-4892-b4af-9456e3ad1d04,1.0,1.0
1850.0,307817.0,3.0,4.0,51.0,40.0,150.0,400150.0,1.0,0.0,0.0,1.0,0.0,1.0,0.0,0.0,20.0,F,B,c4f106c6-0c6a-47a3-bd16-031ad5485e4e,13136b4e-b364-4892-b4af-9456e3ad1d04,1.0,1.0
1850.0,307817.0,4.0,4.0,51.0,40.0,150.0,400150.0,1.0,0.0,0.0,1.0,0.0,1.0,0.0,0.0,13.0,F,B,e88ed52c-16ee-4fa4-bec3-836425618176,13136b4e-b364-4892-b4af-9456e3ad1d04,1.0,1.0
1850.0,307818.0,1.0,34.0,51.0,40.0,150.0,400150.0,1.0,0.0,0.0,1.0,0.0,1.0,0.0,0.0,50.0,M,B,99957d71-4b70-4aba-b6f2-e25c47bd98dd,f1c12e11-a546-4bdc-a329-a69f71af74e8,1.0,1.0
1850.0,307818.0,2.0,34.0,51.0,40.0,150.0,400150.0,1.0,0.0,0.0,1.0,0.0,1.0,0.0,0.0,50.0,M,B,034562fe-406d-4956-a862-2b1649a54315,f1c12e11-a546-4bdc-a329-a69f71af74e8,1.0,1.0
1850.0,307818.0,3.0,34.0,51.0,40.0,150.0,400150.0,1.0,0.0,0.0,1.0,0.0,1.0,0.0,0.0,30.0,M,B,269367e1-aa63-43ac-a809-c32ae731f97e,f1c12e11-a546-4bdc-a329-a69f71af74e8,1.0,1.0
1850.0,307818.0,4.0,34.0,51.0,40.0,150.0,400150.0,1.0,0.0,0.0,1.0,0.0,1.0,0.0,0.0,30.0,M,B,18e196ee-e83e-4944-9906-078384d4abec,f1c12e11-a546-4bdc-a329-a69f71af74e8,1.0,1.0
1850.0,307818.0,5.0,34.0,51.0,40.0,150.0,400150.0,1.0,0.0,0.0,1.0,0.0,1.0,0.0,0.0,25.0,M,B,f6b83863-cdd4-4301-a1cf-3a3f313f3720,f1c12e11-a546-4bdc-a329-a69f71af74e8,1.0,1.0
1850.0,307818.0,6.0,34.0,51.0,40.0,150.0,400150.0,1.0,0.0,0.0,1.0,0.0,1.0,0.0,0.0,25.0,M,B,68376bde-83f5-4f52-b697-278de24bd7a8,f1c12e11-a546-4bdc-a329-a69f71af74e8,1.0,1.0
1850.0,307818.0,7.0,34.0,51.0,40.0,150.0,400150.0,1.0,0.0,0.0,1.0,0.0,1.0,0.0,0.0,50.0,M,B,355f2b24-9b64-4ed4-b191-22cc7251be2b,f1c12e11-a546-4bdc-a329-a69f71af74e8,1.0,1.0
1850.0,307818.0,8.0,34.0,51.0,40.0,150.0,400150.0,1.0,0.0,0.0,1.0,0.0,1.0,0.0,0.0,25.0,M,B,50ccd38a-a9df-40c8-a6a6-5c8bd5a2c1f7,f1c12e11-a546-4bdc-a329-a69f71af74e8,1.0,1.0
1850.0,307818.0,9.0,34.0,51.0,40.0,150.0,400150.0,1.0,0.0,0.0,1.0,0.0,1.0,0.0,0.0,25.0,M,B,6deaab69-df00-4ee0-a8cf-15193bf3ddf8,f1c12e11-a546-4bdc-a329-a69f71af74e8,1.0,1.0
1850.0,307818.0,10.0,34.0,51.0,40.0,150.0,400150.0,1.0,0.0,0.0,1.0,0.0,1.0,0.0,0.0,30.0,M,B,00f39286-7185-4202-8b9d-9f577c3c08ad,f1c12e11-a546-4bdc-a329-a69f71af74e8,1.0,1.0
1850.0,307818.0,11.0,34.0,51.0,40.0,150.0,400150.0,1.0,0.0,0.0,1.0,0.0,1.0,0.0,0.0,45.0,M,B,1ee5afe9-93e0-4e26-aa0d-429bb6724e84,f1c12e11-a546-4bdc-a329-a69f71af74e8,1.0,1.0
1850.0,307818.0,12.0,34.0,51.0,40.0,150.0,400150.0,1.0,0.0,0.0,1.0,0.0,1.0,0.0,0.0,45.0,M,B,26c25289-07e4-41ee-b223-2d310a0451a3,f1c12e11-a546-4bdc-a329-a69f71af74e8,1.0,1.0
1850.0,307818.0,13.0,34.0,51.0,40.0,150.0,400150.0,1.0,0.0,0.0,1.0,0.0,1.0,0.0,0.0,30.0,M,B,08c80c5f-b942-41cb-828e-7a46a9733939,f1c12e11-a546-4bdc-a329-a69f71af74e8,1.0,1.0
1850.0,307818.0,14.0,34.0,51.0,40.0,150.0,400150.0,1.0,0.0,0.0,1.0,0.0,1.0,0.0,0.0,30.0,M,B,1b331b08-9f5b-478d-af0f-e2d12e0eeeda,f1c12e11-a546-4bdc-a329-a69f71af74e8,1.0,1.0
1850.0,307818.0,15.0,34.0,51.0,40.0,150.0,400150.0,1.0,0.0,0.0,1.0,0.0,1.0,0.0,0.0,30.0,M,B,a098f4d6-d13c-4204-827a-555956d9d968,f1c12e11-a546-4bdc-a329-a69f71af74e8,1.0,1.0
1850.0,307818.0,16.0,34.0,51.0,40.0,150.0,400150.0,1.0,0.0,0.0,1.0,0.0,1.0,0.0,0.0,14.0,M,B,13580355-2ce8-41af-91d3-55c20a178ce0,f1c12e11-a546-4bdc-a329-a69f71af74e8,1.0,1.0
1850.0,307818.0,17.0,34.0,51.0,40.0,150.0,400150.0,1.0,0.0,0.0,1.0,0.0,1.0,0.0,0.0,16.0,M,B,f6438ba1-4277-46ea-a132-7d5c7b247ba4,f1c12e11-a546-4bdc-a329-a69f71af74e8,1.0,1.0
1850.0,307818.0,18.0,34.0,51.0,40.0,150.0,400150.0,1.0,0.0,0.0,1.0,0.0,1.0,0.0,0.0,30.0,M,B,070c5e52-fb15-44cb-a28d-8db17658b15d,f1c12e11-a546-4bdc-a329-a69f71af74e8,1.0,1.0
1850.0,307818.0,19.0,34.0,51.0,40.0,150.0,400150.0,1.0,0.0,0.0,1.0,0.0,1.0,0.0,0.0,30.0,M,B,af8247d5-7b50-4797-95ac-6f71680fc700,f1c12e11-a546-4bdc-a329-a69f71af74e8,1.0,1.0
1850.0,307818.0,20.0,34.0,51.0,40.0,150.0,400150.0,1.0,0.0,0.0,1.0,0.0,1.0,0.0,0.0,20.0,M,B,472cf363-ed84-496d-b2ef-29aff9c92c8e,f1c12e11-a546-4bdc-a329-a69f71af74e8,1.0,1.0
1850.0,307818.0,21.0,34.0,51.0,40.0,150.0,400150.0,1.0,0.0,0.0,1.0,0.0,1.0,0.0,0.0,30.0,M,B,fe2843e7-a6d4-43c4-bba9-ed228b2a3c31,f1c12e11-a546-4bdc-a329-a69f71af74e8,1.0,1.0
1850.0,307818.0,22.0,34.0,51.0,40.0,150.0,400150.0,1.0,0.0,0.0,1.0,0.0,1.0,0.0,0.0,25.0,M,B,f0778306-787b-46ee-91e4-4067d263ccd0,f1c12e11-a546-4bdc-a329-a69f71af74e8,1.0,1.0
1850.0,307818.0,23.0,34.0,51.0,40.0,150.0,400150.0,1.0,0.0,0.0,1.0,0.0,1.0,0.0,0.0,20.0,M,B,9f9a431e-d69c-4c35-97b0-106ee4063a50,f1c12e11-a546-4bdc-a329-a69f71af74e8,1.0,1.0
1850.0,307818.0,24.0,34.0,51.0,40.0,150.0,400150.0,1.0,0.0,0.0,1.0,0.0,1.0,0.0,0.0,22.0,M,B,92e3b34f-a332-40a4-9494-654640a7a013,f1c12e11-a546-4bdc-a329-a69f71af74e8,1.0,1.0
1850.0,307818.0,25.0,34.0,51.0,40.0,150.0,400150.0,1.0,0.0,0.0,1.0,0.0,1.0,0.0,0.0,25.0,M,B,d6ebe396-903d-45f9-bc9d-d0f91b87c868,f1c12e11-a546-4bdc-a329-a69f71af74e8,1.0,1.0
1850.0,307818.0,26.0,34.0,51.0,40.0,150.0,400150.0,1.0,0.0,0.0,1.0,0.0,1.0,0.0,0.0,16.0,F,B,49aa096f-1410-46a4-823a-ef557269cb2b,f1c12e11-a546-4bdc-a329-a69f71af74e8,1.0,1.0
1850.0,307818.0,27.0,34.0,51.0,40.0,150.0,400150.0,1.0,0.0,0.0,1.0,0.0,1.0,0.0,0.0,18.0,M,B,0e4dc369-d800-4b75-a876-bf8a4b6ad38e,f1c12e11-a546-4bdc-a329-a69f71af74e8,1.0,1.0
1850.0,307818.0,28.0,34.0,51.0,40.0,150.0,400150.0,1.0,0.0,0.0,1.0,0.0,1.0,0.0,0.0,20.0,M,B,913f4d9d-35a1-4ba4-8594-10452fdfc88b,f1c12e11-a546-4bdc-a329-a69f71af74e8,1.0,1.0
1850.0,307818.0,29.0,34.0,51.0,40.0,150.0,400150.0,1.0,0.0,0.0,1.0,0.0,1.0,0.0,0.0,30.0,M,B,ba5245bc-a4c6-494d-8001-8354e6c11dda,f1c12e11-a546-4bdc-a329-a69f71af74e8,1.0,1.0
1850.0,307818.0,30.0,34.0,51.0,40.0,150.0,400150.0,1.0,0.0,0.0,1.0,0.0,1.0,0.0,0.0,22.0,M,B,b185e3ca-59dc-4390-9141-773725dd251d,f1c12e11-a546-4bdc-a329-a69f71af74e8,1.0,1.0
1850.0,307818.0,31.0,34.0,51.0,40.0,150.0,400150.0,1.0,0.0,0.0,1.0,0.0,1.0,0.0,0.0,21.0,M,B,13303775-165a-4002-a337-f905d3299836,f1c12e11-a546-4bdc-a329-a69f71af74e8,1.0,1.0
1850.0,307818.0,32.0,34.0,51.0,40.0,150.0,400150.0,1.0,0.0,0.0,1.0,0.0,1.0,0.0,0.0,24.0,M,B,560e989f-bb01-484e-a709-b7c50e635ff1,f1c12e11-a546-4bdc-a329-a69f71af74e8,1.0,1.0
1850.0,307818.0,33.0,34.0,51.0,40.0,150.0,400150.0,1.0,0.0,0.0,1.0,0.0,1.0,0.0,0.0,45.0,M,B,37a85b95-4894-4d8b-92da-4d8ba5bf87ee,f1c12e11-a546-4bdc-a329-a69f71af74e8,1.0,1.0
1850.0,307818.0,34.0,34.0,51.0,40.0,150.0,400150.0,1.0,0.0,0.0,1.0,0.0,1.0,0.0,0.0,50.0,F,B,ff890d34-1559-4578-935b-e3a1dbabb76a,f1c12e11-a546-4bdc-a329-a69f71af74e8,1.0,1.0
1850.0,307815.0,1.0,5.0,51.0,40.0,150.0,400150.0,1.0,0.0,0.0,1.0,0.0,1.0,0.0,0.0,35.0,M,B,632e34c0-5389-41a7-8924-82606bd797aa,ebef58ba-fc25-4c6f-aa53-5fc53689adee,1.0,1.0
1850.0,307815.0,2.0,5.0,51.0,40.0,150.0,400150.0,1.0,0.0,0.0,1.0,0.0,1.0,0.0,0.0,35.0,M,B,7e98e088-6f52-4548-8dbe-f66d2c89e533,ebef58ba-fc25-4c6f-aa53-5fc53689adee,1.0,1.0
1850.0,307815.0,3.0,5.0,51.0,40.0,150.0,400150.0,1.0,0.0,0.0,1.0,0.0,1.0,0.0,0.0,40.0,F,B,953ac517-fabe-484f-8237-3a87c421d1d4,ebef58ba-fc25-4c6f-aa53-5fc53689adee,1.0,1.0
1850.0,307815.0,4.0,5.0,51.0,40.0,150.0,400150.0,1.0,0.0,0.0,1.0,0.0,1.0,0.0,0.0,4.0,F,B,51c6c98e-4c43-4b71-bcdd-fb6e57015164,ebef58ba-fc25-4c6f-aa53-5fc53689adee,1.0,1.0
1850.0,307815.0,5.0,5.0,51.0,40.0,150.0,400150.0,1.0,0.0,0.0,1.0,0.0,1.0,0.0,0.0,1.0,F,B,f16a2daa-4a90-44ad-8592-228ef8eeb70b,ebef58ba-fc25-4c6f-aa53-5fc53689adee,1.0,1.0
1850.0,307819.0,1.0,1.0,51.0,40.0,150.0,400150.0,1.0,0.0,0.0,1.0,0.0,1.0,0.0,0.0,12.0,F,B,ddf7c63b-a0a1-4090-8140-0ee619e66740,c68f4fb0-c45f-447e-bdbf-561d334f4585,1.0,1.0
1850.0,307820.0,1.0,1.0,51.0,40.0,150.0,400150.0,1.0,0.0,0.0,1.0,0.0,1.0,0.0,0.0,10.0,F,B,ea63a9e5-67c6-4ab1-8c5d-ee8e8fe14a3b,03507473-78f4-4f9f-a117-599d7375476b,1.0,1.0
1850.0,307821.0,1.0,5.0,51.0,40.0,150.0,400150.0,1.0,0.0,0.0,1.0,0.0,1.0,0.0,0.0,23.0,M,B,ce75edd0-8950-4cd0-be64-9ddc7543f964,65ccc28b-270a-4931-b957-71c11c389503,1.0,1.0
1850.0,307821.0,2.0,5.0,51.0,40.0,150.0,400150.0,1.0,0.0,0.0,1.0,0.0,1.0,0.0,0.0,11.0,M,B,a3034a0f-c95e-4ba0-9457-7f0c6abb2a8c,65ccc28b-270a-4931-b957-71c11c389503,1.0,1.0
1850.0,307821.0,3.0,5.0,51.0,40.0,150.0,400150.0,1.0,0.0,0.0,1.0,0.0,1.0,0.0,0.0,9.0,M,B,5c32fe71-cf7a-4f8f-859f-f675e6d21622,65ccc28b-270a-4931-b957-71c11c389503,1.0,1.0
1850.0,307821.0,4.0,5.0,51.0,40.0,150.0,400150.0,1.0,0.0,0.0,1.0,0.0,1.0,0.0,0.0,18.0,F,B,60b0f5c4-dd73-4762-96b5-d404f889cf2e,65ccc28b-270a-4931-b957-71c11c389503,1.0,1.0
1850.0,307821.0,5.0,5.0,51.0,40.0,150.0,400150.0,1.0,0.0,0.0,1.0,0.0,1.0,0.0,0.0,16.0,F,B,061877ba-aa64-4ac9-abca-a9122899d663,65ccc28b-270a-4931-b957-71c11c389503,1.0,1.0
1850.0,307822.0,1.0,4.0,51.0,40.0,150.0,400150.0,1.0,0.0,0.0,1.0,0.0,1.0,0.0,0.0,13.0,M,B,a8184f81-a35e-49bc-988a-1390d3199263,5e5b1e8f-3f72-495e-b23b-d8190007458f,1.0,1.0
1850.0,307822.0,2.0,4.0,51.0,40.0,150.0,400150.0,1.0,0.0,0.0,1.0,0.0,1.0,0.0,0.0,4.0,M,B,50c20191-bb4a-491a-bef7-aeda7e5435f1,5e5b1e8f-3f72-495e-b23b-d8190007458f,1.0,1.0
1850.0,307822.0,3.0,4.0,51.0,40.0,150.0,400150.0,1.0,0.0,0.0,1.0,0.0,1.0,0.0,0.0,18.0,F,B,20422aeb-fb77-43b9-b9f8-aad4986d87ef,5e5b1e8f-3f72-495e-b23b-d8190007458f,1.0,1.0
1850.0,307822.0,4.0,4.0,51.0,40.0,150.0,400150.0,1.0,0.0,0.0,1.0,0.0,1.0,0.0,0.0,12.0,F,B,dc33f619-2685-438d-ac75-5931ae3724db,5e5b1e8f-3f72-495e-b23b-d8190007458f,1.0,1.0
1850.0,307823.0,1.0,3.0,51.0,40.0,150.0,400150.0,1.0,0.0,0.0,1.0,0.0,1.0,0.0,0.0,5.0,M,B,716aae31-9423-4c72-92c8-714fb7abef7b,8106a40b-8051-4a86-8433-10a042420f36,1.0,1.0
1850.0,307823.0,2.0,3.0,51.0,40.0,150.0,400150.0,1.0,0.0,0.0,1.0,0.0,1.0,0.0,0.0,29.0,F,B,57fc513f-8b68-419d-b087-285fe998d667,8106a40b-8051-4a86-8433-10a042420f36,1.0,1.0
1850.0,307823.0,3.0,3.0,51.0,40.0,150.0,400150.0,1.0,0.0,0.0,1.0,0.0,1.0,0.0,0.0,2.0,F,B,fbcd40d4-071b-485c-ab52-a3e1c1b11efb,8106a40b-8051-4a86-8433-10a042420f36,1.0,1.0
1850.0,307824.0,1.0,9.0,51.0,40.0,150.0,400150.0,1.0,0.0,0.0,1.0,0.0,1.0,0.0,0.0,47.0,M,B,884bea47-27bc-4417-8eec-33fc496950e9,3e82c181-1a6a-4e6f-abc4-aabe3472cf09,1.0,1.0
1850.0,307824.0,2.0,9.0,51.0,40.0,150.0,400150.0,1.0,0.0,0.0,1.0,0.0,1.0,0.0,0.0,16.0,M,B,c85ced50-0a3c-4a16-8ad1-6171018f9bf8,3e82c181-1a6a-4e6f-abc4-aabe3472cf09,1.0,1.0
1850.0,307824.0,3.0,9.0,51.0,40.0,150.0,400150.0,1.0,0.0,0.0,1.0,0.0,1.0,0.0,0.0,8.0,M,B,c587f765-4db9-4a0e-a98d-0b357d71bdb2,3e82c181-1a6a-4e6f-abc4-aabe3472cf09,1.0,1.0
1850.0,307824.0,4.0,9.0,51.0,40.0,150.0,400150.0,1.0,0.0,0.0,1.0,0.0,1.0,0.0,0.0,4.0,M,B,f5e1b490-3093-4c3b-8113-b523883442ff,3e82c181-1a6a-4e6f-abc4-aabe3472cf09,1.0,1.0
1850.0,307824.0,5.0,9.0,51.0,40.0,150.0,400150.0,1.0,0.0,0.0,1.0,0.0,1.0,0.0,0.0,1.0,M,B,3be34e4b-5cc5-408f-b540-3535a0e8cf41,3e82c181-1a6a-4e6f-abc4-aabe3472cf09,1.0,1.0
1850.0,307824.0,6.0,9.0,51.0,40.0,150.0,400150.0,1.0,0.0,0.0,1.0,0.0,1.0,0.0,0.0,50.0,F,B,077e54b0-97ad-4833-9477-6f6d5465d032,3e82c181-1a6a-4e6f-abc4-aabe3472cf09,1.0,1.0
1850.0,307824.0,7.0,9.0,51.0,40.0,150.0,400150.0,1.0,0.0,0.0,1.0,0.0,1.0,0.0,0.0,28.0,F,B,fcd83eee-a7bd-46f4-aa4f-3b6567cd13f0,3e82c181-1a6a-4e6f-abc4-aabe3472cf09,1.0,1.0
1850.0,307824.0,8.0,9.0,51.0,40.0,150.0,400150.0,1.0,0.0,0.0,1.0,0.0,1.0,0.0,0.0,16.0,F,B,c04a7074-dad8-498c-b2a4-f9f9255d64e5,3e82c181-1a6a-4e6f-abc4-aabe3472cf09,1.0,1.0
1850.0,307824.0,9.0,9.0,51.0,40.0,150.0,400150.0,1.0,0.0,0.0,1.0,0.0,1.0,0.0,0.0,2.0,F,B,5f095644-c506-4bcc-a80d-b04bd9a01ae7,3e82c181-1a6a-4e6f-abc4-aabe3472cf09,1.0,1.0
1850.0,307825.0,1.0,6.0,51.0,40.0,150.0,400150.0,1.0,0.0,0.0,1.0,0.0,1.0,0.0,0.0,5.0,M,B,e2c5c485-465e-4493-a913-ce1110a64e7e,8e205137-9cae-4688-9870-b443a344e386,1.0,1.0
1850.0,307825.0,2.0,6.0,51.0,40.0,150.0,400150.0,1.0,0.0,0.0,1.0,0.0,1.0,0.0,0.0,3.0,M,B,0e520293-12e3-4db3-8512-4ef9e64b76af,8e205137-9cae-4688-9870-b443a344e386,1.0,1.0
1850.0,307825.0,3.0,6.0,51.0,40.0,150.0,400150.0,1.0,0.0,0.0,1.0,0.0,1.0,0.0,0.0,60.0,M,B,b0a0429b-dd45-4c77-873f-c65695b0f34d,8e205137-9cae-4688-9870-b443a344e386,1.0,1.0
1850.0,307825.0,4.0,6.0,51.0,40.0,150.0,400150.0,1.0,0.0,0.0,1.0,0.0,1.0,0.0,0.0,42.0,F,B,707fca47-0e90-43fe-a706-8dbdd76ea012,8e205137-9cae-4688-9870-b443a344e386,1.0,1.0
1850.0,307825.0,5.0,6.0,51.0,40.0,150.0,400150.0,1.0,0.0,0.0,1.0,0.0,1.0,0.0,0.0,8.0,F,B,16fce48b-fac3-47da-9dbe-f8a4a1d93f50,8e205137-9cae-4688-9870-b443a344e386,1.0,1.0
1850.0,307825.0,6.0,6.0,51.0,40.0,150.0,400150.0,1.0,0.0,0.0,1.0,0.0,1.0,0.0,0.0,10.0,F,B,ccd5b857-23fe-497a-8308-de85dd2c4330,8e205137-9cae-4688-9870-b443a344e386,1.0,1.0
1850.0,307826.0,1.0,3.0,51.0,40.0,150.0,400150.0,1.0,0.0,0.0,1.0,0.0,1.0,0.0,0.0,54.0,M,B,d0d3e782-78cd-4917-be6d-e4016d11859e,0a3cf6d7-9277-455a-ae19-4e0f452ec180,1.0,1.0
1850.0,307826.0,2.0,3.0,51.0,40.0,150.0,400150.0,1.0,0.0,0.0,1.0,0.0,1.0,0.0,0.0,37.0,M,B,4190ce7c-63ff-4ddb-84d9-eb672869100e,0a3cf6d7-9277-455a-ae19-4e0f452ec180,1.0,1.0
1850.0,307826.0,3.0,3.0,51.0,40.0,150.0,400150.0,1.0,0.0,0.0,1.0,0.0,1.0,0.0,0.0,40.0,F,B,89a73b25-0f83-4211-801e-f822185231f3,0a3cf6d7-9277-455a-ae19-4e0f452ec180,1.0,1.0
1850.0,307827.0,1.0,4.0,51.0,40.0,150.0,400150.0,1.0,0.0,0.0,1.0,0.0,1.0,0.0,0.0,32.0,M,B,298d6600-537f-4d76-a7f2-15e03e5137b5,53b93e63-774b-47a8-81ad-03c4772a7afb,1.0,1.0
1850.0,307827.0,2.0,4.0,51.0,40.0,150.0,400150.0,1.0,0.0,0.0,1.0,0.0,1.0,0.0,0.0,21.0,M,B,d053f833-b37b-4d5b-9490-38b13b4abb48,53b93e63-774b-47a8-81ad-03c4772a7afb,1.0,1.0
1850.0,307827.0,3.0,4.0,51.0,40.0,150.0,400150.0,1.0,0.0,0.0,1.0,0.0,1.0,0.0,0.0,36.0,F,B,ca8e289f-e308-4916-ae6b-25fa3f9537aa,53b93e63-774b-47a8-81ad-03c4772a7afb,1.0,1.0
1850.0,307827.0,4.0,4.0,51.0,40.0,150.0,400150.0,1.0,0.0,0.0,1.0,0.0,1.0,0.0,0.0,18.0,F,B,09bffb40-85e5-47bc-a9c3-78bfc9f1aed4,53b93e63-774b-47a8-81ad-03c4772a7afb,1.0,1.0
1850.0,307828.0,1.0,7.0,51.0,40.0,150.0,400150.0,1.0,0.0,0.0,1.0,0.0,1.0,0.0,0.0,27.0,F,B,b26fabd0-3381-4704-b5b9-ae633686c08a,,0.0,1.0
1850.0,307828.0,2.0,7.0,51.0,40.0,150.0,400150.0,1.0,0.0,0.0,1.0,0.0,1.0,0.0,0.0,9.0,F,B,6d1d8f7f-5a83-4c67-9583-e0a1c7bcf76d,,0.0,1.0
1850.0,307828.0,3.0,7.0,51.0,40.0,150.0,400150.0,1.0,0.0,0.0,1.0,0.0,1.0,0.0,0.0,35.0,M,B,86c8179a-1f53-400a-89da-60fb8af8074d,,0.0,1.0
1850.0,307828.0,4.0,7.0,51.0,40.0,150.0,400150.0,1.0,0.0,0.0,1.0,0.0,1.0,0.0,0.0,6.0,M,B,5a962452-5130-4bd5-b67f-d0bf3b11ba36,,0.0,1.0
1850.0,307828.0,5.0,7.0,51.0,40.0,150.0,400150.0,1.0,0.0,0.0,1.0,0.0,1.0,0.0,0.0,2.0,M,B,b2dc3fd1-c734-43d6-8c8e-3d69a7eaf659,,0.0,1.0
1850.0,307828.0,6.0,7.0,51.0,40.0,150.0,400150.0,1.0,0.0,0.0,1.0,0.0,1.0,0.0,0.0,24.0,F,B,98d95c6e-5c6f-4376-8253-ea2d1fc7a12a,,0.0,1.0
1850.0,307828.0,7.0,7.0,51.0,40.0,150.0,400150.0,1.0,0.0,0.0,1.0,0.0,1.0,0.0,0.0,4.0,F,B,55849e28-b1e6-4623-abd2-4bb3824d2a66,,0.0,1.0
1850.0,307829.0,1.0,2.0,51.0,40.0,150.0,400150.0,1.0,0.0,0.0,1.0,0.0,1.0,0.0,0.0,8.0,M,B,273bdfa5-cc77-4155-92bc-c33079744ddc,62d9785a-1a19-4845-99e1-41784beaf584,1.0,1.0
1850.0,307829.0,2.0,2.0,51.0,40.0,150.0,400150.0,1.0,0.0,0.0,1.0,0.0,1.0,0.0,0.0,13.0,F,B,ea225f69-eac1-4d65-a25b-0239d1e268bc,62d9785a-1a19-4845-99e1-41784beaf584,1.0,1.0
1850.0,307830.0,1.0,3.0,51.0,40.0,150.0,400150.0,1.0,0.0,0.0,1.0,0.0,1.0,0.0,0.0,11.0,M,B,856663d3-a7ae-48b5-863c-2e793b30bbb1,15522018-99ae-4fcd-b528-3b9ce9083913,1.0,1.0
1850.0,307830.0,2.0,3.0,51.0,40.0,150.0,400150.0,1.0,0.0,0.0,1.0,0.0,1.0,0.0,0.0,50.0,F,B,b5a7bec3-8516-4ca9-8101-150162086ca6,15522018-99ae-4fcd-b528-3b9ce9083913,1.0,1.0
1850.0,307830.0,3.0,3.0,51.0,40.0,150.0,400150.0,1.0,0.0,0.0,1.0,0.0,1.0,0.0,0.0,30.0,F,B,88f4d3dd-c790-4dfb-b094-3c24460fc672,15522018-99ae-4fcd-b528-3b9ce9083913,1.0,1.0
1850.0,307831.0,1.0,1.0,51.0,40.0,150.0,400150.0,1.0,0.0,0.0,1.0,0.0,1.0,0.0,0.0,38.0,M,B,9e843aaa-8f2b-4287-afa1-4b6c8dd47eb7,39c2139a-c0b9-4a1a-920f-68adedc90987,1.0,1.0
1850.0,307832.0,1.0,19.0,51.0,40.0,150.0,400150.0,1.0,0.0,0.0,1.0,0.0,1.0,0.0,0.0,35.0,M,B,cfba35d2-a08e-4781-99aa-994b0657438f,74384935-78d9-4e24-b574-f34f431705a8,1.0,1.0
1850.0,307832.0,2.0,19.0,51.0,40.0,150.0,400150.0,1.0,0.0,0.0,1.0,0.0,1.0,0.0,0.0,20.0,M,B,1c36243d-d8a3-4be9-a9eb-c8e9dc9ca76d,74384935-78d9-4e24-b574-f34f431705a8,1.0,1.0
1850.0,307832.0,3.0,19.0,51.0,40.0,150.0,400150.0,1.0,0.0,0.0,1.0,0.0,1.0,0.0,0.0,14.0,M,B,73de5ff8-20b0-454f-bd97-9d091f8fee7d,74384935-78d9-4e24-b574-f34f431705a8,1.0,1.0
1850.0,307832.0,4.0,19.0,51.0,40.0,150.0,400150.0,1.0,0.0,0.0,1.0,0.0,1.0,0.0,0.0,10.0,M,B,e5761f7c-911c-4bb2-962f-287756f31465,74384935-78d9-4e24-b574-f34f431705a8,1.0,1.0
1850.0,307832.0,5.0,19.0,51.0,40.0,150.0,400150.0,1.0,0.0,0.0,1.0,0.0,1.0,0.0,0.0,7.0,M,B,b8986c64-2c31-474c-861d-00a4edecfc97,74384935-78d9-4e24-b574-f34f431705a8,1.0,1.0
1850.0,307832.0,6.0,19.0,51.0,40.0,150.0,400150.0,1.0,0.0,0.0,1.0,0.0,1.0,0.0,0.0,7.0,M,B,978b1084-3c10-455a-a39f-70620489902f,74384935-78d9-4e24-b574-f34f431705a8,1.0,1.0
1850.0,307832.0,7.0,19.0,51.0,40.0,150.0,400150.0,1.0,0.0,0.0,1.0,0.0,1.0,0.0,0.0,6.0,M,B,d4fee8e0-3990-4ced-891d-82839942784c,74384935-78d9-4e24-b574-f34f431705a8,1.0,1.0
1850.0,307832.0,8.0,19.0,51.0,40.0,150.0,400150.0,1.0,0.0,0.0,1.0,0.0,1.0,0.0,0.0,5.0,M,B,b8ee1c01-4074-4cc1-8adc-e3476ae6372e,74384935-78d9-4e24-b574-f34f431705a8,1.0,1.0
1850.0,307832.0,9.0,19.0,51.0,40.0,150.0,400150.0,1.0,0.0,0.0,1.0,0.0,1.0,0.0,0.0,4.0,M,B,24381e85-14b7-41b7-a925-fcf98cbce153,74384935-78d9-4e24-b574-f34f431705a8,1.0,1.0
1850.0,307832.0,10.0,19.0,51.0,40.0,150.0,400150.0,1.0,0.0,0.0,1.0,0.0,1.0,0.0,0.0,3.0,M,B,1df729e4-2d17-4035-9d06-04a3f11a21ed,74384935-78d9-4e24-b574-f34f431705a8,1.0,1.0
1850.0,307832.0,11.0,19.0,51.0,40.0,150.0,400150.0,1.0,0.0,0.0,1.0,0.0,1.0,0.0,0.0,35.0,F,B,21104c56-c0be-4028-8bd5-75c660ea08e3,74384935-78d9-4e24-b574-f34f431705a8,1.0,1.0
1850.0,307832.0,12.0,19.0,51.0,40.0,150.0,400150.0,1.0,0.0,0.0,1.0,0.0,1.0,0.0,0.0,24.0,F,B,fef13b18-96c1-4222-b295-e47bb12d29b5,74384935-78d9-4e24-b574-f34f431705a8,1.0,1.0
1850.0,307832.0,13.0,19.0,51.0,40.0,150.0,400150.0,1.0,0.0,0.0,1.0,0.0,1.0,0.0,0.0,30.0,F,B,b2edee14-ab47-42b7-897b-da880507fdd8,74384935-78d9-4e24-b574-f34f431705a8,1.0,1.0
1850.0,307832.0,14.0,19.0,51.0,40.0,150.0,400150.0,1.0,0.0,0.0,1.0,0.0,1.0,0.0,0.0,20.0,F,B,bb0ad456-1390-4a04-9efc-5a2e08c0ce47,74384935-78d9-4e24-b574-f34f431705a8,1.0,1.0
1850.0,307832.0,15.0,19.0,51.0,40.0,150.0,400150.0,1.0,0.0,0.0,1.0,0.0,1.0,0.0,0.0,12.0,F,B,c74d74f8-78ff-4015-9175-16a88b3007f3,74384935-78d9-4e24-b574-f34f431705a8,1.0,1.0
1850.0,307832.0,16.0,19.0,51.0,40.0,150.0,400150.0,1.0,0.0,0.0,1.0,0.0,1.0,0.0,0.0,10.0,F,B,040663e0-61c7-4db5-af6b-2117a68222aa,74384935-78d9-4e24-b574-f34f431705a8,1.0,1.0
1850.0,307832.0,17.0,19.0,51.0,40.0,150.0,400150.0,1.0,0.0,0.0,1.0,0.0,1.0,0.0,0.0,9.0,F,B,a4426e76-0ed4-4ad0-8e0e-d1c6c925c85b,74384935-78d9-4e24-b574-f34f431705a8,1.0,1.0
1850.0,307832.0,18.0,19.0,51.0,40.0,150.0,400150.0,1.0,0.0,0.0,1.0,0.0,1.0,0.0,0.0,4.0,F,B,e6f94cca-aa84-498e-9f07-236b88fa3c05,74384935-78d9-4e24-b574-f34f431705a8,1.0,1.0
1850.0,307832.0,19.0,19.0,51.0,40.0,150.0,400150.0,1.0,0.0,0.0,1.0,0.0,1.0,0.0,0.0,1.0,F,B,081590e3-8e86-4ece-88e0-b1210c8e2cea,74384935-78d9-4e24-b574-f34f431705a8,1.0,1.0
1850.0,307833.0,1.0,6.0,51.0,40.0,150.0,400150.0,1.0,0.0,0.0,1.0,0.0,1.0,0.0,0.0,25.0,M,B,78cd7c8c-f870-43c1-a5eb-0d1c22a1a4d9,b5d6dabc-f4c3-4b9e-ab5f-0bad811f4a17,1.0,1.0
1850.0,307833.0,2.0,6.0,51.0,40.0,150.0,400150.0,1.0,0.0,0.0,1.0,0.0,1.0,0.0,0.0,23.0,M,B,a380d5dc-0212-4a51-b79f-68da87e5f4a6,b5d6dabc-f4c3-4b9e-ab5f-0bad811f4a17,1.0,1.0
1850.0,307833.0,3.0,6.0,51.0,40.0,150.0,400150.0,1.0,0.0,0.0,1.0,0.0,1.0,0.0,0.0,6.0,M,B,5d0ad362-a2ec-459c-b578-d590aa630223,b5d6dabc-f4c3-4b9e-ab5f-0bad811f4a17,1.0,1.0
1850.0,307833.0,4.0,6.0,51.0,40.0,150.0,400150.0,1.0,0.0,0.0,1.0,0.0,1.0,0.0,0.0,43.0,F,B,553d9bb8-e30a-443e-bc05-024f2d658bf0,b5d6dabc-f4c3-4b9e-ab5f-0bad811f4a17,1.0,1.0
1850.0,307833.0,5.0,6.0,51.0,40.0,150.0,400150.0,1.0,0.0,0.0,1.0,0.0,1.0,0.0,0.0,28.0,F,B,98f7cbe8-c9e4-41d0-a969-b9f4bf6c3003,b5d6dabc-f4c3-4b9e-ab5f-0bad811f4a17,1.0,1.0
1850.0,307833.0,6.0,6.0,51.0,40.0,150.0,400150.0,1.0,0.0,0.0,1.0,0.0,1.0,0.0,0.0,14.0,F,B,ef28f203-993a-4cd3-9328-5ec8f8222558,b5d6dabc-f4c3-4b9e-ab5f-0bad811f4a17,1.0,1.0
1850.0,307834.0,1.0,9.0,51.0,40.0,150.0,400150.0,1.0,0.0,0.0,1.0,0.0,1.0,0.0,0.0,16.0,M,B,5fee6b2b-ab08-4ee2-894a-84577658f037,00b99822-32cf-4353-8e26-deeb88bde247,1.0,1.0
1850.0,307834.0,2.0,9.0,51.0,40.0,150.0,400150.0,1.0,0.0,0.0,1.0,0.0,1.0,0.0,0.0,16.0,M,B,ede18479-350f-446b-a0f1-485403759c56,00b99822-32cf-4353-8e26-deeb88bde247,1.0,1.0
1850.0,307834.0,3.0,9.0,51.0,40.0,150.0,400150.0,1.0,0.0,0.0,1.0,0.0,1.0,0.0,0.0,15.0,M,B,46a2ddac-1e2d-4986-925b-4dae9cb01135,00b99822-32cf-4353-8e26-deeb88bde247,1.0,1.0
1850.0,307834.0,4.0,9.0,51.0,40.0,150.0,400150.0,1.0,0.0,0.0,1.0,0.0,1.0,0.0,0.0,8.0,M,B,3a503ddd-300e-4503-9791-4249098c4558,00b99822-32cf-4353-8e26-deeb88bde247,1.0,1.0
1850.0,307834.0,5.0,9.0,51.0,40.0,150.0,400150.0,1.0,0.0,0.0,1.0,0.0,1.0,0.0,0.0,1.0,M,B,c2d982a3-5ea1-4b5c-b48b-c8cc54f32e08,00b99822-32cf-4353-8e26-deeb88bde247,1.0,1.0
1850.0,307834.0,6.0,9.0,51.0,40.0,150.0,400150.0,1.0,0.0,0.0,1.0,0.0,1.0,0.0,0.0,74.0,F,B,08c89030-d5ff-47ba-920c-16641e340a60,00b99822-32cf-4353-8e26-deeb88bde247,1.0,1.0
1850.0,307834.0,7.0,9.0,51.0,40.0,150.0,400150.0,1.0,0.0,0.0,1.0,0.0,1.0,0.0,0.0,37.0,F,B,b2524532-d997-4e1f-9573-8ff5fd6ab976,00b99822-32cf-4353-8e26-deeb88bde247,1.0,1.0
1850.0,307834.0,8.0,9.0,51.0,40.0,150.0,400150.0,1.0,0.0,0.0,1.0,0.0,1.0,0.0,0.0,5.0,F,B,bfc159e8-14bf-43ff-99e6-384c59009f1e,00b99822-32cf-4353-8e26-deeb88bde247,1.0,1.0
1850.0,307834.0,9.0,9.0,51.0,40.0,150.0,400150.0,1.0,0.0,0.0,1.0,0.0,1.0,0.0,0.0,2.0,F,B,84a41091-7a85-42b8-bcfd-48ffa83faec5,00b99822-32cf-4353-8e26-deeb88bde247,1.0,1.0
1850.0,307835.0,1.0,2.0,51.0,40.0,150.0,400150.0,1.0,0.0,0.0,1.0,0.0,1.0,0.0,0.0,35.0,M,B,c17f8b61-1c0b-4258-bff0-f73576857f59,760fe0b7-f8fa-48c0-9a26-44f6c7561de5,1.0,1.0
1850.0,307835.0,2.0,2.0,51.0,40.0,150.0,400150.0,1.0,0.0,0.0,1.0,0.0,1.0,0.0,0.0,37.0,F,B,e2050107-fe7d-4df4-9953-c41581556ffe,760fe0b7-f8fa-48c0-9a26-44f6c7561de5,1.0,1.0
1850.0,307836.0,1.0,1.0,51.0,40.0,150.0,400150.0,1.0,0.0,0.0,1.0,0.0,1.0,0.0,0.0,16.0,F,B,063384d9-ee50-4e8f-9e42-cce6e532485e,ffc7284e-2112-4b39-a66e-ceaf3caefc1a,1.0,1.0
1850.0,307837.0,1.0,5.0,51.0,40.0,150.0,400150.0,1.0,0.0,0.0,1.0,0.0,1.0,0.0,0.0,22.0,M,B,8af7babf-bbb9-47e5-b520-64a5ae08767b,f7fb64ad-2b9b-48f9-9924-805ad0f777ec,1.0,1.0
1850.0,307837.0,2.0,5.0,51.0,40.0,150.0,400150.0,1.0,0.0,0.0,1.0,0.0,1.0,0.0,0.0,8.0,M,B,2fb7feec-068a-44dd-9bf9-3ff88c714b63,f7fb64ad-2b9b-48f9-9924-805ad0f777ec,1.0,1.0
1850.0,307837.0,3.0,5.0,51.0,40.0,150.0,400150.0,1.0,0.0,0.0,1.0,0.0,1.0,0.0,0.0,27.0,F,B,b2aa9666-c257-4d92-8923-10fac8852d17,f7fb64ad-2b9b-48f9-9924-805ad0f777ec,1.0,1.0
1850.0,307837.0,4.0,5.0,51.0,40.0,150.0,400150.0,1.0,0.0,0.0,1.0,0.0,1.0,0.0,0.0,6.0,F,B,42a2a0d2-e35b-406d-8d4e-940fb41532e9,f7fb64ad-2b9b-48f9-9924-805ad0f777ec,1.0,1.0
1850.0,307837.0,5.0,5.0,51.0,40.0,150.0,400150.0,1.0,0.0,0.0,1.0,0.0,1.0,0.0,0.0,0.0,F,B,e9fb059c-ed5b-47fb-b51a-62176e8b9bce,f7fb64ad-2b9b-48f9-9924-805ad0f777ec,1.0,1.0
1850.0,307838.0,1.0,1.0,51.0,40.0,150.0,400150.0,1.0,0.0,0.0,1.0,0.0,1.0,0.0,0.0,10.0,M,B,cdd52875-4e08-4c8b-bab7-9d34aa5ee3db,9a4d0e80-f189-45d6-9f02-014df8e7c1b5,1.0,1.0
1850.0,307839.0,1.0,1.0,51.0,40.0,150.0,400150.0,1.0,0.0,0.0,1.0,0.0,1.0,0.0,0.0,16.0,M,B,981e3162-ca2b-4b14-9837-8a47669f2dc0,ca0344c7-3635-41f5-a588-597bb3716e47,1.0,1.0
1850.0,307840.0,1.0,1.0,51.0,40.0,150.0,400150.0,1.0,0.0,0.0,1.0,0.0,1.0,0.0,0.0,12.0,M,B,51284f1d-85f6-41d5-94cf-997ad9061433,14341d43-93a4-4819-b1de-698779815761,1.0,1.0
1850.0,307841.0,1.0,5.0,51.0,40.0,150.0,400150.0,1.0,0.0,0.0,1.0,0.0,1.0,0.0,0.0,35.0,M,B,18b9e717-e810-443c-a3c7-b04d764d872d,f03dfeaf-9e90-4557-a220-4c2f353f9e3a,1.0,1.0
1850.0,307841.0,2.0,5.0,51.0,40.0,150.0,400150.0,1.0,0.0,0.0,1.0,0.0,1.0,0.0,0.0,30.0,F,B,6cc5773a-122b-4bc8-b7f7-bc901b82a1ef,f03dfeaf-9e90-4557-a220-4c2f353f9e3a,1.0,1.0
1850.0,307841.0,3.0,5.0,51.0,40.0,150.0,400150.0,1.0,0.0,0.0,1.0,0.0,1.0,0.0,0.0,8.0,F,B,8e5f3469-f7cb-4acf-bb95-7c88d6875d12,f03dfeaf-9e90-4557-a220-4c2f353f9e3a,1.0,1.0
1850.0,307841.0,4.0,5.0,51.0,40.0,150.0,400150.0,1.0,0.0,0.0,1.0,0.0,1.0,0.0,0.0,5.0,F,B,5aa10a7c-f1ff-42a1-9d65-1bb119d427ab,f03dfeaf-9e90-4557-a220-4c2f353f9e3a,1.0,1.0
1850.0,307841.0,5.0,5.0,51.0,40.0,150.0,400150.0,1.0,0.0,0.0,1.0,0.0,1.0,0.0,0.0,0.0,F,B,a119c36b-ec68-4db4-b1e6-d003a01e2fe4,f03dfeaf-9e90-4557-a220-4c2f353f9e3a,1.0,1.0
1850.0,307842.0,1.0,1.0,51.0,40.0,150.0,400150.0,1.0,0.0,0.0,1.0,0.0,1.0,0.0,0.0,30.0,F,B,718a2c3d-0ed9-4b5d-9aa5-48fff5095254,33da7e6a-b4a6-442e-aa0c-7fd7f9bfab7c,1.0,1.0
1850.0,307843.0,1.0,1.0,51.0,40.0,150.0,400150.0,1.0,0.0,0.0,1.0,0.0,1.0,0.0,0.0,12.0,F,B,23cf74c6-c17c-42de-938c-123d892352ba,3ec95de8-f166-4634-b518-39945041e43f,1.0,1.0
1850.0,307844.0,1.0,11.0,51.0,40.0,150.0,400150.0,1.0,0.0,0.0,1.0,0.0,1.0,0.0,0.0,28.0,M,B,58c77d97-4fc7-4499-8ee7-6503d311f717,fce50ea9-e808-4b21-914a-0c3314b2b0af,1.0,1.0
1850.0,307844.0,2.0,11.0,51.0,40.0,150.0,400150.0,1.0,0.0,0.0,1.0,0.0,1.0,0.0,0.0,4.0,M,B,48606470-f21e-4d86-a56f-50b76d5777de,fce50ea9-e808-4b21-914a-0c3314b2b0af,1.0,1.0
1850.0,307844.0,3.0,11.0,51.0,40.0,150.0,400150.0,1.0,0.0,0.0,1.0,0.0,1.0,0.0,0.0,8.0,M,B,2e38416d-e0eb-407d-be64-734d0dbc8e52,fce50ea9-e808-4b21-914a-0c3314b2b0af,1.0,1.0
1850.0,307844.0,4.0,11.0,51.0,40.0,150.0,400150.0,1.0,0.0,0.0,1.0,0.0,1.0,0.0,0.0,3.0,M,B,21dd757c-d31a-4ca1-8265-92141a6ccd70,fce50ea9-e808-4b21-914a-0c3314b2b0af,1.0,1.0
1850.0,307844.0,5.0,11.0,51.0,40.0,150.0,400150.0,1.0,0.0,0.0,1.0,0.0,1.0,0.0,0.0,2.0,M,B,36e3cd31-981a-4c44-a280-9a21b7b66133,fce50ea9-e808-4b21-914a-0c3314b2b0af,1.0,1.0
1850.0,307844.0,6.0,11.0,51.0,40.0,150.0,400150.0,1.0,0.0,0.0,1.0,0.0,1.0,0.0,0.0,33.0,M,B,536a2848-1ea7-4c98-a1b0-597d18d86a2f,fce50ea9-e808-4b21-914a-0c3314b2b0af,1.0,1.0
1850.0,307844.0,7.0,11.0,51.0,40.0,150.0,400150.0,1.0,0.0,0.0,1.0,0.0,1.0,0.0,0.0,30.0,F,B,1a85c61c-ef34-4b22-8a5a-6a8e26c5b389,fce50ea9-e808-4b21-914a-0c3314b2b0af,1.0,1.0
1850.0,307844.0,8.0,11.0,51.0,40.0,150.0,400150.0,1.0,0.0,0.0,1.0,0.0,1.0,0.0,0.0,6.0,F,B,79c059db-49f9-472d-ba71-130a17bef915,fce50ea9-e808-4b21-914a-0c3314b2b0af,1.0,1.0
1850.0,307844.0,9.0,11.0,51.0,40.0,150.0,400150.0,1.0,0.0,0.0,1.0,0.0,1.0,0.0,0.0,5.0,F,B,d2409746-430a-42b7-8bc3-ae07b9835724,fce50ea9-e808-4b21-914a-0c3314b2b0af,1.0,1.0
1850.0,307844.0,10.0,11.0,51.0,40.0,150.0,400150.0,1.0,0.0,0.0,1.0,0.0,1.0,0.0,0.0,3.0,F,B,0da84186-530f-4f5f-971b-3bbff7a669b8,fce50ea9-e808-4b21-914a-0c3314b2b0af,1.0,1.0
1850.0,307844.0,11.0,11.0,51.0,40.0,150.0,400150.0,1.0,0.0,0.0,1.0,0.0,1.0,0.0,0.0,38.0,M,B,83b61d8a-02fe-4a31-bc59-4f758043204b,fce50ea9-e808-4b21-914a-0c3314b2b0af,1.0,1.0
1850.0,307845.0,1.0,2.0,51.0,40.0,150.0,400150.0,1.0,0.0,0.0,1.0,0.0,1.0,0.0,0.0,44.0,M,B,7738529c-e2e2-4f2e-aca2-6e061f476906,4f4bebb0-33a5-4753-8538-64bef78e1210,1.0,1.0
1850.0,307845.0,2.0,2.0,51.0,40.0,150.0,400150.0,1.0,0.0,0.0,1.0,0.0,1.0,0.0,0.0,30.0,F,B,8b57f97f-51d1-46fa-b1c6-bec3795a8e46,4f4bebb0-33a5-4753-8538-64bef78e1210,1.0,1.0
1850.0,307846.0,1.0,1.0,51.0,40.0,150.0,400150.0,1.0,0.0,0.0,1.0,0.0,1.0,0.0,0.0,7.0,F,B,717c015b-8497-4899-89cb-d4121d920cae,122e127d-35f2-46f3-a8e8-7463f914879a,3.0,1.0
1850.0,307847.0,1.0,1.0,51.0,40.0,150.0,400150.0,1.0,0.0,0.0,1.0,0.0,1.0,0.0,0.0,25.0,M,B,552259e3-f66a-4f0c-a44e-7965d39b9be6,29ff5ae2-49de-4cce-b1bb-7402f10961fd,3.0,1.0
1850.0,307848.0,1.0,1.0,51.0,40.0,150.0,400150.0,1.0,0.0,0.0,1.0,0.0,1.0,0.0,0.0,10.0,F,B,95beb605-7c95-464a-8db5-215e5b1b803d,b5d6dabc-f4c3-4b9e-ab5f-0bad811f4a17,1.0,1.0
1850.0,307851.0,1.0,6.0,51.0,40.0,150.0,400150.0,1.0,0.0,0.0,1.0,0.0,1.0,0.0,0.0,0.0,F,B,95a93a87-d8fc-4c5c-8498-4dfdcd3b47df,,0.0,1.0
1850.0,307851.0,2.0,6.0,51.0,40.0,150.0,400150.0,1.0,0.0,0.0,1.0,0.0,1.0,0.0,0.0,40.0,M,B,79ab1611-a0b9-48a9-9f91-ca63b0bcd298,,0.0,1.0
1850.0,307851.0,3.0,6.0,51.0,40.0,150.0,400150.0,1.0,0.0,0.0,1.0,0.0,1.0,0.0,0.0,2.0,M,B,94157ace-f411-4c4b-9802-b013a5c49a09,,0.0,1.0
1850.0,307851.0,4.0,6.0,51.0,40.0,150.0,400150.0,1.0,0.0,0.0,1.0,0.0,1.0,0.0,0.0,60.0,F,B,c523196c-5f57-4a5e-9a57-37bda448223f,,0.0,1.0
1850.0,307851.0,5.0,6.0,51.0,40.0,150.0,400150.0,1.0,0.0,0.0,1.0,0.0,1.0,0.0,0.0,20.0,F,B,4b96c81b-35c9-4503-b119-e7a901c65fa5,,0.0,1.0
1850.0,307851.0,6.0,6.0,51.0,40.0,150.0,400150.0,1.0,0.0,0.0,1.0,0.0,1.0,0.0,0.0,4.0,F,B,fd684cbf-d49d-4170-9de5-ba44c3b82b48,,0.0,1.0
1850.0,307852.0,1.0,11.0,51.0,40.0,150.0,400150.0,1.0,0.0,0.0,1.0,0.0,1.0,0.0,0.0,20.0,M,B,ac077042-a1b0-4e17-8a69-a39be2c0eff9,52c9ad4b-99cc-4b68-9fbf-02f7ec75668a,1.0,1.0
1850.0,307852.0,2.0,11.0,51.0,40.0,150.0,400150.0,1.0,0.0,0.0,1.0,0.0,1.0,0.0,0.0,6.0,M,B,3604c033-67f6-4c70-ac8f-7ccde77805d1,52c9ad4b-99cc-4b68-9fbf-02f7ec75668a,1.0,1.0
1850.0,307852.0,3.0,11.0,51.0,40.0,150.0,400150.0,1.0,0.0,0.0,1.0,0.0,1.0,0.0,0.0,6.0,M,B,14cdd04e-4ed4-474d-9d89-92c652dbe99c,52c9ad4b-99cc-4b68-9fbf-02f7ec75668a,1.0,1.0
1850.0,307852.0,4.0,11.0,51.0,40.0,150.0,400150.0,1.0,0.0,0.0,1.0,0.0,1.0,0.0,0.0,4.0,M,B,becf3ec1-5daf-4b9e-9670-859a0711e2fb,52c9ad4b-99cc-4b68-9fbf-02f7ec75668a,1.0,1.0
1850.0,307852.0,5.0,11.0,51.0,40.0,150.0,400150.0,1.0,0.0,0.0,1.0,0.0,1.0,0.0,0.0,1.0,M,B,2fcacea7-20c3-4e39-9b38-80789ef2d14e,52c9ad4b-99cc-4b68-9fbf-02f7ec75668a,1.0,1.0
1850.0,307852.0,6.0,11.0,51.0,40.0,150.0,400150.0,1.0,0.0,0.0,1.0,0.0,1.0,0.0,0.0,38.0,F,B,81c6f6c4-9987-49c6-9f5e-b0076bb8454b,52c9ad4b-99cc-4b68-9fbf-02f7ec75668a,1.0,1.0
1850.0,307852.0,7.0,11.0,51.0,40.0,150.0,400150.0,1.0,0.0,0.0,1.0,0.0,1.0,0.0,0.0,30.0,F,B,b843a254-14bf-451c-bf34-bdf7241450a1,52c9ad4b-99cc-4b68-9fbf-02f7ec75668a,1.0,1.0
1850.0,307852.0,8.0,11.0,51.0,40.0,150.0,400150.0,1.0,0.0,0.0,1.0,0.0,1.0,0.0,0.0,18.0,F,B,94a819ca-d175-40f3-ac35-7db1f9e7ae10,52c9ad4b-99cc-4b68-9fbf-02f7ec75668a,1.0,1.0
1850.0,307852.0,9.0,11.0,51.0,40.0,150.0,400150.0,1.0,0.0,0.0,1.0,0.0,1.0,0.0,0.0,10.0,F,B,d7bd7bc5-bc92-44d4-854d-d8c0eae14abb,52c9ad4b-99cc-4b68-9fbf-02f7ec75668a,1.0,1.0
1850.0,307852.0,10.0,11.0,51.0,40.0,150.0,400150.0,1.0,0.0,0.0,1.0,0.0,1.0,0.0,0.0,7.0,F,B,f8476e77-33f8-4b4e-84d7-92a172e962cd,52c9ad4b-99cc-4b68-9fbf-02f7ec75668a,1.0,1.0
1850.0,307852.0,11.0,11.0,51.0,40.0,150.0,400150.0,1.0,0.0,0.0,1.0,0.0,1.0,0.0,0.0,2.0,F,B,2be2a319-49ce-43e3-b3b1-652f3a2e1ef0,52c9ad4b-99cc-4b68-9fbf-02f7ec75668a,1.0,1.0
1850.0,307849.0,1.0,2.0,51.0,40.0,150.0,400150.0,1.0,0.0,0.0,1.0,0.0,1.0,0.0,0.0,10.0,M,B,b4693b8f-7ea3-437f-9615-1c2ed2cd0627,d583bd13-d10c-4d16-905a-f77733ab101d,1.0,1.0
1850.0,307849.0,2.0,2.0,51.0,40.0,150.0,400150.0,1.0,0.0,0.0,1.0,0.0,1.0,0.0,0.0,18.0,F,B,825ca223-3a2e-431c-8555-96c2daa2290c,d583bd13-d10c-4d16-905a-f77733ab101d,1.0,1.0
1850.0,307853.0,1.0,2.0,51.0,40.0,150.0,400150.0,1.0,0.0,0.0,1.0,0.0,1.0,0.0,0.0,15.0,M,B,1ab2a54a-1472-4164-8ecb-c24eeae3da47,d7b7679c-ea93-46f0-9283-df40d08cf659,1.0,1.0
1850.0,307853.0,2.0,2.0,51.0,40.0,150.0,400150.0,1.0,0.0,0.0,1.0,0.0,1.0,0.0,0.0,23.0,F,B,b72fcdfc-4eea-42a1-b1de-2c88575b98ba,d7b7679c-ea93-46f0-9283-df40d08cf659,1.0,1.0
1850.0,307854.0,1.0,6.0,51.0,40.0,150.0,400150.0,1.0,0.0,0.0,1.0,0.0,1.0,0.0,0.0,50.0,M,B,be331e97-5014-4e62-b713-fea180a74cfc,6a8d10b8-7623-4367-b25b-15032d069429,1.0,1.0
1850.0,307854.0,2.0,6.0,51.0,40.0,150.0,400150.0,1.0,0.0,0.0,1.0,0.0,1.0,0.0,0.0,18.0,M,B,1b9ff4f4-af6d-45c1-99f9-f3ab09a2fe23,6a8d10b8-7623-4367-b25b-15032d069429,1.0,1.0
1850.0,307854.0,3.0,6.0,51.0,40.0,150.0,400150.0,1.0,0.0,0.0,1.0,0.0,1.0,0.0,0.0,2.0,M,B,49f7ad48-43bb-48a0-9112-ade1e116dfe8,6a8d10b8-7623-4367-b25b-15032d069429,1.0,1.0
1850.0,307854.0,4.0,6.0,51.0,40.0,150.0,400150.0,1.0,0.0,0.0,1.0,0.0,1.0,0.0,0.0,25.0,F,B,2c6f8185-a091-4dfb-b490-71cbe30136b2,6a8d10b8-7623-4367-b25b-15032d069429,1.0,1.0
1850.0,307854.0,5.0,6.0,51.0,40.0,150.0,400150.0,1.0,0.0,0.0,1.0,0.0,1.0,0.0,0.0,4.0,F,B,e748cb7b-ff9d-42b3-820b-2a69584fd6f3,6a8d10b8-7623-4367-b25b-15032d069429,1.0,1.0
1850.0,307854.0,6.0,6.0,51.0,40.0,150.0,400150.0,1.0,0.0,0.0,1.0,0.0,1.0,0.0,0.0,13.0,F,B,29f14928-52dc-4db2-93a2-d8868627c5d7,6a8d10b8-7623-4367-b25b-15032d069429,1.0,1.0
1850.0,307855.0,1.0,2.0,51.0,40.0,150.0,400150.0,1.0,0.0,0.0,1.0,0.0,1.0,0.0,0.0,21.0,M,B,f2644a4f-76d4-4405-aad9-b19abd9666ba,a52a3259-5b60-4ce4-bf38-be67f54eb8a2,1.0,1.0
1850.0,307855.0,2.0,2.0,51.0,40.0,150.0,400150.0,1.0,0.0,0.0,1.0,0.0,1.0,0.0,0.0,12.0,F,B,db27538f-c796-48bb-84a4-e26739e913a2,a52a3259-5b60-4ce4-bf38-be67f54eb8a2,1.0,1.0
1850.0,307856.0,1.0,3.0,51.0,40.0,150.0,400150.0,1.0,0.0,0.0,1.0,0.0,1.0,0.0,0.0,26.0,M,B,7134dba1-dc3e-45ba-b818-90d60f9403f1,a03da2c4-5917-4991-80e4-f7a400e77a51,1.0,1.0
1850.0,307856.0,2.0,3.0,51.0,40.0,150.0,400150.0,1.0,0.0,0.0,1.0,0.0,1.0,0.0,0.0,10.0,M,B,4efba168-a251-4217-b692-2da74223f8e5,a03da2c4-5917-4991-80e4-f7a400e77a51,1.0,1.0
1850.0,307856.0,3.0,3.0,51.0,40.0,150.0,400150.0,1.0,0.0,0.0,1.0,0.0,1.0,0.0,0.0,25.0,F,B,cccbac32-5bd2-4eaa-8e73-bc5ce09fc798,a03da2c4-5917-4991-80e4-f7a400e77a51,1.0,1.0
1850.0,307857.0,1.0,5.0,51.0,40.0,150.0,400150.0,1.0,0.0,0.0,1.0,0.0,1.0,0.0,0.0,17.0,M,B,a539c754-4c22-41dd-bec9-c92e3b4580e2,4bc0eaae-44f4-4c4a-88a6-6833523c9f81,1.0,1.0
1850.0,307857.0,2.0,5.0,51.0,40.0,150.0,400150.0,1.0,0.0,0.0,1.0,0.0,1.0,0.0,0.0,8.0,M,B,9bb8fe02-4564-4c66-a75f-1f986fc1acf3,4bc0eaae-44f4-4c4a-88a6-6833523c9f81,1.0,1.0
1850.0,307857.0,3.0,5.0,51.0,40.0,150.0,400150.0,1.0,0.0,0.0,1.0,0.0,1.0,0.0,0.0,7.0,M,B,8cf2e50b-2480-4be4-a0e5-abef50eacabb,4bc0eaae-44f4-4c4a-88a6-6833523c9f81,1.0,1.0
1850.0,307857.0,4.0,5.0,51.0,40.0,150.0,400150.0,1.0,0.0,0.0,1.0,0.0,1.0,0.0,0.0,25.0,F,B,20476633-5605-42e2-9135-33c492a137d8,4bc0eaae-44f4-4c4a-88a6-6833523c9f81,1.0,1.0
1850.0,307857.0,5.0,5.0,51.0,40.0,150.0,400150.0,1.0,0.0,0.0,1.0,0.0,1.0,0.0,0.0,3.0,F,B,d6b0402b-e3b1-468a-bd46-ef5dacc47695,4bc0eaae-44f4-4c4a-88a6-6833523c9f81,1.0,1.0
1850.0,307850.0,1.0,1.0,51.0,40.0,150.0,400150.0,1.0,0.0,0.0,1.0,0.0,1.0,0.0,0.0,60.0,M,B,3468a7ef-691b-414e-b988-0a9ae769507b,992a5729-b0e8-465c-9583-f7e35f4cbe8f,1.0,1.0
1850.0,307858.0,1.0,8.0,51.0,40.0,150.0,400150.0,1.0,0.0,0.0,1.0,0.0,1.0,0.0,0.0,52.0,M,B,59ed5184-adf5-48be-b8d0-ef5fb8898186,55b4d10d-bc5e-4f5b-b465-c639d24394f3,1.0,1.0
1850.0,307858.0,2.0,8.0,51.0,40.0,150.0,400150.0,1.0,0.0,0.0,1.0,0.0,1.0,0.0,0.0,36.0,M,B,67c8a976-c253-4808-9c2b-0bd3f12449ce,55b4d10d-bc5e-4f5b-b465-c639d24394f3,1.0,1.0
1850.0,307858.0,3.0,8.0,51.0,40.0,150.0,400150.0,1.0,0.0,0.0,1.0,0.0,1.0,0.0,0.0,5.0,M,B,172be40a-8dfa-4caf-8e26-2117d6094e2a,55b4d10d-bc5e-4f5b-b465-c639d24394f3,1.0,1.0
1850.0,307858.0,4.0,8.0,51.0,40.0,150.0,400150.0,1.0,0.0,0.0,1.0,0.0,1.0,0.0,0.0,4.0,M,B,eb0c8a42-5799-4a45-97f0-cfa67a73d4c0,55b4d10d-bc5e-4f5b-b465-c639d24394f3,1.0,1.0
1850.0,307858.0,5.0,8.0,51.0,40.0,150.0,400150.0,1.0,0.0,0.0,1.0,0.0,1.0,0.0,0.0,40.0,M,B,88df10bd-17ec-4a4e-9a58-2a63657dd9cc,55b4d10d-bc5e-4f5b-b465-c639d24394f3,1.0,1.0
1850.0,307858.0,6.0,8.0,51.0,40.0,150.0,400150.0,1.0,0.0,0.0,1.0,0.0,1.0,0.0,0.0,45.0,F,B,9113491d-460b-4ac9-907c-30a9fbcbcc97,55b4d10d-bc5e-4f5b-b465-c639d24394f3,1.0,1.0
1850.0,307858.0,7.0,8.0,51.0,40.0,150.0,400150.0,1.0,0.0,0.0,1.0,0.0,1.0,0.0,0.0,35.0,F,B,0ba9f1ff-25f3-48ed-88a4-12e5f1b9b80c,55b4d10d-bc5e-4f5b-b465-c639d24394f3,1.0,1.0
1850.0,307858.0,8.0,8.0,51.0,40.0,150.0,400150.0,1.0,0.0,0.0,1.0,0.0,1.0,0.0,0.0,6.0,F,B,e0601d21-18cb-4f30-a596-09278d77a125,55b4d10d-bc5e-4f5b-b465-c639d24394f3,1.0,1.0
1850.0,307859.0,1.0,6.0,51.0,40.0,150.0,400150.0,1.0,0.0,0.0,1.0,0.0,1.0,0.0,0.0,23.0,M,B,aa339633-c010-4497-8cba-6854addf9a2a,,0.0,1.0
1850.0,307859.0,2.0,6.0,51.0,40.0,150.0,400150.0,1.0,0.0,0.0,1.0,0.0,1.0,0.0,0.0,7.0,M,B,43cad5b9-a8a4-499e-a80f-39939aa08ca3,,0.0,1.0
1850.0,307859.0,3.0,6.0,51.0,40.0,150.0,400150.0,1.0,0.0,0.0,1.0,0.0,1.0,0.0,0.0,16.0,M,B,3282f5ba-1ee8-4cdd-a291-01d066e3b75d,,0.0,1.0
1850.0,307859.0,4.0,6.0,51.0,40.0,150.0,400150.0,1.0,0.0,0.0,1.0,0.0,1.0,0.0,0.0,12.0,M,B,f7a5ae0b-7786-4804-88ee-6aee4fe1dc2c,,0.0,1.0
1850.0,307859.0,5.0,6.0,51.0,40.0,150.0,400150.0,1.0,0.0,0.0,1.0,0.0,1.0,0.0,0.0,5.0,M,B,15721c09-b940-48ce-93df-a45af2d4b98d,,0.0,1.0
1850.0,307859.0,6.0,6.0,51.0,40.0,150.0,400150.0,1.0,0.0,0.0,1.0,0.0,1.0,0.0,0.0,3.0,M,B,079d767e-0eb7-4c60-ad93-3c1302309f8b,,0.0,1.0
1850.0,307860.0,1.0,1.0,51.0,40.0,150.0,400150.0,1.0,0.0,0.0,1.0,0.0,1.0,0.0,0.0,49.0,M,B,bcc0c48a-f39e-435c-b913-de26271d0086,28bb679c-a7f0-4ec2-8e84-2c1b4ea07542,1.0,1.0
1850.0,307861.0,1.0,1.0,51.0,40.0,150.0,400150.0,1.0,0.0,0.0,1.0,0.0,1.0,0.0,0.0,60.0,F,B,7b9adeb9-efa4-4e54-884b-a40fd813342a,97e29a2a-c6bc-4616-bc28-daf1b0a568da,2.0,1.0
1850.0,307862.0,1.0,2.0,51.0,40.0,150.0,400150.0,1.0,0.0,0.0,1.0,0.0,1.0,0.0,0.0,10.0,M,B,9825e4fa-c472-4231-8920-28e99c1ee17a,53ab9881-8f44-4c18-99ae-306b81b369b4,1.0,1.0
1850.0,307862.0,2.0,2.0,51.0,40.0,150.0,400150.0,1.0,0.0,0.0,1.0,0.0,1.0,0.0,0.0,25.0,F,B,b2d8105b-7398-4190-96a6-08ce55546a02,53ab9881-8f44-4c18-99ae-306b81b369b4,1.0,1.0
1850.0,307863.0,1.0,2.0,51.0,40.0,150.0,400150.0,1.0,0.0,0.0,1.0,0.0,1.0,0.0,0.0,39.0,M,B,650e45c4-cee2-4877-8266-0c7720ae6dc4,e4c72a87-9faf-450b-a083-efa02ca29b97,1.0,1.0
1850.0,307863.0,2.0,2.0,51.0,40.0,150.0,400150.0,1.0,0.0,0.0,1.0,0.0,1.0,0.0,0.0,29.0,F,B,13daab2a-266e-44f0-992e-0dda13442a61,e4c72a87-9faf-450b-a083-efa02ca29b97,1.0,1.0
1850.0,307864.0,1.0,2.0,51.0,40.0,150.0,400150.0,1.0,0.0,0.0,1.0,0.0,1.0,0.0,0.0,18.0,M,B,5eca2bd8-3be1-45fd-90d4-b4ca92f3fe7b,7c5529f3-3750-429d-acbd-9fc0f0da4785,1.0,1.0
1850.0,307864.0,2.0,2.0,51.0,40.0,150.0,400150.0,1.0,0.0,0.0,1.0,0.0,1.0,0.0,0.0,14.0,F,B,6c13985f-24c2-4a50-aa82-8a1b721cc0ac,7c5529f3-3750-429d-acbd-9fc0f0da4785,1.0,1.0
1850.0,307865.0,1.0,4.0,51.0,40.0,150.0,400150.0,1.0,0.0,0.0,1.0,0.0,1.0,0.0,0.0,0.0,M,B,0676b83b-2bae-480a-b4dd-d0836a9b5089,3cb86592-68c7-49b9-93f7-ffad7481d3a0,1.0,1.0
1850.0,307865.0,2.0,4.0,51.0,40.0,150.0,400150.0,1.0,0.0,0.0,1.0,0.0,1.0,0.0,0.0,24.0,F,B,c3120548-612b-4c7b-a99e-d41e87b7e43b,3cb86592-68c7-49b9-93f7-ffad7481d3a0,1.0,1.0
1850.0,307865.0,3.0,4.0,51.0,40.0,150.0,400150.0,1.0,0.0,0.0,1.0,0.0,1.0,0.0,0.0,8.0,F,B,f2c33b71-569b-4d5b-a1dc-3461c4aedea9,3cb86592-68c7-49b9-93f7-ffad7481d3a0,1.0,1.0
1850.0,307865.0,4.0,4.0,51.0,40.0,150.0,400150.0,1.0,0.0,0.0,1.0,0.0,1.0,0.0,0.0,2.0,F,B,f53a8ad6-35dd-4be1-944e-95310ae8fd91,3cb86592-68c7-49b9-93f7-ffad7481d3a0,1.0,1.0
1850.0,307866.0,1.0,2.0,51.0,40.0,150.0,400150.0,1.0,0.0,0.0,1.0,0.0,1.0,0.0,0.0,60.0,M,B,af383e6c-1d99-4f44-aef5-2c25eecc014a,b97ef7e4-4b10-4b41-b8ad-62575e00671d,1.0,1.0
1850.0,307866.0,2.0,2.0,51.0,40.0,150.0,400150.0,1.0,0.0,0.0,1.0,0.0,1.0,0.0,0.0,5.0,F,B,04eef301-d705-4689-a521-37432defc3b8,b97ef7e4-4b10-4b41-b8ad-62575e00671d,1.0,1.0
1850.0,307867.0,1.0,12.0,51.0,40.0,150.0,400150.0,1.0,0.0,0.0,1.0,0.0,1.0,0.0,0.0,50.0,M,B,de24c75e-b7b3-4175-94fb-ffa5ea82ce45,759e3773-c525-4663-b755-2deb94532f28,1.0,1.0
1850.0,307867.0,2.0,12.0,51.0,40.0,150.0,400150.0,1.0,0.0,0.0,1.0,0.0,1.0,0.0,0.0,48.0,M,B,7643e73d-8a10-4384-b400-8c221ae858b1,759e3773-c525-4663-b755-2deb94532f28,1.0,1.0
1850.0,307867.0,3.0,12.0,51.0,40.0,150.0,400150.0,1.0,0.0,0.0,1.0,0.0,1.0,0.0,0.0,46.0,M,B,0171c07c-b1ec-40b8-b698-4e9321d9af44,759e3773-c525-4663-b755-2deb94532f28,1.0,1.0
1850.0,307867.0,4.0,12.0,51.0,40.0,150.0,400150.0,1.0,0.0,0.0,1.0,0.0,1.0,0.0,0.0,16.0,M,B,18726866-9c32-4cca-928d-c2d3f69b9a6f,759e3773-c525-4663-b755-2deb94532f28,1.0,1.0
1850.0,307867.0,5.0,12.0,51.0,40.0,150.0,400150.0,1.0,0.0,0.0,1.0,0.0,1.0,0.0,0.0,14.0,M,B,75309bd0-631a-4b86-984e-1b87a08848cc,759e3773-c525-4663-b755-2deb94532f28,1.0,1.0
1850.0,307867.0,6.0,12.0,51.0,40.0,150.0,400150.0,1.0,0.0,0.0,1.0,0.0,1.0,0.0,0.0,10.0,M,B,1f28cbdc-c631-4b87-a67a-3337aab3f4ba,759e3773-c525-4663-b755-2deb94532f28,1.0,1.0
1850.0,307867.0,7.0,12.0,51.0,40.0,150.0,400150.0,1.0,0.0,0.0,1.0,0.0,1.0,0.0,0.0,50.0,F,B,90c568cd-3b90-48d0-9db2-f395761fde61,759e3773-c525-4663-b755-2deb94532f28,1.0,1.0
1850.0,307867.0,8.0,12.0,51.0,40.0,150.0,400150.0,1.0,0.0,0.0,1.0,0.0,1.0,0.0,0.0,16.0,F,B,e6be831e-57e8-4de7-9c31-d4183e3a9996,759e3773-c525-4663-b755-2deb94532f28,1.0,1.0
1850.0,307867.0,9.0,12.0,51.0,40.0,150.0,400150.0,1.0,0.0,0.0,1.0,0.0,1.0,0.0,0.0,12.0,F,B,8ae1d377-2560-4dff-9f0c-107a7a7063c4,759e3773-c525-4663-b755-2deb94532f28,1.0,1.0
1850.0,307867.0,10.0,12.0,51.0,40.0,150.0,400150.0,1.0,0.0,0.0,1.0,0.0,1.0,0.0,0.0,10.0,F,B,e9f7a461-c3ea-4bd5-b6a9-571aeb1a8267,759e3773-c525-4663-b755-2deb94532f28,1.0,1.0
1850.0,307867.0,11.0,12.0,51.0,40.0,150.0,400150.0,1.0,0.0,0.0,1.0,0.0,1.0,0.0,0.0,8.0,F,B,3bb1aa92-b28e-4fe2-ae99-69d236e8a7a7,759e3773-c525-4663-b755-2deb94532f28,1.0,1.0
1850.0,307867.0,12.0,12.0,51.0,40.0,150.0,400150.0,1.0,0.0,0.0,1.0,0.0,1.0,0.0,0.0,7.0,F,B,2dee9ed9-6671-41c9-89bb-13d2627ee615,759e3773-c525-4663-b755-2deb94532f28,1.0,1.0
1850.0,307868.0,1.0,5.0,51.0,40.0,150.0,400150.0,1.0,0.0,0.0,1.0,0.0,1.0,0.0,0.0,54.0,M,B,b8f1418c-704b-4f9d-96eb-f2fda6805133,bf020843-aea6-45dd-a3c6-b9dfb6790b14,3.0,1.0
1850.0,307868.0,2.0,5.0,51.0,40.0,150.0,400150.0,1.0,0.0,0.0,1.0,0.0,1.0,0.0,0.0,39.0,M,B,6d780a66-e1dc-4e05-bef2-01770fc92a5f,bf020843-aea6-45dd-a3c6-b9dfb6790b14,3.0,1.0
1850.0,307868.0,3.0,5.0,51.0,40.0,150.0,400150.0,1.0,0.0,0.0,1.0,0.0,1.0,0.0,0.0,36.0,M,B,c4b471e4-1bc0-4e3e-aef9-262692f87fa2,bf020843-aea6-45dd-a3c6-b9dfb6790b14,3.0,1.0
1850.0,307868.0,4.0,5.0,51.0,40.0,150.0,400150.0,1.0,0.0,0.0,1.0,0.0,1.0,0.0,0.0,35.0,M,B,df61e927-05e0-4cef-b149-8a23d335c655,bf020843-aea6-45dd-a3c6-b9dfb6790b14,3.0,1.0
1850.0,307868.0,5.0,5.0,51.0,40.0,150.0,400150.0,1.0,0.0,0.0,1.0,0.0,1.0,0.0,0.0,27.0,M,B,a7689112-6552-4250-a7cb-7e73a1e33e2b,bf020843-aea6-45dd-a3c6-b9dfb6790b14,3.0,1.0
1850.0,307869.0,1.0,6.0,51.0,40.0,150.0,400150.0,1.0,0.0,0.0,1.0,0.0,1.0,0.0,0.0,50.0,M,B,4a9ee8d0-d733-48ec-b48e-14465cba80fc,8f8fbe70-57df-499d-84f5-0dac2d153853,1.0,1.0
1850.0,307869.0,2.0,6.0,51.0,40.0,150.0,400150.0,1.0,0.0,0.0,1.0,0.0,1.0,0.0,0.0,23.0,M,B,fe872946-95e2-4dda-be44-1b3306637334,8f8fbe70-57df-499d-84f5-0dac2d153853,1.0,1.0
1850.0,307869.0,3.0,6.0,51.0,40.0,150.0,400150.0,1.0,0.0,0.0,1.0,0.0,1.0,0.0,0.0,19.0,M,B,f3bf5614-9c83-4047-8d77-bc5e40a52e6c,8f8fbe70-57df-499d-84f5-0dac2d153853,1.0,1.0
1850.0,307869.0,4.0,6.0,51.0,40.0,150.0,400150.0,1.0,0.0,0.0,1.0,0.0,1.0,0.0,0.0,17.0,M,B,7feef978-6ddd-4144-a0e4-184a9171f128,8f8fbe70-57df-499d-84f5-0dac2d153853,1.0,1.0
1850.0,307869.0,5.0,6.0,51.0,40.0,150.0,400150.0,1.0,0.0,0.0,1.0,0.0,1.0,0.0,0.0,35.0,F,B,9afcfbaf-0fa7-4455-a31d-8277c1f31fc5,8f8fbe70-57df-499d-84f5-0dac2d153853,1.0,1.0
1850.0,307869.0,6.0,6.0,51.0,40.0,150.0,400150.0,1.0,0.0,0.0,1.0,0.0,1.0,0.0,0.0,11.0,F,B,7729b838-18da-438f-a22f-d7e752a495ba,8f8fbe70-57df-499d-84f5-0dac2d153853,1.0,1.0
1850.0,307872.0,1.0,6.0,51.0,40.0,150.0,400150.0,1.0,0.0,0.0,1.0,0.0,1.0,0.0,0.0,13.0,M,B,6fbac188-4581-4b02-82a6-c52ff263a607,f85e97d5-4590-4e38-9b8b-f305e8245263,1.0,1.0
1850.0,307872.0,2.0,6.0,51.0,40.0,150.0,400150.0,1.0,0.0,0.0,1.0,0.0,1.0,0.0,0.0,29.0,M,B,06f2d093-a685-45e2-88c3-8c0a382b5d3e,f85e97d5-4590-4e38-9b8b-f305e8245263,1.0,1.0
1850.0,307872.0,3.0,6.0,51.0,40.0,150.0,400150.0,1.0,0.0,0.0,1.0,0.0,1.0,0.0,0.0,5.0,M,B,db1917ef-422f-4ae1-a625-c27208c87eb2,f85e97d5-4590-4e38-9b8b-f305e8245263,1.0,1.0
1850.0,307872.0,4.0,6.0,51.0,40.0,150.0,400150.0,1.0,0.0,0.0,1.0,0.0,1.0,0.0,0.0,21.0,F,B,6cf48312-5a1a-4b76-849e-06bef1c9f811,f85e97d5-4590-4e38-9b8b-f305e8245263,1.0,1.0
1850.0,307872.0,5.0,6.0,51.0,40.0,150.0,400150.0,1.0,0.0,0.0,1.0,0.0,1.0,0.0,0.0,9.0,F,B,14f3750d-4f8c-40b2-a82d-d6ac9596c3d8,f85e97d5-4590-4e38-9b8b-f305e8245263,1.0,1.0
1850.0,307872.0,6.0,6.0,51.0,40.0,150.0,400150.0,1.0,0.0,0.0,1.0,0.0,1.0,0.0,0.0,0.0,F,B,f437c8ae-45a5-49cf-a23e-1d27593df299,f85e97d5-4590-4e38-9b8b-f305e8245263,1.0,1.0
1850.0,307873.0,1.0,3.0,51.0,40.0,150.0,400150.0,1.0,0.0,0.0,1.0,0.0,1.0,0.0,0.0,18.0,M,B,cf5bd7fb-ca4f-4663-9cef-19569c579ab2,dc1d20e5-9683-43c4-81c0-f15e729c331f,1.0,1.0
1850.0,307873.0,2.0,3.0,51.0,40.0,150.0,400150.0,1.0,0.0,0.0,1.0,0.0,1.0,0.0,0.0,31.0,F,B,2deedfe6-98d0-4d05-b7b7-6e13e1bd5cb2,dc1d20e5-9683-43c4-81c0-f15e729c331f,1.0,1.0
1850.0,307873.0,3.0,3.0,51.0,40.0,150.0,400150.0,1.0,0.0,0.0,1.0,0.0,1.0,0.0,0.0,12.0,F,B,7395176c-7072-4a2e-88bf-3d2b5437cf94,dc1d20e5-9683-43c4-81c0-f15e729c331f,1.0,1.0
1850.0,307874.0,1.0,13.0,51.0,40.0,150.0,400150.0,1.0,0.0,0.0,1.0,0.0,1.0,0.0,0.0,45.0,M,B,aad349f2-2e8a-4cc1-b134-1568f9cc37d4,b61cab60-b7d8-4ed7-9f70-b58a6d1a54d9,1.0,1.0
1850.0,307874.0,2.0,13.0,51.0,40.0,150.0,400150.0,1.0,0.0,0.0,1.0,0.0,1.0,0.0,0.0,20.0,M,B,a8da122c-10d4-44b4-b610-e9a7aa00a06e,b61cab60-b7d8-4ed7-9f70-b58a6d1a54d9,1.0,1.0
1850.0,307874.0,3.0,13.0,51.0,40.0,150.0,400150.0,1.0,0.0,0.0,1.0,0.0,1.0,0.0,0.0,18.0,M,B,998dc6ef-b72e-49b2-844c-dc437f746e54,b61cab60-b7d8-4ed7-9f70-b58a6d1a54d9,1.0,1.0
1850.0,307874.0,4.0,13.0,51.0,40.0,150.0,400150.0,1.0,0.0,0.0,1.0,0.0,1.0,0.0,0.0,13.0,M,B,22b9ceea-9d8f-4f49-b5c5-93a8d76f3f35,b61cab60-b7d8-4ed7-9f70-b58a6d1a54d9,1.0,1.0
1850.0,307874.0,5.0,13.0,51.0,40.0,150.0,400150.0,1.0,0.0,0.0,1.0,0.0,1.0,0.0,0.0,12.0,M,B,3a2ce06d-0a91-4fb9-890e-f34c3ed75b9f,b61cab60-b7d8-4ed7-9f70-b58a6d1a54d9,1.0,1.0
1850.0,307874.0,6.0,13.0,51.0,40.0,150.0,400150.0,1.0,0.0,0.0,1.0,0.0,1.0,0.0,0.0,12.0,M,B,44599ff1-f2e9-4f8d-8b6e-20666b413827,b61cab60-b7d8-4ed7-9f70-b58a6d1a54d9,1.0,1.0
1850.0,307874.0,7.0,13.0,51.0,40.0,150.0,400150.0,1.0,0.0,0.0,1.0,0.0,1.0,0.0,0.0,8.0,M,B,b1ce8a44-345d-4f9f-936c-5c84f74333d4,b61cab60-b7d8-4ed7-9f70-b58a6d1a54d9,1.0,1.0
1850.0,307874.0,8.0,13.0,51.0,40.0,150.0,400150.0,1.0,0.0,0.0,1.0,0.0,1.0,0.0,0.0,1.0,M,B,8539b52d-c184-443f-9017-ad95662e60db,b61cab60-b7d8-4ed7-9f70-b58a6d1a54d9,1.0,1.0
1850.0,307874.0,9.0,13.0,51.0,40.0,150.0,400150.0,1.0,0.0,0.0,1.0,0.0,1.0,0.0,0.0,36.0,F,B,bb4be2e6-37d9-421e-8cb0-752e1d835e07,b61cab60-b7d8-4ed7-9f70-b58a6d1a54d9,1.0,1.0
1850.0,307874.0,10.0,13.0,51.0,40.0,150.0,400150.0,1.0,0.0,0.0,1.0,0.0,1.0,0.0,0.0,13.0,F,B,a05a1157-14c4-4212-8076-ff2bd4ce65f9,b61cab60-b7d8-4ed7-9f70-b58a6d1a54d9,1.0,1.0
1850.0,307874.0,11.0,13.0,51.0,40.0,150.0,400150.0,1.0,0.0,0.0,1.0,0.0,1.0,0.0,0.0,11.0,F,B,998a39c1-3ad8-48d1-9839-76d1da760a39,b61cab60-b7d8-4ed7-9f70-b58a6d1a54d9,1.0,1.0
1850.0,307874.0,12.0,13.0,51.0,40.0,150.0,400150.0,1.0,0.0,0.0,1.0,0.0,1.0,0.0,0.0,10.0,F,B,be406206-538a-42e5-980c-70cb4e0ebb21,b61cab60-b7d8-4ed7-9f70-b58a6d1a54d9,1.0,1.0
1850.0,307874.0,13.0,13.0,51.0,40.0,150.0,400150.0,1.0,0.0,0.0,1.0,0.0,1.0,0.0,0.0,4.0,F,B,86287d69-22a8-4f5d-b54f-008059c2bb45,b61cab60-b7d8-4ed7-9f70-b58a6d1a54d9,1.0,1.0
1850.0,307875.0,1.0,5.0,51.0,40.0,150.0,400150.0,1.0,0.0,0.0,1.0,0.0,1.0,0.0,0.0,25.0,M,B,1f33f439-fe75-4ee4-9c39-4f2ce79ffcc3,5ccec0c3-c90e-49c6-8cf3-f8451da25263,1.0,1.0
1850.0,307875.0,2.0,5.0,51.0,40.0,150.0,400150.0,1.0,0.0,0.0,1.0,0.0,1.0,0.0,0.0,2.0,M,B,e21d4500-590e-42a0-8fc5-d394f6c022fb,5ccec0c3-c90e-49c6-8cf3-f8451da25263,1.0,1.0
1850.0,307875.0,3.0,5.0,51.0,40.0,150.0,400150.0,1.0,0.0,0.0,1.0,0.0,1.0,0.0,0.0,25.0,F,B,26484001-7ad9-4838-8046-ccdce645a16f,5ccec0c3-c90e-49c6-8cf3-f8451da25263,1.0,1.0
1850.0,307875.0,4.0,5.0,51.0,40.0,150.0,400150.0,1.0,0.0,0.0,1.0,0.0,1.0,0.0,0.0,8.0,F,B,7196aaab-6ce9-4b40-a322-288dc1c2f4ac,5ccec0c3-c90e-49c6-8cf3-f8451da25263,1.0,1.0
1850.0,307875.0,5.0,5.0,51.0,40.0,150.0,400150.0,1.0,0.0,0.0,1.0,0.0,1.0,0.0,0.0,4.0,F,B,1701290d-9d18-4c4f-9c80-cba9f891adad,5ccec0c3-c90e-49c6-8cf3-f8451da25263,1.0,1.0
1850.0,307876.0,1.0,1.0,51.0,40.0,150.0,400150.0,1.0,0.0,0.0,1.0,0.0,1.0,0.0,0.0,12.0,M,B,73dd1b85-3631-4ee6-8c56-b200917fb44e,f2aa992e-4413-4669-a47d-fdb556722790,1.0,1.0
1850.0,307877.0,1.0,7.0,51.0,40.0,150.0,400150.0,1.0,0.0,0.0,1.0,0.0,1.0,0.0,0.0,14.0,M,B,2d515595-ff0c-45bf-b81c-2b39a5509c93,0b74412f-49d1-4a6d-807a-4ca65bf0efb2,1.0,1.0
1850.0,307877.0,2.0,7.0,51.0,40.0,150.0,400150.0,1.0,0.0,0.0,1.0,0.0,1.0,0.0,0.0,2.0,M,B,9a91c150-0217-456c-bfc6-83420946519e,0b74412f-49d1-4a6d-807a-4ca65bf0efb2,1.0,1.0
1850.0,307877.0,3.0,7.0,51.0,40.0,150.0,400150.0,1.0,0.0,0.0,1.0,0.0,1.0,0.0,0.0,1.0,M,B,695f3068-e44b-44f3-a440-8d6de278858f,0b74412f-49d1-4a6d-807a-4ca65bf0efb2,1.0,1.0
1850.0,307877.0,4.0,7.0,51.0,40.0,150.0,400150.0,1.0,0.0,0.0,1.0,0.0,1.0,0.0,0.0,40.0,F,B,62bdac32-247e-4f09-a307-ecec56635a91,0b74412f-49d1-4a6d-807a-4ca65bf0efb2,1.0,1.0
1850.0,307877.0,5.0,7.0,51.0,40.0,150.0,400150.0,1.0,0.0,0.0,1.0,0.0,1.0,0.0,0.0,18.0,F,B,70565acb-d55c-4a24-8785-8d81cc9b7bda,0b74412f-49d1-4a6d-807a-4ca65bf0efb2,1.0,1.0
1850.0,307877.0,6.0,7.0,51.0,40.0,150.0,400150.0,1.0,0.0,0.0,1.0,0.0,1.0,0.0,0.0,10.0,F,B,9c3f7f9a-76cc-4037-8e3c-3338c46db638,0b74412f-49d1-4a6d-807a-4ca65bf0efb2,1.0,1.0
1850.0,307877.0,7.0,7.0,51.0,40.0,150.0,400150.0,1.0,0.0,0.0,1.0,0.0,1.0,0.0,0.0,4.0,F,B,09845a36-20c3-422d-8d9a-7ebcd34a3a5e,0b74412f-49d1-4a6d-807a-4ca65bf0efb2,1.0,1.0
1850.0,307870.0,1.0,2.0,51.0,40.0,150.0,400150.0,1.0,0.0,0.0,1.0,0.0,1.0,0.0,0.0,7.0,M,B,b8c4cb39-2cd7-4cb2-897d-55d6f8264b33,2a83f9d3-6799-4c5a-b233-256c7827e93f,1.0,1.0
1850.0,307870.0,2.0,2.0,51.0,40.0,150.0,400150.0,1.0,0.0,0.0,1.0,0.0,1.0,0.0,0.0,11.0,F,B,e5e18c32-9247-443f-9186-f5a87addf50f,2a83f9d3-6799-4c5a-b233-256c7827e93f,1.0,1.0
1850.0,307871.0,1.0,1.0,51.0,40.0,150.0,400150.0,1.0,0.0,0.0,1.0,0.0,1.0,0.0,0.0,9.0,F,B,bf77a812-70ed-44e1-805d-d4709b9ce8a9,2d2479c7-6421-4c74-8142-feb1367755fe,1.0,1.0
1850.0,307880.0,1.0,6.0,51.0,40.0,150.0,400150.0,1.0,0.0,0.0,1.0,0.0,1.0,0.0,0.0,10.0,F,B,4071dcd2-170a-481d-9771-61869fe6c716,,0.0,1.0
1850.0,307880.0,2.0,6.0,51.0,40.0,150.0,400150.0,1.0,0.0,0.0,1.0,0.0,1.0,0.0,0.0,20.0,M,B,6c34b731-8d11-46df-ae01-c0816b6af8cf,,0.0,1.0
1850.0,307880.0,3.0,6.0,51.0,40.0,150.0,400150.0,1.0,0.0,0.0,1.0,0.0,1.0,0.0,0.0,18.0,M,B,7ae6ac57-7659-4732-9c93-5bd4ea38fe8b,,0.0,1.0
1850.0,307880.0,4.0,6.0,51.0,40.0,150.0,400150.0,1.0,0.0,0.0,1.0,0.0,1.0,0.0,0.0,50.0,F,B,53adf9f2-4422-4091-a8a2-7bd719c0f38b,,0.0,1.0
1850.0,307880.0,5.0,6.0,51.0,40.0,150.0,400150.0,1.0,0.0,0.0,1.0,0.0,1.0,0.0,0.0,30.0,F,B,cdc10e77-e258-4c44-8b48-ecf07a149910,,0.0,1.0
1850.0,307880.0,6.0,6.0,51.0,40.0,150.0,400150.0,1.0,0.0,0.0,1.0,0.0,1.0,0.0,0.0,12.0,F,B,eddd4b15-30f9-4161-bae4-b59a0f0cd965,,0.0,1.0
1850.0,307881.0,1.0,10.0,51.0,40.0,150.0,400150.0,1.0,0.0,0.0,1.0,0.0,1.0,0.0,0.0,28.0,M,B,c483d7a6-17a3-4396-80f0-8e74fe5742ef,a4c8c166-ea86-422d-9d38-8598c463f6a5,1.0,1.0
1850.0,307881.0,2.0,10.0,51.0,40.0,150.0,400150.0,1.0,0.0,0.0,1.0,0.0,1.0,0.0,0.0,28.0,M,B,0285a04f-a8c4-4a60-8795-2b11becd25b2,a4c8c166-ea86-422d-9d38-8598c463f6a5,1.0,1.0
1850.0,307881.0,3.0,10.0,51.0,40.0,150.0,400150.0,1.0,0.0,0.0,1.0,0.0,1.0,0.0,0.0,14.0,M,B,589e84a4-146f-40be-9084-a10f88316bf7,a4c8c166-ea86-422d-9d38-8598c463f6a5,1.0,1.0
1850.0,307881.0,4.0,10.0,51.0,40.0,150.0,400150.0,1.0,0.0,0.0,1.0,0.0,1.0,0.0,0.0,10.0,M,B,038a894e-e09b-4708-8f85-eecf6fc4dca3,a4c8c166-ea86-422d-9d38-8598c463f6a5,1.0,1.0
1850.0,307881.0,5.0,10.0,51.0,40.0,150.0,400150.0,1.0,0.0,0.0,1.0,0.0,1.0,0.0,0.0,4.0,M,B,c9bf1ae6-c3ef-4bb0-b6f8-96568a7726f1,a4c8c166-ea86-422d-9d38-8598c463f6a5,1.0,1.0
1850.0,307881.0,6.0,10.0,51.0,40.0,150.0,400150.0,1.0,0.0,0.0,1.0,0.0,1.0,0.0,0.0,3.0,M,B,0997812b-7334-499f-8b7b-b8a3642877f4,a4c8c166-ea86-422d-9d38-8598c463f6a5,1.0,1.0
1850.0,307881.0,7.0,10.0,51.0,40.0,150.0,400150.0,1.0,0.0,0.0,1.0,0.0,1.0,0.0,0.0,50.0,F,B,19422741-a8b0-4d56-b944-9bd883b363c8,a4c8c166-ea86-422d-9d38-8598c463f6a5,1.0,1.0
1850.0,307881.0,8.0,10.0,51.0,40.0,150.0,400150.0,1.0,0.0,0.0,1.0,0.0,1.0,0.0,0.0,27.0,F,B,af8ea724-ba73-4e8b-882b-95e39482b03a,a4c8c166-ea86-422d-9d38-8598c463f6a5,1.0,1.0
1850.0,307881.0,9.0,10.0,51.0,40.0,150.0,400150.0,1.0,0.0,0.0,1.0,0.0,1.0,0.0,0.0,8.0,F,B,96d649dd-b7f0-498c-a04c-f6de27278ecf,a4c8c166-ea86-422d-9d38-8598c463f6a5,1.0,1.0
1850.0,307881.0,10.0,10.0,51.0,40.0,150.0,400150.0,1.0,0.0,0.0,1.0,0.0,1.0,0.0,0.0,0.0,F,B,81179b2c-1b59-48e6-88eb-a6a62e83986d,a4c8c166-ea86-422d-9d38-8598c463f6a5,1.0,1.0
1850.0,307882.0,1.0,4.0,51.0,40.0,150.0,400150.0,1.0,0.0,0.0,1.0,0.0,1.0,0.0,0.0,30.0,M,B,5d9c1b3a-b22b-4fcc-bd9d-404cb23177ae,ac5e8f62-7c5b-4280-b494-7d363692457d,1.0,1.0
1850.0,307882.0,2.0,4.0,51.0,40.0,150.0,400150.0,1.0,0.0,0.0,1.0,0.0,1.0,0.0,0.0,100.0,M,B,cd033c5e-d0e8-41f6-ba58-7c6e9ea1cc9f,ac5e8f62-7c5b-4280-b494-7d363692457d,1.0,1.0
1850.0,307882.0,3.0,4.0,51.0,40.0,150.0,400150.0,1.0,0.0,0.0,1.0,0.0,1.0,0.0,0.0,55.0,F,B,2213eb3c-94ca-40e6-bd2f-414efac29f93,ac5e8f62-7c5b-4280-b494-7d363692457d,1.0,1.0
1850.0,307882.0,4.0,4.0,51.0,40.0,150.0,400150.0,1.0,0.0,0.0,1.0,0.0,1.0,0.0,0.0,10.0,F,B,f7f1add5-9b16-4ef8-baf1-fe4cdc9eb542,ac5e8f62-7c5b-4280-b494-7d363692457d,1.0,1.0
1850.0,307883.0,1.0,8.0,51.0,40.0,150.0,400150.0,1.0,0.0,0.0,1.0,0.0,1.0,0.0,0.0,60.0,M,B,53d32f36-7205-43fa-b660-439fbb30376d,57b4378d-2def-4b79-99e8-c0d0922a6d45,1.0,1.0
1850.0,307883.0,2.0,8.0,51.0,40.0,150.0,400150.0,1.0,0.0,0.0,1.0,0.0,1.0,0.0,0.0,13.0,M,B,515f3499-1b8d-4e24-84e2-a0a03f4ba6bf,57b4378d-2def-4b79-99e8-c0d0922a6d45,1.0,1.0
1850.0,307883.0,3.0,8.0,51.0,40.0,150.0,400150.0,1.0,0.0,0.0,1.0,0.0,1.0,0.0,0.0,8.0,M,B,7fd70710-9c7f-4ce6-ac82-16d91e9454dd,57b4378d-2def-4b79-99e8-c0d0922a6d45,1.0,1.0
1850.0,307883.0,4.0,8.0,51.0,40.0,150.0,400150.0,1.0,0.0,0.0,1.0,0.0,1.0,0.0,0.0,0.0,M,B,418b8835-b7af-4dd3-aea5-9d30136e9d50,57b4378d-2def-4b79-99e8-c0d0922a6d45,1.0,1.0
1850.0,307883.0,5.0,8.0,51.0,40.0,150.0,400150.0,1.0,0.0,0.0,1.0,0.0,1.0,0.0,0.0,29.0,F,B,fefa3709-ff7c-464a-aed5-aa648a5a34ff,57b4378d-2def-4b79-99e8-c0d0922a6d45,1.0,1.0
1850.0,307883.0,6.0,8.0,51.0,40.0,150.0,400150.0,1.0,0.0,0.0,1.0,0.0,1.0,0.0,0.0,18.0,F,B,da70e78a-cf25-4e51-9510-c8f8437e9b24,57b4378d-2def-4b79-99e8-c0d0922a6d45,1.0,1.0
1850.0,307883.0,7.0,8.0,51.0,40.0,150.0,400150.0,1.0,0.0,0.0,1.0,0.0,1.0,0.0,0.0,4.0,F,B,80335d61-57ff-4148-9a49-86f3673c3169,57b4378d-2def-4b79-99e8-c0d0922a6d45,1.0,1.0
1850.0,307883.0,8.0,8.0,51.0,40.0,150.0,400150.0,1.0,0.0,0.0,1.0,0.0,1.0,0.0,0.0,2.0,F,B,958143ef-0b71-4106-a11a-b54efd1d9c91,57b4378d-2def-4b79-99e8-c0d0922a6d45,1.0,1.0
1850.0,307878.0,1.0,1.0,51.0,40.0,150.0,400150.0,1.0,0.0,0.0,1.0,0.0,1.0,0.0,0.0,12.0,M,B,b9296894-6efe-4067-8783-b56fa863abd2,9ebff4f0-518c-490d-ac1e-383606b4b1c6,1.0,1.0
1850.0,307884.0,1.0,1.0,51.0,40.0,150.0,400150.0,1.0,0.0,0.0,1.0,0.0,1.0,0.0,0.0,26.0,M,B,6e1ed647-cdc5-496f-8cd7-d4b4593310ce,3fac6bdb-de87-4d75-aeae-e4f22ab44844,1.0,1.0
1850.0,307885.0,1.0,11.0,51.0,40.0,150.0,400150.0,1.0,0.0,0.0,1.0,0.0,1.0,0.0,0.0,42.0,M,B,58312dfd-9a3d-4e53-858f-d346d0696cbe,b16fe537-2657-4201-9e5c-9382fd8063ae,1.0,1.0
1850.0,307885.0,2.0,11.0,51.0,40.0,150.0,400150.0,1.0,0.0,0.0,1.0,0.0,1.0,0.0,0.0,41.0,M,B,42bebbef-1973-41e5-9aa4-a9e1c97fd8f8,b16fe537-2657-4201-9e5c-9382fd8063ae,1.0,1.0
1850.0,307885.0,3.0,11.0,51.0,40.0,150.0,400150.0,1.0,0.0,0.0,1.0,0.0,1.0,0.0,0.0,17.0,M,B,bf706124-0675-42bf-b1dd-e431859c511a,b16fe537-2657-4201-9e5c-9382fd8063ae,1.0,1.0
1850.0,307885.0,4.0,11.0,51.0,40.0,150.0,400150.0,1.0,0.0,0.0,1.0,0.0,1.0,0.0,0.0,28.0,F,B,fc396b5c-c581-4ae6-8c83-8e10845546e0,b16fe537-2657-4201-9e5c-9382fd8063ae,1.0,1.0
1850.0,307885.0,5.0,11.0,51.0,40.0,150.0,400150.0,1.0,0.0,0.0,1.0,0.0,1.0,0.0,0.0,78.0,F,B,21af51e2-5557-4e3f-a2ef-3b68a8c0815f,b16fe537-2657-4201-9e5c-9382fd8063ae,1.0,1.0
1850.0,307885.0,6.0,11.0,51.0,40.0,150.0,400150.0,1.0,0.0,0.0,1.0,0.0,1.0,0.0,0.0,17.0,F,B,b25495c1-db8e-4cf3-8199-ab23c6a034d0,b16fe537-2657-4201-9e5c-9382fd8063ae,1.0,1.0
1850.0,307885.0,7.0,11.0,51.0,40.0,150.0,400150.0,1.0,0.0,0.0,1.0,0.0,1.0,0.0,0.0,14.0,F,B,dfc4cbd8-edaf-40c4-b516-50c347bae3ac,b16fe537-2657-4201-9e5c-9382fd8063ae,1.0,1.0
1850.0,307885.0,8.0,11.0,51.0,40.0,150.0,400150.0,1.0,0.0,0.0,1.0,0.0,1.0,0.0,0.0,12.0,F,B,2db0187e-a72b-41bb-9eb3-1bb582a4eed4,b16fe537-2657-4201-9e5c-9382fd8063ae,1.0,1.0
1850.0,307885.0,9.0,11.0,51.0,40.0,150.0,400150.0,1.0,0.0,0.0,1.0,0.0,1.0,0.0,0.0,11.0,F,B,6db562d1-e9e2-4591-a1f6-1422e902ad0e,b16fe537-2657-4201-9e5c-9382fd8063ae,1.0,1.0
1850.0,307885.0,10.0,11.0,51.0,40.0,150.0,400150.0,1.0,0.0,0.0,1.0,0.0,1.0,0.0,0.0,8.0,F,B,fece0842-6e25-488d-8de9-94a84e8c5aa2,b16fe537-2657-4201-9e5c-9382fd8063ae,1.0,1.0
1850.0,307885.0,11.0,11.0,51.0,40.0,150.0,400150.0,1.0,0.0,0.0,1.0,0.0,1.0,0.0,0.0,3.0,F,B,5db15180-ecd2-4f50-9e86-fcb3881ecef4,b16fe537-2657-4201-9e5c-9382fd8063ae,1.0,1.0
1850.0,307879.0,1.0,1.0,51.0,40.0,150.0,400150.0,1.0,0.0,0.0,1.0,0.0,1.0,0.0,0.0,18.0,F,B,0e109ace-7bcc-4939-98ac-8c548a3d7f24,aa159cbf-3b6f-4c66-a618-bdfc3be1bca3,2.0,1.0
1850.0,307888.0,1.0,11.0,51.0,40.0,150.0,400150.0,1.0,0.0,0.0,1.0,0.0,1.0,0.0,0.0,8.0,M,B,2aefde61-08e4-4a2d-8d21-a3f2f0093b17,,0.0,1.0
1850.0,307888.0,2.0,11.0,51.0,40.0,150.0,400150.0,1.0,0.0,0.0,1.0,0.0,1.0,0.0,0.0,3.0,M,B,6be4554d-b5d3-48f7-a1f1-213b8cb25644,,0.0,1.0
1850.0,307888.0,3.0,11.0,51.0,40.0,150.0,400150.0,1.0,0.0,0.0,1.0,0.0,1.0,0.0,0.0,40.0,F,B,ff98a4c1-9f98-4d4a-8544-361dbe2fc333,,0.0,1.0
1850.0,307888.0,4.0,11.0,51.0,40.0,150.0,400150.0,1.0,0.0,0.0,1.0,0.0,1.0,0.0,0.0,22.0,F,B,421f8f3f-8bed-4681-a387-f1e932d85191,,0.0,1.0
1850.0,307888.0,5.0,11.0,51.0,40.0,150.0,400150.0,1.0,0.0,0.0,1.0,0.0,1.0,0.0,0.0,15.0,F,B,e0e0f929-e600-4b5e-a47a-3c6989e859ed,,0.0,1.0
1850.0,307888.0,6.0,11.0,51.0,40.0,150.0,400150.0,1.0,0.0,0.0,1.0,0.0,1.0,0.0,0.0,6.0,F,B,77b1d4ae-6471-4678-9a6e-ec95dc20b9af,,0.0,1.0
1850.0,307888.0,7.0,11.0,51.0,40.0,150.0,400150.0,1.0,0.0,0.0,1.0,0.0,1.0,0.0,0.0,40.0,M,B,7e0c9f3b-c91c-4c9e-b866-d92ad3269c39,,0.0,1.0
1850.0,307888.0,8.0,11.0,51.0,40.0,150.0,400150.0,1.0,0.0,0.0,1.0,0.0,1.0,0.0,0.0,38.0,M,B,66ab164e-b770-46a6-abdd-e3bd9b263246,,0.0,1.0
1850.0,307888.0,9.0,11.0,51.0,40.0,150.0,400150.0,1.0,0.0,0.0,1.0,0.0,1.0,0.0,0.0,16.0,M,B,cf072fad-137a-498e-9d96-025d8eaf52a0,,0.0,1.0
1850.0,307888.0,10.0,11.0,51.0,40.0,150.0,400150.0,1.0,0.0,0.0,1.0,0.0,1.0,0.0,0.0,14.0,M,B,80ba4d90-df9f-4887-9a26-525545823dd2,,0.0,1.0
1850.0,307888.0,11.0,11.0,51.0,40.0,150.0,400150.0,1.0,0.0,0.0,1.0,0.0,1.0,0.0,0.0,11.0,M,B,e7f9aae0-c8b6-44fd-9b1e-89248242753b,,0.0,1.0
1850.0,307889.0,1.0,2.0,51.0,40.0,150.0,400150.0,1.0,0.0,0.0,1.0,0.0,1.0,0.0,0.0,16.0,M,B,30b18f69-d79c-432c-9ab8-fa6b5e4588e2,4d6254a2-1ae3-4fce-b3cb-86fccd449ec1,1.0,1.0
1850.0,307889.0,2.0,2.0,51.0,40.0,150.0,400150.0,1.0,0.0,0.0,1.0,0.0,1.0,0.0,0.0,13.0,F,B,3dc3886b-0183-4e14-91cd-08e7e5d36da5,4d6254a2-1ae3-4fce-b3cb-86fccd449ec1,1.0,1.0
1850.0,307890.0,1.0,3.0,51.0,40.0,150.0,400150.0,1.0,0.0,0.0,1.0,0.0,1.0,0.0,0.0,23.0,M,B,86d99702-ca73-4ee8-a5c1-eb68a5e45bfb,67310dc4-1aa1-487d-ab1c-cba9781f743b,1.0,1.0
1850.0,307890.0,2.0,3.0,51.0,40.0,150.0,400150.0,1.0,0.0,0.0,1.0,0.0,1.0,0.0,0.0,10.0,F,B,97d08bfa-8c68-4a08-abb1-6d2788519bb5,67310dc4-1aa1-487d-ab1c-cba9781f743b,1.0,1.0
1850.0,307890.0,3.0,3.0,51.0,40.0,150.0,400150.0,1.0,0.0,0.0,1.0,0.0,1.0,0.0,0.0,12.0,F,B,e81f4a6c-3649-4f9c-918c-c7eae4244788,67310dc4-1aa1-487d-ab1c-cba9781f743b,1.0,1.0
1850.0,307891.0,1.0,4.0,51.0,40.0,150.0,400150.0,1.0,0.0,0.0,1.0,0.0,1.0,0.0,0.0,16.0,M,B,b69de1f6-de6f-47e4-a962-b544d3205354,ecfbedda-cefe-48a4-95f9-4a072a06cf71,1.0,1.0
1850.0,307891.0,2.0,4.0,51.0,40.0,150.0,400150.0,1.0,0.0,0.0,1.0,0.0,1.0,0.0,0.0,9.0,F,B,9e3a73e6-6331-4e88-adf8-d285fb00d1d5,ecfbedda-cefe-48a4-95f9-4a072a06cf71,1.0,1.0
1850.0,307891.0,3.0,4.0,51.0,40.0,150.0,400150.0,1.0,0.0,0.0,1.0,0.0,1.0,0.0,0.0,38.0,F,B,0c756bd7-f44d-48ea-9f4a-cb06c87eadd4,ecfbedda-cefe-48a4-95f9-4a072a06cf71,1.0,1.0
1850.0,307891.0,4.0,4.0,51.0,40.0,150.0,400150.0,1.0,0.0,0.0,1.0,0.0,1.0,0.0,0.0,14.0,F,B,4a168359-90ea-4478-ad07-e3877283de1f,ecfbedda-cefe-48a4-95f9-4a072a06cf71,1.0,1.0
1850.0,307892.0,1.0,7.0,51.0,40.0,150.0,400150.0,1.0,0.0,0.0,1.0,0.0,1.0,0.0,0.0,32.0,M,B,6c3bd73d-95d5-4d60-b302-7432b105f7ce,1b2efe4a-c0f5-4120-9f56-bc4cbb274e99,1.0,1.0
1850.0,307892.0,2.0,7.0,51.0,40.0,150.0,400150.0,1.0,0.0,0.0,1.0,0.0,1.0,0.0,0.0,2.0,M,B,4d4c5c51-b839-4522-bc68-37c741e00f0a,1b2efe4a-c0f5-4120-9f56-bc4cbb274e99,1.0,1.0
1850.0,307892.0,3.0,7.0,51.0,40.0,150.0,400150.0,1.0,0.0,0.0,1.0,0.0,1.0,0.0,0.0,0.0,M,B,69aa5896-f7dc-4b2f-9685-933c7e5c97b9,1b2efe4a-c0f5-4120-9f56-bc4cbb274e99,1.0,1.0
1850.0,307892.0,4.0,7.0,51.0,40.0,150.0,400150.0,1.0,0.0,0.0,1.0,0.0,1.0,0.0,0.0,18.0,M,B,e06b73bf-3ac8-4096-8458-f3aeabd6c1a3,1b2efe4a-c0f5-4120-9f56-bc4cbb274e99,1.0,1.0
1850.0,307892.0,5.0,7.0,51.0,40.0,150.0,400150.0,1.0,0.0,0.0,1.0,0.0,1.0,0.0,0.0,30.0,F,B,bdba10b5-7642-4f82-a314-63608f8d7a45,1b2efe4a-c0f5-4120-9f56-bc4cbb274e99,1.0,1.0
1850.0,307892.0,6.0,7.0,51.0,40.0,150.0,400150.0,1.0,0.0,0.0,1.0,0.0,1.0,0.0,0.0,22.0,F,B,97a97133-fdd7-464f-9fd5-143475ae7180,1b2efe4a-c0f5-4120-9f56-bc4cbb274e99,1.0,1.0
1850.0,307892.0,7.0,7.0,51.0,40.0,150.0,400150.0,1.0,0.0,0.0,1.0,0.0,1.0,0.0,0.0,10.0,F,B,2a22160c-01ae-4ee7-8d9a-d03e61b2765b,1b2efe4a-c0f5-4120-9f56-bc4cbb274e99,1.0,1.0
1850.0,307886.0,1.0,1.0,51.0,40.0,150.0,400150.0,1.0,0.0,0.0,1.0,0.0,1.0,0.0,0.0,20.0,M,B,41d37273-2171-4e71-ac86-e3197ae1734c,eba6a503-eabf-485a-a3f6-1822952311ba,1.0,1.0
1850.0,307893.0,1.0,1.0,51.0,40.0,150.0,400150.0,1.0,0.0,0.0,1.0,0.0,1.0,0.0,0.0,22.0,F,B,ca0e874f-d679-484f-a050-be157cf08cb4,a4144664-ce1c-4178-b2b0-a251a6420099,1.0,1.0
1850.0,307894.0,1.0,16.0,51.0,40.0,150.0,400150.0,1.0,0.0,0.0,1.0,0.0,1.0,0.0,0.0,25.0,F,B,af93bba2-54f8-4123-ad19-7fe2a4fbcf46,181ae516-6f49-45c8-9b2d-9a8d313bdf7e,1.0,1.0
1850.0,307894.0,2.0,16.0,51.0,40.0,150.0,400150.0,1.0,0.0,0.0,1.0,0.0,1.0,0.0,0.0,3.0,F,B,94bd9163-ad4f-4ea1-87ad-ee9750a9e321,181ae516-6f49-45c8-9b2d-9a8d313bdf7e,1.0,1.0
1850.0,307894.0,3.0,16.0,51.0,40.0,150.0,400150.0,1.0,0.0,0.0,1.0,0.0,1.0,0.0,0.0,2.0,F,B,f83286f0-53a9-433c-b956-5d7d6b205ea9,181ae516-6f49-45c8-9b2d-9a8d313bdf7e,1.0,1.0
1850.0,307894.0,4.0,16.0,51.0,40.0,150.0,400150.0,1.0,0.0,0.0,1.0,0.0,1.0,0.0,0.0,36.0,F,B,29e4cc05-d630-40ba-98a5-9e660f4d8d4c,181ae516-6f49-45c8-9b2d-9a8d313bdf7e,1.0,1.0
1850.0,307894.0,5.0,16.0,51.0,40.0,150.0,400150.0,1.0,0.0,0.0,1.0,0.0,1.0,0.0,0.0,31.0,F,B,356017d7-11eb-4945-aa33-1d4ccee85bc7,181ae516-6f49-45c8-9b2d-9a8d313bdf7e,1.0,1.0
1850.0,307894.0,6.0,16.0,51.0,40.0,150.0,400150.0,1.0,0.0,0.0,1.0,0.0,1.0,0.0,0.0,44.0,M,B,729e405a-1066-429c-b9d3-86a23b9fdfcc,181ae516-6f49-45c8-9b2d-9a8d313bdf7e,1.0,1.0
1850.0,307894.0,7.0,16.0,51.0,40.0,150.0,400150.0,1.0,0.0,0.0,1.0,0.0,1.0,0.0,0.0,42.0,M,B,348ab231-6441-45f1-9283-1feb60b6a6b9,181ae516-6f49-45c8-9b2d-9a8d313bdf7e,1.0,1.0
1850.0,307894.0,8.0,16.0,51.0,40.0,150.0,400150.0,1.0,0.0,0.0,1.0,0.0,1.0,0.0,0.0,3.0,M,B,ebf22aed-8c35-4497-86fa-5ddfe7d59f4f,181ae516-6f49-45c8-9b2d-9a8d313bdf7e,1.0,1.0
1850.0,307894.0,9.0,16.0,51.0,40.0,150.0,400150.0,1.0,0.0,0.0,1.0,0.0,1.0,0.0,0.0,11.0,M,B,67873530-c35a-4013-9555-aedc75745299,181ae516-6f49-45c8-9b2d-9a8d313bdf7e,1.0,1.0
1850.0,307894.0,10.0,16.0,51.0,40.0,150.0,400150.0,1.0,0.0,0.0,1.0,0.0,1.0,0.0,0.0,9.0,M,B,bb55673b-7893-4a0c-ae7c-fcc55614faef,181ae516-6f49-45c8-9b2d-9a8d313bdf7e,1.0,1.0
1850.0,307894.0,11.0,16.0,51.0,40.0,150.0,400150.0,1.0,0.0,0.0,1.0,0.0,1.0,0.0,0.0,7.0,M,B,3fa0b677-4487-4e90-ae0e-92c2d1915fa4,181ae516-6f49-45c8-9b2d-9a8d313bdf7e,1.0,1.0
1850.0,307894.0,12.0,16.0,51.0,40.0,150.0,400150.0,1.0,0.0,0.0,1.0,0.0,1.0,0.0,0.0,7.0,M,B,22b03946-2d7a-4729-8705-10d06254f731,181ae516-6f49-45c8-9b2d-9a8d313bdf7e,1.0,1.0
1850.0,307894.0,13.0,16.0,51.0,40.0,150.0,400150.0,1.0,0.0,0.0,1.0,0.0,1.0,0.0,0.0,6.0,M,B,adf72d73-18de-4f0e-94f3-101d59fd678d,181ae516-6f49-45c8-9b2d-9a8d313bdf7e,1.0,1.0
1850.0,307894.0,14.0,16.0,51.0,40.0,150.0,400150.0,1.0,0.0,0.0,1.0,0.0,1.0,0.0,0.0,4.0,M,B,88e7e641-6c92-4d33-8c13-5d7dc37b24b0,181ae516-6f49-45c8-9b2d-9a8d313bdf7e,1.0,1.0
1850.0,307894.0,15.0,16.0,51.0,40.0,150.0,400150.0,1.0,0.0,0.0,1.0,0.0,1.0,0.0,0.0,3.0,M,B,ce94480e-3eda-43f3-9144-2f3f47929fcd,181ae516-6f49-45c8-9b2d-9a8d313bdf7e,1.0,1.0
1850.0,307894.0,16.0,16.0,51.0,40.0,150.0,400150.0,1.0,0.0,0.0,1.0,0.0,1.0,0.0,0.0,1.0,M,B,f5aa6fa3-1920-4964-94d2-944ec273236c,181ae516-6f49-45c8-9b2d-9a8d313bdf7e,1.0,1.0
1850.0,307887.0,1.0,1.0,51.0,40.0,150.0,400150.0,1.0,0.0,0.0,1.0,0.0,1.0,0.0,0.0,14.0,M,B,410b898e-efd1-4afd-b87d-f3afb0172610,6edcfe65-23cf-43d2-916b-4eed77105d1c,1.0,1.0
1850.0,307897.0,1.0,1.0,51.0,40.0,150.0,400150.0,1.0,0.0,0.0,1.0,0.0,1.0,0.0,0.0,13.0,F,B,d9803e7b-c340-429e-a225-2ffe854e4293,fccb6cd1-d338-46b1-ad50-d5501407074a,1.0,1.0
1850.0,307898.0,1.0,16.0,51.0,40.0,150.0,400150.0,1.0,0.0,0.0,1.0,0.0,1.0,0.0,0.0,56.0,M,B,dabf3f4e-3976-45ec-8d0c-927c84ada564,748aae34-4bde-48fb-903f-b8c69d89f415,1.0,1.0
1850.0,307898.0,2.0,16.0,51.0,40.0,150.0,400150.0,1.0,0.0,0.0,1.0,0.0,1.0,0.0,0.0,36.0,M,B,1a9ccde5-85c3-4bb9-b7ff-095632842e82,748aae34-4bde-48fb-903f-b8c69d89f415,1.0,1.0
1850.0,307898.0,3.0,16.0,51.0,40.0,150.0,400150.0,1.0,0.0,0.0,1.0,0.0,1.0,0.0,0.0,32.0,M,B,2878ae3d-9f91-4cea-bc13-bc7ac5c337bb,748aae34-4bde-48fb-903f-b8c69d89f415,1.0,1.0
1850.0,307898.0,4.0,16.0,51.0,40.0,150.0,400150.0,1.0,0.0,0.0,1.0,0.0,1.0,0.0,0.0,23.0,M,B,432e7a1b-bb79-48ec-bcb0-0a20773fa996,748aae34-4bde-48fb-903f-b8c69d89f415,1.0,1.0
1850.0,307898.0,5.0,16.0,51.0,40.0,150.0,400150.0,1.0,0.0,0.0,1.0,0.0,1.0,0.0,0.0,20.0,M,B,38a874ea-e0d0-41d0-bead-699515e31c13,748aae34-4bde-48fb-903f-b8c69d89f415,1.0,1.0
1850.0,307898.0,6.0,16.0,51.0,40.0,150.0,400150.0,1.0,0.0,0.0,1.0,0.0,1.0,0.0,0.0,7.0,M,B,c897ff34-f653-4782-8530-70b8d1dbdcba,748aae34-4bde-48fb-903f-b8c69d89f415,1.0,1.0
1850.0,307898.0,7.0,16.0,51.0,40.0,150.0,400150.0,1.0,0.0,0.0,1.0,0.0,1.0,0.0,0.0,5.0,M,B,a1446266-c99c-4209-970e-1cf99b89b2e8,748aae34-4bde-48fb-903f-b8c69d89f415,1.0,1.0
1850.0,307898.0,8.0,16.0,51.0,40.0,150.0,400150.0,1.0,0.0,0.0,1.0,0.0,1.0,0.0,0.0,4.0,M,B,27ad482d-781f-4028-80d7-030cdd7bb3c3,748aae34-4bde-48fb-903f-b8c69d89f415,1.0,1.0
1850.0,307898.0,9.0,16.0,51.0,40.0,150.0,400150.0,1.0,0.0,0.0,1.0,0.0,1.0,0.0,0.0,2.0,M,B,23830d4e-ba3e-461a-b83a-449d90d2b0af,748aae34-4bde-48fb-903f-b8c69d89f415,1.0,1.0
1850.0,307898.0,10.0,16.0,51.0,40.0,150.0,400150.0,1.0,0.0,0.0,1.0,0.0,1.0,0.0,0.0,0.0,M,B,c584c423-34be-4e10-b2b5-72faeef5106a,748aae34-4bde-48fb-903f-b8c69d89f415,1.0,1.0
1850.0,307898.0,11.0,16.0,51.0,40.0,150.0,400150.0,1.0,0.0,0.0,1.0,0.0,1.0,0.0,0.0,45.0,F,B,613079de-3ad5-41a3-a0c1-4d661c74ecb6,748aae34-4bde-48fb-903f-b8c69d89f415,1.0,1.0
1850.0,307898.0,12.0,16.0,51.0,40.0,150.0,400150.0,1.0,0.0,0.0,1.0,0.0,1.0,0.0,0.0,28.0,F,B,fcf77300-2721-43d8-a67d-734832c6ec45,748aae34-4bde-48fb-903f-b8c69d89f415,1.0,1.0
1850.0,307898.0,13.0,16.0,51.0,40.0,150.0,400150.0,1.0,0.0,0.0,1.0,0.0,1.0,0.0,0.0,21.0,F,B,6ea43b11-c582-4db0-8f3c-15771d420fdd,748aae34-4bde-48fb-903f-b8c69d89f415,1.0,1.0
1850.0,307898.0,14.0,16.0,51.0,40.0,150.0,400150.0,1.0,0.0,0.0,1.0,0.0,1.0,0.0,0.0,14.0,F,B,b35e445b-be0e-44a9-b6c0-f62cff5380ff,748aae34-4bde-48fb-903f-b8c69d89f415,1.0,1.0
1850.0,307898.0,15.0,16.0,51.0,40.0,150.0,400150.0,1.0,0.0,0.0,1.0,0.0,1.0,0.0,0.0,7.0,F,B,2b4988c6-525b-4eb4-ac72-a4c8ed164936,748aae34-4bde-48fb-903f-b8c69d89f415,1.0,1.0
1850.0,307898.0,16.0,16.0,51.0,40.0,150.0,400150.0,1.0,0.0,0.0,1.0,0.0,1.0,0.0,0.0,6.0,F,B,7ae37af0-c4be-4c72-818f-44f735a08e35,748aae34-4bde-48fb-903f-b8c69d89f415,1.0,1.0
1850.0,307899.0,1.0,4.0,51.0,40.0,150.0,400150.0,1.0,0.0,0.0,1.0,0.0,1.0,0.0,0.0,12.0,F,B,b28caa49-7eb9-4ca9-9d30-ba40060693c4,39f370d2-38ee-4cdb-abbf-7ab7870c035c,1.0,1.0
1850.0,307899.0,2.0,4.0,51.0,40.0,150.0,400150.0,1.0,0.0,0.0,1.0,0.0,1.0,0.0,0.0,9.0,F,B,6a415633-4df4-4971-b538-e419321028b5,39f370d2-38ee-4cdb-abbf-7ab7870c035c,1.0,1.0
1850.0,307899.0,3.0,4.0,51.0,40.0,150.0,400150.0,1.0,0.0,0.0,1.0,0.0,1.0,0.0,0.0,7.0,F,B,7b2e2787-3b45-4598-bc0a-19e867260831,39f370d2-38ee-4cdb-abbf-7ab7870c035c,1.0,1.0
1850.0,307899.0,4.0,4.0,51.0,40.0,150.0,400150.0,1.0,0.0,0.0,1.0,0.0,1.0,0.0,0.0,5.0,F,B,47cafb56-f37b-4e44-b7f8-df210d51c2f8,39f370d2-38ee-4cdb-abbf-7ab7870c035c,1.0,1.0
1850.0,307900.0,1.0,2.0,51.0,40.0,150.0,400150.0,1.0,0.0,0.0,1.0,0.0,1.0,0.0,0.0,28.0,M,B,2dcfe5de-d72f-41e2-babf-9c690be7a325,edab4771-355f-4427-aa61-2940e930b687,1.0,1.0
1850.0,307900.0,2.0,2.0,51.0,40.0,150.0,400150.0,1.0,0.0,0.0,1.0,0.0,1.0,0.0,0.0,11.0,F,B,74e04703-fd1c-4440-a301-cdd4a6bb5486,edab4771-355f-4427-aa61-2940e930b687,1.0,1.0
1850.0,307901.0,1.0,1.0,51.0,40.0,150.0,400150.0,1.0,0.0,0.0,1.0,0.0,1.0,0.0,0.0,12.0,M,B,7e1d4158-80b0-4419-9166-3d13d31057e2,bdb7bd7a-cd87-4b76-96e9-8b51ec98a462,1.0,1.0
1850.0,307902.0,1.0,1.0,51.0,40.0,150.0,400150.0,1.0,0.0,0.0,1.0,0.0,1.0,0.0,0.0,72.0,M,B,84bf8a1c-cc90-40ae-8255-c663c77dadd4,3fcd4dea-ff75-4567-9eee-ef156de20e3c,1.0,1.0
1850.0,307903.0,1.0,13.0,51.0,40.0,150.0,400150.0,1.0,0.0,0.0,1.0,0.0,1.0,0.0,0.0,19.0,M,B,8963d9b2-dba2-49ae-be75-197b98f5d1f0,f2e71f18-06eb-4083-b53c-db09d32f3205,1.0,1.0
1850.0,307903.0,2.0,13.0,51.0,40.0,150.0,400150.0,1.0,0.0,0.0,1.0,0.0,1.0,0.0,0.0,15.0,M,B,501c6881-9f60-40cd-a5f7-59bb9fb2588b,f2e71f18-06eb-4083-b53c-db09d32f3205,1.0,1.0
1850.0,307903.0,3.0,13.0,51.0,40.0,150.0,400150.0,1.0,0.0,0.0,1.0,0.0,1.0,0.0,0.0,11.0,M,B,7881a968-dced-4350-b1d8-a4d91d13e3cd,f2e71f18-06eb-4083-b53c-db09d32f3205,1.0,1.0
1850.0,307903.0,4.0,13.0,51.0,40.0,150.0,400150.0,1.0,0.0,0.0,1.0,0.0,1.0,0.0,0.0,7.0,M,B,a7f70b30-d631-406e-b696-478289a982c7,f2e71f18-06eb-4083-b53c-db09d32f3205,1.0,1.0
1850.0,307903.0,5.0,13.0,51.0,40.0,150.0,400150.0,1.0,0.0,0.0,1.0,0.0,1.0,0.0,0.0,7.0,M,B,3b3eabcf-bbbf-4cd9-9cf1-0bf925000fd1,f2e71f18-06eb-4083-b53c-db09d32f3205,1.0,1.0
1850.0,307903.0,6.0,13.0,51.0,40.0,150.0,400150.0,1.0,0.0,0.0,1.0,0.0,1.0,0.0,0.0,2.0,M,B,998fff6c-7e9b-4243-a983-d9d183926267,f2e71f18-06eb-4083-b53c-db09d32f3205,1.0,1.0
1850.0,307903.0,7.0,13.0,51.0,40.0,150.0,400150.0,1.0,0.0,0.0,1.0,0.0,1.0,0.0,0.0,2.0,M,B,70c72743-fdce-44e8-b5ee-35cd3d2d2511,f2e71f18-06eb-4083-b53c-db09d32f3205,1.0,1.0
1850.0,307903.0,8.0,13.0,51.0,40.0,150.0,400150.0,1.0,0.0,0.0,1.0,0.0,1.0,0.0,0.0,52.0,F,B,f84a7787-ea86-42e6-9eac-080a15602362,f2e71f18-06eb-4083-b53c-db09d32f3205,1.0,1.0
1850.0,307903.0,9.0,13.0,51.0,40.0,150.0,400150.0,1.0,0.0,0.0,1.0,0.0,1.0,0.0,0.0,30.0,F,B,53b8d73f-7f6e-4591-a711-5bcd733d2f88,f2e71f18-06eb-4083-b53c-db09d32f3205,1.0,1.0
1850.0,307903.0,10.0,13.0,51.0,40.0,150.0,400150.0,1.0,0.0,0.0,1.0,0.0,1.0,0.0,0.0,27.0,F,B,9c9e995c-b729-4019-be47-3e690a848702,f2e71f18-06eb-4083-b53c-db09d32f3205,1.0,1.0
1850.0,307903.0,11.0,13.0,51.0,40.0,150.0,400150.0,1.0,0.0,0.0,1.0,0.0,1.0,0.0,0.0,17.0,F,B,ceefb1d5-8c30-4451-abfa-8d8c96a26703,f2e71f18-06eb-4083-b53c-db09d32f3205,1.0,1.0
1850.0,307903.0,12.0,13.0,51.0,40.0,150.0,400150.0,1.0,0.0,0.0,1.0,0.0,1.0,0.0,0.0,9.0,F,B,48f71617-f103-4e62-ab29-068fc1063f15,f2e71f18-06eb-4083-b53c-db09d32f3205,1.0,1.0
1850.0,307903.0,13.0,13.0,51.0,40.0,150.0,400150.0,1.0,0.0,0.0,1.0,0.0,1.0,0.0,0.0,0.0,F,B,4e92918e-84aa-470d-9166-bcfc755693b5,f2e71f18-06eb-4083-b53c-db09d32f3205,1.0,1.0
1850.0,307895.0,1.0,1.0,51.0,40.0,150.0,400150.0,1.0,0.0,0.0,1.0,0.0,1.0,0.0,0.0,43.0,M,B,65231a6f-c836-45c3-9181-a260f231dd46,60ba8e71-457d-4796-9a7d-93904612be68,1.0,1.0
1850.0,307896.0,1.0,2.0,51.0,40.0,150.0,400150.0,1.0,0.0,0.0,1.0,0.0,1.0,0.0,0.0,39.0,M,B,2ad21473-ee29-4adb-bb99-783545087740,e22190ba-333a-47dc-b8d8-200a43a3cd82,1.0,1.0
1850.0,307896.0,2.0,2.0,51.0,40.0,150.0,400150.0,1.0,0.0,0.0,1.0,0.0,1.0,0.0,0.0,8.0,F,B,a0b4d12e-d802-4757-a77e-82c45e3d4f39,e22190ba-333a-47dc-b8d8-200a43a3cd82,1.0,1.0
1850.0,307904.0,1.0,5.0,51.0,40.0,150.0,400150.0,1.0,0.0,0.0,1.0,0.0,1.0,0.0,0.0,10.0,F,B,45a0e6ac-1624-48a4-8d89-97732405870d,,0.0,1.0
1850.0,307904.0,2.0,5.0,51.0,40.0,150.0,400150.0,1.0,0.0,0.0,1.0,0.0,1.0,0.0,0.0,35.0,M,B,8f2de48b-397c-4690-8bef-10815b2a13d5,,0.0,1.0
1850.0,307904.0,3.0,5.0,51.0,40.0,150.0,400150.0,1.0,0.0,0.0,1.0,0.0,1.0,0.0,0.0,13.0,M,B,1be6c029-a477-4e02-bd81-3e02c0593ab0,,0.0,1.0
1850.0,307904.0,4.0,5.0,51.0,40.0,150.0,400150.0,1.0,0.0,0.0,1.0,0.0,1.0,0.0,0.0,60.0,F,B,1d7ca05e-fdd2-4160-b0a6-7d7966956a76,,0.0,1.0
1850.0,307904.0,5.0,5.0,51.0,40.0,150.0,400150.0,1.0,0.0,0.0,1.0,0.0,1.0,0.0,0.0,18.0,F,B,edb0c378-b6b1-4ebc-9eca-6d4a8eef4427,,0.0,1.0
1850.0,307905.0,1.0,1.0,51.0,40.0,150.0,400150.0,1.0,0.0,0.0,1.0,0.0,1.0,0.0,0.0,12.0,F,B,77cc3be8-1bd6-4c31-ac07-8cd8468d36cb,c3f2b21c-a323-4ea5-9230-8b50f261f2cb,1.0,1.0
1850.0,307906.0,1.0,2.0,51.0,40.0,150.0,400150.0,1.0,0.0,0.0,1.0,0.0,1.0,0.0,0.0,18.0,F,B,3f6332fd-557d-4854-ae47-6fb80a2c8c87,6eb64663-a65e-4d39-84cb-17f6d7394557,1.0,1.0
1850.0,307906.0,2.0,2.0,51.0,40.0,150.0,400150.0,1.0,0.0,0.0,1.0,0.0,1.0,0.0,0.0,12.0,F,B,7582f4da-6514-4b9f-9dd4-002f18f80846,6eb64663-a65e-4d39-84cb-17f6d7394557,1.0,1.0
1850.0,307907.0,1.0,1.0,51.0,40.0,150.0,400150.0,1.0,0.0,0.0,1.0,0.0,1.0,0.0,0.0,65.0,M,B,ce29c36e-1013-449e-ba05-785d03813e8e,3656cb1e-56f0-4349-a853-8e8fafc1946a,1.0,1.0
1850.0,307908.0,1.0,12.0,51.0,40.0,150.0,400150.0,1.0,0.0,0.0,1.0,0.0,1.0,0.0,0.0,35.0,M,B,98f8e8d4-ca9f-4c2b-8df1-97f107db31e0,8c46d351-771d-4e5d-8fd7-318822686218,1.0,1.0
1850.0,307908.0,2.0,12.0,51.0,40.0,150.0,400150.0,1.0,0.0,0.0,1.0,0.0,1.0,0.0,0.0,28.0,M,B,db0fc462-5a73-4bee-a3e3-140abc23608e,8c46d351-771d-4e5d-8fd7-318822686218,1.0,1.0
1850.0,307908.0,3.0,12.0,51.0,40.0,150.0,400150.0,1.0,0.0,0.0,1.0,0.0,1.0,0.0,0.0,11.0,M,B,c6cd8a4a-144d-4dcc-adc4-593abf70d299,8c46d351-771d-4e5d-8fd7-318822686218,1.0,1.0
1850.0,307908.0,4.0,12.0,51.0,40.0,150.0,400150.0,1.0,0.0,0.0,1.0,0.0,1.0,0.0,0.0,10.0,M,B,5a974e5c-d1a3-4626-9032-5f8b0372bcd0,8c46d351-771d-4e5d-8fd7-318822686218,1.0,1.0
1850.0,307908.0,5.0,12.0,51.0,40.0,150.0,400150.0,1.0,0.0,0.0,1.0,0.0,1.0,0.0,0.0,10.0,M,B,469d46b7-c9ab-43a6-b728-f724b6eae6a8,8c46d351-771d-4e5d-8fd7-318822686218,1.0,1.0
1850.0,307908.0,6.0,12.0,51.0,40.0,150.0,400150.0,1.0,0.0,0.0,1.0,0.0,1.0,0.0,0.0,6.0,M,B,0c286681-0bf8-4277-b26d-f9ced6109c32,8c46d351-771d-4e5d-8fd7-318822686218,1.0,1.0
1850.0,307908.0,7.0,12.0,51.0,40.0,150.0,400150.0,1.0,0.0,0.0,1.0,0.0,1.0,0.0,0.0,3.0,M,B,6cffd140-02aa-48d2-84f5-60e7aad33175,8c46d351-771d-4e5d-8fd7-318822686218,1.0,1.0
1850.0,307908.0,8.0,12.0,51.0,40.0,150.0,400150.0,1.0,0.0,0.0,1.0,0.0,1.0,0.0,0.0,0.0,M,B,9cf67c75-ca70-41e0-8c40-dddd8b77fece,8c46d351-771d-4e5d-8fd7-318822686218,1.0,1.0
1850.0,307908.0,9.0,12.0,51.0,40.0,150.0,400150.0,1.0,0.0,0.0,1.0,0.0,1.0,0.0,0.0,45.0,F,B,03398b6c-713e-4109-9a98-0a0e11f5b23d,8c46d351-771d-4e5d-8fd7-318822686218,1.0,1.0
1850.0,307908.0,10.0,12.0,51.0,40.0,150.0,400150.0,1.0,0.0,0.0,1.0,0.0,1.0,0.0,0.0,25.0,F,B,c055f3f1-3757-48b6-a4a1-d9f41489a481,8c46d351-771d-4e5d-8fd7-318822686218,1.0,1.0
1850.0,307908.0,11.0,12.0,51.0,40.0,150.0,400150.0,1.0,0.0,0.0,1.0,0.0,1.0,0.0,0.0,15.0,F,B,7cd6ad26-65f0-4c9a-b391-6f34ed5d8f3e,8c46d351-771d-4e5d-8fd7-318822686218,1.0,1.0
1850.0,307908.0,12.0,12.0,51.0,40.0,150.0,400150.0,1.0,0.0,0.0,1.0,0.0,1.0,0.0,0.0,9.0,F,B,3e0c2def-88ba-4018-bd63-458483026ab2,8c46d351-771d-4e5d-8fd7-318822686218,1.0,1.0
1850.0,307909.0,1.0,1.0,51.0,40.0,150.0,400150.0,1.0,0.0,0.0,1.0,0.0,1.0,0.0,0.0,13.0,M,B,9d0f29b4-f108-4b48-977a-6af5c7e6c083,11ef52af-a8b9-481c-be46-c85260b9760a,1.0,1.0
1850.0,307910.0,1.0,1.0,51.0,40.0,150.0,400150.0,1.0,0.0,0.0,1.0,0.0,1.0,0.0,0.0,14.0,F,B,fd0c64a5-ee0e-4ce1-a450-113d0df5a682,595e40d5-0694-4e2e-9922-a421bab33c9d,1.0,1.0
1850.0,307911.0,1.0,3.0,51.0,40.0,150.0,400150.0,1.0,0.0,0.0,1.0,0.0,1.0,0.0,0.0,33.0,M,B,96670eeb-96ec-47ba-9ffd-bad82415bd42,7579ae10-9e9e-496a-b784-177ba2482177,1.0,1.0
1850.0,307911.0,2.0,3.0,51.0,40.0,150.0,400150.0,1.0,0.0,0.0,1.0,0.0,1.0,0.0,0.0,3.0,M,B,a63b0d40-623f-47c3-90db-da95ff580ef4,7579ae10-9e9e-496a-b784-177ba2482177,1.0,1.0
1850.0,307911.0,3.0,3.0,51.0,40.0,150.0,400150.0,1.0,0.0,0.0,1.0,0.0,1.0,0.0,0.0,38.0,F,B,50781563-ebc3-463e-ad28-bc5295c99ceb,7579ae10-9e9e-496a-b784-177ba2482177,1.0,1.0
1850.0,307912.0,1.0,1.0,51.0,40.0,150.0,400150.0,1.0,0.0,0.0,1.0,0.0,1.0,0.0,0.0,7.0,M,B,8eaaae8b-eabd-484d-ae7e-8b5ff32d95f4,80e2aeff-a778-4691-80d2-5cc750dbeda8,1.0,1.0
1850.0,307913.0,1.0,1.0,51.0,40.0,150.0,400150.0,1.0,0.0,0.0,1.0,0.0,1.0,0.0,0.0,20.0,M,B,847f6534-e793-4873-ad89-b984ac973e3c,e58efba7-1b81-4705-8ec4-4c4b51edda51,1.0,1.0
1850.0,307914.0,1.0,2.0,51.0,40.0,150.0,400150.0,1.0,0.0,0.0,1.0,0.0,1.0,0.0,0.0,18.0,M,B,05bd3809-433a-4dfc-9aa0-ee36289c1ebe,9759c017-f0f1-4441-aa1e-87af17e3458e,1.0,1.0
1850.0,307914.0,2.0,2.0,51.0,40.0,150.0,400150.0,1.0,0.0,0.0,1.0,0.0,1.0,0.0,0.0,12.0,M,B,20cca0fe-161c-42d9-878b-47260ee8b3e6,9759c017-f0f1-4441-aa1e-87af17e3458e,1.0,1.0
1850.0,307915.0,1.0,2.0,51.0,40.0,150.0,400150.0,1.0,0.0,0.0,1.0,0.0,1.0,0.0,0.0,20.0,F,B,18222262-dbcb-47eb-8240-e40af3e5feb7,383023a1-6eee-4ec2-8c00-5db493cdcb4b,1.0,1.0
1850.0,307915.0,2.0,2.0,51.0,40.0,150.0,400150.0,1.0,0.0,0.0,1.0,0.0,1.0,0.0,0.0,3.0,F,B,d15cf586-7f1d-4ea8-b937-185e3f6949cf,383023a1-6eee-4ec2-8c00-5db493cdcb4b,1.0,1.0
1850.0,307916.0,1.0,1.0,51.0,40.0,150.0,400150.0,1.0,0.0,0.0,1.0,0.0,1.0,0.0,0.0,24.0,M,B,770aa838-f085-49f2-9956-91b36652a00e,de4bbed9-ac32-49c8-a40c-2eff8148fca1,1.0,1.0
1850.0,307917.0,1.0,2.0,51.0,40.0,150.0,400150.0,1.0,0.0,0.0,1.0,0.0,1.0,0.0,0.0,12.0,M,B,5b4cd108-6211-45e4-8509-899f8dac5d99,127c73fa-416d-4192-a600-321d0779517b,1.0,1.0
1850.0,307917.0,2.0,2.0,51.0,40.0,150.0,400150.0,1.0,0.0,0.0,1.0,0.0,1.0,0.0,0.0,10.0,F,B,33452ff2-d8b6-4138-a35b-67f545e348ab,127c73fa-416d-4192-a600-321d0779517b,1.0,1.0
1850.0,307918.0,1.0,9.0,51.0,40.0,150.0,400150.0,1.0,0.0,0.0,1.0,0.0,1.0,0.0,0.0,25.0,M,B,7e9893bc-0d31-4687-8d58-e077ce1c295a,8eea20d0-1d2d-42da-add2-70cc425907b3,1.0,1.0
1850.0,307918.0,2.0,9.0,51.0,40.0,150.0,400150.0,1.0,0.0,0.0,1.0,0.0,1.0,0.0,0.0,22.0,M,B,d17eb5a9-be92-4ca9-9d5e-d66d6c87d73a,8eea20d0-1d2d-42da-add2-70cc425907b3,1.0,1.0
1850.0,307918.0,3.0,9.0,51.0,40.0,150.0,400150.0,1.0,0.0,0.0,1.0,0.0,1.0,0.0,0.0,17.0,M,B,54e7b9e3-678c-4405-8ddd-5b5bb71d1553,8eea20d0-1d2d-42da-add2-70cc425907b3,1.0,1.0
1850.0,307918.0,4.0,9.0,51.0,40.0,150.0,400150.0,1.0,0.0,0.0,1.0,0.0,1.0,0.0,0.0,2.0,M,B,0b3060de-deae-48c4-842f-6eaa7ca57444,8eea20d0-1d2d-42da-add2-70cc425907b3,1.0,1.0
1850.0,307918.0,5.0,9.0,51.0,40.0,150.0,400150.0,1.0,0.0,0.0,1.0,0.0,1.0,0.0,0.0,28.0,F,B,c7ea82fa-b6a6-4a10-94f9-50c749ab4c95,8eea20d0-1d2d-42da-add2-70cc425907b3,1.0,1.0
1850.0,307918.0,6.0,9.0,51.0,40.0,150.0,400150.0,1.0,0.0,0.0,1.0,0.0,1.0,0.0,0.0,12.0,F,B,9d3a35a2-0f92-41c0-8529-c3a228ce6df0,8eea20d0-1d2d-42da-add2-70cc425907b3,1.0,1.0
1850.0,307918.0,7.0,9.0,51.0,40.0,150.0,400150.0,1.0,0.0,0.0,1.0,0.0,1.0,0.0,0.0,10.0,F,B,c8b6e1ba-e057-4a63-9598-4ff2a79c923e,8eea20d0-1d2d-42da-add2-70cc425907b3,1.0,1.0
1850.0,307918.0,8.0,9.0,51.0,40.0,150.0,400150.0,1.0,0.0,0.0,1.0,0.0,1.0,0.0,0.0,8.0,F,B,65c6b8d8-85b4-4f0c-b7a4-6400f000e358,8eea20d0-1d2d-42da-add2-70cc425907b3,1.0,1.0
1850.0,307918.0,9.0,9.0,51.0,40.0,150.0,400150.0,1.0,0.0,0.0,1.0,0.0,1.0,0.0,0.0,4.0,F,B,d21d0fcb-52b7-414d-ab86-759153e9720c,8eea20d0-1d2d-42da-add2-70cc425907b3,1.0,1.0
1850.0,307919.0,1.0,6.0,51.0,40.0,150.0,400150.0,1.0,0.0,0.0,1.0,0.0,1.0,0.0,0.0,3.0,M,B,f1225e47-45f3-49b3-a119-736f9622dc78,,0.0,1.0
1850.0,307919.0,2.0,6.0,51.0,40.0,150.0,400150.0,1.0,0.0,0.0,1.0,0.0,1.0,0.0,0.0,30.0,F,B,16ca3d39-ef6e-491d-872f-0d1def790a05,,0.0,1.0
1850.0,307919.0,3.0,6.0,51.0,40.0,150.0,400150.0,1.0,0.0,0.0,1.0,0.0,1.0,0.0,0.0,13.0,F,B,59862116-5104-417b-8a42-cb328b8297bf,,0.0,1.0
1850.0,307919.0,4.0,6.0,51.0,40.0,150.0,400150.0,1.0,0.0,0.0,1.0,0.0,1.0,0.0,0.0,5.0,F,B,33f55083-d484-44e2-b5b2-ff214ab9534f,,0.0,1.0
1850.0,307919.0,5.0,6.0,51.0,40.0,150.0,400150.0,1.0,0.0,0.0,1.0,0.0,1.0,0.0,0.0,25.0,M,B,3c246c52-346d-48d7-9946-53f477ce2565,,0.0,1.0
1850.0,307919.0,6.0,6.0,51.0,40.0,150.0,400150.0,1.0,0.0,0.0,1.0,0.0,1.0,0.0,0.0,7.0,M,B,6e4e91b0-948e-4bbd-b4ef-6f8292779785,,0.0,1.0
1850.0,307920.0,1.0,6.0,51.0,40.0,150.0,400150.0,1.0,0.0,0.0,1.0,0.0,1.0,0.0,0.0,60.0,M,B,4b1164f2-0bd7-4bd3-a0b7-94acc1f05699,008aa855-1874-4d44-ae87-496e4bd64432,4.0,1.0
1850.0,307920.0,2.0,6.0,51.0,40.0,150.0,400150.0,1.0,0.0,0.0,1.0,0.0,1.0,0.0,0.0,28.0,M,B,baf6fd53-3f72-4eef-bac6-53fe70da21e3,008aa855-1874-4d44-ae87-496e4bd64432,4.0,1.0
1850.0,307920.0,3.0,6.0,51.0,40.0,150.0,400150.0,1.0,0.0,0.0,1.0,0.0,1.0,0.0,0.0,18.0,M,B,3d9b240b-22f6-4289-af15-1ff4e025577c,008aa855-1874-4d44-ae87-496e4bd64432,4.0,1.0
1850.0,307920.0,4.0,6.0,51.0,40.0,150.0,400150.0,1.0,0.0,0.0,1.0,0.0,1.0,0.0,0.0,30.0,M,B,29319d31-5581-481b-942d-7ef5aa2f3238,008aa855-1874-4d44-ae87-496e4bd64432,4.0,1.0
1850.0,307920.0,5.0,6.0,51.0,40.0,150.0,400150.0,1.0,0.0,0.0,1.0,0.0,1.0,0.0,0.0,20.0,F,B,608ad7ab-53f7-4c87-a73e-9e50326013ed,008aa855-1874-4d44-ae87-496e4bd64432,4.0,1.0
1850.0,307920.0,6.0,6.0,51.0,40.0,150.0,400150.0,1.0,0.0,0.0,1.0,0.0,1.0,0.0,0.0,0.0,F,B,9e0f2fb7-ee8b-4ea2-862b-82452463d787,008aa855-1874-4d44-ae87-496e4bd64432,4.0,1.0
1850.0,307921.0,1.0,2.0,51.0,40.0,150.0,400150.0,1.0,0.0,0.0,1.0,0.0,1.0,0.0,0.0,40.0,M,B,5c8fb4b2-9766-4c19-9652-2bfb59d70541,74fc3b11-c981-4d03-81fb-88f60bbb8eef,4.0,1.0
1850.0,307921.0,2.0,2.0,51.0,40.0,150.0,400150.0,1.0,0.0,0.0,1.0,0.0,1.0,0.0,0.0,17.0,M,B,7804c2d1-cbc7-4d53-8111-b73a97f2f9f1,74fc3b11-c981-4d03-81fb-88f60bbb8eef,4.0,1.0
1850.0,307922.0,1.0,8.0,51.0,40.0,150.0,400150.0,1.0,0.0,0.0,1.0,0.0,1.0,0.0,0.0,65.0,M,B,9c63b881-210e-40d2-87e7-47335ff970bc,12c8f037-3f93-451a-b44f-90963a20d79f,1.0,1.0
1850.0,307922.0,2.0,8.0,51.0,40.0,150.0,400150.0,1.0,0.0,0.0,1.0,0.0,1.0,0.0,0.0,43.0,M,B,0d8ac3bf-6a4c-481f-b646-c1b1640ca884,12c8f037-3f93-451a-b44f-90963a20d79f,1.0,1.0
1850.0,307922.0,3.0,8.0,51.0,40.0,150.0,400150.0,1.0,0.0,0.0,1.0,0.0,1.0,0.0,0.0,19.0,M,B,344130f4-e6dc-4edd-ae45-2e683d09a4ab,12c8f037-3f93-451a-b44f-90963a20d79f,1.0,1.0
1850.0,307922.0,4.0,8.0,51.0,40.0,150.0,400150.0,1.0,0.0,0.0,1.0,0.0,1.0,0.0,0.0,15.0,M,B,fea6fed1-295c-46f5-a022-87203a9ed4f8,12c8f037-3f93-451a-b44f-90963a20d79f,1.0,1.0
1850.0,307922.0,5.0,8.0,51.0,40.0,150.0,400150.0,1.0,0.0,0.0,1.0,0.0,1.0,0.0,0.0,55.0,F,B,16467f3d-f3fc-40e8-b6fa-89382f99e5ae,12c8f037-3f93-451a-b44f-90963a20d79f,1.0,1.0
1850.0,307922.0,6.0,8.0,51.0,40.0,150.0,400150.0,1.0,0.0,0.0,1.0,0.0,1.0,0.0,0.0,33.0,F,B,27f51f55-05f8-4648-ba8e-941b44aec1eb,12c8f037-3f93-451a-b44f-90963a20d79f,1.0,1.0
1850.0,307922.0,7.0,8.0,51.0,40.0,150.0,400150.0,1.0,0.0,0.0,1.0,0.0,1.0,0.0,0.0,3.0,F,B,45f2a7ea-38cb-43da-a972-152735e4ad2c,12c8f037-3f93-451a-b44f-90963a20d79f,1.0,1.0
1850.0,307922.0,8.0,8.0,51.0,40.0,150.0,400150.0,1.0,0.0,0.0,1.0,0.0,1.0,0.0,0.0,1.0,F,B,081780cf-089f-4e11-b1e6-056dd87a2f02,12c8f037-3f93-451a-b44f-90963a20d79f,1.0,1.0
1850.0,307923.0,1.0,7.0,51.0,40.0,150.0,400150.0,1.0,0.0,0.0,1.0,0.0,1.0,0.0,0.0,16.0,M,B,f3d947f5-e71f-4755-b34f-222f9d2a8ecc,f7dcf5ca-8816-4c94-a24b-f1b787dc65ca,1.0,1.0
1850.0,307923.0,2.0,7.0,51.0,40.0,150.0,400150.0,1.0,0.0,0.0,1.0,0.0,1.0,0.0,0.0,9.0,M,B,ac9a40de-76d9-47f4-90e5-324ba7d241c1,f7dcf5ca-8816-4c94-a24b-f1b787dc65ca,1.0,1.0
1850.0,307923.0,3.0,7.0,51.0,40.0,150.0,400150.0,1.0,0.0,0.0,1.0,0.0,1.0,0.0,0.0,5.0,M,B,e507c11b-537f-491c-a672-f0db5ffcd0cf,f7dcf5ca-8816-4c94-a24b-f1b787dc65ca,1.0,1.0
1850.0,307923.0,4.0,7.0,51.0,40.0,150.0,400150.0,1.0,0.0,0.0,1.0,0.0,1.0,0.0,0.0,3.0,M,B,daf417fb-abb0-4ea7-a3ca-fd2efacbb4dd,f7dcf5ca-8816-4c94-a24b-f1b787dc65ca,1.0,1.0
1850.0,307923.0,5.0,7.0,51.0,40.0,150.0,400150.0,1.0,0.0,0.0,1.0,0.0,1.0,0.0,0.0,0.0,M,B,ba512442-cf55-4be2-9306-7015d5e5f991,f7dcf5ca-8816-4c94-a24b-f1b787dc65ca,1.0,1.0
1850.0,307923.0,6.0,7.0,51.0,40.0,150.0,400150.0,1.0,0.0,0.0,1.0,0.0,1.0,0.0,0.0,31.0,F,B,e15b6b1b-7a04-4a80-b50c-33b7c37395e8,f7dcf5ca-8816-4c94-a24b-f1b787dc65ca,1.0,1.0
1850.0,307923.0,7.0,7.0,51.0,40.0,150.0,400150.0,1.0,0.0,0.0,1.0,0.0,1.0,0.0,0.0,14.0,F,B,e632e428-b8be-4cbc-8ef4-51969398f694,f7dcf5ca-8816-4c94-a24b-f1b787dc65ca,1.0,1.0
1850.0,307924.0,1.0,15.0,51.0,40.0,150.0,400150.0,1.0,0.0,0.0,1.0,0.0,1.0,0.0,0.0,67.0,M,B,2f84b8b1-59a4-40df-8859-9b1d63f6b92c,98c3398e-a79b-496c-8800-5c361ce4f135,1.0,1.0
1850.0,307924.0,2.0,15.0,51.0,40.0,150.0,400150.0,1.0,0.0,0.0,1.0,0.0,1.0,0.0,0.0,40.0,M,B,79e4bd61-7358-4bb6-9283-e478b4d15d00,98c3398e-a79b-496c-8800-5c361ce4f135,1.0,1.0
1850.0,307924.0,3.0,15.0,51.0,40.0,150.0,400150.0,1.0,0.0,0.0,1.0,0.0,1.0,0.0,0.0,35.0,M,B,49bf7aec-40ce-4185-b362-7423d1367651,98c3398e-a79b-496c-8800-5c361ce4f135,1.0,1.0
1850.0,307924.0,4.0,15.0,51.0,40.0,150.0,400150.0,1.0,0.0,0.0,1.0,0.0,1.0,0.0,0.0,20.0,M,B,e61bbc8a-629c-4a67-87a3-c63575b049bf,98c3398e-a79b-496c-8800-5c361ce4f135,1.0,1.0
1850.0,307924.0,5.0,15.0,51.0,40.0,150.0,400150.0,1.0,0.0,0.0,1.0,0.0,1.0,0.0,0.0,10.0,M,B,103c7667-ad3c-463a-a680-888d1d0be2d7,98c3398e-a79b-496c-8800-5c361ce4f135,1.0,1.0
1850.0,307924.0,6.0,15.0,51.0,40.0,150.0,400150.0,1.0,0.0,0.0,1.0,0.0,1.0,0.0,0.0,5.0,M,B,406f0b5c-a8a2-4686-9c87-b034c5ae858a,98c3398e-a79b-496c-8800-5c361ce4f135,1.0,1.0
1850.0,307924.0,7.0,15.0,51.0,40.0,150.0,400150.0,1.0,0.0,0.0,1.0,0.0,1.0,0.0,0.0,5.0,M,B,c7613593-6647-408d-8ab7-1b2be075c34d,98c3398e-a79b-496c-8800-5c361ce4f135,1.0,1.0
1850.0,307924.0,8.0,15.0,51.0,40.0,150.0,400150.0,1.0,0.0,0.0,1.0,0.0,1.0,0.0,0.0,3.0,M,B,16cd0d06-d997-4e43-9e98-edfb8e67cd16,98c3398e-a79b-496c-8800-5c361ce4f135,1.0,1.0
1850.0,307924.0,9.0,15.0,51.0,40.0,150.0,400150.0,1.0,0.0,0.0,1.0,0.0,1.0,0.0,0.0,1.0,M,B,db3e1df0-86ca-409e-b30b-b497e6d4bec8,98c3398e-a79b-496c-8800-5c361ce4f135,1.0,1.0
1850.0,307924.0,10.0,15.0,51.0,40.0,150.0,400150.0,1.0,0.0,0.0,1.0,0.0,1.0,0.0,0.0,38.0,F,B,23820f35-c13c-4348-96b3-c7292b7de944,98c3398e-a79b-496c-8800-5c361ce4f135,1.0,1.0
1850.0,307924.0,11.0,15.0,51.0,40.0,150.0,400150.0,1.0,0.0,0.0,1.0,0.0,1.0,0.0,0.0,24.0,F,B,166dbb7e-721b-4738-9ef5-c6aed4c555cb,98c3398e-a79b-496c-8800-5c361ce4f135,1.0,1.0
1850.0,307924.0,12.0,15.0,51.0,40.0,150.0,400150.0,1.0,0.0,0.0,1.0,0.0,1.0,0.0,0.0,14.0,F,B,7184c273-0c25-41fc-b2b7-9e1b3116efae,98c3398e-a79b-496c-8800-5c361ce4f135,1.0,1.0
1850.0,307924.0,13.0,15.0,51.0,40.0,150.0,400150.0,1.0,0.0,0.0,1.0,0.0,1.0,0.0,0.0,8.0,F,B,6caf167e-5ead-42ca-a227-3dc1a180a1fc,98c3398e-a79b-496c-8800-5c361ce4f135,1.0,1.0
1850.0,307924.0,14.0,15.0,51.0,40.0,150.0,400150.0,1.0,0.0,0.0,1.0,0.0,1.0,0.0,0.0,6.0,F,B,234610a9-8ea9-43a7-9888-8da1f667819c,98c3398e-a79b-496c-8800-5c361ce4f135,1.0,1.0
1850.0,307924.0,15.0,15.0,51.0,40.0,150.0,400150.0,1.0,0.0,0.0,1.0,0.0,1.0,0.0,0.0,1.0,F,B,18b4e572-c36c-4a81-a8b0-3e580443e130,98c3398e-a79b-496c-8800-5c361ce4f135,1.0,1.0
1850.0,307925.0,1.0,3.0,51.0,40.0,150.0,400150.0,1.0,0.0,0.0,1.0,0.0,1.0,0.0,0.0,25.0,M,B,32bad424-335f-49b8-b64f-d32962053869,1439dfe3-590f-444e-8052-765f86606850,1.0,1.0
1850.0,307925.0,2.0,3.0,51.0,40.0,150.0,400150.0,1.0,0.0,0.0,1.0,0.0,1.0,0.0,0.0,12.0,M,B,15efbb46-2dc2-4dd7-b55d-29152f1cee3e,1439dfe3-590f-444e-8052-765f86606850,1.0,1.0
1850.0,307925.0,3.0,3.0,51.0,40.0,150.0,400150.0,1.0,0.0,0.0,1.0,0.0,1.0,0.0,0.0,25.0,F,B,1e3897bb-a183-4a88-a903-aeef4a0f8dfe,1439dfe3-590f-444e-8052-765f86606850,1.0,1.0
1850.0,307926.0,1.0,6.0,51.0,40.0,150.0,400150.0,1.0,0.0,0.0,1.0,0.0,1.0,0.0,0.0,12.0,M,B,8e8675fb-0587-4d90-983e-17cc8dc0ab82,ed660890-6dd0-4384-9351-277cc11bad6f,1.0,1.0
1850.0,307926.0,2.0,6.0,51.0,40.0,150.0,400150.0,1.0,0.0,0.0,1.0,0.0,1.0,0.0,0.0,4.0,M,B,1c999f85-38db-4c2c-b51d-ee97dae72796,ed660890-6dd0-4384-9351-277cc11bad6f,1.0,1.0
1850.0,307926.0,3.0,6.0,51.0,40.0,150.0,400150.0,1.0,0.0,0.0,1.0,0.0,1.0,0.0,0.0,0.0,M,B,b55bcb08-5a87-499c-a423-40d97014ad39,ed660890-6dd0-4384-9351-277cc11bad6f,1.0,1.0
1850.0,307926.0,4.0,6.0,51.0,40.0,150.0,400150.0,1.0,0.0,0.0,1.0,0.0,1.0,0.0,0.0,40.0,F,B,f42d1cef-2791-46d8-aae8-133204c54a2e,ed660890-6dd0-4384-9351-277cc11bad6f,1.0,1.0
1850.0,307926.0,5.0,6.0,51.0,40.0,150.0,400150.0,1.0,0.0,0.0,1.0,0.0,1.0,0.0,0.0,26.0,F,B,624b643c-b481-4a65-af33-bb5a7da901fe,ed660890-6dd0-4384-9351-277cc11bad6f,1.0,1.0
1850.0,307926.0,6.0,6.0,51.0,40.0,150.0,400150.0,1.0,0.0,0.0,1.0,0.0,1.0,0.0,0.0,7.0,F,B,64739f2e-5f5b-4e69-9deb-b3a4e6ed9084,ed660890-6dd0-4384-9351-277cc11bad6f,1.0,1.0
1850.0,307927.0,1.0,4.0,51.0,40.0,150.0,400150.0,1.0,0.0,0.0,1.0,0.0,1.0,0.0,0.0,12.0,M,B,49caf505-397a-4eb4-89cd-618067b41b06,1df00bf9-3a23-44c4-8056-55957deb7626,1.0,1.0
1850.0,307927.0,2.0,4.0,51.0,40.0,150.0,400150.0,1.0,0.0,0.0,1.0,0.0,1.0,0.0,0.0,36.0,F,B,f01acbda-3dd0-43ea-a5c0-f5e0bc90dcf4,1df00bf9-3a23-44c4-8056-55957deb7626,1.0,1.0
1850.0,307927.0,3.0,4.0,51.0,40.0,150.0,400150.0,1.0,0.0,0.0,1.0,0.0,1.0,0.0,0.0,22.0,F,B,05dcecbb-9163-409d-bf1d-74a75c4f1ff0,1df00bf9-3a23-44c4-8056-55957deb7626,1.0,1.0
1850.0,307927.0,4.0,4.0,51.0,40.0,150.0,400150.0,1.0,0.0,0.0,1.0,0.0,1.0,0.0,0.0,4.0,F,B,1c655f7c-feb3-4f21-b97d-2d78552be10c,1df00bf9-3a23-44c4-8056-55957deb7626,1.0,1.0
1850.0,307928.0,1.0,6.0,51.0,40.0,150.0,400150.0,1.0,0.0,0.0,1.0,0.0,1.0,0.0,0.0,30.0,M,B,9b2e5a23-6482-42f5-99ec-34b262e09055,bc4c050b-2893-45d9-933c-8b4f07615509,2.0,1.0
1850.0,307928.0,2.0,6.0,51.0,40.0,150.0,400150.0,1.0,0.0,0.0,1.0,0.0,1.0,0.0,0.0,32.0,M,B,f0c794c4-36d3-4969-a750-92801a4f8854,bc4c050b-2893-45d9-933c-8b4f07615509,2.0,1.0
1850.0,307928.0,3.0,6.0,51.0,40.0,150.0,400150.0,1.0,0.0,0.0,1.0,0.0,1.0,0.0,0.0,40.0,F,B,5b7c6b78-df6d-40db-ae3f-bf2b020e1e35,bc4c050b-2893-45d9-933c-8b4f07615509,2.0,1.0
1850.0,307928.0,4.0,6.0,51.0,40.0,150.0,400150.0,1.0,0.0,0.0,1.0,0.0,1.0,0.0,0.0,17.0,F,B,3decef5a-ec6e-441f-a062-f4d9d16ee4ce,bc4c050b-2893-45d9-933c-8b4f07615509,2.0,1.0
1850.0,307928.0,5.0,6.0,51.0,40.0,150.0,400150.0,1.0,0.0,0.0,1.0,0.0,1.0,0.0,0.0,9.0,F,B,3fef0aea-251a-4df8-ac31-f9cd97b440ca,bc4c050b-2893-45d9-933c-8b4f07615509,2.0,1.0
1850.0,307928.0,6.0,6.0,51.0,40.0,150.0,400150.0,1.0,0.0,0.0,1.0,0.0,1.0,0.0,0.0,0.0,F,B,dd2f8000-27c1-44af-b31c-6c66898f3e87,bc4c050b-2893-45d9-933c-8b4f07615509,2.0,1.0
1850.0,307929.0,1.0,7.0,51.0,40.0,150.0,400150.0,1.0,0.0,0.0,1.0,0.0,1.0,0.0,0.0,22.0,M,B,66a42eb6-84cc-4e2c-a57d-5721d8a7f6c0,95723293-bcd3-4f91-be20-3139e0df2ec8,1.0,1.0
1850.0,307929.0,2.0,7.0,51.0,40.0,150.0,400150.0,1.0,0.0,0.0,1.0,0.0,1.0,0.0,0.0,0.0,M,B,c51f5a27-dacd-40c6-b884-488c63b1d507,95723293-bcd3-4f91-be20-3139e0df2ec8,1.0,1.0
1850.0,307929.0,3.0,7.0,51.0,40.0,150.0,400150.0,1.0,0.0,0.0,1.0,0.0,1.0,0.0,0.0,17.0,M,B,ab42d555-9def-4268-a590-a531b75bd378,95723293-bcd3-4f91-be20-3139e0df2ec8,1.0,1.0
1850.0,307929.0,4.0,7.0,51.0,40.0,150.0,400150.0,1.0,0.0,0.0,1.0,0.0,1.0,0.0,0.0,25.0,F,B,bf588422-644e-4a14-9416-ac1db03d9291,95723293-bcd3-4f91-be20-3139e0df2ec8,1.0,1.0
1850.0,307929.0,5.0,7.0,51.0,40.0,150.0,400150.0,1.0,0.0,0.0,1.0,0.0,1.0,0.0,0.0,16.0,F,B,8d0f2d2b-9ea1-4ad2-a834-63dc9a6e8ee2,95723293-bcd3-4f91-be20-3139e0df2ec8,1.0,1.0
1850.0,307929.0,6.0,7.0,51.0,40.0,150.0,400150.0,1.0,0.0,0.0,1.0,0.0,1.0,0.0,0.0,4.0,F,B,937c2321-68ce-4c57-96a4-8093bf6d3329,95723293-bcd3-4f91-be20-3139e0df2ec8,1.0,1.0
1850.0,307929.0,7.0,7.0,51.0,40.0,150.0,400150.0,1.0,0.0,0.0,1.0,0.0,1.0,0.0,0.0,2.0,F,B,73044e47-b0d0-4445-9bee-a5edea40f89f,95723293-bcd3-4f91-be20-3139e0df2ec8,1.0,1.0
1850.0,307930.0,1.0,10.0,51.0,40.0,150.0,400150.0,1.0,0.0,0.0,1.0,0.0,1.0,0.0,0.0,35.0,M,B,5fb9bb61-1c21-486c-a147-e562c6a26b72,e09de7ba-dda2-4863-a377-5fee59abf346,1.0,1.0
1850.0,307930.0,2.0,10.0,51.0,40.0,150.0,400150.0,1.0,0.0,0.0,1.0,0.0,1.0,0.0,0.0,25.0,M,B,9b94eb29-9715-4e14-9148-86dc675cf487,e09de7ba-dda2-4863-a377-5fee59abf346,1.0,1.0
1850.0,307930.0,3.0,10.0,51.0,40.0,150.0,400150.0,1.0,0.0,0.0,1.0,0.0,1.0,0.0,0.0,6.0,M,B,a7db3e87-e206-4a13-ba67-5587f11385c1,e09de7ba-dda2-4863-a377-5fee59abf346,1.0,1.0
1850.0,307930.0,4.0,10.0,51.0,40.0,150.0,400150.0,1.0,0.0,0.0,1.0,0.0,1.0,0.0,0.0,4.0,M,B,81801928-7005-4be5-a38b-c438d5f8435f,e09de7ba-dda2-4863-a377-5fee59abf346,1.0,1.0
1850.0,307930.0,5.0,10.0,51.0,40.0,150.0,400150.0,1.0,0.0,0.0,1.0,0.0,1.0,0.0,0.0,2.0,M,B,58da753e-f84a-4923-a47a-9a1f657ecb22,e09de7ba-dda2-4863-a377-5fee59abf346,1.0,1.0
1850.0,307930.0,6.0,10.0,51.0,40.0,150.0,400150.0,1.0,0.0,0.0,1.0,0.0,1.0,0.0,0.0,50.0,F,B,e7730b08-b167-4dd3-9740-67d3c3e2a1f3,e09de7ba-dda2-4863-a377-5fee59abf346,1.0,1.0
1850.0,307930.0,7.0,10.0,51.0,40.0,150.0,400150.0,1.0,0.0,0.0,1.0,0.0,1.0,0.0,0.0,25.0,F,B,42f3b0f2-6e13-42d1-8900-1c11d7b7f800,e09de7ba-dda2-4863-a377-5fee59abf346,1.0,1.0
1850.0,307930.0,8.0,10.0,51.0,40.0,150.0,400150.0,1.0,0.0,0.0,1.0,0.0,1.0,0.0,0.0,23.0,F,B,d4c99021-6142-4e4f-b42a-29c38c81ec05,e09de7ba-dda2-4863-a377-5fee59abf346,1.0,1.0
1850.0,307930.0,9.0,10.0,51.0,40.0,150.0,400150.0,1.0,0.0,0.0,1.0,0.0,1.0,0.0,0.0,13.0,F,B,6bbd79ad-e375-44b1-9c7c-060c080ce719,e09de7ba-dda2-4863-a377-5fee59abf346,1.0,1.0
1850.0,307930.0,10.0,10.0,51.0,40.0,150.0,400150.0,1.0,0.0,0.0,1.0,0.0,1.0,0.0,0.0,5.0,F,B,61249847-1911-46a5-92a8-4b7aa6290cb2,e09de7ba-dda2-4863-a377-5fee59abf346,1.0,1.0
1850.0,307932.0,1.0,4.0,51.0,40.0,150.0,400150.0,1.0,0.0,0.0,1.0,0.0,1.0,0.0,0.0,4.0,F,B,698e7fb2-b526-48c3-b32e-cda81e60f70c,,0.0,1.0
1850.0,307932.0,2.0,4.0,51.0,40.0,150.0,400150.0,1.0,0.0,0.0,1.0,0.0,1.0,0.0,0.0,5.0,M,B,e923f65f-9499-4415-9680-7f304ef292f8,,0.0,1.0
1850.0,307932.0,3.0,4.0,51.0,40.0,150.0,400150.0,1.0,0.0,0.0,1.0,0.0,1.0,0.0,0.0,2.0,M,B,885422cf-a79f-479c-8cf8-26195579ce29,,0.0,1.0
1850.0,307932.0,4.0,4.0,51.0,40.0,150.0,400150.0,1.0,0.0,0.0,1.0,0.0,1.0,0.0,0.0,23.0,F,B,9803ac02-83bb-4049-bb4f-ad512f8aade1,,0.0,1.0
1850.0,307933.0,1.0,1.0,51.0,40.0,150.0,400150.0,1.0,0.0,0.0,1.0,0.0,1.0,0.0,0.0,23.0,M,B,666fb59b-46e7-4f7e-a984-0649dd23756d,2f02a1d6-57cd-4f5d-be70-b8d139c26b2b,1.0,1.0
1850.0,307934.0,1.0,12.0,51.0,40.0,150.0,400150.0,1.0,0.0,0.0,1.0,0.0,1.0,0.0,0.0,50.0,M,B,da5ff271-eeec-44b2-a1f1-ee5079026a75,1a8d4fe8-58e9-4f90-a3ae-c7bac3e7c45e,1.0,1.0
1850.0,307934.0,2.0,12.0,51.0,40.0,150.0,400150.0,1.0,0.0,0.0,1.0,0.0,1.0,0.0,0.0,40.0,M,B,15844866-2d80-49a4-a400-7c00e259adec,1a8d4fe8-58e9-4f90-a3ae-c7bac3e7c45e,1.0,1.0
1850.0,307934.0,3.0,12.0,51.0,40.0,150.0,400150.0,1.0,0.0,0.0,1.0,0.0,1.0,0.0,0.0,35.0,M,B,06b9a347-b6db-4cac-bc24-981c373ea981,1a8d4fe8-58e9-4f90-a3ae-c7bac3e7c45e,1.0,1.0
1850.0,307934.0,4.0,12.0,51.0,40.0,150.0,400150.0,1.0,0.0,0.0,1.0,0.0,1.0,0.0,0.0,17.0,M,B,036ca993-afb2-4bff-8d7f-5fd6f32d5ae9,1a8d4fe8-58e9-4f90-a3ae-c7bac3e7c45e,1.0,1.0
1850.0,307934.0,5.0,12.0,51.0,40.0,150.0,400150.0,1.0,0.0,0.0,1.0,0.0,1.0,0.0,0.0,8.0,M,B,007752fe-4558-44b3-9731-319718247bc7,1a8d4fe8-58e9-4f90-a3ae-c7bac3e7c45e,1.0,1.0
1850.0,307934.0,6.0,12.0,51.0,40.0,150.0,400150.0,1.0,0.0,0.0,1.0,0.0,1.0,0.0,0.0,6.0,M,B,64c25a1f-997a-413c-8bd7-d44e193165d8,1a8d4fe8-58e9-4f90-a3ae-c7bac3e7c45e,1.0,1.0
1850.0,307934.0,7.0,12.0,51.0,40.0,150.0,400150.0,1.0,0.0,0.0,1.0,0.0,1.0,0.0,0.0,4.0,M,B,aaed18ee-ba8e-4f69-a2ef-f5876b34b18f,1a8d4fe8-58e9-4f90-a3ae-c7bac3e7c45e,1.0,1.0
1850.0,307934.0,8.0,12.0,51.0,40.0,150.0,400150.0,1.0,0.0,0.0,1.0,0.0,1.0,0.0,0.0,76.0,F,B,757bcd75-122b-4bb2-a2bd-90e24dcb10da,1a8d4fe8-58e9-4f90-a3ae-c7bac3e7c45e,1.0,1.0
1850.0,307934.0,9.0,12.0,51.0,40.0,150.0,400150.0,1.0,0.0,0.0,1.0,0.0,1.0,0.0,0.0,38.0,F,B,765f6537-f5dc-4b93-a89a-5e99486ebdcd,1a8d4fe8-58e9-4f90-a3ae-c7bac3e7c45e,1.0,1.0
1850.0,307934.0,10.0,12.0,51.0,40.0,150.0,400150.0,1.0,0.0,0.0,1.0,0.0,1.0,0.0,0.0,24.0,F,B,7b875d51-3fce-48a8-9375-98857943d4a0,1a8d4fe8-58e9-4f90-a3ae-c7bac3e7c45e,1.0,1.0
1850.0,307934.0,11.0,12.0,51.0,40.0,150.0,400150.0,1.0,0.0,0.0,1.0,0.0,1.0,0.0,0.0,7.0,F,B,f83a17e4-762f-4fda-b325-668dd93e6b19,1a8d4fe8-58e9-4f90-a3ae-c7bac3e7c45e,1.0,1.0
1850.0,307934.0,12.0,12.0,51.0,40.0,150.0,400150.0,1.0,0.0,0.0,1.0,0.0,1.0,0.0,0.0,1.0,F,B,495a8c3c-cad2-426f-8040-5209216d57b2,1a8d4fe8-58e9-4f90-a3ae-c7bac3e7c45e,1.0,1.0
1850.0,307935.0,1.0,1.0,51.0,40.0,150.0,400150.0,1.0,0.0,0.0,1.0,0.0,1.0,0.0,0.0,9.0,M,B,8bf33c24-528f-4b09-bbf2-e54bc524caa7,b6ecdbb2-6bf9-4f93-8d19-6606b7bb8abd,1.0,1.0
1850.0,307936.0,1.0,1.0,51.0,40.0,150.0,400150.0,1.0,0.0,0.0,1.0,0.0,1.0,0.0,0.0,60.0,M,B,3a6eef22-2d25-4a12-8f2f-ed733e6d47d9,dab4cf66-12fa-4bf2-8931-d057c535875a,1.0,1.0
1850.0,307937.0,1.0,32.0,51.0,40.0,150.0,400150.0,1.0,0.0,0.0,1.0,0.0,1.0,0.0,0.0,58.0,M,B,cfaf78eb-d3fa-4428-9f9c-6c8778e227e5,533aa7e9-d7bf-4806-8c0f-1adb1d49a33a,1.0,1.0
1850.0,307937.0,2.0,32.0,51.0,40.0,150.0,400150.0,1.0,0.0,0.0,1.0,0.0,1.0,0.0,0.0,24.0,M,B,0e125c82-9e09-4c70-b742-a071354a4d86,533aa7e9-d7bf-4806-8c0f-1adb1d49a33a,1.0,1.0
1850.0,307937.0,3.0,32.0,51.0,40.0,150.0,400150.0,1.0,0.0,0.0,1.0,0.0,1.0,0.0,0.0,21.0,M,B,4a2ba9f7-fd78-4877-983d-f38bddfc0afd,533aa7e9-d7bf-4806-8c0f-1adb1d49a33a,1.0,1.0
1850.0,307937.0,4.0,32.0,51.0,40.0,150.0,400150.0,1.0,0.0,0.0,1.0,0.0,1.0,0.0,0.0,17.0,M,B,32e6af9c-2462-4cee-ae73-946977c38c08,533aa7e9-d7bf-4806-8c0f-1adb1d49a33a,1.0,1.0
1850.0,307937.0,5.0,32.0,51.0,40.0,150.0,400150.0,1.0,0.0,0.0,1.0,0.0,1.0,0.0,0.0,16.0,M,B,57f3c9dc-f834-4fb1-8404-fb2b3e826d6e,533aa7e9-d7bf-4806-8c0f-1adb1d49a33a,1.0,1.0
1850.0,307937.0,6.0,32.0,51.0,40.0,150.0,400150.0,1.0,0.0,0.0,1.0,0.0,1.0,0.0,0.0,11.0,M,B,936cbf0d-4197-4c9a-887b-dbcbea0350c9,533aa7e9-d7bf-4806-8c0f-1adb1d49a33a,1.0,1.0
1850.0,307937.0,7.0,32.0,51.0,40.0,150.0,400150.0,1.0,0.0,0.0,1.0,0.0,1.0,0.0,0.0,9.0,M,B,7137bd95-453e-4319-84a4-e6850d5ef2aa,533aa7e9-d7bf-4806-8c0f-1adb1d49a33a,1.0,1.0
1850.0,307937.0,8.0,32.0,51.0,40.0,150.0,400150.0,1.0,0.0,0.0,1.0,0.0,1.0,0.0,0.0,6.0,M,B,b5506834-ee8b-46bc-beb2-1340c609386b,533aa7e9-d7bf-4806-8c0f-1adb1d49a33a,1.0,1.0
1850.0,307937.0,9.0,32.0,51.0,40.0,150.0,400150.0,1.0,0.0,0.0,1.0,0.0,1.0,0.0,0.0,2.0,M,B,bec4ddb2-60b9-46fd-9d00-9fc1a814ed40,533aa7e9-d7bf-4806-8c0f-1adb1d49a33a,1.0,1.0
1850.0,307937.0,10.0,32.0,51.0,40.0,150.0,400150.0,1.0,0.0,0.0,1.0,0.0,1.0,0.0,0.0,56.0,F,B,82356ddc-99da-467d-bdda-9c37873bf1ca,533aa7e9-d7bf-4806-8c0f-1adb1d49a33a,1.0,1.0
1850.0,307937.0,11.0,32.0,51.0,40.0,150.0,400150.0,1.0,0.0,0.0,1.0,0.0,1.0,0.0,0.0,39.0,F,B,5baa06ff-c5fb-4d7a-8721-94e9636ff3dc,533aa7e9-d7bf-4806-8c0f-1adb1d49a33a,1.0,1.0
1850.0,307937.0,12.0,32.0,51.0,40.0,150.0,400150.0,1.0,0.0,0.0,1.0,0.0,1.0,0.0,0.0,19.0,F,B,c96d85cb-8175-4c10-aaca-1014740f1edd,533aa7e9-d7bf-4806-8c0f-1adb1d49a33a,1.0,1.0
1850.0,307937.0,13.0,32.0,51.0,40.0,150.0,400150.0,1.0,0.0,0.0,1.0,0.0,1.0,0.0,0.0,8.0,F,B,69de28ed-e774-43ba-9e84-34a15057ec15,533aa7e9-d7bf-4806-8c0f-1adb1d49a33a,1.0,1.0
1850.0,307937.0,14.0,32.0,51.0,40.0,150.0,400150.0,1.0,0.0,0.0,1.0,0.0,1.0,0.0,0.0,6.0,F,B,aa91a119-948b-4e5b-8000-9dd47b9ec9ff,533aa7e9-d7bf-4806-8c0f-1adb1d49a33a,1.0,1.0
1850.0,307937.0,15.0,32.0,51.0,40.0,150.0,400150.0,1.0,0.0,0.0,1.0,0.0,1.0,0.0,0.0,33.0,M,B,b245d550-15f7-4c1f-935f-25e8cabe61d4,533aa7e9-d7bf-4806-8c0f-1adb1d49a33a,1.0,1.0
1850.0,307937.0,16.0,32.0,51.0,40.0,150.0,400150.0,1.0,0.0,0.0,1.0,0.0,1.0,0.0,0.0,35.0,M,B,59a7ad1e-6301-4442-8197-6b6ac003b425,533aa7e9-d7bf-4806-8c0f-1adb1d49a33a,1.0,1.0
1850.0,307937.0,17.0,32.0,51.0,40.0,150.0,400150.0,1.0,0.0,0.0,1.0,0.0,1.0,0.0,0.0,9.0,M,B,01e8f840-89bb-48b1-97b5-946669e94a21,533aa7e9-d7bf-4806-8c0f-1adb1d49a33a,1.0,1.0
1850.0,307937.0,18.0,32.0,51.0,40.0,150.0,400150.0,1.0,0.0,0.0,1.0,0.0,1.0,0.0,0.0,8.0,M,B,79737912-a03e-4039-ac00-5b7d9b777fe6,533aa7e9-d7bf-4806-8c0f-1adb1d49a33a,1.0,1.0
1850.0,307937.0,19.0,32.0,51.0,40.0,150.0,400150.0,1.0,0.0,0.0,1.0,0.0,1.0,0.0,0.0,6.0,F,B,27fc5258-707d-4196-955d-8b55ddfa3d52,533aa7e9-d7bf-4806-8c0f-1adb1d49a33a,1.0,1.0
1850.0,307937.0,20.0,32.0,51.0,40.0,150.0,400150.0,1.0,0.0,0.0,1.0,0.0,1.0,0.0,0.0,6.0,F,B,d0489cf4-173e-4f1a-8232-3f0f76639987,533aa7e9-d7bf-4806-8c0f-1adb1d49a33a,1.0,1.0
1850.0,307937.0,21.0,32.0,51.0,40.0,150.0,400150.0,1.0,0.0,0.0,1.0,0.0,1.0,0.0,0.0,1.0,F,B,79798c26-d781-4dca-bb43-380d6e6f1472,533aa7e9-d7bf-4806-8c0f-1adb1d49a33a,1.0,1.0
1850.0,307937.0,22.0,32.0,51.0,40.0,150.0,400150.0,1.0,0.0,0.0,1.0,0.0,1.0,0.0,0.0,0.0,F,B,9d48b4e2-8d0d-465f-b8f1-03dcf7410df2,533aa7e9-d7bf-4806-8c0f-1adb1d49a33a,1.0,1.0
1850.0,307937.0,23.0,32.0,51.0,40.0,150.0,400150.0,1.0,0.0,0.0,1.0,0.0,1.0,0.0,0.0,0.0,F,B,2526eea0-4427-4e6d-a6fc-02c961e0bc4c,533aa7e9-d7bf-4806-8c0f-1adb1d49a33a,1.0,1.0
1850.0,307937.0,24.0,32.0,51.0,40.0,150.0,400150.0,1.0,0.0,0.0,1.0,0.0,1.0,0.0,0.0,7.0,F,B,c691eb79-b911-4c29-bfa2-3e3df1335885,533aa7e9-d7bf-4806-8c0f-1adb1d49a33a,1.0,1.0
1850.0,307937.0,25.0,32.0,51.0,40.0,150.0,400150.0,1.0,0.0,0.0,1.0,0.0,1.0,0.0,0.0,7.0,M,B,8288c4ce-3718-41f9-bf78-129ff304ddca,533aa7e9-d7bf-4806-8c0f-1adb1d49a33a,1.0,1.0
1850.0,307937.0,26.0,32.0,51.0,40.0,150.0,400150.0,1.0,0.0,0.0,1.0,0.0,1.0,0.0,0.0,6.0,M,B,4f186f81-4e29-4215-b66e-1a8259d12a2d,533aa7e9-d7bf-4806-8c0f-1adb1d49a33a,1.0,1.0
1850.0,307937.0,27.0,32.0,51.0,40.0,150.0,400150.0,1.0,0.0,0.0,1.0,0.0,1.0,0.0,0.0,5.0,M,B,dd955929-8c5b-46de-985c-3e655b4a3177,533aa7e9-d7bf-4806-8c0f-1adb1d49a33a,1.0,1.0
1850.0,307937.0,28.0,32.0,51.0,40.0,150.0,400150.0,1.0,0.0,0.0,1.0,0.0,1.0,0.0,0.0,4.0,M,B,96dba9b6-01c1-4ab3-8614-c397f4ff77ee,533aa7e9-d7bf-4806-8c0f-1adb1d49a33a,1.0,1.0
1850.0,307937.0,29.0,32.0,51.0,40.0,150.0,400150.0,1.0,0.0,0.0,1.0,0.0,1.0,0.0,0.0,3.0,M,B,5f751a45-2c00-4a76-b390-6bee718e1bd3,533aa7e9-d7bf-4806-8c0f-1adb1d49a33a,1.0,1.0
1850.0,307937.0,30.0,32.0,51.0,40.0,150.0,400150.0,1.0,0.0,0.0,1.0,0.0,1.0,0.0,0.0,34.0,F,B,93537dcd-2e02-4ad9-a285-6b205762e96f,533aa7e9-d7bf-4806-8c0f-1adb1d49a33a,1.0,1.0
1850.0,307937.0,31.0,32.0,51.0,40.0,150.0,400150.0,1.0,0.0,0.0,1.0,0.0,1.0,0.0,0.0,26.0,F,B,17263517-395a-4bd8-8927-1a9502111119,533aa7e9-d7bf-4806-8c0f-1adb1d49a33a,1.0,1.0
1850.0,307937.0,32.0,32.0,51.0,40.0,150.0,400150.0,1.0,0.0,0.0,1.0,0.0,1.0,0.0,0.0,25.0,F,B,a745a695-bebf-4f78-9849-910d271721c6,533aa7e9-d7bf-4806-8c0f-1adb1d49a33a,1.0,1.0
1850.0,307931.0,1.0,3.0,51.0,40.0,150.0,400150.0,1.0,0.0,0.0,1.0,0.0,1.0,0.0,0.0,25.0,M,B,21fd3206-0dc3-4f90-be10-2c6ea1bdff31,13fadfcc-0ca9-4d7f-84c6-18d195f00888,1.0,1.0
1850.0,307931.0,2.0,3.0,51.0,40.0,150.0,400150.0,1.0,0.0,0.0,1.0,0.0,1.0,0.0,0.0,16.0,F,B,ce5df260-48fd-433a-8d7c-19b4a80408e2,13fadfcc-0ca9-4d7f-84c6-18d195f00888,1.0,1.0
1850.0,307931.0,3.0,3.0,51.0,40.0,150.0,400150.0,1.0,0.0,0.0,1.0,0.0,1.0,0.0,0.0,12.0,F,B,11000877-98cd-4626-90ab-754258393596,13fadfcc-0ca9-4d7f-84c6-18d195f00888,1.0,1.0
1850.0,307938.0,1.0,13.0,51.0,40.0,150.0,400150.0,1.0,0.0,0.0,1.0,0.0,1.0,0.0,0.0,49.0,M,B,f94fcd4f-b327-4f98-b119-02c260b6adcd,87a14295-393c-4106-9e5e-6e9eb4d71dd0,2.0,1.0
1850.0,307938.0,2.0,13.0,51.0,40.0,150.0,400150.0,1.0,0.0,0.0,1.0,0.0,1.0,0.0,0.0,10.0,M,B,6931dd23-8dab-4a45-8bba-cda0da4c988e,87a14295-393c-4106-9e5e-6e9eb4d71dd0,2.0,1.0
1850.0,307938.0,3.0,13.0,51.0,40.0,150.0,400150.0,1.0,0.0,0.0,1.0,0.0,1.0,0.0,0.0,8.0,M,B,29b9769c-8f5d-4eb6-9eb8-d8cabb62cab8,87a14295-393c-4106-9e5e-6e9eb4d71dd0,2.0,1.0
1850.0,307938.0,4.0,13.0,51.0,40.0,150.0,400150.0,1.0,0.0,0.0,1.0,0.0,1.0,0.0,0.0,5.0,M,B,12701161-1ec8-4b8b-83ad-0124a688e5d7,87a14295-393c-4106-9e5e-6e9eb4d71dd0,2.0,1.0
1850.0,307938.0,5.0,13.0,51.0,40.0,150.0,400150.0,1.0,0.0,0.0,1.0,0.0,1.0,0.0,0.0,6.0,M,B,2755725b-ac92-46f4-bf15-4882104523be,87a14295-393c-4106-9e5e-6e9eb4d71dd0,2.0,1.0
1850.0,307938.0,6.0,13.0,51.0,40.0,150.0,400150.0,1.0,0.0,0.0,1.0,0.0,1.0,0.0,0.0,6.0,M,B,35af1ba0-049f-46aa-a2ba-26149993f6fa,87a14295-393c-4106-9e5e-6e9eb4d71dd0,2.0,1.0
1850.0,307938.0,7.0,13.0,51.0,40.0,150.0,400150.0,1.0,0.0,0.0,1.0,0.0,1.0,0.0,0.0,3.0,M,B,881cb998-feb9-46af-9630-43bd0437fc97,87a14295-393c-4106-9e5e-6e9eb4d71dd0,2.0,1.0
1850.0,307938.0,8.0,13.0,51.0,40.0,150.0,400150.0,1.0,0.0,0.0,1.0,0.0,1.0,0.0,0.0,47.0,F,B,c7e17360-384d-4da9-a5ff-a94be489e66d,87a14295-393c-4106-9e5e-6e9eb4d71dd0,2.0,1.0
1850.0,307938.0,9.0,13.0,51.0,40.0,150.0,400150.0,1.0,0.0,0.0,1.0,0.0,1.0,0.0,0.0,45.0,F,B,ec6dbdf0-2fa8-4829-a591-cc46a9afb160,87a14295-393c-4106-9e5e-6e9eb4d71dd0,2.0,1.0
1850.0,307938.0,10.0,13.0,51.0,40.0,150.0,400150.0,1.0,0.0,0.0,1.0,0.0,1.0,0.0,0.0,33.0,F,B,5ba6b35c-984b-4796-8452-a025268cd41c,87a14295-393c-4106-9e5e-6e9eb4d71dd0,2.0,1.0
1850.0,307938.0,11.0,13.0,51.0,40.0,150.0,400150.0,1.0,0.0,0.0,1.0,0.0,1.0,0.0,0.0,16.0,F,B,7af4e03a-a99e-4ecf-bb8a-24f8e536e683,87a14295-393c-4106-9e5e-6e9eb4d71dd0,2.0,1.0
1850.0,307938.0,12.0,13.0,51.0,40.0,150.0,400150.0,1.0,0.0,0.0,1.0,0.0,1.0,0.0,0.0,14.0,F,B,883c7d50-2000-41e5-b37d-cb7a044327be,87a14295-393c-4106-9e5e-6e9eb4d71dd0,2.0,1.0
1850.0,307938.0,13.0,13.0,51.0,40.0,150.0,400150.0,1.0,0.0,0.0,1.0,0.0,1.0,0.0,0.0,7.0,F,B,c53d0f73-5270-4bfc-8e5b-3009cfd28d71,87a14295-393c-4106-9e5e-6e9eb4d71dd0,2.0,1.0
1850.0,307939.0,1.0,18.0,51.0,40.0,150.0,400150.0,1.0,0.0,0.0,1.0,0.0,1.0,0.0,0.0,26.0,M,B,06a3967f-8bc4-41cb-bc76-02c4df018d16,9e402faa-7372-4969-8b7d-0ac3511fc4a5,1.0,1.0
1850.0,307939.0,2.0,18.0,51.0,40.0,150.0,400150.0,1.0,0.0,0.0,1.0,0.0,1.0,0.0,0.0,24.0,M,B,4cd760f0-82ad-455a-aeaa-ddcbafd3af45,9e402faa-7372-4969-8b7d-0ac3511fc4a5,1.0,1.0
1850.0,307939.0,3.0,18.0,51.0,40.0,150.0,400150.0,1.0,0.0,0.0,1.0,0.0,1.0,0.0,0.0,17.0,M,B,7ab7ed6d-2d52-4d05-86c2-97a869cc6e8a,9e402faa-7372-4969-8b7d-0ac3511fc4a5,1.0,1.0
1850.0,307939.0,4.0,18.0,51.0,40.0,150.0,400150.0,1.0,0.0,0.0,1.0,0.0,1.0,0.0,0.0,10.0,M,B,6cacdc18-c300-4301-84db-fdd48b971612,9e402faa-7372-4969-8b7d-0ac3511fc4a5,1.0,1.0
1850.0,307939.0,5.0,18.0,51.0,40.0,150.0,400150.0,1.0,0.0,0.0,1.0,0.0,1.0,0.0,0.0,9.0,M,B,678364e4-19c8-4a1c-9431-a5c1f85aecfc,9e402faa-7372-4969-8b7d-0ac3511fc4a5,1.0,1.0
1850.0,307939.0,6.0,18.0,51.0,40.0,150.0,400150.0,1.0,0.0,0.0,1.0,0.0,1.0,0.0,0.0,4.0,M,B,f4eaf4f8-4c12-4bc5-a7e3-10d94d61d733,9e402faa-7372-4969-8b7d-0ac3511fc4a5,1.0,1.0
1850.0,307939.0,7.0,18.0,51.0,40.0,150.0,400150.0,1.0,0.0,0.0,1.0,0.0,1.0,0.0,0.0,3.0,M,B,ab8d152f-cbd6-4a69-97ee-4ed2556366da,9e402faa-7372-4969-8b7d-0ac3511fc4a5,1.0,1.0
1850.0,307939.0,8.0,18.0,51.0,40.0,150.0,400150.0,1.0,0.0,0.0,1.0,0.0,1.0,0.0,0.0,2.0,M,B,e335a234-064f-4df4-a5ca-2ac0c595a6d9,9e402faa-7372-4969-8b7d-0ac3511fc4a5,1.0,1.0
1850.0,307939.0,9.0,18.0,51.0,40.0,150.0,400150.0,1.0,0.0,0.0,1.0,0.0,1.0,0.0,0.0,1.0,M,B,f9b6a878-a72a-4fb9-b49c-8dc006057de4,9e402faa-7372-4969-8b7d-0ac3511fc4a5,1.0,1.0
1850.0,307939.0,10.0,18.0,51.0,40.0,150.0,400150.0,1.0,0.0,0.0,1.0,0.0,1.0,0.0,0.0,44.0,F,B,d8251dc2-8684-4514-87d6-28c61ac8c7d6,9e402faa-7372-4969-8b7d-0ac3511fc4a5,1.0,1.0
1850.0,307939.0,11.0,18.0,51.0,40.0,150.0,400150.0,1.0,0.0,0.0,1.0,0.0,1.0,0.0,0.0,43.0,F,B,74822f5f-1778-452c-981a-1c94de821bd7,9e402faa-7372-4969-8b7d-0ac3511fc4a5,1.0,1.0
1850.0,307939.0,12.0,18.0,51.0,40.0,150.0,400150.0,1.0,0.0,0.0,1.0,0.0,1.0,0.0,0.0,29.0,F,B,9739d05d-9366-44c1-aebe-696617ab0dea,9e402faa-7372-4969-8b7d-0ac3511fc4a5,1.0,1.0
1850.0,307939.0,13.0,18.0,51.0,40.0,150.0,400150.0,1.0,0.0,0.0,1.0,0.0,1.0,0.0,0.0,27.0,F,B,9d636eb8-afc9-4f28-ad13-042ea3952632,9e402faa-7372-4969-8b7d-0ac3511fc4a5,1.0,1.0
1850.0,307939.0,14.0,18.0,51.0,40.0,150.0,400150.0,1.0,0.0,0.0,1.0,0.0,1.0,0.0,0.0,14.0,F,B,1e8c0b39-ed48-43c1-80ef-9aa1483817bc,9e402faa-7372-4969-8b7d-0ac3511fc4a5,1.0,1.0
1850.0,307939.0,15.0,18.0,51.0,40.0,150.0,400150.0,1.0,0.0,0.0,1.0,0.0,1.0,0.0,0.0,8.0,F,B,550c1dac-5241-452e-aab2-3b1f380d3213,9e402faa-7372-4969-8b7d-0ac3511fc4a5,1.0,1.0
1850.0,307939.0,16.0,18.0,51.0,40.0,150.0,400150.0,1.0,0.0,0.0,1.0,0.0,1.0,0.0,0.0,7.0,F,B,5ae18b3b-5ba9-4d15-98ba-9d89e8b88bb1,9e402faa-7372-4969-8b7d-0ac3511fc4a5,1.0,1.0
1850.0,307939.0,17.0,18.0,51.0,40.0,150.0,400150.0,1.0,0.0,0.0,1.0,0.0,1.0,0.0,0.0,1.0,F,B,f1b29f5b-9aee-4284-baf5-f26704b5e1e9,9e402faa-7372-4969-8b7d-0ac3511fc4a5,1.0,1.0
1850.0,307939.0,18.0,18.0,51.0,40.0,150.0,400150.0,1.0,0.0,0.0,1.0,0.0,1.0,0.0,0.0,1.0,F,B,b327fad3-0537-4cf0-9f59-39c79a19133a,9e402faa-7372-4969-8b7d-0ac3511fc4a5,1.0,1.0
1850.0,307941.0,1.0,5.0,51.0,40.0,150.0,400150.0,1.0,0.0,0.0,1.0,0.0,1.0,0.0,0.0,3.0,F,B,70e88ecc-c9ad-458a-a2ef-ed6f51b6fedc,,0.0,1.0
1850.0,307941.0,2.0,5.0,51.0,40.0,150.0,400150.0,1.0,0.0,0.0,1.0,0.0,1.0,0.0,0.0,1.0,F,B,14321d92-029f-4bd6-a9f8-498c4cc39c2f,,0.0,1.0
1850.0,307941.0,3.0,5.0,51.0,40.0,150.0,400150.0,1.0,0.0,0.0,1.0,0.0,1.0,0.0,0.0,33.0,M,B,2d8b0e82-a064-42e3-84b1-6a66efa90bd8,,0.0,1.0
1850.0,307941.0,4.0,5.0,51.0,40.0,150.0,400150.0,1.0,0.0,0.0,1.0,0.0,1.0,0.0,0.0,25.0,F,B,cc917aea-07ea-4b36-927d-d20e98872a31,,0.0,1.0
1850.0,307941.0,5.0,5.0,51.0,40.0,150.0,400150.0,1.0,0.0,0.0,1.0,0.0,1.0,0.0,0.0,5.0,F,B,51d1928b-c058-4c0c-8990-7f84d5170cdf,,0.0,1.0
1850.0,307942.0,1.0,1.0,51.0,40.0,150.0,400150.0,1.0,0.0,0.0,1.0,0.0,1.0,0.0,0.0,9.0,F,B,b39df4f2-dfae-435f-bfae-a1cfe5a19055,514cbe48-2791-4305-a096-fe232d31bfab,1.0,1.0
1850.0,307943.0,1.0,6.0,51.0,40.0,150.0,400150.0,1.0,0.0,0.0,1.0,0.0,1.0,0.0,0.0,25.0,M,B,a314a802-1585-4258-b03b-638d5c877e14,52183eb2-8662-4051-8f3a-923ca487b427,2.0,1.0
1850.0,307943.0,2.0,6.0,51.0,40.0,150.0,400150.0,1.0,0.0,0.0,1.0,0.0,1.0,0.0,0.0,20.0,M,B,599aa35e-e8f3-4580-b75a-f1a3b6011012,52183eb2-8662-4051-8f3a-923ca487b427,2.0,1.0
1850.0,307943.0,3.0,6.0,51.0,40.0,150.0,400150.0,1.0,0.0,0.0,1.0,0.0,1.0,0.0,0.0,42.0,F,B,f48d5d63-72d1-48b5-8c93-a3a5c5948e96,52183eb2-8662-4051-8f3a-923ca487b427,2.0,1.0
1850.0,307943.0,4.0,6.0,51.0,40.0,150.0,400150.0,1.0,0.0,0.0,1.0,0.0,1.0,0.0,0.0,13.0,F,B,507e14fe-ad9d-4b78-95c8-9427ce0b7072,52183eb2-8662-4051-8f3a-923ca487b427,2.0,1.0
1850.0,307943.0,5.0,6.0,51.0,40.0,150.0,400150.0,1.0,0.0,0.0,1.0,0.0,1.0,0.0,0.0,10.0,F,B,7d1c338e-6a32-4311-90aa-e8049f09a481,52183eb2-8662-4051-8f3a-923ca487b427,2.0,1.0
1850.0,307943.0,6.0,6.0,51.0,40.0,150.0,400150.0,1.0,0.0,0.0,1.0,0.0,1.0,0.0,0.0,3.0,F,B,6f2a36c9-dfc9-4140-9e67-16078b7b575e,52183eb2-8662-4051-8f3a-923ca487b427,2.0,1.0
1850.0,307944.0,1.0,12.0,51.0,40.0,150.0,400150.0,1.0,0.0,0.0,1.0,0.0,1.0,0.0,0.0,54.0,M,B,398b5554-8f21-464e-b02c-2edbeb8612f9,7e540d41-f2af-46c3-90cd-69d2a87a3864,1.0,1.0
1850.0,307944.0,2.0,12.0,51.0,40.0,150.0,400150.0,1.0,0.0,0.0,1.0,0.0,1.0,0.0,0.0,32.0,M,B,cd46898b-6731-483b-8ce2-22d0cbf8cb6a,7e540d41-f2af-46c3-90cd-69d2a87a3864,1.0,1.0
1850.0,307944.0,3.0,12.0,51.0,40.0,150.0,400150.0,1.0,0.0,0.0,1.0,0.0,1.0,0.0,0.0,21.0,M,B,f3e70b63-d71d-4d65-b558-81526e32ae22,7e540d41-f2af-46c3-90cd-69d2a87a3864,1.0,1.0
1850.0,307944.0,4.0,12.0,51.0,40.0,150.0,400150.0,1.0,0.0,0.0,1.0,0.0,1.0,0.0,0.0,9.0,M,B,5b6d9e50-bbc6-49dd-932c-64bcad6fb028,7e540d41-f2af-46c3-90cd-69d2a87a3864,1.0,1.0
1850.0,307944.0,5.0,12.0,51.0,40.0,150.0,400150.0,1.0,0.0,0.0,1.0,0.0,1.0,0.0,0.0,7.0,M,B,47d6959a-d563-4c1a-a1d5-e0c32923517f,7e540d41-f2af-46c3-90cd-69d2a87a3864,1.0,1.0
1850.0,307944.0,6.0,12.0,51.0,40.0,150.0,400150.0,1.0,0.0,0.0,1.0,0.0,1.0,0.0,0.0,3.0,M,B,ac36fe47-2303-4912-8ca7-ce9116ca8611,7e540d41-f2af-46c3-90cd-69d2a87a3864,1.0,1.0
1850.0,307944.0,7.0,12.0,51.0,40.0,150.0,400150.0,1.0,0.0,0.0,1.0,0.0,1.0,0.0,0.0,0.0,M,B,779ac88e-292f-4ada-b88f-96abcb2f6d19,7e540d41-f2af-46c3-90cd-69d2a87a3864,1.0,1.0
1850.0,307944.0,8.0,12.0,51.0,40.0,150.0,400150.0,1.0,0.0,0.0,1.0,0.0,1.0,0.0,0.0,14.0,M,B,2c198ce7-90ef-4d01-9206-fc5e0c01cb0d,7e540d41-f2af-46c3-90cd-69d2a87a3864,1.0,1.0
1850.0,307944.0,9.0,12.0,51.0,40.0,150.0,400150.0,1.0,0.0,0.0,1.0,0.0,1.0,0.0,0.0,17.0,M,B,5dbc1aa8-bc90-441f-a6c7-fc38dd59eae4,7e540d41-f2af-46c3-90cd-69d2a87a3864,1.0,1.0
1850.0,307944.0,10.0,12.0,51.0,40.0,150.0,400150.0,1.0,0.0,0.0,1.0,0.0,1.0,0.0,0.0,60.0,F,B,b2764a64-a603-4d9b-8e68-80c3f9675629,7e540d41-f2af-46c3-90cd-69d2a87a3864,1.0,1.0
1850.0,307944.0,11.0,12.0,51.0,40.0,150.0,400150.0,1.0,0.0,0.0,1.0,0.0,1.0,0.0,0.0,35.0,F,B,87db0ab6-5991-49c6-8046-4113b4558d6a,7e540d41-f2af-46c3-90cd-69d2a87a3864,1.0,1.0
1850.0,307944.0,12.0,12.0,51.0,40.0,150.0,400150.0,1.0,0.0,0.0,1.0,0.0,1.0,0.0,0.0,11.0,F,B,0a3c1581-90a4-40fd-8cf4-d87c8782e92b,7e540d41-f2af-46c3-90cd-69d2a87a3864,1.0,1.0
1850.0,307945.0,1.0,3.0,51.0,40.0,150.0,400150.0,1.0,0.0,0.0,1.0,0.0,1.0,0.0,0.0,14.0,M,B,6a7cdb7c-bd58-445a-a5b8-43c7bfa806eb,86b4fe7a-4e3e-4174-96b8-8219597df21a,1.0,1.0
1850.0,307945.0,2.0,3.0,51.0,40.0,150.0,400150.0,1.0,0.0,0.0,1.0,0.0,1.0,0.0,0.0,27.0,F,B,dac7d66e-0c18-41d8-b2e5-1bef00e322be,86b4fe7a-4e3e-4174-96b8-8219597df21a,1.0,1.0
1850.0,307945.0,3.0,3.0,51.0,40.0,150.0,400150.0,1.0,0.0,0.0,1.0,0.0,1.0,0.0,0.0,13.0,F,B,0bdcd039-a67a-421a-b5c3-a494c36d4680,86b4fe7a-4e3e-4174-96b8-8219597df21a,1.0,1.0
1850.0,307946.0,1.0,3.0,51.0,40.0,150.0,400150.0,1.0,0.0,0.0,1.0,0.0,1.0,0.0,0.0,28.0,F,B,e65c3eb5-3765-4391-aafb-6b4bf009f6c6,7fa61542-7dca-4de7-b647-d17ea94dfd8e,2.0,1.0
1850.0,307946.0,2.0,3.0,51.0,40.0,150.0,400150.0,1.0,0.0,0.0,1.0,0.0,1.0,0.0,0.0,8.0,F,B,9830b7a8-cf88-4bfc-8c80-d4fd7c64c1ca,7fa61542-7dca-4de7-b647-d17ea94dfd8e,2.0,1.0
1850.0,307946.0,3.0,3.0,51.0,40.0,150.0,400150.0,1.0,0.0,0.0,1.0,0.0,1.0,0.0,0.0,28.0,M,B,bcc9e7cb-2416-4016-98bc-54dac3732aa2,7fa61542-7dca-4de7-b647-d17ea94dfd8e,2.0,1.0
1850.0,307947.0,1.0,3.0,51.0,40.0,150.0,400150.0,1.0,0.0,0.0,1.0,0.0,1.0,0.0,0.0,24.0,F,B,401c1405-c0bf-45e8-adfb-e9361d35a2e9,ac0b548e-a0c8-4473-a907-2f7229a15429,1.0,1.0
1850.0,307947.0,2.0,3.0,51.0,40.0,150.0,400150.0,1.0,0.0,0.0,1.0,0.0,1.0,0.0,0.0,0.0,F,B,7909adca-c217-4b1c-91dc-51a6dc92ab65,ac0b548e-a0c8-4473-a907-2f7229a15429,1.0,1.0
1850.0,307947.0,3.0,3.0,51.0,40.0,150.0,400150.0,1.0,0.0,0.0,1.0,0.0,1.0,0.0,0.0,14.0,F,B,a0406743-2ab6-43e3-8282-31ea74579fd5,ac0b548e-a0c8-4473-a907-2f7229a15429,1.0,1.0
1850.0,307948.0,1.0,1.0,51.0,40.0,150.0,400150.0,1.0,0.0,0.0,1.0,0.0,1.0,0.0,0.0,14.0,F,B,8f4a8fef-2dd4-4240-8180-dd2c56516cc7,02ec8228-7435-46a4-8011-2b0a4d5ee6f6,1.0,1.0
1850.0,307949.0,1.0,3.0,51.0,40.0,150.0,400150.0,1.0,0.0,0.0,1.0,0.0,1.0,0.0,0.0,18.0,F,B,49e14de6-796f-4ddc-8bba-984b15a576a7,7443c61a-cfad-4ea5-8e8c-0f829d515885,1.0,1.0
1850.0,307949.0,2.0,3.0,51.0,40.0,150.0,400150.0,1.0,0.0,0.0,1.0,0.0,1.0,0.0,0.0,1.0,F,B,92805b38-a977-48df-bd99-c4d0dece5079,7443c61a-cfad-4ea5-8e8c-0f829d515885,1.0,1.0
1850.0,307949.0,3.0,3.0,51.0,40.0,150.0,400150.0,1.0,0.0,0.0,1.0,0.0,1.0,0.0,0.0,10.0,F,B,2bcc01e1-bc6a-4628-ab90-25cf3ad6d222,7443c61a-cfad-4ea5-8e8c-0f829d515885,1.0,1.0
1850.0,307940.0,1.0,2.0,51.0,40.0,150.0,400150.0,1.0,0.0,0.0,1.0,0.0,1.0,0.0,0.0,53.0,M,B,cd7f2e00-ec1a-45c0-af23-7ef144066275,043b1cf4-31ed-4d14-a7ae-035e5129f63c,1.0,1.0
1850.0,307940.0,2.0,2.0,51.0,40.0,150.0,400150.0,1.0,0.0,0.0,1.0,0.0,1.0,0.0,0.0,19.0,F,B,b689f176-57dc-4855-b5e1-5c4c84b14e8b,043b1cf4-31ed-4d14-a7ae-035e5129f63c,1.0,1.0
1850.0,307952.0,1.0,4.0,51.0,40.0,150.0,400150.0,1.0,0.0,0.0,1.0,0.0,1.0,0.0,0.0,27.0,F,B,568931fc-2bf8-4c92-9490-8805c4a7de61,,0.0,1.0
1850.0,307952.0,2.0,4.0,51.0,40.0,150.0,400150.0,1.0,0.0,0.0,1.0,0.0,1.0,0.0,0.0,2.0,F,B,4eaab7ca-bf41-41bb-b299-658357b15dc3,,0.0,1.0
1850.0,307952.0,3.0,4.0,51.0,40.0,150.0,400150.0,1.0,0.0,0.0,1.0,0.0,1.0,0.0,0.0,10.0,F,B,4a2b392f-2613-427d-9091-a7b9b7872374,,0.0,1.0
1850.0,307952.0,4.0,4.0,51.0,40.0,150.0,400150.0,1.0,0.0,0.0,1.0,0.0,1.0,0.0,0.0,4.0,M,B,3923e2e6-d59a-4a71-aa80-4214ffb0abc0,,0.0,1.0
1850.0,307953.0,1.0,2.0,51.0,40.0,150.0,400150.0,1.0,0.0,0.0,1.0,0.0,1.0,0.0,0.0,9.0,M,B,7a1ac548-62c1-4536-bf2f-473fb8445771,ed99d6aa-7c37-4a60-858f-24906026b815,1.0,1.0
1850.0,307953.0,2.0,2.0,51.0,40.0,150.0,400150.0,1.0,0.0,0.0,1.0,0.0,1.0,0.0,0.0,10.0,F,B,3dd59cdc-9bb8-4b2f-b76c-f5e4c7cc012d,ed99d6aa-7c37-4a60-858f-24906026b815,1.0,1.0
1850.0,307954.0,1.0,13.0,51.0,40.0,150.0,400150.0,1.0,0.0,0.0,1.0,0.0,1.0,0.0,0.0,70.0,M,B,5b12702f-0321-43e5-9613-3fc4f4825d8b,210364cd-5f92-4604-91e4-9c4588db5ac4,1.0,1.0
1850.0,307954.0,2.0,13.0,51.0,40.0,150.0,400150.0,1.0,0.0,0.0,1.0,0.0,1.0,0.0,0.0,40.0,M,B,8168c527-4cca-4983-b1aa-731b2e872c31,210364cd-5f92-4604-91e4-9c4588db5ac4,1.0,1.0
1850.0,307954.0,3.0,13.0,51.0,40.0,150.0,400150.0,1.0,0.0,0.0,1.0,0.0,1.0,0.0,0.0,35.0,M,B,ac83b3bd-c6a7-401f-af85-18ed72332853,210364cd-5f92-4604-91e4-9c4588db5ac4,1.0,1.0
1850.0,307954.0,4.0,13.0,51.0,40.0,150.0,400150.0,1.0,0.0,0.0,1.0,0.0,1.0,0.0,0.0,23.0,M,B,79d8468b-6054-48c1-a77e-9a38b3905b7b,210364cd-5f92-4604-91e4-9c4588db5ac4,1.0,1.0
1850.0,307954.0,5.0,13.0,51.0,40.0,150.0,400150.0,1.0,0.0,0.0,1.0,0.0,1.0,0.0,0.0,16.0,M,B,6cbdf29a-4512-40a2-9f93-d73067db320e,210364cd-5f92-4604-91e4-9c4588db5ac4,1.0,1.0
1850.0,307954.0,6.0,13.0,51.0,40.0,150.0,400150.0,1.0,0.0,0.0,1.0,0.0,1.0,0.0,0.0,16.0,M,B,0450d127-f6a7-423a-9bbc-ffa66397001f,210364cd-5f92-4604-91e4-9c4588db5ac4,1.0,1.0
1850.0,307954.0,7.0,13.0,51.0,40.0,150.0,400150.0,1.0,0.0,0.0,1.0,0.0,1.0,0.0,0.0,7.0,M,B,1b37e8cb-2a08-4553-8e75-6d7805743b33,210364cd-5f92-4604-91e4-9c4588db5ac4,1.0,1.0
1850.0,307954.0,8.0,13.0,51.0,40.0,150.0,400150.0,1.0,0.0,0.0,1.0,0.0,1.0,0.0,0.0,3.0,M,B,f7928633-c26d-42b8-a99a-401ad3c3c7d9,210364cd-5f92-4604-91e4-9c4588db5ac4,1.0,1.0
1850.0,307954.0,9.0,13.0,51.0,40.0,150.0,400150.0,1.0,0.0,0.0,1.0,0.0,1.0,0.0,0.0,38.0,F,B,9c0e957d-79f5-4ea8-9692-773c83428a2e,210364cd-5f92-4604-91e4-9c4588db5ac4,1.0,1.0
1850.0,307954.0,10.0,13.0,51.0,40.0,150.0,400150.0,1.0,0.0,0.0,1.0,0.0,1.0,0.0,0.0,27.0,F,B,bc94fd24-5b5c-4517-9edd-427128f45400,210364cd-5f92-4604-91e4-9c4588db5ac4,1.0,1.0
1850.0,307954.0,11.0,13.0,51.0,40.0,150.0,400150.0,1.0,0.0,0.0,1.0,0.0,1.0,0.0,0.0,11.0,F,B,5bd92f02-049d-479c-982c-d0e08345482f,210364cd-5f92-4604-91e4-9c4588db5ac4,1.0,1.0
1850.0,307954.0,12.0,13.0,51.0,40.0,150.0,400150.0,1.0,0.0,0.0,1.0,0.0,1.0,0.0,0.0,9.0,F,B,bb368243-9f17-4a03-943d-3e8f2801f92f,210364cd-5f92-4604-91e4-9c4588db5ac4,1.0,1.0
1850.0,307954.0,13.0,13.0,51.0,40.0,150.0,400150.0,1.0,0.0,0.0,1.0,0.0,1.0,0.0,0.0,1.0,F,B,e5253a02-1cae-499d-90f7-c93453962dc4,210364cd-5f92-4604-91e4-9c4588db5ac4,1.0,1.0
1850.0,307950.0,1.0,2.0,51.0,40.0,150.0,400150.0,1.0,0.0,0.0,1.0,0.0,1.0,0.0,0.0,30.0,M,B,f8f72ab3-4dde-4cfe-9cab-f14fefb2d1bd,5189e2d1-676e-4d6a-94d5-9171e7580cb1,1.0,1.0
1850.0,307950.0,2.0,2.0,51.0,40.0,150.0,400150.0,1.0,0.0,0.0,1.0,0.0,1.0,0.0,0.0,28.0,F,B,c781c627-d4fd-4e33-b83b-2b3a53c04164,5189e2d1-676e-4d6a-94d5-9171e7580cb1,1.0,1.0
1850.0,307955.0,1.0,7.0,51.0,40.0,150.0,400150.0,1.0,0.0,0.0,1.0,0.0,1.0,0.0,0.0,38.0,M,B,88380dc0-2595-4072-a41d-4e46a19a186d,31cc01fc-dd30-49ac-a8d0-ed3af4cf49b6,1.0,1.0
1850.0,307955.0,2.0,7.0,51.0,40.0,150.0,400150.0,1.0,0.0,0.0,1.0,0.0,1.0,0.0,0.0,20.0,M,B,64349746-6122-433e-98f9-eb74a225cadf,31cc01fc-dd30-49ac-a8d0-ed3af4cf49b6,1.0,1.0
1850.0,307955.0,3.0,7.0,51.0,40.0,150.0,400150.0,1.0,0.0,0.0,1.0,0.0,1.0,0.0,0.0,6.0,M,B,ddbaaac5-c2cc-417c-aca5-8ec6bbc807cb,31cc01fc-dd30-49ac-a8d0-ed3af4cf49b6,1.0,1.0
1850.0,307955.0,4.0,7.0,51.0,40.0,150.0,400150.0,1.0,0.0,0.0,1.0,0.0,1.0,0.0,0.0,35.0,F,B,eaba49d3-666b-47e4-aa50-c7811ea69ea3,31cc01fc-dd30-49ac-a8d0-ed3af4cf49b6,1.0,1.0
1850.0,307955.0,5.0,7.0,51.0,40.0,150.0,400150.0,1.0,0.0,0.0,1.0,0.0,1.0,0.0,0.0,16.0,F,B,7bf50d87-2047-4a8b-8be7-8c09a972fbd9,31cc01fc-dd30-49ac-a8d0-ed3af4cf49b6,1.0,1.0
1850.0,307955.0,6.0,7.0,51.0,40.0,150.0,400150.0,1.0,0.0,0.0,1.0,0.0,1.0,0.0,0.0,7.0,F,B,16e99701-d53c-44e5-9603-a61a9da3cf65,31cc01fc-dd30-49ac-a8d0-ed3af4cf49b6,1.0,1.0
1850.0,307955.0,7.0,7.0,51.0,40.0,150.0,400150.0,1.0,0.0,0.0,1.0,0.0,1.0,0.0,0.0,5.0,F,B,49e79ee2-bf3e-4127-943d-70fc97d722ab,31cc01fc-dd30-49ac-a8d0-ed3af4cf49b6,1.0,1.0
1850.0,307956.0,1.0,11.0,51.0,40.0,150.0,400150.0,1.0,0.0,0.0,1.0,0.0,1.0,0.0,0.0,34.0,M,B,6c45757d-45fb-4e89-96de-e2fa76ad70c5,836b2c5d-fc64-4189-b5fb-233300a5d0e5,1.0,1.0
1850.0,307956.0,2.0,11.0,51.0,40.0,150.0,400150.0,1.0,0.0,0.0,1.0,0.0,1.0,0.0,0.0,2.0,M,B,5209782e-bf7c-4a54-a93b-8ee91c3aed86,836b2c5d-fc64-4189-b5fb-233300a5d0e5,1.0,1.0
1850.0,307956.0,3.0,11.0,51.0,40.0,150.0,400150.0,1.0,0.0,0.0,1.0,0.0,1.0,0.0,0.0,22.0,M,B,9b58d1d9-e4f1-4c6e-896c-cb1df64b0ffb,836b2c5d-fc64-4189-b5fb-233300a5d0e5,1.0,1.0
1850.0,307956.0,4.0,11.0,51.0,40.0,150.0,400150.0,1.0,0.0,0.0,1.0,0.0,1.0,0.0,0.0,14.0,M,B,f196d442-ce93-4238-978d-6e3e4becb7f1,836b2c5d-fc64-4189-b5fb-233300a5d0e5,1.0,1.0
1850.0,307956.0,5.0,11.0,51.0,40.0,150.0,400150.0,1.0,0.0,0.0,1.0,0.0,1.0,0.0,0.0,4.0,M,B,04eae4a9-35f2-4a65-9f8c-4cfa83d99982,836b2c5d-fc64-4189-b5fb-233300a5d0e5,1.0,1.0
1850.0,307956.0,6.0,11.0,51.0,40.0,150.0,400150.0,1.0,0.0,0.0,1.0,0.0,1.0,0.0,0.0,3.0,M,B,b3bd1973-e56e-40f1-b784-994606d78c6b,836b2c5d-fc64-4189-b5fb-233300a5d0e5,1.0,1.0
1850.0,307956.0,7.0,11.0,51.0,40.0,150.0,400150.0,1.0,0.0,0.0,1.0,0.0,1.0,0.0,0.0,1.0,M,B,e69fef49-e879-419e-9a9c-33a2b70474b3,836b2c5d-fc64-4189-b5fb-233300a5d0e5,1.0,1.0
1850.0,307956.0,8.0,11.0,51.0,40.0,150.0,400150.0,1.0,0.0,0.0,1.0,0.0,1.0,0.0,0.0,30.0,F,B,ebb1203c-4ba6-437e-9cac-1afc3fb70468,836b2c5d-fc64-4189-b5fb-233300a5d0e5,1.0,1.0
1850.0,307956.0,9.0,11.0,51.0,40.0,150.0,400150.0,1.0,0.0,0.0,1.0,0.0,1.0,0.0,0.0,20.0,F,B,725d1193-eccd-416a-ab6c-5116d58678bf,836b2c5d-fc64-4189-b5fb-233300a5d0e5,1.0,1.0
1850.0,307956.0,10.0,11.0,51.0,40.0,150.0,400150.0,1.0,0.0,0.0,1.0,0.0,1.0,0.0,0.0,12.0,F,B,ef1ec9c6-27f9-4f90-a578-0216be4214c1,836b2c5d-fc64-4189-b5fb-233300a5d0e5,1.0,1.0
1850.0,307956.0,11.0,11.0,51.0,40.0,150.0,400150.0,1.0,0.0,0.0,1.0,0.0,1.0,0.0,0.0,9.0,F,B,14d5bc38-5180-461d-8377-1bf61c44d5db,836b2c5d-fc64-4189-b5fb-233300a5d0e5,1.0,1.0
1850.0,307951.0,1.0,5.0,51.0,40.0,150.0,400150.0,1.0,0.0,0.0,1.0,0.0,1.0,0.0,0.0,3.0,M,B,631ebb83-2d6a-4566-b36f-8cc8c5736f48,a67e2c9e-fac6-46b7-b784-356a8cf82c5c,1.0,1.0
1850.0,307951.0,2.0,5.0,51.0,40.0,150.0,400150.0,1.0,0.0,0.0,1.0,0.0,1.0,0.0,0.0,0.0,M,B,ad2b89a1-e266-4515-b966-345256bfba21,a67e2c9e-fac6-46b7-b784-356a8cf82c5c,1.0,1.0
1850.0,307951.0,3.0,5.0,51.0,40.0,150.0,400150.0,1.0,0.0,0.0,1.0,0.0,1.0,0.0,0.0,5.0,F,B,7de8071e-42ce-4ead-b5ec-11749f4c0074,a67e2c9e-fac6-46b7-b784-356a8cf82c5c,1.0,1.0
1850.0,307951.0,4.0,5.0,51.0,40.0,150.0,400150.0,1.0,0.0,0.0,1.0,0.0,1.0,0.0,0.0,4.0,F,B,d1e06dfa-bcfa-4867-b5b4-08589aab6022,a67e2c9e-fac6-46b7-b784-356a8cf82c5c,1.0,1.0
1850.0,307951.0,5.0,5.0,51.0,40.0,150.0,400150.0,1.0,0.0,0.0,1.0,0.0,1.0,0.0,0.0,25.0,F,B,348fbeaa-8aa7-4a09-bfe2-c6863d4847bf,a67e2c9e-fac6-46b7-b784-356a8cf82c5c,1.0,1.0
1850.0,307960.0,1.0,5.0,51.0,40.0,150.0,400150.0,1.0,0.0,0.0,1.0,0.0,1.0,0.0,0.0,7.0,M,B,ab2c2865-499f-42fe-af88-e11d24923a1e,47e3970d-4007-4e64-aac3-eba82eb34b64,1.0,1.0
1850.0,307960.0,2.0,5.0,51.0,40.0,150.0,400150.0,1.0,0.0,0.0,1.0,0.0,1.0,0.0,0.0,6.0,M,B,ad9639d1-c238-46fc-b16e-3a9cbaabde64,47e3970d-4007-4e64-aac3-eba82eb34b64,1.0,1.0
1850.0,307960.0,3.0,5.0,51.0,40.0,150.0,400150.0,1.0,0.0,0.0,1.0,0.0,1.0,0.0,0.0,4.0,M,B,1f329f6c-89d0-4b50-998e-1436cd8d3f4a,47e3970d-4007-4e64-aac3-eba82eb34b64,1.0,1.0
1850.0,307960.0,4.0,5.0,51.0,40.0,150.0,400150.0,1.0,0.0,0.0,1.0,0.0,1.0,0.0,0.0,28.0,F,B,d1f0c018-fcfd-421b-9ce4-ad1899607f61,47e3970d-4007-4e64-aac3-eba82eb34b64,1.0,1.0
1850.0,307960.0,5.0,5.0,51.0,40.0,150.0,400150.0,1.0,0.0,0.0,1.0,0.0,1.0,0.0,0.0,70.0,F,B,3c059483-7056-4192-837a-06026d49debb,47e3970d-4007-4e64-aac3-eba82eb34b64,1.0,1.0
1850.0,307961.0,1.0,1.0,51.0,40.0,150.0,400150.0,1.0,0.0,0.0,1.0,0.0,1.0,0.0,0.0,16.0,F,B,54434c80-6b3d-43be-8a3d-7c8c2d6ccc20,c234a732-5eca-4d3c-ae06-0e947abb0700,1.0,1.0
1850.0,307962.0,1.0,1.0,51.0,40.0,150.0,400150.0,1.0,0.0,0.0,1.0,0.0,1.0,0.0,0.0,18.0,F,B,9d873213-e680-470f-801d-41d081bcfac6,b824703a-61f3-4e53-8bb1-763cadc884ca,1.0,1.0
1850.0,307963.0,1.0,1.0,51.0,40.0,150.0,400150.0,1.0,0.0,0.0,1.0,0.0,1.0,0.0,0.0,6.0,F,B,dc808cb1-afef-4a45-89e2-bde7633e3b0f,fca48b76-1687-4aac-b724-43d644bbe6bc,1.0,1.0
1850.0,307964.0,1.0,1.0,51.0,40.0,150.0,400150.0,1.0,0.0,0.0,1.0,0.0,1.0,0.0,0.0,6.0,M,B,e8ffc0b7-ab38-4445-b879-1e57fc6aaac9,c7a6c3fa-166c-4a71-a903-96db9eefacba,1.0,1.0
1850.0,307965.0,1.0,4.0,51.0,40.0,150.0,400150.0,1.0,0.0,0.0,1.0,0.0,1.0,0.0,0.0,21.0,M,B,1ae75f7d-7a3b-441d-bc90-2dafa88f8c7d,519e10b5-d5d9-4165-8d1f-2e6f73ec7dfd,1.0,1.0
1850.0,307965.0,2.0,4.0,51.0,40.0,150.0,400150.0,1.0,0.0,0.0,1.0,0.0,1.0,0.0,0.0,18.0,M,B,96ff40e9-0d50-4e3c-9721-a76639ec18fd,519e10b5-d5d9-4165-8d1f-2e6f73ec7dfd,1.0,1.0
1850.0,307965.0,3.0,4.0,51.0,40.0,150.0,400150.0,1.0,0.0,0.0,1.0,0.0,1.0,0.0,0.0,17.0,M,B,79f8896c-b0d9-4ff0-9892-abb6bc70da0c,519e10b5-d5d9-4165-8d1f-2e6f73ec7dfd,1.0,1.0
1850.0,307965.0,4.0,4.0,51.0,40.0,150.0,400150.0,1.0,0.0,0.0,1.0,0.0,1.0,0.0,0.0,15.0,F,B,da3ed1ff-2b9d-446f-b750-e6643ba690b3,519e10b5-d5d9-4165-8d1f-2e6f73ec7dfd,1.0,1.0
1850.0,307966.0,1.0,1.0,51.0,40.0,150.0,400150.0,1.0,0.0,0.0,1.0,0.0,1.0,0.0,0.0,12.0,F,B,6e2ddca3-7621-4963-a505-829d1d8deaab,4f17815a-9dd6-4bb8-93f7-de72694f567e,1.0,1.0
1850.0,307967.0,1.0,3.0,51.0,40.0,150.0,400150.0,1.0,0.0,0.0,1.0,0.0,1.0,0.0,0.0,35.0,M,B,2d2b5354-96f7-4b89-a749-a9ed2d9ac377,947ad10c-628d-40f0-ada6-f2af9a975391,1.0,1.0
1850.0,307967.0,2.0,3.0,51.0,40.0,150.0,400150.0,1.0,0.0,0.0,1.0,0.0,1.0,0.0,0.0,3.0,M,B,c13b53aa-439c-4106-b6a7-0057604a326b,947ad10c-628d-40f0-ada6-f2af9a975391,1.0,1.0
1850.0,307967.0,3.0,3.0,51.0,40.0,150.0,400150.0,1.0,0.0,0.0,1.0,0.0,1.0,0.0,0.0,24.0,F,B,3ed7db57-4028-43ee-98ff-eb6df8ba223a,947ad10c-628d-40f0-ada6-f2af9a975391,1.0,1.0
1850.0,307968.0,1.0,2.0,51.0,40.0,150.0,400150.0,1.0,0.0,0.0,1.0,0.0,1.0,0.0,0.0,32.0,F,B,ced36f36-d249-4eb8-808e-260f3b4661d6,52c1203d-e94d-4e14-b3cf-4e638551f0eb,1.0,1.0
1850.0,307968.0,2.0,2.0,51.0,40.0,150.0,400150.0,1.0,0.0,0.0,1.0,0.0,1.0,0.0,0.0,13.0,F,B,99f4250b-96de-4671-8b35-4faab98f040c,52c1203d-e94d-4e14-b3cf-4e638551f0eb,1.0,1.0
1850.0,307969.0,1.0,3.0,51.0,40.0,150.0,400150.0,1.0,0.0,0.0,1.0,0.0,1.0,0.0,0.0,16.0,M,B,0905e5bd-b263-4887-ae00-3f3eeeb024c5,f75a6dc9-8938-4e72-92d6-00e5cd0231d2,1.0,1.0
1850.0,307969.0,2.0,3.0,51.0,40.0,150.0,400150.0,1.0,0.0,0.0,1.0,0.0,1.0,0.0,0.0,8.0,M,B,5b0cec24-a47a-4642-9d2b-3786c33ac48f,f75a6dc9-8938-4e72-92d6-00e5cd0231d2,1.0,1.0
1850.0,307969.0,3.0,3.0,51.0,40.0,150.0,400150.0,1.0,0.0,0.0,1.0,0.0,1.0,0.0,0.0,25.0,F,B,51bf95d6-ca2f-4e1c-ab00-c6d14bcf6ad6,f75a6dc9-8938-4e72-92d6-00e5cd0231d2,1.0,1.0
1850.0,307970.0,1.0,6.0,51.0,40.0,150.0,400150.0,1.0,0.0,0.0,1.0,0.0,1.0,0.0,0.0,28.0,M,B,6b96f3d9-2353-484a-a0a8-093e9b79b55f,a5c3143b-2f4d-4448-9c3b-2f7cfa88cd21,1.0,1.0
1850.0,307970.0,2.0,6.0,51.0,40.0,150.0,400150.0,1.0,0.0,0.0,1.0,0.0,1.0,0.0,0.0,13.0,M,B,a8f2e42e-1699-4b87-9428-ab9976002d9d,a5c3143b-2f4d-4448-9c3b-2f7cfa88cd21,1.0,1.0
1850.0,307970.0,3.0,6.0,51.0,40.0,150.0,400150.0,1.0,0.0,0.0,1.0,0.0,1.0,0.0,0.0,11.0,M,B,d79078d5-2742-4ff7-9935-c09ba6250fcf,a5c3143b-2f4d-4448-9c3b-2f7cfa88cd21,1.0,1.0
1850.0,307970.0,4.0,6.0,51.0,40.0,150.0,400150.0,1.0,0.0,0.0,1.0,0.0,1.0,0.0,0.0,8.0,M,B,d4376404-f435-41b6-95a9-69d7eb16f2e4,a5c3143b-2f4d-4448-9c3b-2f7cfa88cd21,1.0,1.0
1850.0,307970.0,5.0,6.0,51.0,40.0,150.0,400150.0,1.0,0.0,0.0,1.0,0.0,1.0,0.0,0.0,46.0,F,B,14c31a78-2ff0-43e8-aa4e-f669e1e9376c,a5c3143b-2f4d-4448-9c3b-2f7cfa88cd21,1.0,1.0
1850.0,307970.0,6.0,6.0,51.0,40.0,150.0,400150.0,1.0,0.0,0.0,1.0,0.0,1.0,0.0,0.0,28.0,F,B,3b3d185c-8a73-4769-9006-f34f0ab8af3a,a5c3143b-2f4d-4448-9c3b-2f7cfa88cd21,1.0,1.0
1850.0,307971.0,1.0,3.0,51.0,40.0,150.0,400150.0,1.0,0.0,0.0,1.0,0.0,1.0,0.0,0.0,65.0,F,B,dad895d9-b8a7-4b90-9557-380e3a2e9467,c49b2448-b283-41d3-aa8d-857d3c9a96df,1.0,1.0
1850.0,307971.0,2.0,3.0,51.0,40.0,150.0,400150.0,1.0,0.0,0.0,1.0,0.0,1.0,0.0,0.0,28.0,F,B,7b771fa6-e8c4-4ace-b318-2da207e03078,c49b2448-b283-41d3-aa8d-857d3c9a96df,1.0,1.0
1850.0,307971.0,3.0,3.0,51.0,40.0,150.0,400150.0,1.0,0.0,0.0,1.0,0.0,1.0,0.0,0.0,19.0,F,B,cd01fff9-d947-4770-848e-e21a2765b82a,c49b2448-b283-41d3-aa8d-857d3c9a96df,1.0,1.0
1850.0,307957.0,1.0,1.0,51.0,40.0,150.0,400150.0,1.0,0.0,0.0,1.0,0.0,1.0,0.0,0.0,12.0,M,B,cb68e0f2-533c-480f-9833-ea6414eb4503,e63d53d5-bd00-48be-8740-92156fa8a262,1.0,1.0
1850.0,307972.0,1.0,1.0,51.0,40.0,150.0,400150.0,1.0,0.0,0.0,1.0,0.0,1.0,0.0,0.0,19.0,F,B,7d5a00b0-5e96-423b-816a-bb3653c08e6d,5d7a0625-7959-4e39-81d2-9a21e770b78b,1.0,1.0
1850.0,307973.0,1.0,1.0,51.0,40.0,150.0,400150.0,1.0,0.0,0.0,1.0,0.0,1.0,0.0,0.0,11.0,F,B,78c72359-2b98-40b9-8147-6a53e52bae54,9790d3bd-0d8f-40ba-89d4-fdc8eef1b604,1.0,1.0
1850.0,307958.0,1.0,1.0,51.0,40.0,150.0,400150.0,1.0,0.0,0.0,1.0,0.0,1.0,0.0,0.0,10.0,M,B,d0f137b3-6148-422e-890c-365ee7111ddb,351263d9-59a4-41fe-a3bb-84f14ac536b8,1.0,1.0
1850.0,307959.0,1.0,4.0,51.0,40.0,150.0,400150.0,1.0,0.0,0.0,1.0,0.0,1.0,0.0,0.0,34.0,M,B,6b937899-b93f-4c62-acaa-bc13ddc7c942,519e10b5-d5d9-4165-8d1f-2e6f73ec7dfd,3.0,1.0
1850.0,307959.0,2.0,4.0,51.0,40.0,150.0,400150.0,1.0,0.0,0.0,1.0,0.0,1.0,0.0,0.0,5.0,M,B,20a520b7-a7a7-45f0-94cf-7b011702cb8c,519e10b5-d5d9-4165-8d1f-2e6f73ec7dfd,3.0,1.0
1850.0,307959.0,3.0,4.0,51.0,40.0,150.0,400150.0,1.0,0.0,0.0,1.0,0.0,1.0,0.0,0.0,34.0,M,B,a51041c7-f212-41a2-96c5-c2540e159414,519e10b5-d5d9-4165-8d1f-2e6f73ec7dfd,3.0,1.0
1850.0,307959.0,4.0,4.0,51.0,40.0,150.0,400150.0,1.0,0.0,0.0,1.0,0.0,1.0,0.0,0.0,3.0,F,B,79851453-4af0-436f-8b94-11775aecdc1c,519e10b5-d5d9-4165-8d1f-2e6f73ec7dfd,3.0,1.0
1850.0,307974.0,1.0,4.0,51.0,40.0,150.0,400150.0,1.0,0.0,0.0,1.0,0.0,1.0,0.0,0.0,50.0,M,B,aef83e12-2f3a-4a8a-9901-81bb90564d4d,e8317794-b79c-490e-ab86-911e8507476e,1.0,1.0
1850.0,307974.0,2.0,4.0,51.0,40.0,150.0,400150.0,1.0,0.0,0.0,1.0,0.0,1.0,0.0,0.0,30.0,M,B,3abd1fee-859d-488f-aa9e-44d97271af14,e8317794-b79c-490e-ab86-911e8507476e,1.0,1.0
1850.0,307974.0,3.0,4.0,51.0,40.0,150.0,400150.0,1.0,0.0,0.0,1.0,0.0,1.0,0.0,0.0,18.0,M,B,cdc532b3-c56c-4e5f-826f-7d222695b099,e8317794-b79c-490e-ab86-911e8507476e,1.0,1.0
1850.0,307974.0,4.0,4.0,51.0,40.0,150.0,400150.0,1.0,0.0,0.0,1.0,0.0,1.0,0.0,0.0,39.0,F,B,4baccaca-9940-4820-a51b-a6214c6b6521,e8317794-b79c-490e-ab86-911e8507476e,1.0,1.0
1850.0,307976.0,1.0,11.0,51.0,40.0,150.0,400150.0,1.0,0.0,0.0,1.0,0.0,1.0,0.0,0.0,20.0,M,B,3c270b2d-b8d0-4709-85e7-e30095ed3d9d,,0.0,1.0
1850.0,307976.0,2.0,11.0,51.0,40.0,150.0,400150.0,1.0,0.0,0.0,1.0,0.0,1.0,0.0,0.0,12.0,M,B,30e51343-cb3f-4ee2-b1b5-3e48ce701757,,0.0,1.0
1850.0,307976.0,3.0,11.0,51.0,40.0,150.0,400150.0,1.0,0.0,0.0,1.0,0.0,1.0,0.0,0.0,12.0,M,B,786da529-31ce-4b66-bfe8-5353a872d3ef,,0.0,1.0
1850.0,307976.0,4.0,11.0,51.0,40.0,150.0,400150.0,1.0,0.0,0.0,1.0,0.0,1.0,0.0,0.0,6.0,M,B,9d3e0ccd-e925-4763-b627-9d4e68854422,,0.0,1.0
1850.0,307976.0,5.0,11.0,51.0,40.0,150.0,400150.0,1.0,0.0,0.0,1.0,0.0,1.0,0.0,0.0,5.0,M,B,f50dac69-48ad-4b27-9aab-d9b6ef1034f8,,0.0,1.0
1850.0,307976.0,6.0,11.0,51.0,40.0,150.0,400150.0,1.0,0.0,0.0,1.0,0.0,1.0,0.0,0.0,52.0,F,B,eb4de302-3a64-4e93-ae1b-bd56c4705058,,0.0,1.0
1850.0,307976.0,7.0,11.0,51.0,40.0,150.0,400150.0,1.0,0.0,0.0,1.0,0.0,1.0,0.0,0.0,22.0,F,B,85febb38-86e7-4e27-a872-1be411a7b22c,,0.0,1.0
1850.0,307976.0,8.0,11.0,51.0,40.0,150.0,400150.0,1.0,0.0,0.0,1.0,0.0,1.0,0.0,0.0,13.0,F,B,3daa7791-bf49-4bd8-ae7c-758ee3f78f89,,0.0,1.0
1850.0,307976.0,9.0,11.0,51.0,40.0,150.0,400150.0,1.0,0.0,0.0,1.0,0.0,1.0,0.0,0.0,1.0,F,B,655c5fc1-1dd1-45db-9713-a718a7bc6c66,,0.0,1.0
1850.0,307976.0,10.0,11.0,51.0,40.0,150.0,400150.0,1.0,0.0,0.0,1.0,0.0,1.0,0.0,0.0,52.0,M,B,f70dcf69-7c24-472f-ae31-b0b7f7d31f21,,0.0,1.0
1850.0,307976.0,11.0,11.0,51.0,40.0,150.0,400150.0,1.0,0.0,0.0,1.0,0.0,1.0,0.0,0.0,24.0,M,B,f1314617-c2e5-4417-b3bf-ccda164eb12d,,0.0,1.0
1850.0,307977.0,1.0,4.0,51.0,40.0,150.0,400150.0,1.0,0.0,0.0,1.0,0.0,1.0,0.0,0.0,17.0,M,B,9f115740-edd7-43e6-beea-843829b04b06,5ec12669-bc21-4296-90cf-3684c244dd80,1.0,1.0
1850.0,307977.0,2.0,4.0,51.0,40.0,150.0,400150.0,1.0,0.0,0.0,1.0,0.0,1.0,0.0,0.0,8.0,M,B,9f11c3c5-b15f-4890-a088-145c49655c09,5ec12669-bc21-4296-90cf-3684c244dd80,1.0,1.0
1850.0,307977.0,3.0,4.0,51.0,40.0,150.0,400150.0,1.0,0.0,0.0,1.0,0.0,1.0,0.0,0.0,1.0,M,B,68a058fc-d16e-4a45-a493-d88ab1d24127,5ec12669-bc21-4296-90cf-3684c244dd80,1.0,1.0
1850.0,307977.0,4.0,4.0,51.0,40.0,150.0,400150.0,1.0,0.0,0.0,1.0,0.0,1.0,0.0,0.0,17.0,F,B,29e45173-74cc-4cd3-9554-a25632f06839,5ec12669-bc21-4296-90cf-3684c244dd80,1.0,1.0
1850.0,307978.0,1.0,5.0,51.0,40.0,150.0,400150.0,1.0,0.0,0.0,1.0,0.0,1.0,0.0,0.0,35.0,M,B,5875cbc8-aeb3-4527-af95-bd4d45ea626a,3891918e-85e8-453c-827c-f84fcf495717,1.0,1.0
1850.0,307978.0,2.0,5.0,51.0,40.0,150.0,400150.0,1.0,0.0,0.0,1.0,0.0,1.0,0.0,0.0,10.0,M,B,f06e01b4-febf-4dc7-8754-e3b258650656,3891918e-85e8-453c-827c-f84fcf495717,1.0,1.0
1850.0,307978.0,3.0,5.0,51.0,40.0,150.0,400150.0,1.0,0.0,0.0,1.0,0.0,1.0,0.0,0.0,40.0,M,B,3578f875-e706-4042-85e4-1b36c073b5c0,3891918e-85e8-453c-827c-f84fcf495717,1.0,1.0
1850.0,307978.0,4.0,5.0,51.0,40.0,150.0,400150.0,1.0,0.0,0.0,1.0,0.0,1.0,0.0,0.0,60.0,F,B,e6044cf1-611f-46b6-8326-f3dedc74af42,3891918e-85e8-453c-827c-f84fcf495717,1.0,1.0
1850.0,307978.0,5.0,5.0,51.0,40.0,150.0,400150.0,1.0,0.0,0.0,1.0,0.0,1.0,0.0,0.0,30.0,F,B,ee0d09e2-0233-456d-a423-242c6d28518a,3891918e-85e8-453c-827c-f84fcf495717,1.0,1.0
1850.0,307979.0,1.0,10.0,51.0,40.0,150.0,400150.0,1.0,0.0,0.0,1.0,0.0,1.0,0.0,0.0,36.0,M,B,98e9a0aa-6fc4-46f7-b65f-19b30a90294b,05d49e21-637d-487b-aa25-91156d17e669,1.0,1.0
1850.0,307979.0,2.0,10.0,51.0,40.0,150.0,400150.0,1.0,0.0,0.0,1.0,0.0,1.0,0.0,0.0,20.0,M,B,0bcfc621-83a3-4196-a264-41fc90ee26e3,05d49e21-637d-487b-aa25-91156d17e669,1.0,1.0
1850.0,307979.0,3.0,10.0,51.0,40.0,150.0,400150.0,1.0,0.0,0.0,1.0,0.0,1.0,0.0,0.0,19.0,M,B,c43de891-b880-4050-b089-d0c3b4470ad4,05d49e21-637d-487b-aa25-91156d17e669,1.0,1.0
1850.0,307979.0,4.0,10.0,51.0,40.0,150.0,400150.0,1.0,0.0,0.0,1.0,0.0,1.0,0.0,0.0,16.0,M,B,e9e10240-b3d2-4421-bd1b-25e520e1b629,05d49e21-637d-487b-aa25-91156d17e669,1.0,1.0
1850.0,307979.0,5.0,10.0,51.0,40.0,150.0,400150.0,1.0,0.0,0.0,1.0,0.0,1.0,0.0,0.0,12.0,M,B,54f5985c-9f1b-42cc-8851-3fd0e0956f68,05d49e21-637d-487b-aa25-91156d17e669,1.0,1.0
1850.0,307979.0,6.0,10.0,51.0,40.0,150.0,400150.0,1.0,0.0,0.0,1.0,0.0,1.0,0.0,0.0,1.0,M,B,a5bd6f78-dd8b-41ee-9687-46a3dde4c617,05d49e21-637d-487b-aa25-91156d17e669,1.0,1.0
1850.0,307979.0,7.0,10.0,51.0,40.0,150.0,400150.0,1.0,0.0,0.0,1.0,0.0,1.0,0.0,0.0,22.0,F,B,9393af75-c2fc-4973-aec8-3b5745718693,05d49e21-637d-487b-aa25-91156d17e669,1.0,1.0
1850.0,307979.0,8.0,10.0,51.0,40.0,150.0,400150.0,1.0,0.0,0.0,1.0,0.0,1.0,0.0,0.0,21.0,F,B,265750d5-ad64-4c83-b08b-a63440ee0498,05d49e21-637d-487b-aa25-91156d17e669,1.0,1.0
1850.0,307979.0,9.0,10.0,51.0,40.0,150.0,400150.0,1.0,0.0,0.0,1.0,0.0,1.0,0.0,0.0,6.0,F,B,7164ab8d-a05f-4f23-83fa-b8dbf2017511,05d49e21-637d-487b-aa25-91156d17e669,1.0,1.0
1850.0,307979.0,10.0,10.0,51.0,40.0,150.0,400150.0,1.0,0.0,0.0,1.0,0.0,1.0,0.0,0.0,4.0,F,B,6b903f3f-0abc-4e19-9b53-4de6732820fb,05d49e21-637d-487b-aa25-91156d17e669,1.0,1.0
1850.0,307980.0,1.0,8.0,51.0,40.0,150.0,400150.0,1.0,0.0,0.0,1.0,0.0,1.0,0.0,0.0,17.0,M,B,ff8e405b-a7dc-453b-bb77-199c36ead818,aa5b1bfb-e303-438d-b3dd-e8b074a1c832,1.0,1.0
1850.0,307980.0,2.0,8.0,51.0,40.0,150.0,400150.0,1.0,0.0,0.0,1.0,0.0,1.0,0.0,0.0,14.0,M,B,debd67fb-9195-45f1-9010-0381fc3b2fdc,aa5b1bfb-e303-438d-b3dd-e8b074a1c832,1.0,1.0
1850.0,307980.0,3.0,8.0,51.0,40.0,150.0,400150.0,1.0,0.0,0.0,1.0,0.0,1.0,0.0,0.0,10.0,M,B,9c742a13-8c61-4adc-91c6-d9ed78cb40fb,aa5b1bfb-e303-438d-b3dd-e8b074a1c832,1.0,1.0
1850.0,307980.0,4.0,8.0,51.0,40.0,150.0,400150.0,1.0,0.0,0.0,1.0,0.0,1.0,0.0,0.0,6.0,M,B,f8aa2adf-274a-4515-b9ef-3ceff813f23e,aa5b1bfb-e303-438d-b3dd-e8b074a1c832,1.0,1.0
1850.0,307980.0,5.0,8.0,51.0,40.0,150.0,400150.0,1.0,0.0,0.0,1.0,0.0,1.0,0.0,0.0,35.0,M,B,76c549b7-eabf-433f-b0b0-939b3d0f3887,aa5b1bfb-e303-438d-b3dd-e8b074a1c832,1.0,1.0
1850.0,307980.0,6.0,8.0,51.0,40.0,150.0,400150.0,1.0,0.0,0.0,1.0,0.0,1.0,0.0,0.0,30.0,F,B,cb0a9d8c-8c2d-4463-854c-11f60f670f92,aa5b1bfb-e303-438d-b3dd-e8b074a1c832,1.0,1.0
1850.0,307980.0,7.0,8.0,51.0,40.0,150.0,400150.0,1.0,0.0,0.0,1.0,0.0,1.0,0.0,0.0,8.0,F,B,06484691-c884-42f2-9955-48aeeb8320d1,aa5b1bfb-e303-438d-b3dd-e8b074a1c832,1.0,1.0
1850.0,307980.0,8.0,8.0,51.0,40.0,150.0,400150.0,1.0,0.0,0.0,1.0,0.0,1.0,0.0,0.0,4.0,F,B,8507e211-4a19-4ddd-b7b5-451ec49f42e4,aa5b1bfb-e303-438d-b3dd-e8b074a1c832,1.0,1.0
1850.0,307975.0,1.0,3.0,51.0,40.0,150.0,400150.0,1.0,0.0,0.0,1.0,0.0,1.0,0.0,0.0,10.0,M,B,b8149302-79ff-47f9-9aab-afa1e6a565d4,fd690482-7920-4351-94e2-3000528d1f3f,1.0,1.0
1850.0,307975.0,2.0,3.0,51.0,40.0,150.0,400150.0,1.0,0.0,0.0,1.0,0.0,1.0,0.0,0.0,24.0,F,B,bc056385-55c1-407d-a343-e12bd7c3b160,fd690482-7920-4351-94e2-3000528d1f3f,1.0,1.0
1850.0,307975.0,3.0,3.0,51.0,40.0,150.0,400150.0,1.0,0.0,0.0,1.0,0.0,1.0,0.0,0.0,2.0,F,B,099db435-591b-4ade-bb40-7a3580e0c93c,fd690482-7920-4351-94e2-3000528d1f3f,1.0,1.0
1850.0,307984.0,1.0,2.0,51.0,40.0,150.0,400150.0,1.0,0.0,0.0,1.0,0.0,1.0,0.0,0.0,14.0,M,B,28ed1cd8-1d31-40e9-a41a-6800d09fd094,8384cf38-9436-4ffe-b2a5-fd7805120a95,1.0,1.0
1850.0,307984.0,2.0,2.0,51.0,40.0,150.0,400150.0,1.0,0.0,0.0,1.0,0.0,1.0,0.0,0.0,20.0,F,B,2e4f4931-26da-4fc6-9b88-cef25ea9f972,8384cf38-9436-4ffe-b2a5-fd7805120a95,1.0,1.0
1850.0,307985.0,1.0,1.0,51.0,40.0,150.0,400150.0,1.0,0.0,0.0,1.0,0.0,1.0,0.0,0.0,16.0,F,B,53b3782b-3671-4504-9986-c36bc3c3c0f2,e2e5d6cc-7911-44a6-b150-46f338561103,1.0,1.0
1850.0,307986.0,1.0,3.0,51.0,40.0,150.0,400150.0,1.0,0.0,0.0,1.0,0.0,1.0,0.0,0.0,30.0,M,B,76a42736-5965-4f9c-81fb-c55a18e75723,78660f96-d369-4e69-98d3-c39c85d73f4a,1.0,1.0
1850.0,307986.0,2.0,3.0,51.0,40.0,150.0,400150.0,1.0,0.0,0.0,1.0,0.0,1.0,0.0,0.0,50.0,F,B,e4c0d882-686f-46fe-9755-d9bdd50702a3,78660f96-d369-4e69-98d3-c39c85d73f4a,1.0,1.0
1850.0,307986.0,3.0,3.0,51.0,40.0,150.0,400150.0,1.0,0.0,0.0,1.0,0.0,1.0,0.0,0.0,18.0,F,B,e0bd7a52-f3d9-40af-80d4-5911c0f182fa,78660f96-d369-4e69-98d3-c39c85d73f4a,1.0,1.0
1850.0,307987.0,1.0,1.0,51.0,40.0,150.0,400150.0,1.0,0.0,0.0,1.0,0.0,1.0,0.0,0.0,18.0,F,B,c21729f8-49ab-402a-a515-b602b0c8d806,a455b023-65e5-4ed4-b51d-f5b5e84093be,1.0,1.0
1850.0,307988.0,1.0,5.0,51.0,40.0,150.0,400150.0,1.0,0.0,0.0,1.0,0.0,1.0,0.0,0.0,38.0,F,B,a4a7754e-3a6e-42ce-aeb6-a8d528f17dd3,88c68eeb-73c4-4005-a980-feacf87a5391,1.0,1.0
1850.0,307988.0,2.0,5.0,51.0,40.0,150.0,400150.0,1.0,0.0,0.0,1.0,0.0,1.0,0.0,0.0,14.0,F,B,35aeab54-59ee-4b4d-b165-a283ba8b902c,88c68eeb-73c4-4005-a980-feacf87a5391,1.0,1.0
1850.0,307988.0,3.0,5.0,51.0,40.0,150.0,400150.0,1.0,0.0,0.0,1.0,0.0,1.0,0.0,0.0,11.0,F,B,4b121be4-baab-401e-893d-fb5dbfb6a8d5,88c68eeb-73c4-4005-a980-feacf87a5391,1.0,1.0
1850.0,307988.0,4.0,5.0,51.0,40.0,150.0,400150.0,1.0,0.0,0.0,1.0,0.0,1.0,0.0,0.0,6.0,F,B,b87fd041-d37e-4120-ba8e-a261635908e3,88c68eeb-73c4-4005-a980-feacf87a5391,1.0,1.0
1850.0,307988.0,5.0,5.0,51.0,40.0,150.0,400150.0,1.0,0.0,0.0,1.0,0.0,1.0,0.0,0.0,4.0,F,B,6289e410-eefb-47a5-824b-953d7432128f,88c68eeb-73c4-4005-a980-feacf87a5391,1.0,1.0
1850.0,307989.0,1.0,8.0,51.0,40.0,150.0,400150.0,1.0,0.0,0.0,1.0,0.0,1.0,0.0,0.0,60.0,M,B,3ea68042-f9c3-45cd-ba62-eb51c95a416c,7e3c5b6a-7014-4a57-b4e9-f5179dca84d6,1.0,1.0
1850.0,307989.0,2.0,8.0,51.0,40.0,150.0,400150.0,1.0,0.0,0.0,1.0,0.0,1.0,0.0,0.0,20.0,M,B,328236b2-97f8-4a2e-9f7c-ae1c137ea0e9,7e3c5b6a-7014-4a57-b4e9-f5179dca84d6,1.0,1.0
1850.0,307989.0,3.0,8.0,51.0,40.0,150.0,400150.0,1.0,0.0,0.0,1.0,0.0,1.0,0.0,0.0,16.0,M,B,eee47ef3-50fd-41ca-95fe-9902de8745b6,7e3c5b6a-7014-4a57-b4e9-f5179dca84d6,1.0,1.0
1850.0,307989.0,4.0,8.0,51.0,40.0,150.0,400150.0,1.0,0.0,0.0,1.0,0.0,1.0,0.0,0.0,10.0,M,B,a50bd6c5-6377-4ce5-9c71-8fea4a2758b4,7e3c5b6a-7014-4a57-b4e9-f5179dca84d6,1.0,1.0
1850.0,307989.0,5.0,8.0,51.0,40.0,150.0,400150.0,1.0,0.0,0.0,1.0,0.0,1.0,0.0,0.0,5.0,M,B,eacf8876-ca32-4cfe-844e-628007848e7e,7e3c5b6a-7014-4a57-b4e9-f5179dca84d6,1.0,1.0
1850.0,307989.0,6.0,8.0,51.0,40.0,150.0,400150.0,1.0,0.0,0.0,1.0,0.0,1.0,0.0,0.0,2.0,M,B,92788e28-73eb-4dc4-9cd0-80f1c4deb04b,7e3c5b6a-7014-4a57-b4e9-f5179dca84d6,1.0,1.0
1850.0,307989.0,7.0,8.0,51.0,40.0,150.0,400150.0,1.0,0.0,0.0,1.0,0.0,1.0,0.0,0.0,45.0,F,B,9ac6d6b7-bccc-459f-859c-1e211134bd8f,7e3c5b6a-7014-4a57-b4e9-f5179dca84d6,1.0,1.0
1850.0,307989.0,8.0,8.0,51.0,40.0,150.0,400150.0,1.0,0.0,0.0,1.0,0.0,1.0,0.0,0.0,13.0,F,B,abce3622-e7a9-48d8-a843-196c24bd3196,7e3c5b6a-7014-4a57-b4e9-f5179dca84d6,1.0,1.0
1850.0,307990.0,1.0,7.0,51.0,40.0,150.0,400150.0,1.0,0.0,0.0,1.0,0.0,1.0,0.0,0.0,45.0,M,B,9238d43a-6a4b-456b-8df3-c758db4741f7,a5c63c83-5cd5-4aa4-a3dd-405f7be95daa,1.0,1.0
1850.0,307990.0,2.0,7.0,51.0,40.0,150.0,400150.0,1.0,0.0,0.0,1.0,0.0,1.0,0.0,0.0,30.0,F,B,336c160b-e08d-4556-a27e-b7189d1e9ccd,a5c63c83-5cd5-4aa4-a3dd-405f7be95daa,1.0,1.0
1850.0,307990.0,3.0,7.0,51.0,40.0,150.0,400150.0,1.0,0.0,0.0,1.0,0.0,1.0,0.0,0.0,16.0,M,B,99f11f4c-0963-40eb-9f19-b00159141093,a5c63c83-5cd5-4aa4-a3dd-405f7be95daa,1.0,1.0
1850.0,307990.0,4.0,7.0,51.0,40.0,150.0,400150.0,1.0,0.0,0.0,1.0,0.0,1.0,0.0,0.0,12.0,M,B,5f974128-f116-4b9b-a7a6-d0d159059667,a5c63c83-5cd5-4aa4-a3dd-405f7be95daa,1.0,1.0
1850.0,307990.0,5.0,7.0,51.0,40.0,150.0,400150.0,1.0,0.0,0.0,1.0,0.0,1.0,0.0,0.0,52.0,F,B,357a82b9-5282-42bf-97d0-622c1598a880,a5c63c83-5cd5-4aa4-a3dd-405f7be95daa,1.0,1.0
1850.0,307990.0,6.0,7.0,51.0,40.0,150.0,400150.0,1.0,0.0,0.0,1.0,0.0,1.0,0.0,0.0,3.0,F,B,04663aa2-687d-44ed-9961-b29d9d9f4117,a5c63c83-5cd5-4aa4-a3dd-405f7be95daa,1.0,1.0
1850.0,307990.0,7.0,7.0,51.0,40.0,150.0,400150.0,1.0,0.0,0.0,1.0,0.0,1.0,0.0,0.0,2.0,F,B,13b120bd-12e5-44bd-94e8-0d04ff26e985,a5c63c83-5cd5-4aa4-a3dd-405f7be95daa,1.0,1.0
1850.0,307991.0,1.0,3.0,51.0,40.0,150.0,400150.0,1.0,0.0,0.0,1.0,0.0,1.0,0.0,0.0,7.0,M,B,e8b2b2fe-2371-428e-9f4f-198322e15c4f,9d2a7486-5f1b-4c6e-a9a4-fd3a50af5b9e,1.0,1.0
1850.0,307991.0,2.0,3.0,51.0,40.0,150.0,400150.0,1.0,0.0,0.0,1.0,0.0,1.0,0.0,0.0,40.0,F,B,1c76e92b-6396-4667-b86e-bb5e227d9546,9d2a7486-5f1b-4c6e-a9a4-fd3a50af5b9e,1.0,1.0
1850.0,307991.0,3.0,3.0,51.0,40.0,150.0,400150.0,1.0,0.0,0.0,1.0,0.0,1.0,0.0,0.0,6.0,F,B,4e76c0cc-8f34-49ee-ac2d-b6902c36d5d6,9d2a7486-5f1b-4c6e-a9a4-fd3a50af5b9e,1.0,1.0
1850.0,307981.0,1.0,2.0,51.0,40.0,150.0,400150.0,1.0,0.0,0.0,1.0,0.0,1.0,0.0,0.0,46.0,M,B,b3e7a8c1-3082-4f44-82ce-336c887e1b6b,30fede18-df49-46cb-b640-d5aa066df3eb,1.0,1.0
1850.0,307981.0,2.0,2.0,51.0,40.0,150.0,400150.0,1.0,0.0,0.0,1.0,0.0,1.0,0.0,0.0,22.0,M,B,62961cf1-0b20-4f5c-860d-0f4a2a9aef9d,30fede18-df49-46cb-b640-d5aa066df3eb,1.0,1.0
1850.0,307992.0,1.0,2.0,51.0,40.0,150.0,400150.0,1.0,0.0,0.0,1.0,0.0,1.0,0.0,0.0,35.0,M,B,7d42981e-4fa7-4d81-81d7-47dce6c58218,391962dc-04d1-421c-b728-9223be3fe02f,1.0,1.0
1850.0,307992.0,2.0,2.0,51.0,40.0,150.0,400150.0,1.0,0.0,0.0,1.0,0.0,1.0,0.0,0.0,16.0,F,B,e47e5f22-8c13-4b3f-9322-a0b0e8235933,391962dc-04d1-421c-b728-9223be3fe02f,1.0,1.0
1850.0,307993.0,1.0,1.0,51.0,40.0,150.0,400150.0,1.0,0.0,0.0,1.0,0.0,1.0,0.0,0.0,17.0,F,B,7b5790fa-0d58-4ce6-8f02-b199c63c854d,a515676b-4da3-463d-924b-f62daba0f224,1.0,1.0
1850.0,307982.0,1.0,3.0,51.0,40.0,150.0,400150.0,1.0,0.0,0.0,1.0,0.0,1.0,0.0,0.0,21.0,F,B,78684913-27fb-4726-92be-4a9da8f4a1ea,faaba48c-d77f-4ddd-893a-b6eff2c29a85,1.0,1.0
1850.0,307982.0,2.0,3.0,51.0,40.0,150.0,400150.0,1.0,0.0,0.0,1.0,0.0,1.0,0.0,0.0,3.0,F,B,4622105b-6eca-417b-80ec-a4a994e437ab,faaba48c-d77f-4ddd-893a-b6eff2c29a85,1.0,1.0
1850.0,307982.0,3.0,3.0,51.0,40.0,150.0,400150.0,1.0,0.0,0.0,1.0,0.0,1.0,0.0,0.0,2.0,F,B,d587843a-9cf3-483f-bb9b-dff2361a130c,faaba48c-d77f-4ddd-893a-b6eff2c29a85,1.0,1.0
1850.0,307983.0,1.0,1.0,51.0,40.0,150.0,400150.0,1.0,0.0,0.0,1.0,0.0,1.0,0.0,0.0,12.0,F,B,51fc0a2e-5d56-4105-9faa-f9c854f21572,b62e45f2-6826-4c22-a751-342b95919c39,1.0,1.0
1850.0,307994.0,1.0,8.0,51.0,40.0,150.0,400150.0,1.0,0.0,0.0,1.0,0.0,1.0,0.0,0.0,40.0,M,B,9d5ac114-a3fd-41c5-8c33-e82d3506e3d0,b03f0d72-29c8-492a-b6ad-95d37245fcc2,1.0,1.0
1850.0,307994.0,2.0,8.0,51.0,40.0,150.0,400150.0,1.0,0.0,0.0,1.0,0.0,1.0,0.0,0.0,25.0,M,B,e492e3bf-9860-4c41-83af-451442e5fe48,b03f0d72-29c8-492a-b6ad-95d37245fcc2,1.0,1.0
1850.0,307994.0,3.0,8.0,51.0,40.0,150.0,400150.0,1.0,0.0,0.0,1.0,0.0,1.0,0.0,0.0,23.0,M,B,6b3327a0-29d5-4c9a-adac-96ea5fd768cc,b03f0d72-29c8-492a-b6ad-95d37245fcc2,1.0,1.0
1850.0,307994.0,4.0,8.0,51.0,40.0,150.0,400150.0,1.0,0.0,0.0,1.0,0.0,1.0,0.0,0.0,18.0,M,B,dc0aa79b-5789-4f5d-99c6-f84f45bbdf86,b03f0d72-29c8-492a-b6ad-95d37245fcc2,1.0,1.0
1850.0,307994.0,5.0,8.0,51.0,40.0,150.0,400150.0,1.0,0.0,0.0,1.0,0.0,1.0,0.0,0.0,14.0,M,B,00f11750-9691-4518-858d-1cb4616385f3,b03f0d72-29c8-492a-b6ad-95d37245fcc2,1.0,1.0
1850.0,307994.0,6.0,8.0,51.0,40.0,150.0,400150.0,1.0,0.0,0.0,1.0,0.0,1.0,0.0,0.0,11.0,M,B,038fe7cc-7226-4894-af7d-fc9d4642ef33,b03f0d72-29c8-492a-b6ad-95d37245fcc2,1.0,1.0
1850.0,307994.0,7.0,8.0,51.0,40.0,150.0,400150.0,1.0,0.0,0.0,1.0,0.0,1.0,0.0,0.0,44.0,F,B,9e855479-a7b4-46bd-babe-3ae5a0be207b,b03f0d72-29c8-492a-b6ad-95d37245fcc2,1.0,1.0
1850.0,307994.0,8.0,8.0,51.0,40.0,150.0,400150.0,1.0,0.0,0.0,1.0,0.0,1.0,0.0,0.0,20.0,F,B,f864f117-a466-4779-99ce-6e3f1fdf8253,b03f0d72-29c8-492a-b6ad-95d37245fcc2,1.0,1.0
1850.0,307995.0,1.0,6.0,51.0,40.0,150.0,400150.0,1.0,0.0,0.0,1.0,0.0,1.0,0.0,0.0,5.0,M,B,cb2cb80e-76b5-4bd0-8e44-bb0900603d4e,,0.0,1.0
1850.0,307995.0,2.0,6.0,51.0,40.0,150.0,400150.0,1.0,0.0,0.0,1.0,0.0,1.0,0.0,0.0,36.0,F,B,859ac53e-f2cd-4f78-8b7d-d5069aee2cee,,0.0,1.0
1850.0,307995.0,3.0,6.0,51.0,40.0,150.0,400150.0,1.0,0.0,0.0,1.0,0.0,1.0,0.0,0.0,10.0,F,B,272a81cd-0433-4b18-b9fc-11b17cd56d2b,,0.0,1.0
1850.0,307995.0,4.0,6.0,51.0,40.0,150.0,400150.0,1.0,0.0,0.0,1.0,0.0,1.0,0.0,0.0,2.0,F,B,a22cbea2-aff8-4e59-bbce-81aad99f49ca,,0.0,1.0
1850.0,307995.0,5.0,6.0,51.0,40.0,150.0,400150.0,1.0,0.0,0.0,1.0,0.0,1.0,0.0,0.0,0.0,F,B,03189fd9-e006-464d-b909-1eec88da6a3c,,0.0,1.0
1850.0,307995.0,6.0,6.0,51.0,40.0,150.0,400150.0,1.0,0.0,0.0,1.0,0.0,1.0,0.0,0.0,12.0,M,B,d2e447be-56d9-4543-b921-cb3efb307033,,0.0,1.0
1850.0,307996.0,1.0,9.0,51.0,40.0,150.0,400150.0,1.0,0.0,0.0,1.0,0.0,1.0,0.0,0.0,50.0,M,B,892d98e1-5a50-4bc2-a3a3-e40282988652,f954abbd-f303-455f-8ee6-d0faf7d2f481,1.0,1.0
1850.0,307996.0,2.0,9.0,51.0,40.0,150.0,400150.0,1.0,0.0,0.0,1.0,0.0,1.0,0.0,0.0,8.0,M,B,6ea51ff3-4e34-49c8-84ed-af83cc957379,f954abbd-f303-455f-8ee6-d0faf7d2f481,1.0,1.0
1850.0,307996.0,3.0,9.0,51.0,40.0,150.0,400150.0,1.0,0.0,0.0,1.0,0.0,1.0,0.0,0.0,4.0,M,B,e2bc7137-5d7f-411b-ad5f-50570e25286d,f954abbd-f303-455f-8ee6-d0faf7d2f481,1.0,1.0
1850.0,307996.0,4.0,9.0,51.0,40.0,150.0,400150.0,1.0,0.0,0.0,1.0,0.0,1.0,0.0,0.0,1.0,M,B,4880358f-ac34-4b9b-805b-09a16ec53f44,f954abbd-f303-455f-8ee6-d0faf7d2f481,1.0,1.0
1850.0,307996.0,5.0,9.0,51.0,40.0,150.0,400150.0,1.0,0.0,0.0,1.0,0.0,1.0,0.0,0.0,36.0,F,B,3afb4ab1-c85e-4f8d-9e18-6846de5ac4fa,f954abbd-f303-455f-8ee6-d0faf7d2f481,1.0,1.0
1850.0,307996.0,6.0,9.0,51.0,40.0,150.0,400150.0,1.0,0.0,0.0,1.0,0.0,1.0,0.0,0.0,35.0,F,B,3678f701-ef86-46c5-8e8f-88afeb0d49e1,f954abbd-f303-455f-8ee6-d0faf7d2f481,1.0,1.0
1850.0,307996.0,7.0,9.0,51.0,40.0,150.0,400150.0,1.0,0.0,0.0,1.0,0.0,1.0,0.0,0.0,0.0,F,B,6c4063fc-a7c7-4ea0-893a-2a4ead109a1d,f954abbd-f303-455f-8ee6-d0faf7d2f481,1.0,1.0
1850.0,307996.0,8.0,9.0,51.0,40.0,150.0,400150.0,1.0,0.0,0.0,1.0,0.0,1.0,0.0,0.0,20.0,F,B,7c59d40d-35e1-44af-9a4a-6151aec1518e,f954abbd-f303-455f-8ee6-d0faf7d2f481,1.0,1.0
1850.0,307996.0,9.0,9.0,51.0,40.0,150.0,400150.0,1.0,0.0,0.0,1.0,0.0,1.0,0.0,0.0,3.0,F,B,54b17148-fe09-4799-90c7-69c73509e9d7,f954abbd-f303-455f-8ee6-d0faf7d2f481,1.0,1.0
1850.0,307997.0,1.0,2.0,51.0,40.0,150.0,400150.0,1.0,0.0,0.0,1.0,0.0,1.0,0.0,0.0,17.0,M,B,5834125a-f50d-4f1f-b933-19e035635808,b85ffcd0-6a11-4c1c-95c9-9248b49dbab4,1.0,1.0
1850.0,307997.0,2.0,2.0,51.0,40.0,150.0,400150.0,1.0,0.0,0.0,1.0,0.0,1.0,0.0,0.0,17.0,F,B,0e738f63-46e0-4da4-908b-cb646b01e9c2,b85ffcd0-6a11-4c1c-95c9-9248b49dbab4,1.0,1.0
1850.0,307998.0,1.0,4.0,51.0,40.0,150.0,400150.0,1.0,0.0,0.0,1.0,0.0,1.0,0.0,0.0,6.0,M,B,a30fb297-08e5-4498-a3d8-c8fd021e2ba0,31742c46-34b1-4027-933b-6e26cefcfacd,1.0,1.0
1850.0,307998.0,2.0,4.0,51.0,40.0,150.0,400150.0,1.0,0.0,0.0,1.0,0.0,1.0,0.0,0.0,21.0,F,B,02c9293c-fd20-4ca9-a9bc-f73feb528349,31742c46-34b1-4027-933b-6e26cefcfacd,1.0,1.0
1850.0,307998.0,3.0,4.0,51.0,40.0,150.0,400150.0,1.0,0.0,0.0,1.0,0.0,1.0,0.0,0.0,12.0,F,B,fba743cf-04f9-4619-bfb4-e6b8ded0fd59,31742c46-34b1-4027-933b-6e26cefcfacd,1.0,1.0
1850.0,307998.0,4.0,4.0,51.0,40.0,150.0,400150.0,1.0,0.0,0.0,1.0,0.0,1.0,0.0,0.0,0.0,F,B,870bcc34-cd13-4b69-b4ff-f20db14c8fa8,31742c46-34b1-4027-933b-6e26cefcfacd,1.0,1.0
1850.0,307999.0,1.0,19.0,51.0,40.0,150.0,400150.0,1.0,0.0,0.0,1.0,0.0,1.0,0.0,0.0,32.0,M,B,869eb71a-6740-45fc-9169-7371dc582d77,a5f8f174-5472-4df8-bacc-817d6ac952be,1.0,1.0
1850.0,307999.0,2.0,19.0,51.0,40.0,150.0,400150.0,1.0,0.0,0.0,1.0,0.0,1.0,0.0,0.0,30.0,M,B,404f6fc1-9fb3-49cf-b0c8-1074220f80b5,a5f8f174-5472-4df8-bacc-817d6ac952be,1.0,1.0
1850.0,307999.0,3.0,19.0,51.0,40.0,150.0,400150.0,1.0,0.0,0.0,1.0,0.0,1.0,0.0,0.0,28.0,M,B,025b7741-1668-429f-aeb0-16169c3849b7,a5f8f174-5472-4df8-bacc-817d6ac952be,1.0,1.0
1850.0,307999.0,4.0,19.0,51.0,40.0,150.0,400150.0,1.0,0.0,0.0,1.0,0.0,1.0,0.0,0.0,28.0,M,B,78392deb-99cf-46c0-8a66-c3daf96d7e38,a5f8f174-5472-4df8-bacc-817d6ac952be,1.0,1.0
1850.0,307999.0,5.0,19.0,51.0,40.0,150.0,400150.0,1.0,0.0,0.0,1.0,0.0,1.0,0.0,0.0,6.0,M,B,4bea146d-167c-429c-bca9-a6976df7a773,a5f8f174-5472-4df8-bacc-817d6ac952be,1.0,1.0
1850.0,307999.0,6.0,19.0,51.0,40.0,150.0,400150.0,1.0,0.0,0.0,1.0,0.0,1.0,0.0,0.0,1.0,M,B,5e9c5348-afbe-4281-8b34-15bfd4949528,a5f8f174-5472-4df8-bacc-817d6ac952be,1.0,1.0
1850.0,307999.0,7.0,19.0,51.0,40.0,150.0,400150.0,1.0,0.0,0.0,1.0,0.0,1.0,0.0,0.0,27.0,F,B,7e2dfdf5-d3f9-4734-9542-6c16b0006ea4,a5f8f174-5472-4df8-bacc-817d6ac952be,1.0,1.0
1850.0,307999.0,8.0,19.0,51.0,40.0,150.0,400150.0,1.0,0.0,0.0,1.0,0.0,1.0,0.0,0.0,20.0,F,B,d4d4d95a-e201-49c2-ab91-cb0b13cadf18,a5f8f174-5472-4df8-bacc-817d6ac952be,1.0,1.0
1850.0,307999.0,9.0,19.0,51.0,40.0,150.0,400150.0,1.0,0.0,0.0,1.0,0.0,1.0,0.0,0.0,15.0,F,B,51747f34-e496-439e-a351-3281bc09a657,a5f8f174-5472-4df8-bacc-817d6ac952be,1.0,1.0
1850.0,307999.0,10.0,19.0,51.0,40.0,150.0,400150.0,1.0,0.0,0.0,1.0,0.0,1.0,0.0,0.0,15.0,F,B,725a0844-68e1-4ee3-9463-05cfc767a28e,a5f8f174-5472-4df8-bacc-817d6ac952be,1.0,1.0
1850.0,307999.0,11.0,19.0,51.0,40.0,150.0,400150.0,1.0,0.0,0.0,1.0,0.0,1.0,0.0,0.0,10.0,F,B,5f73bee1-7469-41d7-b2a1-ee6302fe3420,a5f8f174-5472-4df8-bacc-817d6ac952be,1.0,1.0
1850.0,307999.0,12.0,19.0,51.0,40.0,150.0,400150.0,1.0,0.0,0.0,1.0,0.0,1.0,0.0,0.0,9.0,F,B,35d4dd1a-a41a-4da6-8d73-076929fa9c5f,a5f8f174-5472-4df8-bacc-817d6ac952be,1.0,1.0
1850.0,307999.0,13.0,19.0,51.0,40.0,150.0,400150.0,1.0,0.0,0.0,1.0,0.0,1.0,0.0,0.0,8.0,F,B,5fa269bd-aea6-4def-bc85-eb76fc42ade9,a5f8f174-5472-4df8-bacc-817d6ac952be,1.0,1.0
1850.0,307999.0,14.0,19.0,51.0,40.0,150.0,400150.0,1.0,0.0,0.0,1.0,0.0,1.0,0.0,0.0,7.0,F,B,5207c2b1-f068-480f-8eda-82e769b5af3e,a5f8f174-5472-4df8-bacc-817d6ac952be,1.0,1.0
1850.0,307999.0,15.0,19.0,51.0,40.0,150.0,400150.0,1.0,0.0,0.0,1.0,0.0,1.0,0.0,0.0,5.0,F,B,b0216e90-80f8-47ea-aaf3-7cd70f81c95a,a5f8f174-5472-4df8-bacc-817d6ac952be,1.0,1.0
1850.0,307999.0,16.0,19.0,51.0,40.0,150.0,400150.0,1.0,0.0,0.0,1.0,0.0,1.0,0.0,0.0,4.0,F,B,01853043-d7a0-443e-a4b2-b3a79725ceda,a5f8f174-5472-4df8-bacc-817d6ac952be,1.0,1.0
1850.0,307999.0,17.0,19.0,51.0,40.0,150.0,400150.0,1.0,0.0,0.0,1.0,0.0,1.0,0.0,0.0,4.0,F,B,6d1b333e-d147-4f03-9f97-b6833e1bc135,a5f8f174-5472-4df8-bacc-817d6ac952be,1.0,1.0
1850.0,307999.0,18.0,19.0,51.0,40.0,150.0,400150.0,1.0,0.0,0.0,1.0,0.0,1.0,0.0,0.0,3.0,F,B,e55a05b9-6a0e-44bf-9070-1be0102358e7,a5f8f174-5472-4df8-bacc-817d6ac952be,1.0,1.0
1850.0,307999.0,19.0,19.0,51.0,40.0,150.0,400150.0,1.0,0.0,0.0,1.0,0.0,1.0,0.0,0.0,3.0,F,B,854e4507-8521-4fa2-b235-faec40d4c2e7,a5f8f174-5472-4df8-bacc-817d6ac952be,1.0,1.0
1850.0,308002.0,1.0,2.0,51.0,40.0,150.0,400150.0,1.0,0.0,0.0,1.0,0.0,1.0,0.0,0.0,19.0,M,B,356dbbdb-3e33-488d-819c-82a3a9bb80a8,45d606e9-8d80-4260-ae9d-f7452830579b,1.0,1.0
1850.0,308002.0,2.0,2.0,51.0,40.0,150.0,400150.0,1.0,0.0,0.0,1.0,0.0,1.0,0.0,0.0,17.0,F,B,04965d44-0949-412b-80fb-cd5b07807ed5,45d606e9-8d80-4260-ae9d-f7452830579b,1.0,1.0
1850.0,308003.0,1.0,3.0,51.0,40.0,150.0,400150.0,1.0,0.0,0.0,1.0,0.0,1.0,0.0,0.0,19.0,M,B,8e36f6d1-7542-4194-aafe-0dfb4ce81be5,c550ccf6-2961-4989-bfac-cb9b5f8ffabf,1.0,1.0
1850.0,308003.0,2.0,3.0,51.0,40.0,150.0,400150.0,1.0,0.0,0.0,1.0,0.0,1.0,0.0,0.0,3.0,M,B,e3c24fb6-11ed-4c42-998e-9a2525560089,c550ccf6-2961-4989-bfac-cb9b5f8ffabf,1.0,1.0
1850.0,308003.0,3.0,3.0,51.0,40.0,150.0,400150.0,1.0,0.0,0.0,1.0,0.0,1.0,0.0,0.0,29.0,F,B,7c35322c-d6c5-46a8-b825-2a0f04c1370d,c550ccf6-2961-4989-bfac-cb9b5f8ffabf,1.0,1.0
1850.0,308004.0,1.0,17.0,51.0,40.0,150.0,400150.0,1.0,0.0,0.0,1.0,0.0,1.0,0.0,0.0,80.0,M,B,820d4308-95fd-44c7-977a-ce71dd01e36c,151f28e8-9216-4ed3-83fb-1e03d447e1e1,2.0,1.0
1850.0,308004.0,2.0,17.0,51.0,40.0,150.0,400150.0,1.0,0.0,0.0,1.0,0.0,1.0,0.0,0.0,50.0,M,B,2c83dbf8-5888-4e1e-a43a-880dea5a4f30,151f28e8-9216-4ed3-83fb-1e03d447e1e1,2.0,1.0
1850.0,308004.0,3.0,17.0,51.0,40.0,150.0,400150.0,1.0,0.0,0.0,1.0,0.0,1.0,0.0,0.0,35.0,M,B,e102e852-44ce-406a-a819-5cb25aa58cd1,151f28e8-9216-4ed3-83fb-1e03d447e1e1,2.0,1.0
1850.0,308004.0,4.0,17.0,51.0,40.0,150.0,400150.0,1.0,0.0,0.0,1.0,0.0,1.0,0.0,0.0,19.0,M,B,155dab52-b2aa-4180-95ee-ab305912f454,151f28e8-9216-4ed3-83fb-1e03d447e1e1,2.0,1.0
1850.0,308004.0,5.0,17.0,51.0,40.0,150.0,400150.0,1.0,0.0,0.0,1.0,0.0,1.0,0.0,0.0,16.0,M,B,6404e914-d193-483c-9384-c950d87f7eb4,151f28e8-9216-4ed3-83fb-1e03d447e1e1,2.0,1.0
1850.0,308004.0,6.0,17.0,51.0,40.0,150.0,400150.0,1.0,0.0,0.0,1.0,0.0,1.0,0.0,0.0,17.0,M,B,255aa259-06b3-41c0-9554-133902a26a02,151f28e8-9216-4ed3-83fb-1e03d447e1e1,2.0,1.0
1850.0,308004.0,7.0,17.0,51.0,40.0,150.0,400150.0,1.0,0.0,0.0,1.0,0.0,1.0,0.0,0.0,13.0,M,B,b5c93e51-d996-412f-9968-104673049714,151f28e8-9216-4ed3-83fb-1e03d447e1e1,2.0,1.0
1850.0,308004.0,8.0,17.0,51.0,40.0,150.0,400150.0,1.0,0.0,0.0,1.0,0.0,1.0,0.0,0.0,11.0,M,B,59a6b6e1-8659-4099-88b8-39ef1f7c6608,151f28e8-9216-4ed3-83fb-1e03d447e1e1,2.0,1.0
1850.0,308004.0,9.0,17.0,51.0,40.0,150.0,400150.0,1.0,0.0,0.0,1.0,0.0,1.0,0.0,0.0,6.0,M,B,81e93b53-65e1-4c04-b1f6-20a6a14f2420,151f28e8-9216-4ed3-83fb-1e03d447e1e1,2.0,1.0
1850.0,308004.0,10.0,17.0,51.0,40.0,150.0,400150.0,1.0,0.0,0.0,1.0,0.0,1.0,0.0,0.0,60.0,F,B,7eb73229-4b73-4f61-8a8d-f8e73ab3b634,151f28e8-9216-4ed3-83fb-1e03d447e1e1,2.0,1.0
1850.0,308004.0,11.0,17.0,51.0,40.0,150.0,400150.0,1.0,0.0,0.0,1.0,0.0,1.0,0.0,0.0,40.0,F,B,f83983c1-7af7-40ee-9b80-85dcce7bab58,151f28e8-9216-4ed3-83fb-1e03d447e1e1,2.0,1.0
1850.0,308004.0,12.0,17.0,51.0,40.0,150.0,400150.0,1.0,0.0,0.0,1.0,0.0,1.0,0.0,0.0,26.0,F,B,60180f1d-cc53-4c8b-997a-3377852a733d,151f28e8-9216-4ed3-83fb-1e03d447e1e1,2.0,1.0
1850.0,308004.0,13.0,17.0,51.0,40.0,150.0,400150.0,1.0,0.0,0.0,1.0,0.0,1.0,0.0,0.0,20.0,F,B,f3f27d71-d935-4040-b093-13632fa193c1,151f28e8-9216-4ed3-83fb-1e03d447e1e1,2.0,1.0
1850.0,308004.0,14.0,17.0,51.0,40.0,150.0,400150.0,1.0,0.0,0.0,1.0,0.0,1.0,0.0,0.0,18.0,F,B,edb67c47-2ae7-4309-bbad-f8a8e97d4d65,151f28e8-9216-4ed3-83fb-1e03d447e1e1,2.0,1.0
1850.0,308004.0,15.0,17.0,51.0,40.0,150.0,400150.0,1.0,0.0,0.0,1.0,0.0,1.0,0.0,0.0,5.0,F,B,084cbbb5-3e96-4f76-a903-4f155f06e2ec,151f28e8-9216-4ed3-83fb-1e03d447e1e1,2.0,1.0
1850.0,308004.0,16.0,17.0,51.0,40.0,150.0,400150.0,1.0,0.0,0.0,1.0,0.0,1.0,0.0,0.0,3.0,F,B,636ec4f2-23f5-4be7-b331-43839f54718e,151f28e8-9216-4ed3-83fb-1e03d447e1e1,2.0,1.0
1850.0,308004.0,17.0,17.0,51.0,40.0,150.0,400150.0,1.0,0.0,0.0,1.0,0.0,1.0,0.0,0.0,0.0,F,B,c93dbf9a-d11d-4e28-8b72-71f9ee0bfccf,151f28e8-9216-4ed3-83fb-1e03d447e1e1,2.0,1.0
1850.0,308005.0,1.0,3.0,51.0,40.0,150.0,400150.0,1.0,0.0,0.0,1.0,0.0,1.0,0.0,0.0,12.0,M,B,2fec3a9e-136b-42a1-a21d-d6c0bb508ecf,0b621804-43d8-4b2f-a5bc-54b43c3ee4e6,1.0,1.0
1850.0,308005.0,2.0,3.0,51.0,40.0,150.0,400150.0,1.0,0.0,0.0,1.0,0.0,1.0,0.0,0.0,25.0,F,B,1d3e8b46-036c-4e32-bf63-2017b7d7d999,0b621804-43d8-4b2f-a5bc-54b43c3ee4e6,1.0,1.0
1850.0,308005.0,3.0,3.0,51.0,40.0,150.0,400150.0,1.0,0.0,0.0,1.0,0.0,1.0,0.0,0.0,10.0,F,B,8439ba96-26b1-4158-a908-2e4ef7ebf47d,0b621804-43d8-4b2f-a5bc-54b43c3ee4e6,1.0,1.0
1850.0,308006.0,1.0,4.0,51.0,40.0,150.0,400150.0,1.0,0.0,0.0,1.0,0.0,1.0,0.0,0.0,4.0,M,B,7830fd6d-42ba-465c-acfa-440154d6762e,8b276c81-a489-49c4-b389-422d2db4e990,1.0,1.0
1850.0,308006.0,2.0,4.0,51.0,40.0,150.0,400150.0,1.0,0.0,0.0,1.0,0.0,1.0,0.0,0.0,2.0,M,B,393241d6-9e91-4b7a-858e-5f2af8022bc3,8b276c81-a489-49c4-b389-422d2db4e990,1.0,1.0
1850.0,308006.0,3.0,4.0,51.0,40.0,150.0,400150.0,1.0,0.0,0.0,1.0,0.0,1.0,0.0,0.0,27.0,F,B,bd0e48b5-c756-4ece-a198-f7589baed2d6,8b276c81-a489-49c4-b389-422d2db4e990,1.0,1.0
1850.0,308006.0,4.0,4.0,51.0,40.0,150.0,400150.0,1.0,0.0,0.0,1.0,0.0,1.0,0.0,0.0,8.0,F,B,46870548-9231-4b47-8321-60a102aef218,8b276c81-a489-49c4-b389-422d2db4e990,1.0,1.0
1850.0,308007.0,1.0,11.0,51.0,40.0,150.0,400150.0,1.0,0.0,0.0,1.0,0.0,1.0,0.0,0.0,50.0,M,B,4572f028-d496-4776-9b00-024c1099f07e,3c2e0b75-bec9-405f-91e5-2b690c96b549,1.0,1.0
1850.0,308007.0,2.0,11.0,51.0,40.0,150.0,400150.0,1.0,0.0,0.0,1.0,0.0,1.0,0.0,0.0,40.0,M,B,f2858a2a-0253-4c35-9f01-2d20527f4f6a,3c2e0b75-bec9-405f-91e5-2b690c96b549,1.0,1.0
1850.0,308007.0,3.0,11.0,51.0,40.0,150.0,400150.0,1.0,0.0,0.0,1.0,0.0,1.0,0.0,0.0,22.0,M,B,3b39a8bd-500f-46e0-9244-189d7ab04236,3c2e0b75-bec9-405f-91e5-2b690c96b549,1.0,1.0
1850.0,308007.0,4.0,11.0,51.0,40.0,150.0,400150.0,1.0,0.0,0.0,1.0,0.0,1.0,0.0,0.0,20.0,M,B,2302483e-eb23-4174-919a-ecf4133f812b,3c2e0b75-bec9-405f-91e5-2b690c96b549,1.0,1.0
1850.0,308007.0,5.0,11.0,51.0,40.0,150.0,400150.0,1.0,0.0,0.0,1.0,0.0,1.0,0.0,0.0,19.0,M,B,07f02cf3-e614-47ab-880e-72f8dbca7c8e,3c2e0b75-bec9-405f-91e5-2b690c96b549,1.0,1.0
1850.0,308007.0,6.0,11.0,51.0,40.0,150.0,400150.0,1.0,0.0,0.0,1.0,0.0,1.0,0.0,0.0,18.0,M,B,1b975008-8f2b-41ee-a060-f23a6b994740,3c2e0b75-bec9-405f-91e5-2b690c96b549,1.0,1.0
1850.0,308007.0,7.0,11.0,51.0,40.0,150.0,400150.0,1.0,0.0,0.0,1.0,0.0,1.0,0.0,0.0,14.0,M,B,ccd56aff-4f39-427a-81b0-f51f9468cd7c,3c2e0b75-bec9-405f-91e5-2b690c96b549,1.0,1.0
1850.0,308007.0,8.0,11.0,51.0,40.0,150.0,400150.0,1.0,0.0,0.0,1.0,0.0,1.0,0.0,0.0,23.0,F,B,1bf8cc9c-ce5b-4815-b072-bbf88eea8a04,3c2e0b75-bec9-405f-91e5-2b690c96b549,1.0,1.0
1850.0,308007.0,9.0,11.0,51.0,40.0,150.0,400150.0,1.0,0.0,0.0,1.0,0.0,1.0,0.0,0.0,12.0,F,B,efa033f9-bfd4-4e6d-8242-2f501c3bc699,3c2e0b75-bec9-405f-91e5-2b690c96b549,1.0,1.0
1850.0,308007.0,10.0,11.0,51.0,40.0,150.0,400150.0,1.0,0.0,0.0,1.0,0.0,1.0,0.0,0.0,2.0,F,B,854205d5-c8c6-4a92-81a4-e33493077b87,3c2e0b75-bec9-405f-91e5-2b690c96b549,1.0,1.0
1850.0,308007.0,11.0,11.0,51.0,40.0,150.0,400150.0,1.0,0.0,0.0,1.0,0.0,1.0,0.0,0.0,35.0,F,B,52d8cee4-16ea-4522-bb19-c18872f4bcc6,3c2e0b75-bec9-405f-91e5-2b690c96b549,1.0,1.0
1850.0,308000.0,1.0,1.0,51.0,40.0,150.0,400150.0,1.0,0.0,0.0,1.0,0.0,1.0,0.0,0.0,33.0,M,B,16040838-654d-45d9-84a6-1fc919c39a01,7579b510-183f-4e67-9741-fa564afa39aa,1.0,1.0
1850.0,308001.0,1.0,2.0,51.0,40.0,150.0,400150.0,1.0,0.0,0.0,1.0,0.0,1.0,0.0,0.0,10.0,M,B,85745292-444c-4833-a7f4-4beec29a395d,95e44893-fb1d-4199-8b1b-8ee6ca195945,1.0,1.0
1850.0,308001.0,2.0,2.0,51.0,40.0,150.0,400150.0,1.0,0.0,0.0,1.0,0.0,1.0,0.0,0.0,13.0,F,B,75fd33cb-d8e7-4201-bbcf-9038222bf5bf,95e44893-fb1d-4199-8b1b-8ee6ca195945,1.0,1.0
1850.0,308008.0,1.0,14.0,51.0,40.0,150.0,400150.0,1.0,0.0,0.0,1.0,0.0,1.0,0.0,0.0,13.0,M,B,e61cf4f6-4d58-4b61-9d27-ce7f9aa54e61,,0.0,1.0
1850.0,308008.0,2.0,14.0,51.0,40.0,150.0,400150.0,1.0,0.0,0.0,1.0,0.0,1.0,0.0,0.0,5.0,M,B,6bae2666-883f-4ac8-bfa5-fcf8c98dbbec,,0.0,1.0
1850.0,308008.0,3.0,14.0,51.0,40.0,150.0,400150.0,1.0,0.0,0.0,1.0,0.0,1.0,0.0,0.0,4.0,M,B,1c988512-d61e-4e0e-b28a-a912db59d57a,,0.0,1.0
1850.0,308008.0,4.0,14.0,51.0,40.0,150.0,400150.0,1.0,0.0,0.0,1.0,0.0,1.0,0.0,0.0,4.0,M,B,c28b8b89-e20f-4511-b52d-c1431c4c1008,,0.0,1.0
1850.0,308008.0,5.0,14.0,51.0,40.0,150.0,400150.0,1.0,0.0,0.0,1.0,0.0,1.0,0.0,0.0,2.0,M,B,bc61a86c-1524-4e0a-8ff1-2139ce061565,,0.0,1.0
1850.0,308008.0,6.0,14.0,51.0,40.0,150.0,400150.0,1.0,0.0,0.0,1.0,0.0,1.0,0.0,0.0,51.0,F,B,f5c5abbb-0d83-4ddf-94bd-3116fc5d570d,,0.0,1.0
1850.0,308008.0,7.0,14.0,51.0,40.0,150.0,400150.0,1.0,0.0,0.0,1.0,0.0,1.0,0.0,0.0,30.0,F,B,d24c1ebf-9bff-4f69-8342-0548e78a8cf5,,0.0,1.0
1850.0,308008.0,8.0,14.0,51.0,40.0,150.0,400150.0,1.0,0.0,0.0,1.0,0.0,1.0,0.0,0.0,15.0,F,B,1037e42e-6b7f-487f-8d01-7d08aa46557f,,0.0,1.0
1850.0,308008.0,9.0,14.0,51.0,40.0,150.0,400150.0,1.0,0.0,0.0,1.0,0.0,1.0,0.0,0.0,7.0,F,B,711e99b7-8021-4c24-a180-99caa3a4499d,,0.0,1.0
1850.0,308008.0,10.0,14.0,51.0,40.0,150.0,400150.0,1.0,0.0,0.0,1.0,0.0,1.0,0.0,0.0,6.0,F,B,b2dbdf7a-0f22-4e58-9df6-86d8650b6227,,0.0,1.0
1850.0,308008.0,11.0,14.0,51.0,40.0,150.0,400150.0,1.0,0.0,0.0,1.0,0.0,1.0,0.0,0.0,5.0,F,B,e4174d88-6e4e-4f4d-9c0c-163b0efceeba,,0.0,1.0
1850.0,308008.0,12.0,14.0,51.0,40.0,150.0,400150.0,1.0,0.0,0.0,1.0,0.0,1.0,0.0,0.0,5.0,F,B,b91f48b1-1fc8-4f86-88aa-edd4988f414b,,0.0,1.0
1850.0,308008.0,13.0,14.0,51.0,40.0,150.0,400150.0,1.0,0.0,0.0,1.0,0.0,1.0,0.0,0.0,45.0,M,B,55e4aa57-5532-4734-af50-8f084eacf9a5,,0.0,1.0
1850.0,308008.0,14.0,14.0,51.0,40.0,150.0,400150.0,1.0,0.0,0.0,1.0,0.0,1.0,0.0,0.0,27.0,M,B,b3cb027f-3c02-41d8-8b04-07963901efd7,,0.0,1.0
1850.0,308009.0,1.0,1.0,51.0,40.0,150.0,400150.0,1.0,0.0,0.0,1.0,0.0,1.0,0.0,0.0,40.0,M,B,4700058f-29ac-46a4-9e50-27f008764096,febc519c-9eef-4a59-b52a-3beaaa0686c6,1.0,1.0
1850.0,308010.0,1.0,1.0,51.0,40.0,150.0,400150.0,1.0,0.0,0.0,1.0,0.0,1.0,0.0,0.0,50.0,F,B,8d7352ee-8aa6-4058-859f-16c705104310,b60a49a9-21c7-41d0-85e6-8eba62ff9ece,1.0,1.0
1850.0,308011.0,1.0,15.0,51.0,40.0,150.0,400150.0,1.0,0.0,0.0,1.0,0.0,1.0,0.0,0.0,33.0,M,B,e58fede5-13d5-4882-9831-3737f72b3571,6e62ddc6-c23a-4013-9190-f14c2c87727c,1.0,1.0
1850.0,308011.0,2.0,15.0,51.0,40.0,150.0,400150.0,1.0,0.0,0.0,1.0,0.0,1.0,0.0,0.0,17.0,M,B,4f5111f3-6b85-4905-ad2a-f1d5511691fb,6e62ddc6-c23a-4013-9190-f14c2c87727c,1.0,1.0
1850.0,308011.0,3.0,15.0,51.0,40.0,150.0,400150.0,1.0,0.0,0.0,1.0,0.0,1.0,0.0,0.0,11.0,M,B,c7eb11f4-f7f0-4cef-a267-4415631a1180,6e62ddc6-c23a-4013-9190-f14c2c87727c,1.0,1.0
1850.0,308011.0,4.0,15.0,51.0,40.0,150.0,400150.0,1.0,0.0,0.0,1.0,0.0,1.0,0.0,0.0,8.0,M,B,02154b32-a3ad-4e3a-ae29-16941ad1f0cf,6e62ddc6-c23a-4013-9190-f14c2c87727c,1.0,1.0
1850.0,308011.0,5.0,15.0,51.0,40.0,150.0,400150.0,1.0,0.0,0.0,1.0,0.0,1.0,0.0,0.0,7.0,M,B,35007b86-708f-42e6-9d60-a74a288faef5,6e62ddc6-c23a-4013-9190-f14c2c87727c,1.0,1.0
1850.0,308011.0,6.0,15.0,51.0,40.0,150.0,400150.0,1.0,0.0,0.0,1.0,0.0,1.0,0.0,0.0,5.0,M,B,166e6394-8abb-4bb9-8315-0982e0cb2d1e,6e62ddc6-c23a-4013-9190-f14c2c87727c,1.0,1.0
1850.0,308011.0,7.0,15.0,51.0,40.0,150.0,400150.0,1.0,0.0,0.0,1.0,0.0,1.0,0.0,0.0,3.0,M,B,ef7a0749-1793-49cd-afc7-7b5981e0248b,6e62ddc6-c23a-4013-9190-f14c2c87727c,1.0,1.0
1850.0,308011.0,8.0,15.0,51.0,40.0,150.0,400150.0,1.0,0.0,0.0,1.0,0.0,1.0,0.0,0.0,2.0,M,B,d1bc0671-7c12-441e-8975-dc2eb5898e22,6e62ddc6-c23a-4013-9190-f14c2c87727c,1.0,1.0
1850.0,308011.0,9.0,15.0,51.0,40.0,150.0,400150.0,1.0,0.0,0.0,1.0,0.0,1.0,0.0,0.0,34.0,F,B,e95a3f0b-6ab9-44aa-9121-470c02a2f714,6e62ddc6-c23a-4013-9190-f14c2c87727c,1.0,1.0
1850.0,308011.0,10.0,15.0,51.0,40.0,150.0,400150.0,1.0,0.0,0.0,1.0,0.0,1.0,0.0,0.0,26.0,F,B,cb552b45-1c87-4aa4-96e0-dc64dcea45b2,6e62ddc6-c23a-4013-9190-f14c2c87727c,1.0,1.0
1850.0,308011.0,11.0,15.0,51.0,40.0,150.0,400150.0,1.0,0.0,0.0,1.0,0.0,1.0,0.0,0.0,22.0,F,B,49b02a37-0a8c-4402-9b17-ee1980037a0a,6e62ddc6-c23a-4013-9190-f14c2c87727c,1.0,1.0
1850.0,308011.0,12.0,15.0,51.0,40.0,150.0,400150.0,1.0,0.0,0.0,1.0,0.0,1.0,0.0,0.0,8.0,F,B,f353194d-7512-4477-80a9-d9d79e0471e8,6e62ddc6-c23a-4013-9190-f14c2c87727c,1.0,1.0
1850.0,308011.0,13.0,15.0,51.0,40.0,150.0,400150.0,1.0,0.0,0.0,1.0,0.0,1.0,0.0,0.0,3.0,F,B,16a523f3-76ac-4133-9491-7ad470c683f7,6e62ddc6-c23a-4013-9190-f14c2c87727c,1.0,1.0
1850.0,308011.0,14.0,15.0,51.0,40.0,150.0,400150.0,1.0,0.0,0.0,1.0,0.0,1.0,0.0,0.0,2.0,F,B,4ff57f97-d7fb-473b-a05c-bd149694d10d,6e62ddc6-c23a-4013-9190-f14c2c87727c,1.0,1.0
1850.0,308011.0,15.0,15.0,51.0,40.0,150.0,400150.0,1.0,0.0,0.0,1.0,0.0,1.0,0.0,0.0,0.0,F,B,4a333de9-40f5-45d0-be58-ca43f9ae1ea4,6e62ddc6-c23a-4013-9190-f14c2c87727c,1.0,1.0
1850.0,308012.0,1.0,2.0,51.0,40.0,150.0,400150.0,1.0,0.0,0.0,1.0,0.0,1.0,0.0,0.0,0.0,M,B,b9df9be2-8abe-400e-b525-263a67c3aa6e,39d55849-1974-44e4-bbf8-89278921cfdb,1.0,1.0
1850.0,308012.0,2.0,2.0,51.0,40.0,150.0,400150.0,1.0,0.0,0.0,1.0,0.0,1.0,0.0,0.0,27.0,F,B,83cc8d1c-b010-4396-b4b9-eb2df6484d8f,39d55849-1974-44e4-bbf8-89278921cfdb,1.0,1.0
1850.0,308013.0,1.0,4.0,51.0,40.0,150.0,400150.0,1.0,0.0,0.0,1.0,0.0,1.0,0.0,0.0,60.0,M,B,c485041f-a00e-43c1-acab-8ed812c0791f,e67a7e05-523d-4ca5-a8c3-b8d305a9dbf6,1.0,1.0
1850.0,308013.0,2.0,4.0,51.0,40.0,150.0,400150.0,1.0,0.0,0.0,1.0,0.0,1.0,0.0,0.0,43.0,F,B,9403692f-c109-488d-86c8-6b95607e844a,e67a7e05-523d-4ca5-a8c3-b8d305a9dbf6,1.0,1.0
1850.0,308013.0,3.0,4.0,51.0,40.0,150.0,400150.0,1.0,0.0,0.0,1.0,0.0,1.0,0.0,0.0,22.0,F,B,d241f260-8889-46b1-9904-2e1dfec9bd6f,e67a7e05-523d-4ca5-a8c3-b8d305a9dbf6,1.0,1.0
1850.0,308013.0,4.0,4.0,51.0,40.0,150.0,400150.0,1.0,0.0,0.0,1.0,0.0,1.0,0.0,0.0,14.0,F,B,277d3bef-b21f-45b2-8220-a91b9820c1ed,e67a7e05-523d-4ca5-a8c3-b8d305a9dbf6,1.0,1.0
1850.0,308014.0,1.0,8.0,51.0,40.0,150.0,400150.0,1.0,0.0,0.0,1.0,0.0,1.0,0.0,0.0,2.0,F,B,15c6eda3-47bf-4e3b-9b30-054f7dc44080,,0.0,1.0
1850.0,308014.0,2.0,8.0,51.0,40.0,150.0,400150.0,1.0,0.0,0.0,1.0,0.0,1.0,0.0,0.0,19.0,M,B,4009fb35-25e2-457b-864f-44d75ad6ebf5,,0.0,1.0
1850.0,308014.0,3.0,8.0,51.0,40.0,150.0,400150.0,1.0,0.0,0.0,1.0,0.0,1.0,0.0,0.0,16.0,M,B,b68e1e75-fb06-45e3-98ba-354d08f9d4fb,,0.0,1.0
1850.0,308014.0,4.0,8.0,51.0,40.0,150.0,400150.0,1.0,0.0,0.0,1.0,0.0,1.0,0.0,0.0,9.0,M,B,3d61bb51-c809-46fc-a6a6-31ad058250df,,0.0,1.0
1850.0,308014.0,5.0,8.0,51.0,40.0,150.0,400150.0,1.0,0.0,0.0,1.0,0.0,1.0,0.0,0.0,7.0,M,B,64e21181-027a-4445-9533-117cfcd012a0,,0.0,1.0
1850.0,308014.0,6.0,8.0,51.0,40.0,150.0,400150.0,1.0,0.0,0.0,1.0,0.0,1.0,0.0,0.0,33.0,F,B,7405052e-4d9b-45ce-9bcd-9f218994e3d9,,0.0,1.0
1850.0,308014.0,7.0,8.0,51.0,40.0,150.0,400150.0,1.0,0.0,0.0,1.0,0.0,1.0,0.0,0.0,4.0,F,B,87a10a63-20a8-4f0d-87c6-de0d77ced874,,0.0,1.0
1850.0,308014.0,8.0,8.0,51.0,40.0,150.0,400150.0,1.0,0.0,0.0,1.0,0.0,1.0,0.0,0.0,4.0,F,B,1b845f85-0ab9-443e-aafb-760d8f739fee,,0.0,1.0
1850.0,308015.0,1.0,3.0,51.0,40.0,150.0,400150.0,1.0,0.0,0.0,1.0,0.0,1.0,0.0,0.0,22.0,M,B,f2707bb0-82ee-47a1-ac5e-4db87fe0f792,0f8f4615-3a2a-4ec0-9f91-0ee4b76accba,1.0,1.0
1850.0,308015.0,2.0,3.0,51.0,40.0,150.0,400150.0,1.0,0.0,0.0,1.0,0.0,1.0,0.0,0.0,34.0,F,B,d74df2be-76f8-4afc-ac12-fefb1bf28bcc,0f8f4615-3a2a-4ec0-9f91-0ee4b76accba,1.0,1.0
1850.0,308015.0,3.0,3.0,51.0,40.0,150.0,400150.0,1.0,0.0,0.0,1.0,0.0,1.0,0.0,0.0,17.0,F,B,26eded1d-3974-49f6-bc92-6abb6338370c,0f8f4615-3a2a-4ec0-9f91-0ee4b76accba,1.0,1.0
1850.0,308016.0,1.0,1.0,51.0,40.0,150.0,400150.0,1.0,0.0,0.0,1.0,0.0,1.0,0.0,0.0,50.0,M,B,551ca3f1-a4c0-4329-8a2f-347dd29ab8f1,d93e384b-dd1c-4323-9e95-f2d587e74a7e,1.0,1.0
1850.0,308017.0,1.0,7.0,51.0,40.0,150.0,400150.0,1.0,0.0,0.0,1.0,0.0,1.0,0.0,0.0,22.0,M,B,87e7f6c6-a8f0-4133-896a-106b2f363349,0b9f176a-0b9e-414f-b0d1-3a3b6858ddb5,1.0,1.0
1850.0,308017.0,2.0,7.0,51.0,40.0,150.0,400150.0,1.0,0.0,0.0,1.0,0.0,1.0,0.0,0.0,20.0,M,B,cc6ca0c0-5b93-42ec-8210-79e3eecc1036,0b9f176a-0b9e-414f-b0d1-3a3b6858ddb5,1.0,1.0
1850.0,308017.0,3.0,7.0,51.0,40.0,150.0,400150.0,1.0,0.0,0.0,1.0,0.0,1.0,0.0,0.0,12.0,M,B,61732262-7403-443d-bc51-19dcf204b642,0b9f176a-0b9e-414f-b0d1-3a3b6858ddb5,1.0,1.0
1850.0,308017.0,4.0,7.0,51.0,40.0,150.0,400150.0,1.0,0.0,0.0,1.0,0.0,1.0,0.0,0.0,38.0,F,B,4660d7ca-6bd1-450c-b5ba-ccf2ee614a9e,0b9f176a-0b9e-414f-b0d1-3a3b6858ddb5,1.0,1.0
1850.0,308017.0,5.0,7.0,51.0,40.0,150.0,400150.0,1.0,0.0,0.0,1.0,0.0,1.0,0.0,0.0,15.0,F,B,6d6226b1-f737-4a78-8872-f580e2add5c9,0b9f176a-0b9e-414f-b0d1-3a3b6858ddb5,1.0,1.0
1850.0,308017.0,6.0,7.0,51.0,40.0,150.0,400150.0,1.0,0.0,0.0,1.0,0.0,1.0,0.0,0.0,13.0,F,B,82c2690f-e174-4838-ae2e-e2780ed00d93,0b9f176a-0b9e-414f-b0d1-3a3b6858ddb5,1.0,1.0
1850.0,308017.0,7.0,7.0,51.0,40.0,150.0,400150.0,1.0,0.0,0.0,1.0,0.0,1.0,0.0,0.0,9.0,F,B,70f41531-0e6e-43e7-b4c1-4349cf9f443f,0b9f176a-0b9e-414f-b0d1-3a3b6858ddb5,1.0,1.0
1850.0,308018.0,1.0,6.0,51.0,40.0,150.0,400150.0,1.0,0.0,0.0,1.0,0.0,1.0,0.0,0.0,19.0,M,B,63f09838-1e06-4a90-9085-8dbcbc031be5,50e36696-8ef2-4198-a0ce-87436ac8d62e,1.0,1.0
1850.0,308018.0,2.0,6.0,51.0,40.0,150.0,400150.0,1.0,0.0,0.0,1.0,0.0,1.0,0.0,0.0,5.0,M,B,53c140ab-0796-4891-83c9-e535eea437b6,50e36696-8ef2-4198-a0ce-87436ac8d62e,1.0,1.0
1850.0,308018.0,3.0,6.0,51.0,40.0,150.0,400150.0,1.0,0.0,0.0,1.0,0.0,1.0,0.0,0.0,1.0,M,B,8d8559c0-fb5e-4ba7-aeae-ecf2602fd809,50e36696-8ef2-4198-a0ce-87436ac8d62e,1.0,1.0
1850.0,308018.0,4.0,6.0,51.0,40.0,150.0,400150.0,1.0,0.0,0.0,1.0,0.0,1.0,0.0,0.0,30.0,F,B,4d134003-c8ca-47a5-a788-cf5bc14ff221,50e36696-8ef2-4198-a0ce-87436ac8d62e,1.0,1.0
1850.0,308018.0,5.0,6.0,51.0,40.0,150.0,400150.0,1.0,0.0,0.0,1.0,0.0,1.0,0.0,0.0,8.0,F,B,c60ff2d2-744e-4bed-bdcf-e0a137dce290,50e36696-8ef2-4198-a0ce-87436ac8d62e,1.0,1.0
1850.0,308018.0,6.0,6.0,51.0,40.0,150.0,400150.0,1.0,0.0,0.0,1.0,0.0,1.0,0.0,0.0,6.0,F,B,b1f9e73d-5470-4183-a25f-caaeefc195a3,50e36696-8ef2-4198-a0ce-87436ac8d62e,1.0,1.0
1850.0,308019.0,1.0,8.0,51.0,40.0,150.0,400150.0,1.0,0.0,0.0,1.0,0.0,1.0,0.0,0.0,50.0,M,B,64f4fb1e-4bbf-4889-a131-baae04dffc1e,e1ce7afa-41d1-4e4d-87aa-ca75d5ffa7a4,1.0,1.0
1850.0,308019.0,2.0,8.0,51.0,40.0,150.0,400150.0,1.0,0.0,0.0,1.0,0.0,1.0,0.0,0.0,27.0,M,B,3b581c97-b8d3-4554-82d8-4c69eea408e6,e1ce7afa-41d1-4e4d-87aa-ca75d5ffa7a4,1.0,1.0
1850.0,308019.0,3.0,8.0,51.0,40.0,150.0,400150.0,1.0,0.0,0.0,1.0,0.0,1.0,0.0,0.0,7.0,M,B,ed8121a1-402b-41bb-8190-7d859ccac6fd,e1ce7afa-41d1-4e4d-87aa-ca75d5ffa7a4,1.0,1.0
1850.0,308019.0,4.0,8.0,51.0,40.0,150.0,400150.0,1.0,0.0,0.0,1.0,0.0,1.0,0.0,0.0,45.0,F,B,aa9d33bb-4bda-4b6b-8545-7568b7257951,e1ce7afa-41d1-4e4d-87aa-ca75d5ffa7a4,1.0,1.0
1850.0,308019.0,5.0,8.0,51.0,40.0,150.0,400150.0,1.0,0.0,0.0,1.0,0.0,1.0,0.0,0.0,25.0,F,B,038db07d-6391-450d-8cb0-67ca07b7492a,e1ce7afa-41d1-4e4d-87aa-ca75d5ffa7a4,1.0,1.0
1850.0,308019.0,6.0,8.0,51.0,40.0,150.0,400150.0,1.0,0.0,0.0,1.0,0.0,1.0,0.0,0.0,16.0,F,B,029769ea-6419-472d-9905-db9db88cf481,e1ce7afa-41d1-4e4d-87aa-ca75d5ffa7a4,1.0,1.0
1850.0,308019.0,7.0,8.0,51.0,40.0,150.0,400150.0,1.0,0.0,0.0,1.0,0.0,1.0,0.0,0.0,14.0,F,B,70019647-d7e2-404d-9ffc-25b77d7ad2fa,e1ce7afa-41d1-4e4d-87aa-ca75d5ffa7a4,1.0,1.0
1850.0,308019.0,8.0,8.0,51.0,40.0,150.0,400150.0,1.0,0.0,0.0,1.0,0.0,1.0,0.0,0.0,5.0,F,B,910d6bfa-4b24-47b3-a585-1e95109b0a43,e1ce7afa-41d1-4e4d-87aa-ca75d5ffa7a4,1.0,1.0
1850.0,308020.0,1.0,1.0,51.0,40.0,150.0,400150.0,1.0,0.0,0.0,1.0,0.0,1.0,0.0,0.0,50.0,M,B,47681596-779a-48de-8007-64a94135e468,2935b558-8278-4fcf-927d-8848f7f9b267,1.0,1.0
1850.0,308021.0,1.0,2.0,51.0,40.0,150.0,400150.0,1.0,0.0,0.0,1.0,0.0,1.0,0.0,0.0,18.0,F,B,0b9d7252-d78f-42bf-bfb5-2b98ed78c24b,1767f68d-ed64-4e87-8eb2-e797d1a0065c,1.0,1.0
1850.0,308021.0,2.0,2.0,51.0,40.0,150.0,400150.0,1.0,0.0,0.0,1.0,0.0,1.0,0.0,0.0,13.0,F,B,182599a1-be58-44be-8979-84762dfd8f85,1767f68d-ed64-4e87-8eb2-e797d1a0065c,1.0,1.0
1850.0,308022.0,1.0,2.0,51.0,40.0,150.0,400150.0,1.0,0.0,0.0,1.0,0.0,1.0,0.0,0.0,83.0,M,B,9d1de31c-3dbf-4ebf-97dc-5205055ed061,6b7654d9-1b6a-4ea5-8fb5-666ad675aa25,1.0,1.0
1850.0,308022.0,2.0,2.0,51.0,40.0,150.0,400150.0,1.0,0.0,0.0,1.0,0.0,1.0,0.0,0.0,18.0,F,B,434c504a-37c7-419f-9117-f84e94e7888f,6b7654d9-1b6a-4ea5-8fb5-666ad675aa25,1.0,1.0
1850.0,308023.0,1.0,4.0,51.0,40.0,150.0,400150.0,1.0,0.0,0.0,1.0,0.0,1.0,0.0,0.0,25.0,M,B,dc6ee5d3-bf2c-4aec-a45d-17811aa2e3ba,a43097f5-9584-49ad-bfed-46e786dc32c6,3.0,1.0
1850.0,308023.0,2.0,4.0,51.0,40.0,150.0,400150.0,1.0,0.0,0.0,1.0,0.0,1.0,0.0,0.0,4.0,M,B,68b2f526-d3ba-44c3-882a-9df67bd89609,a43097f5-9584-49ad-bfed-46e786dc32c6,3.0,1.0
1850.0,308023.0,3.0,4.0,51.0,40.0,150.0,400150.0,1.0,0.0,0.0,1.0,0.0,1.0,0.0,0.0,21.0,M,B,57eb33ee-f584-422a-a66e-9151eb3dce0e,a43097f5-9584-49ad-bfed-46e786dc32c6,3.0,1.0
1850.0,308023.0,4.0,4.0,51.0,40.0,150.0,400150.0,1.0,0.0,0.0,1.0,0.0,1.0,0.0,0.0,28.0,F,B,673eefa7-01e5-4aa1-ba99-e7f845827ca5,a43097f5-9584-49ad-bfed-46e786dc32c6,3.0,1.0
1850.0,308024.0,1.0,23.0,51.0,40.0,150.0,400150.0,1.0,0.0,0.0,1.0,0.0,1.0,0.0,0.0,6.0,M,B,93733d97-fc77-4620-8d6b-7719ed95a136,,0.0,1.0
1850.0,308024.0,2.0,23.0,51.0,40.0,150.0,400150.0,1.0,0.0,0.0,1.0,0.0,1.0,0.0,0.0,5.0,M,B,35fc99ab-13a9-44f6-a9aa-dfc9d336599d,,0.0,1.0
1850.0,308024.0,3.0,23.0,51.0,40.0,150.0,400150.0,1.0,0.0,0.0,1.0,0.0,1.0,0.0,0.0,32.0,M,B,f2364c6a-3c25-48da-93ee-c1e535b50173,,0.0,1.0
1850.0,308024.0,4.0,23.0,51.0,40.0,150.0,400150.0,1.0,0.0,0.0,1.0,0.0,1.0,0.0,0.0,3.0,M,B,9f329d12-bd08-4005-8471-64c854046cad,,0.0,1.0
1850.0,308024.0,5.0,23.0,51.0,40.0,150.0,400150.0,1.0,0.0,0.0,1.0,0.0,1.0,0.0,0.0,65.0,F,B,3a7692f6-f8b4-4533-8c15-f9a2ac6864d3,,0.0,1.0
1850.0,308024.0,6.0,23.0,51.0,40.0,150.0,400150.0,1.0,0.0,0.0,1.0,0.0,1.0,0.0,0.0,50.0,F,B,faaadfac-f9f3-4b1b-a4c6-ca14b92ba8c1,,0.0,1.0
1850.0,308024.0,7.0,23.0,51.0,40.0,150.0,400150.0,1.0,0.0,0.0,1.0,0.0,1.0,0.0,0.0,46.0,F,B,4fb6ef16-4910-40f3-b0dc-5f6c79f82071,,0.0,1.0
1850.0,308024.0,8.0,23.0,51.0,40.0,150.0,400150.0,1.0,0.0,0.0,1.0,0.0,1.0,0.0,0.0,44.0,F,B,a8cb5316-9202-4dc6-8d0b-eca37ea4037e,,0.0,1.0
1850.0,308024.0,9.0,23.0,51.0,40.0,150.0,400150.0,1.0,0.0,0.0,1.0,0.0,1.0,0.0,0.0,26.0,F,B,d239b915-a9b0-4f0f-b3ef-77e424af482d,,0.0,1.0
1850.0,308024.0,10.0,23.0,51.0,40.0,150.0,400150.0,1.0,0.0,0.0,1.0,0.0,1.0,0.0,0.0,18.0,F,B,77b5ac0f-a40a-4e5b-b1b8-9f8717d5a97c,,0.0,1.0
1850.0,308024.0,11.0,23.0,51.0,40.0,150.0,400150.0,1.0,0.0,0.0,1.0,0.0,1.0,0.0,0.0,12.0,F,B,880227d6-0494-4785-98f5-6aea5672ec7d,,0.0,1.0
1850.0,308024.0,12.0,23.0,51.0,40.0,150.0,400150.0,1.0,0.0,0.0,1.0,0.0,1.0,0.0,0.0,8.0,F,B,dce7fac8-bd56-4514-bce6-26c4c443f60d,,0.0,1.0
1850.0,308024.0,13.0,23.0,51.0,40.0,150.0,400150.0,1.0,0.0,0.0,1.0,0.0,1.0,0.0,0.0,6.0,F,B,0a902153-ba94-41ed-b2c5-29e8c537beeb,,0.0,1.0
1850.0,308024.0,14.0,23.0,51.0,40.0,150.0,400150.0,1.0,0.0,0.0,1.0,0.0,1.0,0.0,0.0,2.0,F,B,a8009bc5-a3da-42a9-8ad2-f9076d495d3f,,0.0,1.0
1850.0,308024.0,15.0,23.0,51.0,40.0,150.0,400150.0,1.0,0.0,0.0,1.0,0.0,1.0,0.0,0.0,5.0,F,B,943da4fb-2f0b-4dcd-829a-bd4e239ca3ea,,0.0,1.0
1850.0,308024.0,16.0,23.0,51.0,40.0,150.0,400150.0,1.0,0.0,0.0,1.0,0.0,1.0,0.0,0.0,7.0,F,B,7ca7042f-a3d6-49e5-9f1d-6428ff99f57a,,0.0,1.0
1850.0,308024.0,17.0,23.0,51.0,40.0,150.0,400150.0,1.0,0.0,0.0,1.0,0.0,1.0,0.0,0.0,73.0,M,B,ac601f33-9835-4d1d-9fa5-3a15882deea0,,0.0,1.0
1850.0,308024.0,18.0,23.0,51.0,40.0,150.0,400150.0,1.0,0.0,0.0,1.0,0.0,1.0,0.0,0.0,50.0,M,B,8fe29938-eb98-4fd7-88c0-08b106b9363a,,0.0,1.0
1850.0,308024.0,19.0,23.0,51.0,40.0,150.0,400150.0,1.0,0.0,0.0,1.0,0.0,1.0,0.0,0.0,35.0,M,B,94900b56-a83a-4368-bcc2-db6bd378dd79,,0.0,1.0
1850.0,308024.0,20.0,23.0,51.0,40.0,150.0,400150.0,1.0,0.0,0.0,1.0,0.0,1.0,0.0,0.0,13.0,M,B,a64354ce-2e0a-4ec6-bfa6-f2a6320b1a31,,0.0,1.0
1850.0,308024.0,21.0,23.0,51.0,40.0,150.0,400150.0,1.0,0.0,0.0,1.0,0.0,1.0,0.0,0.0,2.0,M,B,5ffd43f6-942f-4c73-bb93-6f60e00686d0,,0.0,1.0
1850.0,308024.0,22.0,23.0,51.0,40.0,150.0,400150.0,1.0,0.0,0.0,1.0,0.0,1.0,0.0,0.0,32.0,M,B,db1d63ad-96f3-45c8-ba1d-8bc9ddb64e61,,0.0,1.0
1850.0,308024.0,23.0,23.0,51.0,40.0,150.0,400150.0,1.0,0.0,0.0,1.0,0.0,1.0,0.0,0.0,20.0,M,B,981eb6ed-350c-4469-87b9-0eae15398fd7,,0.0,1.0
1850.0,308025.0,1.0,14.0,51.0,40.0,150.0,400150.0,1.0,0.0,0.0,1.0,0.0,1.0,0.0,0.0,45.0,M,B,e19bddcf-ad60-4324-a088-a7f670dc050d,9ede9280-717b-42a1-afcb-861e792c308c,1.0,1.0
1850.0,308025.0,2.0,14.0,51.0,40.0,150.0,400150.0,1.0,0.0,0.0,1.0,0.0,1.0,0.0,0.0,40.0,M,B,32c0356c-e076-4d3f-99fd-8edcd3febcfd,9ede9280-717b-42a1-afcb-861e792c308c,1.0,1.0
1850.0,308025.0,3.0,14.0,51.0,40.0,150.0,400150.0,1.0,0.0,0.0,1.0,0.0,1.0,0.0,0.0,38.0,M,B,7551b6e8-405c-45c8-be84-bd7a686eea4d,9ede9280-717b-42a1-afcb-861e792c308c,1.0,1.0
1850.0,308025.0,4.0,14.0,51.0,40.0,150.0,400150.0,1.0,0.0,0.0,1.0,0.0,1.0,0.0,0.0,8.0,M,B,9e7f56ef-3299-4136-94d5-cd96e4a89f7d,9ede9280-717b-42a1-afcb-861e792c308c,1.0,1.0
1850.0,308025.0,5.0,14.0,51.0,40.0,150.0,400150.0,1.0,0.0,0.0,1.0,0.0,1.0,0.0,0.0,6.0,M,B,0eddfaf4-c0dd-4e75-9c69-27000d69733b,9ede9280-717b-42a1-afcb-861e792c308c,1.0,1.0
1850.0,308025.0,6.0,14.0,51.0,40.0,150.0,400150.0,1.0,0.0,0.0,1.0,0.0,1.0,0.0,0.0,5.0,M,B,592c1ad0-6c6e-4203-a29f-f6291ce3829a,9ede9280-717b-42a1-afcb-861e792c308c,1.0,1.0
1850.0,308025.0,7.0,14.0,51.0,40.0,150.0,400150.0,1.0,0.0,0.0,1.0,0.0,1.0,0.0,0.0,4.0,M,B,99b6d787-5818-448e-a0f6-640fbbff06ed,9ede9280-717b-42a1-afcb-861e792c308c,1.0,1.0
1850.0,308025.0,8.0,14.0,51.0,40.0,150.0,400150.0,1.0,0.0,0.0,1.0,0.0,1.0,0.0,0.0,3.0,M,B,b4c8d12a-79b8-4fe2-901f-e92ad62fff0c,9ede9280-717b-42a1-afcb-861e792c308c,1.0,1.0
1850.0,308025.0,9.0,14.0,51.0,40.0,150.0,400150.0,1.0,0.0,0.0,1.0,0.0,1.0,0.0,0.0,80.0,F,B,ee959774-cf08-4cbf-9fc1-941301536677,9ede9280-717b-42a1-afcb-861e792c308c,1.0,1.0
1850.0,308025.0,10.0,14.0,51.0,40.0,150.0,400150.0,1.0,0.0,0.0,1.0,0.0,1.0,0.0,0.0,45.0,F,B,b5f6b1e9-78ee-4a14-b4c0-af07aa1d5ef4,9ede9280-717b-42a1-afcb-861e792c308c,1.0,1.0
1850.0,308025.0,11.0,14.0,51.0,40.0,150.0,400150.0,1.0,0.0,0.0,1.0,0.0,1.0,0.0,0.0,28.0,F,B,e8ffdd61-b08b-4633-a505-0db17c99c1df,9ede9280-717b-42a1-afcb-861e792c308c,1.0,1.0
1850.0,308025.0,12.0,14.0,51.0,40.0,150.0,400150.0,1.0,0.0,0.0,1.0,0.0,1.0,0.0,0.0,25.0,F,B,2f26e017-efca-4994-ada9-492e7bbcec59,9ede9280-717b-42a1-afcb-861e792c308c,1.0,1.0
1850.0,308025.0,13.0,14.0,51.0,40.0,150.0,400150.0,1.0,0.0,0.0,1.0,0.0,1.0,0.0,0.0,12.0,F,B,5e88dc03-ce15-4776-8527-6aac2a15871b,9ede9280-717b-42a1-afcb-861e792c308c,1.0,1.0
1850.0,308025.0,14.0,14.0,51.0,40.0,150.0,400150.0,1.0,0.0,0.0,1.0,0.0,1.0,0.0,0.0,2.0,F,B,1adefb30-a0f3-4308-891c-a3711e313d90,9ede9280-717b-42a1-afcb-861e792c308c,1.0,1.0
1850.0,308026.0,1.0,4.0,51.0,40.0,150.0,400150.0,1.0,0.0,0.0,1.0,0.0,1.0,0.0,0.0,51.0,M,B,ce2b2f9f-b495-4ded-b634-869c8fc45960,ccd6340e-7a18-4f19-a572-f8a489d116e6,1.0,1.0
1850.0,308026.0,2.0,4.0,51.0,40.0,150.0,400150.0,1.0,0.0,0.0,1.0,0.0,1.0,0.0,0.0,58.0,F,B,9bbfaae9-069a-4e8c-bc1f-4297b7ecf452,ccd6340e-7a18-4f19-a572-f8a489d116e6,1.0,1.0
1850.0,308026.0,3.0,4.0,51.0,40.0,150.0,400150.0,1.0,0.0,0.0,1.0,0.0,1.0,0.0,0.0,26.0,F,B,e6403554-fa78-4551-b2f2-e92bde306094,ccd6340e-7a18-4f19-a572-f8a489d116e6,1.0,1.0
1850.0,308026.0,4.0,4.0,51.0,40.0,150.0,400150.0,1.0,0.0,0.0,1.0,0.0,1.0,0.0,0.0,23.0,F,B,37b90047-c386-45d6-9a44-1d0a8f5c7a24,ccd6340e-7a18-4f19-a572-f8a489d116e6,1.0,1.0
1850.0,308030.0,1.0,5.0,51.0,40.0,150.0,400150.0,1.0,0.0,0.0,1.0,0.0,1.0,0.0,0.0,21.0,M,B,f9f5293e-7238-4ab7-a4ca-15d49fbbf21c,,0.0,1.0
1850.0,308030.0,2.0,5.0,51.0,40.0,150.0,400150.0,1.0,0.0,0.0,1.0,0.0,1.0,0.0,0.0,14.0,M,B,474c4323-27e8-40c2-9d48-2c7dc484d7fb,,0.0,1.0
1850.0,308030.0,3.0,5.0,51.0,40.0,150.0,400150.0,1.0,0.0,0.0,1.0,0.0,1.0,0.0,0.0,16.0,F,B,efc80431-89b5-4aae-8a25-10f66deb7060,,0.0,1.0
1850.0,308030.0,4.0,5.0,51.0,40.0,150.0,400150.0,1.0,0.0,0.0,1.0,0.0,1.0,0.0,0.0,11.0,F,B,760c1220-379b-4cd2-ba98-c00a732a913f,,0.0,1.0
1850.0,308030.0,5.0,5.0,51.0,40.0,150.0,400150.0,1.0,0.0,0.0,1.0,0.0,1.0,0.0,0.0,36.0,M,B,d46231a1-9f9b-4b7b-a905-b8e7e247b2c2,,0.0,1.0
1850.0,308031.0,1.0,1.0,51.0,40.0,150.0,400150.0,1.0,0.0,0.0,1.0,0.0,1.0,0.0,0.0,9.0,F,B,df29168e-5886-45fe-9612-c1621895a5c0,0a3bccbe-e473-4f2a-977b-12822d89bcc0,1.0,1.0
1850.0,308032.0,1.0,8.0,51.0,40.0,150.0,400150.0,1.0,0.0,0.0,1.0,0.0,1.0,0.0,0.0,46.0,M,B,d016b80c-f044-4088-bbdf-0b6e3a589e25,941255b6-f06c-4253-8238-bc271895cce3,1.0,1.0
1850.0,308032.0,2.0,8.0,51.0,40.0,150.0,400150.0,1.0,0.0,0.0,1.0,0.0,1.0,0.0,0.0,41.0,M,B,a557e911-a0d0-459d-ae02-b60bd9c80f0b,941255b6-f06c-4253-8238-bc271895cce3,1.0,1.0
1850.0,308032.0,3.0,8.0,51.0,40.0,150.0,400150.0,1.0,0.0,0.0,1.0,0.0,1.0,0.0,0.0,36.0,M,B,340fcd88-0792-49b8-bf44-ae616e578e59,941255b6-f06c-4253-8238-bc271895cce3,1.0,1.0
1850.0,308032.0,4.0,8.0,51.0,40.0,150.0,400150.0,1.0,0.0,0.0,1.0,0.0,1.0,0.0,0.0,6.0,M,B,741f1ffc-4623-414f-8dbe-b4f393ea36d0,941255b6-f06c-4253-8238-bc271895cce3,1.0,1.0
1850.0,308032.0,5.0,8.0,51.0,40.0,150.0,400150.0,1.0,0.0,0.0,1.0,0.0,1.0,0.0,0.0,23.0,M,B,f37c3a12-fca8-43e4-a1a6-7b481644e59e,941255b6-f06c-4253-8238-bc271895cce3,1.0,1.0
1850.0,308032.0,6.0,8.0,51.0,40.0,150.0,400150.0,1.0,0.0,0.0,1.0,0.0,1.0,0.0,0.0,0.0,M,B,d4737bfe-85ad-43be-b182-facdfe0eefc0,941255b6-f06c-4253-8238-bc271895cce3,1.0,1.0
1850.0,308032.0,7.0,8.0,51.0,40.0,150.0,400150.0,1.0,0.0,0.0,1.0,0.0,1.0,0.0,0.0,42.0,F,B,00f99465-3f5d-4e6f-806b-0a0db6f1e74b,941255b6-f06c-4253-8238-bc271895cce3,1.0,1.0
1850.0,308032.0,8.0,8.0,51.0,40.0,150.0,400150.0,1.0,0.0,0.0,1.0,0.0,1.0,0.0,0.0,18.0,F,B,439272a8-b371-417e-8332-9b14d66c954f,941255b6-f06c-4253-8238-bc271895cce3,1.0,1.0
1850.0,308027.0,1.0,3.0,51.0,40.0,150.0,400150.0,1.0,0.0,0.0,1.0,0.0,1.0,0.0,0.0,17.0,M,B,956d6657-5799-4a1d-8000-e0d2ba1719c5,4a1c95ef-54bc-4d39-9d4e-5480ca586e14,1.0,1.0
1850.0,308027.0,2.0,3.0,51.0,40.0,150.0,400150.0,1.0,0.0,0.0,1.0,0.0,1.0,0.0,0.0,55.0,F,B,e99b0626-3a66-4009-8b69-a17ea6f07c6a,4a1c95ef-54bc-4d39-9d4e-5480ca586e14,1.0,1.0
1850.0,308027.0,3.0,3.0,51.0,40.0,150.0,400150.0,1.0,0.0,0.0,1.0,0.0,1.0,0.0,0.0,15.0,F,B,b39a00e1-6371-4d0c-b08f-30b9d3ea53fc,4a1c95ef-54bc-4d39-9d4e-5480ca586e14,1.0,1.0
1850.0,308033.0,1.0,3.0,51.0,40.0,150.0,400150.0,1.0,0.0,0.0,1.0,0.0,1.0,0.0,0.0,22.0,M,B,2ccb0459-aac8-476a-95d4-395f0964ed2e,2031d13f-1858-430e-adf5-4223da61af6a,1.0,1.0
1850.0,308033.0,2.0,3.0,51.0,40.0,150.0,400150.0,1.0,0.0,0.0,1.0,0.0,1.0,0.0,0.0,15.0,F,B,b5467601-e8d9-4b8b-88a7-dc5eb8fc1c6a,2031d13f-1858-430e-adf5-4223da61af6a,1.0,1.0
1850.0,308033.0,3.0,3.0,51.0,40.0,150.0,400150.0,1.0,0.0,0.0,1.0,0.0,1.0,0.0,0.0,12.0,F,B,dac8b7bd-acae-47e9-a5d2-2d157314dc01,2031d13f-1858-430e-adf5-4223da61af6a,1.0,1.0
1850.0,308034.0,1.0,3.0,51.0,40.0,150.0,400150.0,1.0,0.0,0.0,1.0,0.0,1.0,0.0,0.0,10.0,M,B,0330bb0b-db50-4d13-b9fe-df190ba72231,1b98db3f-2d30-4966-9fab-58dc9c104b18,1.0,1.0
1850.0,308034.0,2.0,3.0,51.0,40.0,150.0,400150.0,1.0,0.0,0.0,1.0,0.0,1.0,0.0,0.0,6.0,M,B,3fa72955-e7b3-4bc1-8dd4-35eab09f31e8,1b98db3f-2d30-4966-9fab-58dc9c104b18,1.0,1.0
1850.0,308034.0,3.0,3.0,51.0,40.0,150.0,400150.0,1.0,0.0,0.0,1.0,0.0,1.0,0.0,0.0,55.0,F,B,1b59be6f-0246-4d7c-8f15-3a0d3749412f,1b98db3f-2d30-4966-9fab-58dc9c104b18,1.0,1.0
1850.0,308035.0,1.0,3.0,51.0,40.0,150.0,400150.0,1.0,0.0,0.0,1.0,0.0,1.0,0.0,0.0,36.0,F,B,6b0b93f8-235d-4545-90b2-1cc1be79646b,,0.0,1.0
1850.0,308035.0,2.0,3.0,51.0,40.0,150.0,400150.0,1.0,0.0,0.0,1.0,0.0,1.0,0.0,0.0,5.0,F,B,b2391dd2-970b-425e-b58c-fd1e474997b7,,0.0,1.0
1850.0,308035.0,3.0,3.0,51.0,40.0,150.0,400150.0,1.0,0.0,0.0,1.0,0.0,1.0,0.0,0.0,0.0,F,B,6edc2267-4590-479a-85ef-0123a0f38ea3,,0.0,1.0
1850.0,308036.0,1.0,18.0,51.0,40.0,150.0,400150.0,1.0,0.0,0.0,1.0,0.0,1.0,0.0,0.0,50.0,M,B,7ddfc671-ab17-43aa-b726-2719ca447739,a466e868-91f6-4925-9cc5-31a840dda38a,1.0,1.0
1850.0,308036.0,2.0,18.0,51.0,40.0,150.0,400150.0,1.0,0.0,0.0,1.0,0.0,1.0,0.0,0.0,47.0,M,B,d31853fc-ec70-4edc-b955-57af3b71ffe9,a466e868-91f6-4925-9cc5-31a840dda38a,1.0,1.0
1850.0,308036.0,3.0,18.0,51.0,40.0,150.0,400150.0,1.0,0.0,0.0,1.0,0.0,1.0,0.0,0.0,27.0,M,B,ff4b5264-b68e-4ab4-833b-8a80378ed246,a466e868-91f6-4925-9cc5-31a840dda38a,1.0,1.0
1850.0,308036.0,4.0,18.0,51.0,40.0,150.0,400150.0,1.0,0.0,0.0,1.0,0.0,1.0,0.0,0.0,15.0,M,B,b1fc0810-376c-4618-9209-11ef6f280888,a466e868-91f6-4925-9cc5-31a840dda38a,1.0,1.0
1850.0,308036.0,5.0,18.0,51.0,40.0,150.0,400150.0,1.0,0.0,0.0,1.0,0.0,1.0,0.0,0.0,6.0,M,B,e300b6cc-3486-409a-9164-d9fa85fbb1b2,a466e868-91f6-4925-9cc5-31a840dda38a,1.0,1.0
1850.0,308036.0,6.0,18.0,51.0,40.0,150.0,400150.0,1.0,0.0,0.0,1.0,0.0,1.0,0.0,0.0,3.0,M,B,42f58b78-3cd7-4a0d-97e9-ca55b891c385,a466e868-91f6-4925-9cc5-31a840dda38a,1.0,1.0
1850.0,308036.0,7.0,18.0,51.0,40.0,150.0,400150.0,1.0,0.0,0.0,1.0,0.0,1.0,0.0,0.0,7.0,M,B,98437ed6-dbf4-4afc-bc5f-e856ca0b8767,a466e868-91f6-4925-9cc5-31a840dda38a,1.0,1.0
1850.0,308036.0,8.0,18.0,51.0,40.0,150.0,400150.0,1.0,0.0,0.0,1.0,0.0,1.0,0.0,0.0,50.0,F,B,8daffc16-ebb6-4caa-9216-3d9585864f4e,a466e868-91f6-4925-9cc5-31a840dda38a,1.0,1.0
1850.0,308036.0,9.0,18.0,51.0,40.0,150.0,400150.0,1.0,0.0,0.0,1.0,0.0,1.0,0.0,0.0,45.0,F,B,4ffb1c1d-e96a-4922-84f3-e974e2a6c276,a466e868-91f6-4925-9cc5-31a840dda38a,1.0,1.0
1850.0,308036.0,10.0,18.0,51.0,40.0,150.0,400150.0,1.0,0.0,0.0,1.0,0.0,1.0,0.0,0.0,30.0,F,B,46156af8-6254-46c4-9fb4-3a7fc1739093,a466e868-91f6-4925-9cc5-31a840dda38a,1.0,1.0
1850.0,308036.0,11.0,18.0,51.0,40.0,150.0,400150.0,1.0,0.0,0.0,1.0,0.0,1.0,0.0,0.0,28.0,F,B,64e1eb0d-360f-4c71-a7df-ce6e9c1cb130,a466e868-91f6-4925-9cc5-31a840dda38a,1.0,1.0
1850.0,308036.0,12.0,18.0,51.0,40.0,150.0,400150.0,1.0,0.0,0.0,1.0,0.0,1.0,0.0,0.0,6.0,F,B,d386033f-5632-4830-a0ac-158cf98abc1d,a466e868-91f6-4925-9cc5-31a840dda38a,1.0,1.0
1850.0,308036.0,13.0,18.0,51.0,40.0,150.0,400150.0,1.0,0.0,0.0,1.0,0.0,1.0,0.0,0.0,13.0,F,B,755c2fb7-0403-4303-88e7-7112dd32138c,a466e868-91f6-4925-9cc5-31a840dda38a,1.0,1.0
1850.0,308036.0,14.0,18.0,51.0,40.0,150.0,400150.0,1.0,0.0,0.0,1.0,0.0,1.0,0.0,0.0,6.0,F,B,31302227-b776-44ab-b500-ef100be8a799,a466e868-91f6-4925-9cc5-31a840dda38a,1.0,1.0
1850.0,308036.0,15.0,18.0,51.0,40.0,150.0,400150.0,1.0,0.0,0.0,1.0,0.0,1.0,0.0,0.0,9.0,F,B,5ef9724d-1c8b-42ac-8740-ccca585dd8f5,a466e868-91f6-4925-9cc5-31a840dda38a,1.0,1.0
1850.0,308036.0,16.0,18.0,51.0,40.0,150.0,400150.0,1.0,0.0,0.0,1.0,0.0,1.0,0.0,0.0,5.0,F,B,c9f9df20-a93e-43c3-8882-b11db84e4397,a466e868-91f6-4925-9cc5-31a840dda38a,1.0,1.0
1850.0,308036.0,17.0,18.0,51.0,40.0,150.0,400150.0,1.0,0.0,0.0,1.0,0.0,1.0,0.0,0.0,1.0,F,B,65d3ad32-d55b-4bc5-9a39-5ddaf63365d8,a466e868-91f6-4925-9cc5-31a840dda38a,1.0,1.0
1850.0,308036.0,18.0,18.0,51.0,40.0,150.0,400150.0,1.0,0.0,0.0,1.0,0.0,1.0,0.0,0.0,10.0,F,B,ef52c5f3-3f9d-42db-b488-3f48bad6c00f,a466e868-91f6-4925-9cc5-31a840dda38a,1.0,1.0
1850.0,308028.0,1.0,3.0,51.0,40.0,150.0,400150.0,1.0,0.0,0.0,1.0,0.0,1.0,0.0,0.0,35.0,M,B,261faf99-1a96-43ee-b5c0-d7f7d04b4238,639f603a-fe1e-4cc3-80b1-cc3552689aef,1.0,1.0
1850.0,308028.0,2.0,3.0,51.0,40.0,150.0,400150.0,1.0,0.0,0.0,1.0,0.0,1.0,0.0,0.0,27.0,M,B,34123bde-2598-4f7f-85d9-6d7d1926e4f6,639f603a-fe1e-4cc3-80b1-cc3552689aef,1.0,1.0
1850.0,308028.0,3.0,3.0,51.0,40.0,150.0,400150.0,1.0,0.0,0.0,1.0,0.0,1.0,0.0,0.0,28.0,F,B,79b01f58-e565-4358-9462-1f7cb8cd34b9,639f603a-fe1e-4cc3-80b1-cc3552689aef,1.0,1.0
1850.0,308029.0,1.0,1.0,51.0,40.0,150.0,400150.0,1.0,0.0,0.0,1.0,0.0,1.0,0.0,0.0,12.0,F,B,4c1b05cc-ffb8-44c7-8681-72a81d718730,e36092a4-4c84-42d3-a24d-19f6198b500c,1.0,1.0
1850.0,308037.0,1.0,5.0,51.0,40.0,150.0,400150.0,1.0,0.0,0.0,1.0,0.0,1.0,0.0,0.0,55.0,F,B,5309ba8d-b0ef-4af4-a616-66dbb7531957,,0.0,1.0
1850.0,308037.0,2.0,5.0,51.0,40.0,150.0,400150.0,1.0,0.0,0.0,1.0,0.0,1.0,0.0,0.0,20.0,F,B,aa3cde0e-c1aa-4a76-870f-6b7845841244,,0.0,1.0
1850.0,308037.0,3.0,5.0,51.0,40.0,150.0,400150.0,1.0,0.0,0.0,1.0,0.0,1.0,0.0,0.0,1.0,F,B,0095e71d-2817-4677-92ef-345348a3cddd,,0.0,1.0
1850.0,308037.0,4.0,5.0,51.0,40.0,150.0,400150.0,1.0,0.0,0.0,1.0,0.0,1.0,0.0,0.0,57.0,M,B,e8deec82-970d-4353-8823-ac04071c5be2,,0.0,1.0
1850.0,308037.0,5.0,5.0,51.0,40.0,150.0,400150.0,1.0,0.0,0.0,1.0,0.0,1.0,0.0,0.0,80.0,F,B,22f848ba-7e69-4197-ab7a-d9347e49668d,,0.0,1.0
1850.0,308038.0,1.0,10.0,51.0,40.0,150.0,400150.0,1.0,0.0,0.0,1.0,0.0,1.0,0.0,0.0,41.0,M,B,04841aec-91cf-441c-9a6e-39feb8c3fd30,47ce853c-0c69-4f54-80f5-f165c2113185,1.0,1.0
1850.0,308038.0,2.0,10.0,51.0,40.0,150.0,400150.0,1.0,0.0,0.0,1.0,0.0,1.0,0.0,0.0,16.0,M,B,15bf174e-a521-446f-94dc-3294ead3c8a0,47ce853c-0c69-4f54-80f5-f165c2113185,1.0,1.0
1850.0,308038.0,3.0,10.0,51.0,40.0,150.0,400150.0,1.0,0.0,0.0,1.0,0.0,1.0,0.0,0.0,7.0,M,B,02180f6b-d376-4822-875d-af59b69147d7,47ce853c-0c69-4f54-80f5-f165c2113185,1.0,1.0
1850.0,308038.0,4.0,10.0,51.0,40.0,150.0,400150.0,1.0,0.0,0.0,1.0,0.0,1.0,0.0,0.0,4.0,M,B,5d384134-592e-4ec6-af51-d931d2dd73de,47ce853c-0c69-4f54-80f5-f165c2113185,1.0,1.0
1850.0,308038.0,5.0,10.0,51.0,40.0,150.0,400150.0,1.0,0.0,0.0,1.0,0.0,1.0,0.0,0.0,70.0,F,B,42db4c8c-578c-47c2-8b57-2db69454fda4,47ce853c-0c69-4f54-80f5-f165c2113185,1.0,1.0
1850.0,308038.0,6.0,10.0,51.0,40.0,150.0,400150.0,1.0,0.0,0.0,1.0,0.0,1.0,0.0,0.0,60.0,F,B,a3dad72d-0536-49a9-85a5-37a4fb3d30be,47ce853c-0c69-4f54-80f5-f165c2113185,1.0,1.0
1850.0,308038.0,7.0,10.0,51.0,40.0,150.0,400150.0,1.0,0.0,0.0,1.0,0.0,1.0,0.0,0.0,28.0,F,B,8bec412f-c650-4545-8a56-0cb0b5d842fd,47ce853c-0c69-4f54-80f5-f165c2113185,1.0,1.0
1850.0,308038.0,8.0,10.0,51.0,40.0,150.0,400150.0,1.0,0.0,0.0,1.0,0.0,1.0,0.0,0.0,8.0,F,B,702fad84-8f00-4c5c-9acc-bc77d1c155d6,47ce853c-0c69-4f54-80f5-f165c2113185,1.0,1.0
1850.0,308038.0,9.0,10.0,51.0,40.0,150.0,400150.0,1.0,0.0,0.0,1.0,0.0,1.0,0.0,0.0,6.0,F,B,a5a37370-b10e-4dbf-8be1-492f4777e663,47ce853c-0c69-4f54-80f5-f165c2113185,1.0,1.0
1850.0,308038.0,10.0,10.0,51.0,40.0,150.0,400150.0,1.0,0.0,0.0,1.0,0.0,1.0,0.0,0.0,20.0,F,B,a83116fd-4e3e-47f7-bb72-dbccceb40746,47ce853c-0c69-4f54-80f5-f165c2113185,1.0,1.0
1850.0,308039.0,1.0,8.0,51.0,40.0,150.0,400150.0,1.0,0.0,0.0,1.0,0.0,1.0,0.0,0.0,70.0,M,B,32940e36-8d79-4ed1-8ca0-3905cb5bd392,3357fdd5-c9ae-4ab8-91be-a598f4a20726,1.0,1.0
1850.0,308039.0,2.0,8.0,51.0,40.0,150.0,400150.0,1.0,0.0,0.0,1.0,0.0,1.0,0.0,0.0,8.0,M,B,fde3a8cf-38e2-4139-8a28-a13c3961d5d9,3357fdd5-c9ae-4ab8-91be-a598f4a20726,1.0,1.0
1850.0,308039.0,3.0,8.0,51.0,40.0,150.0,400150.0,1.0,0.0,0.0,1.0,0.0,1.0,0.0,0.0,7.0,M,B,d230014c-6dad-47d5-8a5d-4f87af4df564,3357fdd5-c9ae-4ab8-91be-a598f4a20726,1.0,1.0
1850.0,308039.0,4.0,8.0,51.0,40.0,150.0,400150.0,1.0,0.0,0.0,1.0,0.0,1.0,0.0,0.0,5.0,M,B,a472b1e9-ab21-4c02-858f-42247f0cbe73,3357fdd5-c9ae-4ab8-91be-a598f4a20726,1.0,1.0
1850.0,308039.0,5.0,8.0,51.0,40.0,150.0,400150.0,1.0,0.0,0.0,1.0,0.0,1.0,0.0,0.0,55.0,F,B,802728f6-b6c8-4824-9252-a94ac94186c9,3357fdd5-c9ae-4ab8-91be-a598f4a20726,1.0,1.0
1850.0,308039.0,6.0,8.0,51.0,40.0,150.0,400150.0,1.0,0.0,0.0,1.0,0.0,1.0,0.0,0.0,26.0,F,B,47d561f5-0dfa-47e1-9e03-99f4761e2c38,3357fdd5-c9ae-4ab8-91be-a598f4a20726,1.0,1.0
1850.0,308039.0,7.0,8.0,51.0,40.0,150.0,400150.0,1.0,0.0,0.0,1.0,0.0,1.0,0.0,0.0,1.0,F,B,a7484170-287c-4991-8b54-f84b4ca134c6,3357fdd5-c9ae-4ab8-91be-a598f4a20726,1.0,1.0
1850.0,308039.0,8.0,8.0,51.0,40.0,150.0,400150.0,1.0,0.0,0.0,1.0,0.0,1.0,0.0,0.0,14.0,F,B,4f421e45-e4ae-4321-9ff9-869ce232d777,3357fdd5-c9ae-4ab8-91be-a598f4a20726,1.0,1.0
1850.0,308040.0,1.0,4.0,51.0,40.0,150.0,400150.0,1.0,0.0,0.0,1.0,0.0,1.0,0.0,0.0,39.0,M,B,f47db16f-e776-4971-b47f-09628d60d844,2a37d25c-da4a-495d-bbed-bcff888b8139,1.0,1.0
1850.0,308040.0,2.0,4.0,51.0,40.0,150.0,400150.0,1.0,0.0,0.0,1.0,0.0,1.0,0.0,0.0,9.0,M,B,167b48a7-7269-4515-b510-9adf8c4c6173,2a37d25c-da4a-495d-bbed-bcff888b8139,1.0,1.0
1850.0,308040.0,3.0,4.0,51.0,40.0,150.0,400150.0,1.0,0.0,0.0,1.0,0.0,1.0,0.0,0.0,45.0,F,B,66e24f7f-53cb-4d7c-8693-a932efc1d972,2a37d25c-da4a-495d-bbed-bcff888b8139,1.0,1.0
1850.0,308040.0,4.0,4.0,51.0,40.0,150.0,400150.0,1.0,0.0,0.0,1.0,0.0,1.0,0.0,0.0,15.0,F,B,b68cdc00-6ca8-4e62-9f39-254e678709bc,2a37d25c-da4a-495d-bbed-bcff888b8139,1.0,1.0
1850.0,308041.0,1.0,1.0,51.0,40.0,150.0,400150.0,1.0,0.0,0.0,1.0,0.0,1.0,0.0,0.0,16.0,M,B,826a9d81-c01c-4db2-9ca6-635aa7244159,1ca59b27-ea7e-4147-b8de-bf02ca0868d4,1.0,1.0
1850.0,308042.0,1.0,1.0,51.0,40.0,150.0,400150.0,1.0,0.0,0.0,1.0,0.0,1.0,0.0,0.0,14.0,M,B,5759be08-d01a-45fd-8e21-255d3b3e4755,b282f3d2-b5f5-4891-9137-91523488c5fc,2.0,1.0
1850.0,308043.0,1.0,3.0,51.0,40.0,150.0,400150.0,1.0,0.0,0.0,1.0,0.0,1.0,0.0,0.0,3.0,M,B,04bc7f89-44a6-4f5b-a951-04a7f7e10161,a557f154-568c-4f2a-a3bd-81626a964b22,1.0,1.0
1850.0,308043.0,2.0,3.0,51.0,40.0,150.0,400150.0,1.0,0.0,0.0,1.0,0.0,1.0,0.0,0.0,2.0,M,B,ecf385f0-065b-4a9b-a9ce-dcb4825f569d,a557f154-568c-4f2a-a3bd-81626a964b22,1.0,1.0
1850.0,308043.0,3.0,3.0,51.0,40.0,150.0,400150.0,1.0,0.0,0.0,1.0,0.0,1.0,0.0,0.0,22.0,F,B,e726f21b-c84c-48ea-aca6-12af356aaff0,a557f154-568c-4f2a-a3bd-81626a964b22,1.0,1.0
1850.0,308044.0,1.0,2.0,51.0,40.0,150.0,400150.0,1.0,0.0,0.0,1.0,0.0,1.0,0.0,0.0,17.0,F,B,6f52bb5b-bbd6-4bda-b32f-d09045a0e010,00965e52-a41d-4f94-8261-59e2da0904a8,1.0,1.0
1850.0,308044.0,2.0,2.0,51.0,40.0,150.0,400150.0,1.0,0.0,0.0,1.0,0.0,1.0,0.0,0.0,12.0,F,B,68ec6056-8b64-486f-8204-9b070498f2d2,00965e52-a41d-4f94-8261-59e2da0904a8,1.0,1.0
1850.0,308045.0,1.0,6.0,51.0,40.0,150.0,400150.0,1.0,0.0,0.0,1.0,0.0,1.0,0.0,0.0,65.0,M,B,70a5ab85-126a-418a-a726-e3179f31d23a,9a469cae-1281-4119-93a6-d8d3b662271b,1.0,1.0
1850.0,308045.0,2.0,6.0,51.0,40.0,150.0,400150.0,1.0,0.0,0.0,1.0,0.0,1.0,0.0,0.0,60.0,M,B,85127b20-f679-441a-bc17-7d20f2136e24,9a469cae-1281-4119-93a6-d8d3b662271b,1.0,1.0
1850.0,308045.0,3.0,6.0,51.0,40.0,150.0,400150.0,1.0,0.0,0.0,1.0,0.0,1.0,0.0,0.0,35.0,F,B,7c94dd96-0329-44dd-9657-0e92fb86fa78,9a469cae-1281-4119-93a6-d8d3b662271b,1.0,1.0
1850.0,308045.0,4.0,6.0,51.0,40.0,150.0,400150.0,1.0,0.0,0.0,1.0,0.0,1.0,0.0,0.0,30.0,F,B,2aa0d4d8-13b3-4444-9201-c52d5db9f975,9a469cae-1281-4119-93a6-d8d3b662271b,1.0,1.0
1850.0,308045.0,5.0,6.0,51.0,40.0,150.0,400150.0,1.0,0.0,0.0,1.0,0.0,1.0,0.0,0.0,18.0,F,B,0ec97844-a2c6-4646-a332-2ccd7d28edc8,9a469cae-1281-4119-93a6-d8d3b662271b,1.0,1.0
1850.0,308045.0,6.0,6.0,51.0,40.0,150.0,400150.0,1.0,0.0,0.0,1.0,0.0,1.0,0.0,0.0,4.0,F,B,9b7dbc2f-3839-478c-a825-5535beb21799,9a469cae-1281-4119-93a6-d8d3b662271b,1.0,1.0
1850.0,308046.0,1.0,5.0,51.0,40.0,150.0,400150.0,1.0,0.0,0.0,1.0,0.0,1.0,0.0,0.0,5.0,F,B,ca695335-cd2c-4d33-949c-c7fea8d1b73b,,0.0,1.0
1850.0,308046.0,2.0,5.0,51.0,40.0,150.0,400150.0,1.0,0.0,0.0,1.0,0.0,1.0,0.0,0.0,7.0,M,B,6b35627e-125b-4344-8ac1-9d59cf912779,,0.0,1.0
1850.0,308046.0,3.0,5.0,51.0,40.0,150.0,400150.0,1.0,0.0,0.0,1.0,0.0,1.0,0.0,0.0,3.0,M,B,c2dbdbdd-0e7e-4983-8659-dc2eba5b2c57,,0.0,1.0
1850.0,308046.0,4.0,5.0,51.0,40.0,150.0,400150.0,1.0,0.0,0.0,1.0,0.0,1.0,0.0,0.0,1.0,M,B,8469da1d-c31e-4c98-9677-7e40b4a61c27,,0.0,1.0
1850.0,308046.0,5.0,5.0,51.0,40.0,150.0,400150.0,1.0,0.0,0.0,1.0,0.0,1.0,0.0,0.0,33.0,F,B,f5abdf63-874b-4a0e-ba81-c3e0c2fa6f84,,0.0,1.0
1850.0,308047.0,1.0,2.0,51.0,40.0,150.0,400150.0,1.0,0.0,0.0,1.0,0.0,1.0,0.0,0.0,31.0,F,B,d585cd51-ebac-4cdc-b27f-520602002466,b613ac6d-bc5f-416c-b633-5f9fb588b92d,1.0,1.0
1850.0,308047.0,2.0,2.0,51.0,40.0,150.0,400150.0,1.0,0.0,0.0,1.0,0.0,1.0,0.0,0.0,2.0,F,B,983f7493-889c-4eee-904a-f5a659c276fd,b613ac6d-bc5f-416c-b633-5f9fb588b92d,1.0,1.0
1850.0,308048.0,1.0,6.0,51.0,40.0,150.0,400150.0,1.0,0.0,0.0,1.0,0.0,1.0,0.0,0.0,60.0,M,B,15252eff-08b2-49fd-b3b1-10eb5399c49b,b6934a0a-2585-409a-a9b8-7d5d5a63a70a,1.0,1.0
1850.0,308048.0,2.0,6.0,51.0,40.0,150.0,400150.0,1.0,0.0,0.0,1.0,0.0,1.0,0.0,0.0,15.0,M,B,fad924fa-0e1b-4343-a795-8d232301f0e9,b6934a0a-2585-409a-a9b8-7d5d5a63a70a,1.0,1.0
1850.0,308048.0,3.0,6.0,51.0,40.0,150.0,400150.0,1.0,0.0,0.0,1.0,0.0,1.0,0.0,0.0,43.0,F,B,d9952e63-8ad1-4121-92f9-b302c1f540fd,b6934a0a-2585-409a-a9b8-7d5d5a63a70a,1.0,1.0
1850.0,308048.0,4.0,6.0,51.0,40.0,150.0,400150.0,1.0,0.0,0.0,1.0,0.0,1.0,0.0,0.0,21.0,F,B,f53fe74e-dc13-4944-a83a-5d38df9aceae,b6934a0a-2585-409a-a9b8-7d5d5a63a70a,1.0,1.0
1850.0,308048.0,5.0,6.0,51.0,40.0,150.0,400150.0,1.0,0.0,0.0,1.0,0.0,1.0,0.0,0.0,20.0,F,B,93cbebc4-47c3-45ac-8798-2b741f6109c8,b6934a0a-2585-409a-a9b8-7d5d5a63a70a,1.0,1.0
1850.0,308048.0,6.0,6.0,51.0,40.0,150.0,400150.0,1.0,0.0,0.0,1.0,0.0,1.0,0.0,0.0,6.0,F,B,f8b36152-0bbf-43a4-b406-437b07b8b5ac,b6934a0a-2585-409a-a9b8-7d5d5a63a70a,1.0,1.0
1850.0,308049.0,1.0,3.0,51.0,40.0,150.0,400150.0,1.0,0.0,0.0,1.0,0.0,1.0,0.0,0.0,25.0,F,B,082c5e94-6a52-4a34-bd87-5522a0f31f12,6ad5c872-e01f-4680-aa65-7d11e1f2e7c1,1.0,1.0
1850.0,308049.0,2.0,3.0,51.0,40.0,150.0,400150.0,1.0,0.0,0.0,1.0,0.0,1.0,0.0,0.0,10.0,F,B,fd026b0e-2f1b-467a-9af2-bebb9b61437e,6ad5c872-e01f-4680-aa65-7d11e1f2e7c1,1.0,1.0
1850.0,308049.0,3.0,3.0,51.0,40.0,150.0,400150.0,1.0,0.0,0.0,1.0,0.0,1.0,0.0,0.0,12.0,F,B,14ff3ecc-a756-4a51-84db-0507c061c3f4,6ad5c872-e01f-4680-aa65-7d11e1f2e7c1,1.0,1.0
1850.0,308050.0,1.0,5.0,51.0,40.0,150.0,400150.0,1.0,0.0,0.0,1.0,0.0,1.0,0.0,0.0,38.0,M,B,c628cb4f-b532-45e0-b59b-4ddf81a781cd,ad84fcb9-dd7d-44d6-ad9e-5d116da03c65,1.0,1.0
1850.0,308050.0,2.0,5.0,51.0,40.0,150.0,400150.0,1.0,0.0,0.0,1.0,0.0,1.0,0.0,0.0,30.0,F,B,59e47bc3-47b0-4b8c-83bf-757c3389e27e,ad84fcb9-dd7d-44d6-ad9e-5d116da03c65,1.0,1.0
1850.0,308050.0,3.0,5.0,51.0,40.0,150.0,400150.0,1.0,0.0,0.0,1.0,0.0,1.0,0.0,0.0,18.0,F,B,48b0ada4-9b82-4a73-8daf-1535968e361e,ad84fcb9-dd7d-44d6-ad9e-5d116da03c65,1.0,1.0
1850.0,308050.0,4.0,5.0,51.0,40.0,150.0,400150.0,1.0,0.0,0.0,1.0,0.0,1.0,0.0,0.0,10.0,F,B,f2586f19-7ac2-42b4-b4f1-f07cb9eb626a,ad84fcb9-dd7d-44d6-ad9e-5d116da03c65,1.0,1.0
1850.0,308050.0,5.0,5.0,51.0,40.0,150.0,400150.0,1.0,0.0,0.0,1.0,0.0,1.0,0.0,0.0,28.0,M,B,e7fa087e-da83-4db0-8f17-0ae5e195d270,ad84fcb9-dd7d-44d6-ad9e-5d116da03c65,1.0,1.0
1850.0,308051.0,1.0,10.0,51.0,40.0,150.0,400150.0,1.0,0.0,0.0,1.0,0.0,1.0,0.0,0.0,40.0,M,B,fa8c3b5f-4902-4050-9ea1-adaf5db1d9ac,cb9bcd06-7252-4a69-95df-dbc0dec5caec,1.0,1.0
1850.0,308051.0,2.0,10.0,51.0,40.0,150.0,400150.0,1.0,0.0,0.0,1.0,0.0,1.0,0.0,0.0,36.0,M,B,15130c83-fdfe-4b9e-9ac0-1aada48d1fd7,cb9bcd06-7252-4a69-95df-dbc0dec5caec,1.0,1.0
1850.0,308051.0,3.0,10.0,51.0,40.0,150.0,400150.0,1.0,0.0,0.0,1.0,0.0,1.0,0.0,0.0,16.0,M,B,2731b6a0-d3d1-4dba-8667-cc7aa633cb66,cb9bcd06-7252-4a69-95df-dbc0dec5caec,1.0,1.0
1850.0,308051.0,4.0,10.0,51.0,40.0,150.0,400150.0,1.0,0.0,0.0,1.0,0.0,1.0,0.0,0.0,3.0,M,B,33630ebf-c349-42c9-a93d-cb5a71d83b41,cb9bcd06-7252-4a69-95df-dbc0dec5caec,1.0,1.0
1850.0,308051.0,5.0,10.0,51.0,40.0,150.0,400150.0,1.0,0.0,0.0,1.0,0.0,1.0,0.0,0.0,40.0,F,B,8f9ad53c-cde6-4a74-a04f-1a956a98c54d,cb9bcd06-7252-4a69-95df-dbc0dec5caec,1.0,1.0
1850.0,308051.0,6.0,10.0,51.0,40.0,150.0,400150.0,1.0,0.0,0.0,1.0,0.0,1.0,0.0,0.0,30.0,F,B,a898d1a9-7124-4bb6-a92b-74755cef3764,cb9bcd06-7252-4a69-95df-dbc0dec5caec,1.0,1.0
1850.0,308051.0,7.0,10.0,51.0,40.0,150.0,400150.0,1.0,0.0,0.0,1.0,0.0,1.0,0.0,0.0,20.0,F,B,e78c43e7-4f8b-450c-adca-4c41732c1146,cb9bcd06-7252-4a69-95df-dbc0dec5caec,1.0,1.0
1850.0,308051.0,8.0,10.0,51.0,40.0,150.0,400150.0,1.0,0.0,0.0,1.0,0.0,1.0,0.0,0.0,11.0,F,B,f7e41661-903e-4464-bfea-bd3db1d52228,cb9bcd06-7252-4a69-95df-dbc0dec5caec,1.0,1.0
1850.0,308051.0,9.0,10.0,51.0,40.0,150.0,400150.0,1.0,0.0,0.0,1.0,0.0,1.0,0.0,0.0,7.0,F,B,39812e11-0ef8-4f16-b59b-59645e65c61e,cb9bcd06-7252-4a69-95df-dbc0dec5caec,1.0,1.0
1850.0,308051.0,10.0,10.0,51.0,40.0,150.0,400150.0,1.0,0.0,0.0,1.0,0.0,1.0,0.0,0.0,5.0,F,B,0d8dee71-6f87-4fdd-81ef-f57baaa21921,cb9bcd06-7252-4a69-95df-dbc0dec5caec,1.0,1.0
1850.0,308052.0,1.0,6.0,51.0,40.0,150.0,400150.0,1.0,0.0,0.0,1.0,0.0,1.0,0.0,0.0,30.0,F,B,183e06b7-cd2e-4326-b88f-b951b2afa25c,7787488b-963c-4b71-bb83-a1b40cbf86c8,1.0,1.0
1850.0,308052.0,2.0,6.0,51.0,40.0,150.0,400150.0,1.0,0.0,0.0,1.0,0.0,1.0,0.0,0.0,3.0,M,B,2f26d99b-2b7a-4dee-8694-f639c279fbc4,7787488b-963c-4b71-bb83-a1b40cbf86c8,1.0,1.0
1850.0,308052.0,3.0,6.0,51.0,40.0,150.0,400150.0,1.0,0.0,0.0,1.0,0.0,1.0,0.0,0.0,30.0,M,B,4731884b-7308-4931-b0c7-6b5d66884fa6,7787488b-963c-4b71-bb83-a1b40cbf86c8,1.0,1.0
1850.0,308052.0,4.0,6.0,51.0,40.0,150.0,400150.0,1.0,0.0,0.0,1.0,0.0,1.0,0.0,0.0,26.0,M,B,e1b34f21-1cc4-4263-b6b7-ccc4973a3889,7787488b-963c-4b71-bb83-a1b40cbf86c8,1.0,1.0
1850.0,308052.0,5.0,6.0,51.0,40.0,150.0,400150.0,1.0,0.0,0.0,1.0,0.0,1.0,0.0,0.0,24.0,M,B,1d7049da-89d4-47ba-a6f5-3c724deea3b1,7787488b-963c-4b71-bb83-a1b40cbf86c8,1.0,1.0
1850.0,308052.0,6.0,6.0,51.0,40.0,150.0,400150.0,1.0,0.0,0.0,1.0,0.0,1.0,0.0,0.0,25.0,F,B,75ceb597-428e-47f4-a554-e1023667d53e,7787488b-963c-4b71-bb83-a1b40cbf86c8,1.0,1.0
1850.0,308053.0,1.0,2.0,51.0,40.0,150.0,400150.0,1.0,0.0,0.0,1.0,0.0,1.0,0.0,0.0,25.0,M,B,b9b6ca81-b9bb-4a58-95c6-c9c1abc02162,d6564834-54a4-4247-8d1b-34f0ccd19cae,1.0,1.0
1850.0,308053.0,2.0,2.0,51.0,40.0,150.0,400150.0,1.0,0.0,0.0,1.0,0.0,1.0,0.0,0.0,25.0,F,B,8d4be0bc-1e0e-4deb-890e-6c175d867ca0,d6564834-54a4-4247-8d1b-34f0ccd19cae,1.0,1.0
1850.0,308056.0,1.0,6.0,51.0,40.0,150.0,400150.0,1.0,0.0,0.0,1.0,0.0,1.0,0.0,0.0,22.0,F,B,87915acd-090f-4650-b170-8c9886d69222,,0.0,1.0
1850.0,308056.0,2.0,6.0,51.0,40.0,150.0,400150.0,1.0,0.0,0.0,1.0,0.0,1.0,0.0,0.0,13.0,F,B,0c52def9-714b-4670-b4fd-27a3152c9613,,0.0,1.0
1850.0,308056.0,3.0,6.0,51.0,40.0,150.0,400150.0,1.0,0.0,0.0,1.0,0.0,1.0,0.0,0.0,5.0,F,B,b2f8f379-29f9-40d6-82bf-ca189403a1e0,,0.0,1.0
1850.0,308056.0,4.0,6.0,51.0,40.0,150.0,400150.0,1.0,0.0,0.0,1.0,0.0,1.0,0.0,0.0,45.0,M,B,1dbde619-f13e-450b-8cba-bc74bbdced96,,0.0,1.0
1850.0,308056.0,5.0,6.0,51.0,40.0,150.0,400150.0,1.0,0.0,0.0,1.0,0.0,1.0,0.0,0.0,42.0,F,B,bf084c1f-9d92-4d48-b417-4fe51f745748,,0.0,1.0
1850.0,308056.0,6.0,6.0,51.0,40.0,150.0,400150.0,1.0,0.0,0.0,1.0,0.0,1.0,0.0,0.0,24.0,F,B,b98a7f74-3898-4246-ae05-9d8080009746,,0.0,1.0
1850.0,308057.0,1.0,4.0,51.0,40.0,150.0,400150.0,1.0,0.0,0.0,1.0,0.0,1.0,0.0,0.0,25.0,M,B,25c4f3bd-dd3c-4eca-bd5e-985c225ea34d,3baae268-f9f2-493c-9e7e-a039514fa552,1.0,1.0
1850.0,308057.0,2.0,4.0,51.0,40.0,150.0,400150.0,1.0,0.0,0.0,1.0,0.0,1.0,0.0,0.0,19.0,F,B,3e95e227-cdf0-4742-a0c6-30c868970484,3baae268-f9f2-493c-9e7e-a039514fa552,1.0,1.0
1850.0,308057.0,3.0,4.0,51.0,40.0,150.0,400150.0,1.0,0.0,0.0,1.0,0.0,1.0,0.0,0.0,13.0,F,B,0b2b9fab-1dfe-41e6-8ba6-fd5ebb6f8168,3baae268-f9f2-493c-9e7e-a039514fa552,1.0,1.0
1850.0,308057.0,4.0,4.0,51.0,40.0,150.0,400150.0,1.0,0.0,0.0,1.0,0.0,1.0,0.0,0.0,7.0,F,B,39e41d95-979f-4419-ac3d-3f2ee9273e75,3baae268-f9f2-493c-9e7e-a039514fa552,1.0,1.0
1850.0,308058.0,1.0,3.0,51.0,40.0,150.0,400150.0,1.0,0.0,0.0,1.0,0.0,1.0,0.0,0.0,50.0,M,B,1a617b6b-c42f-40c2-a84f-3c6915d3c7c4,c93377c0-0b50-45b6-a32a-17a816f5fc50,1.0,1.0
1850.0,308058.0,2.0,3.0,51.0,40.0,150.0,400150.0,1.0,0.0,0.0,1.0,0.0,1.0,0.0,0.0,9.0,M,B,0abe2ad2-5790-45ab-a3e6-3dc212022d86,c93377c0-0b50-45b6-a32a-17a816f5fc50,1.0,1.0
1850.0,308058.0,3.0,3.0,51.0,40.0,150.0,400150.0,1.0,0.0,0.0,1.0,0.0,1.0,0.0,0.0,27.0,F,B,03e5fb56-48cf-4e0a-9f8f-832c7b721c52,c93377c0-0b50-45b6-a32a-17a816f5fc50,1.0,1.0
1850.0,308059.0,1.0,4.0,51.0,40.0,150.0,400150.0,1.0,0.0,0.0,1.0,0.0,1.0,0.0,0.0,80.0,F,B,0817a40a-96d3-4aa9-93be-8c17a812fb8a,95935f4f-a73d-4341-9437-17c5eaf9faca,1.0,1.0
1850.0,308059.0,2.0,4.0,51.0,40.0,150.0,400150.0,1.0,0.0,0.0,1.0,0.0,1.0,0.0,0.0,50.0,F,B,37bafda3-98f6-4fdd-b646-87c669e1554d,95935f4f-a73d-4341-9437-17c5eaf9faca,1.0,1.0
1850.0,308059.0,3.0,4.0,51.0,40.0,150.0,400150.0,1.0,0.0,0.0,1.0,0.0,1.0,0.0,0.0,25.0,F,B,18d8dc49-dd56-439d-a3fb-7c2c680ba55a,95935f4f-a73d-4341-9437-17c5eaf9faca,1.0,1.0
1850.0,308059.0,4.0,4.0,51.0,40.0,150.0,400150.0,1.0,0.0,0.0,1.0,0.0,1.0,0.0,0.0,16.0,F,B,a297bb5d-13f4-4281-836a-afdccfbc8e96,95935f4f-a73d-4341-9437-17c5eaf9faca,1.0,1.0
1850.0,308060.0,1.0,7.0,51.0,40.0,150.0,400150.0,1.0,0.0,0.0,1.0,0.0,1.0,0.0,0.0,65.0,M,B,621a7584-a1f6-4633-b525-48ec5b6cf233,468697a8-f237-4ea0-89da-a53d98f7ac04,1.0,1.0
1850.0,308060.0,2.0,7.0,51.0,40.0,150.0,400150.0,1.0,0.0,0.0,1.0,0.0,1.0,0.0,0.0,14.0,M,B,bb7a7b16-d02a-422e-a2c1-6cd207ae3b6b,468697a8-f237-4ea0-89da-a53d98f7ac04,1.0,1.0
1850.0,308060.0,3.0,7.0,51.0,40.0,150.0,400150.0,1.0,0.0,0.0,1.0,0.0,1.0,0.0,0.0,6.0,M,B,d97a779c-9db4-4002-ae31-71ef02e22506,468697a8-f237-4ea0-89da-a53d98f7ac04,1.0,1.0
1850.0,308060.0,4.0,7.0,51.0,40.0,150.0,400150.0,1.0,0.0,0.0,1.0,0.0,1.0,0.0,0.0,50.0,F,B,3f7f9f9c-06c4-43d1-a5fb-494e18e74341,468697a8-f237-4ea0-89da-a53d98f7ac04,1.0,1.0
1850.0,308060.0,5.0,7.0,51.0,40.0,150.0,400150.0,1.0,0.0,0.0,1.0,0.0,1.0,0.0,0.0,21.0,F,B,da3f172e-7a35-435e-aa9a-8002538de37e,468697a8-f237-4ea0-89da-a53d98f7ac04,1.0,1.0
1850.0,308060.0,6.0,7.0,51.0,40.0,150.0,400150.0,1.0,0.0,0.0,1.0,0.0,1.0,0.0,0.0,4.0,F,B,5c4aad2e-20f8-42fb-a481-1e5d40d559df,468697a8-f237-4ea0-89da-a53d98f7ac04,1.0,1.0
1850.0,308060.0,7.0,7.0,51.0,40.0,150.0,400150.0,1.0,0.0,0.0,1.0,0.0,1.0,0.0,0.0,1.0,F,B,79546eb0-6324-4385-98e9-39383433fed0,468697a8-f237-4ea0-89da-a53d98f7ac04,1.0,1.0
1850.0,308054.0,1.0,2.0,51.0,40.0,150.0,400150.0,1.0,0.0,0.0,1.0,0.0,1.0,0.0,0.0,11.0,M,B,2563730a-0994-4d4f-920d-1afd716ead8a,31e841b8-92cb-4100-87ef-2fd3797dbf31,1.0,1.0
1850.0,308054.0,2.0,2.0,51.0,40.0,150.0,400150.0,1.0,0.0,0.0,1.0,0.0,1.0,0.0,0.0,14.0,F,B,c63da7fc-6400-48ec-99b1-b6689154d9b9,31e841b8-92cb-4100-87ef-2fd3797dbf31,1.0,1.0
1850.0,308061.0,1.0,4.0,51.0,40.0,150.0,400150.0,1.0,0.0,0.0,1.0,0.0,1.0,0.0,0.0,2.0,M,B,87c86784-a074-44fd-b83d-1e41ed2e6817,5c2a77f1-028a-4f67-aeba-967c27205218,1.0,1.0
1850.0,308061.0,2.0,4.0,51.0,40.0,150.0,400150.0,1.0,0.0,0.0,1.0,0.0,1.0,0.0,0.0,1.0,M,B,4ccdfb0d-8792-4444-9fca-fa476fa35e14,5c2a77f1-028a-4f67-aeba-967c27205218,1.0,1.0
1850.0,308061.0,3.0,4.0,51.0,40.0,150.0,400150.0,1.0,0.0,0.0,1.0,0.0,1.0,0.0,0.0,30.0,F,B,ed7a480c-11e6-4f6d-85c8-616d24d6c6e6,5c2a77f1-028a-4f67-aeba-967c27205218,1.0,1.0
1850.0,308061.0,4.0,4.0,51.0,40.0,150.0,400150.0,1.0,0.0,0.0,1.0,0.0,1.0,0.0,0.0,8.0,F,B,a72f6722-ee0c-4b57-b2e5-2aa8149d8572,5c2a77f1-028a-4f67-aeba-967c27205218,1.0,1.0
1850.0,308062.0,1.0,5.0,51.0,40.0,150.0,400150.0,1.0,0.0,0.0,1.0,0.0,1.0,0.0,0.0,70.0,M,B,f4a54cd5-19ea-4705-9bfd-79236fc79fe6,bd1ec152-d424-404d-9af5-c1a735aba2e9,1.0,1.0
1850.0,308062.0,2.0,5.0,51.0,40.0,150.0,400150.0,1.0,0.0,0.0,1.0,0.0,1.0,0.0,0.0,0.0,M,B,925f30c9-0f56-4bc9-a071-d42a1a375351,bd1ec152-d424-404d-9af5-c1a735aba2e9,1.0,1.0
1850.0,308062.0,3.0,5.0,51.0,40.0,150.0,400150.0,1.0,0.0,0.0,1.0,0.0,1.0,0.0,0.0,23.0,F,B,b114ba7e-332f-4d03-b75d-fb378d1a5de5,bd1ec152-d424-404d-9af5-c1a735aba2e9,1.0,1.0
1850.0,308062.0,4.0,5.0,51.0,40.0,150.0,400150.0,1.0,0.0,0.0,1.0,0.0,1.0,0.0,0.0,20.0,F,B,2faa3652-4a57-4c4b-a6e0-c5da0045f0e1,bd1ec152-d424-404d-9af5-c1a735aba2e9,1.0,1.0
1850.0,308062.0,5.0,5.0,51.0,40.0,150.0,400150.0,1.0,0.0,0.0,1.0,0.0,1.0,0.0,0.0,2.0,F,B,6f85cec3-6f94-497d-8bf2-b1bfa816ee7b,bd1ec152-d424-404d-9af5-c1a735aba2e9,1.0,1.0
1850.0,308063.0,1.0,9.0,51.0,40.0,150.0,400150.0,1.0,0.0,0.0,1.0,0.0,1.0,0.0,0.0,50.0,M,B,92587d9a-3be3-4f56-9a66-1c2a8a4e851d,5e2a53e9-4a83-4ee3-8130-1b2739f8e1b4,1.0,1.0
1850.0,308063.0,2.0,9.0,51.0,40.0,150.0,400150.0,1.0,0.0,0.0,1.0,0.0,1.0,0.0,0.0,30.0,M,B,ec2b5dd3-1079-46b5-8ab4-c45bb539ee69,5e2a53e9-4a83-4ee3-8130-1b2739f8e1b4,1.0,1.0
1850.0,308063.0,3.0,9.0,51.0,40.0,150.0,400150.0,1.0,0.0,0.0,1.0,0.0,1.0,0.0,0.0,2.0,M,B,dbcccf5a-63da-4d64-915e-25c1fbceea53,5e2a53e9-4a83-4ee3-8130-1b2739f8e1b4,1.0,1.0
1850.0,308063.0,4.0,9.0,51.0,40.0,150.0,400150.0,1.0,0.0,0.0,1.0,0.0,1.0,0.0,0.0,2.0,M,B,613f413b-fbe3-4710-a40a-8493788a375a,5e2a53e9-4a83-4ee3-8130-1b2739f8e1b4,1.0,1.0
1850.0,308063.0,5.0,9.0,51.0,40.0,150.0,400150.0,1.0,0.0,0.0,1.0,0.0,1.0,0.0,0.0,50.0,F,B,63bad644-d0a7-4104-9061-314c5a3b196d,5e2a53e9-4a83-4ee3-8130-1b2739f8e1b4,1.0,1.0
1850.0,308063.0,6.0,9.0,51.0,40.0,150.0,400150.0,1.0,0.0,0.0,1.0,0.0,1.0,0.0,0.0,45.0,F,B,3b856dcb-10ee-461e-affa-d2f67e3f0718,5e2a53e9-4a83-4ee3-8130-1b2739f8e1b4,1.0,1.0
1850.0,308063.0,7.0,9.0,51.0,40.0,150.0,400150.0,1.0,0.0,0.0,1.0,0.0,1.0,0.0,0.0,35.0,F,B,c07f7e5e-498c-4baf-9f05-b12f9247f959,5e2a53e9-4a83-4ee3-8130-1b2739f8e1b4,1.0,1.0
1850.0,308063.0,8.0,9.0,51.0,40.0,150.0,400150.0,1.0,0.0,0.0,1.0,0.0,1.0,0.0,0.0,26.0,F,B,27aef4ea-0172-487a-9b24-a24cd9c146da,5e2a53e9-4a83-4ee3-8130-1b2739f8e1b4,1.0,1.0
1850.0,308063.0,9.0,9.0,51.0,40.0,150.0,400150.0,1.0,0.0,0.0,1.0,0.0,1.0,0.0,0.0,0.0,F,B,83cc46b2-252f-4db7-9caa-6ae21c9e61c7,5e2a53e9-4a83-4ee3-8130-1b2739f8e1b4,1.0,1.0
1850.0,308055.0,1.0,2.0,51.0,40.0,150.0,400150.0,1.0,0.0,0.0,1.0,0.0,1.0,0.0,0.0,26.0,M,B,c5a10a86-f1d7-4b15-a2bb-b022cd68525d,8be8e018-eced-46a8-a5ef-5e208b98b1b3,1.0,1.0
1850.0,308055.0,2.0,2.0,51.0,40.0,150.0,400150.0,1.0,0.0,0.0,1.0,0.0,1.0,0.0,0.0,30.0,F,B,fb85e6e0-c616-4d8f-904f-795c580f6c2e,8be8e018-eced-46a8-a5ef-5e208b98b1b3,1.0,1.0
1850.0,308066.0,1.0,2.0,51.0,40.0,150.0,400150.0,1.0,0.0,0.0,1.0,0.0,1.0,0.0,0.0,17.0,F,B,6c4d9c3c-7b32-4c7f-b043-682e63bcc4c2,,0.0,1.0
1850.0,308066.0,2.0,2.0,51.0,40.0,150.0,400150.0,1.0,0.0,0.0,1.0,0.0,1.0,0.0,0.0,30.0,F,B,157c12f8-f61e-46f9-8cbc-f40f252706b8,,0.0,1.0
1850.0,308067.0,1.0,5.0,51.0,40.0,150.0,400150.0,1.0,0.0,0.0,1.0,0.0,1.0,0.0,0.0,40.0,M,B,5de691f4-09a3-48d2-8fc2-b310d1741afd,,0.0,1.0
1850.0,308067.0,2.0,5.0,51.0,40.0,150.0,400150.0,1.0,0.0,0.0,1.0,0.0,1.0,0.0,0.0,35.0,M,B,5ba756a1-af9e-468b-b32e-b68e0e139014,,0.0,1.0
1850.0,308067.0,3.0,5.0,51.0,40.0,150.0,400150.0,1.0,0.0,0.0,1.0,0.0,1.0,0.0,0.0,40.0,F,B,f0fc2132-f4ec-4ed1-b54b-247d123a94c4,,0.0,1.0
1850.0,308067.0,4.0,5.0,51.0,40.0,150.0,400150.0,1.0,0.0,0.0,1.0,0.0,1.0,0.0,0.0,25.0,F,B,d69b3c68-6569-41ba-b157-291a8991f519,,0.0,1.0
1850.0,308067.0,5.0,5.0,51.0,40.0,150.0,400150.0,1.0,0.0,0.0,1.0,0.0,1.0,0.0,0.0,8.0,F,B,b55c9c71-4b64-4f2d-9a6b-42c1c71cd0b2,,0.0,1.0
1850.0,308068.0,1.0,3.0,51.0,40.0,150.0,400150.0,1.0,0.0,0.0,1.0,0.0,1.0,0.0,0.0,65.0,M,B,f62f226d-6a0a-4bab-9407-ce4599dabf2f,373edf75-76d4-456d-b4f7-289a318f3563,1.0,1.0
1850.0,308068.0,2.0,3.0,51.0,40.0,150.0,400150.0,1.0,0.0,0.0,1.0,0.0,1.0,0.0,0.0,3.0,M,B,5edd59f3-f0b5-4b1f-a840-181ce2167088,373edf75-76d4-456d-b4f7-289a318f3563,1.0,1.0
1850.0,308068.0,3.0,3.0,51.0,40.0,150.0,400150.0,1.0,0.0,0.0,1.0,0.0,1.0,0.0,0.0,50.0,F,B,d1ccd399-64ab-452a-86ba-2d8c45958812,373edf75-76d4-456d-b4f7-289a318f3563,1.0,1.0
1850.0,308069.0,1.0,2.0,51.0,40.0,150.0,400150.0,1.0,0.0,0.0,1.0,0.0,1.0,0.0,0.0,9.0,M,B,8ab0a160-c270-4f3d-a9ce-df19730bf549,b73a05d1-6243-416b-9f2c-3abf5ac6a5e8,1.0,1.0
1850.0,308069.0,2.0,2.0,51.0,40.0,150.0,400150.0,1.0,0.0,0.0,1.0,0.0,1.0,0.0,0.0,18.0,F,B,64d2e9e4-4854-40c3-b6b8-79c109ef946c,b73a05d1-6243-416b-9f2c-3abf5ac6a5e8,1.0,1.0
1850.0,308070.0,1.0,1.0,51.0,40.0,150.0,400150.0,1.0,0.0,0.0,1.0,0.0,1.0,0.0,0.0,10.0,F,B,9024da77-8565-4c8f-9a2e-fadf9ff7bdc0,47d68e18-a72d-473f-b868-0684c5dbe66f,1.0,1.0
1850.0,308071.0,1.0,1.0,51.0,40.0,150.0,400150.0,1.0,0.0,0.0,1.0,0.0,1.0,0.0,0.0,15.0,F,B,77a5ff6e-c699-4326-8832-37ff68b76839,a0f91a62-e983-4d16-b691-ab5c282baa6c,1.0,1.0
1850.0,308072.0,1.0,10.0,51.0,40.0,150.0,400150.0,1.0,0.0,0.0,1.0,0.0,1.0,0.0,0.0,56.0,M,B,79922836-91c4-4381-b6f6-221807e4c7d7,bf020843-aea6-45dd-a3c6-b9dfb6790b14,1.0,1.0
1850.0,308072.0,2.0,10.0,51.0,40.0,150.0,400150.0,1.0,0.0,0.0,1.0,0.0,1.0,0.0,0.0,15.0,M,B,6e1ad458-61b5-4db1-9147-23ad008508e5,bf020843-aea6-45dd-a3c6-b9dfb6790b14,1.0,1.0
1850.0,308072.0,3.0,10.0,51.0,40.0,150.0,400150.0,1.0,0.0,0.0,1.0,0.0,1.0,0.0,0.0,3.0,M,B,52a2c342-8605-4176-8eaf-961edba8b3ad,bf020843-aea6-45dd-a3c6-b9dfb6790b14,1.0,1.0
1850.0,308072.0,4.0,10.0,51.0,40.0,150.0,400150.0,1.0,0.0,0.0,1.0,0.0,1.0,0.0,0.0,28.0,F,B,3a446136-90f4-4bdc-a1bd-b2d15506bde1,bf020843-aea6-45dd-a3c6-b9dfb6790b14,1.0,1.0
1850.0,308072.0,5.0,10.0,51.0,40.0,150.0,400150.0,1.0,0.0,0.0,1.0,0.0,1.0,0.0,0.0,25.0,F,B,07d24ef2-e7c8-4fa6-af79-3d66ba22050f,bf020843-aea6-45dd-a3c6-b9dfb6790b14,1.0,1.0
1850.0,308072.0,6.0,10.0,51.0,40.0,150.0,400150.0,1.0,0.0,0.0,1.0,0.0,1.0,0.0,0.0,17.0,F,B,4d92c618-7ee0-432d-87b8-f6649773c7cb,bf020843-aea6-45dd-a3c6-b9dfb6790b14,1.0,1.0
1850.0,308072.0,7.0,10.0,51.0,40.0,150.0,400150.0,1.0,0.0,0.0,1.0,0.0,1.0,0.0,0.0,15.0,F,B,130d76d2-0b42-4181-9ff2-bacb03863c12,bf020843-aea6-45dd-a3c6-b9dfb6790b14,1.0,1.0
1850.0,308072.0,8.0,10.0,51.0,40.0,150.0,400150.0,1.0,0.0,0.0,1.0,0.0,1.0,0.0,0.0,15.0,F,B,8e7b52fe-7570-4b44-bb3a-317283025ad2,bf020843-aea6-45dd-a3c6-b9dfb6790b14,1.0,1.0
1850.0,308072.0,9.0,10.0,51.0,40.0,150.0,400150.0,1.0,0.0,0.0,1.0,0.0,1.0,0.0,0.0,10.0,F,B,ff58dde1-b1c9-47fb-bc89-bc03855bcafa,bf020843-aea6-45dd-a3c6-b9dfb6790b14,1.0,1.0
1850.0,308072.0,10.0,10.0,51.0,40.0,150.0,400150.0,1.0,0.0,0.0,1.0,0.0,1.0,0.0,0.0,8.0,F,B,517100b4-225a-4f85-adca-e6544130c561,bf020843-aea6-45dd-a3c6-b9dfb6790b14,1.0,1.0
1850.0,308073.0,1.0,1.0,51.0,40.0,150.0,400150.0,1.0,0.0,0.0,1.0,0.0,1.0,0.0,0.0,55.0,M,B,48e19824-f9df-468e-a261-5a65562edfae,2c509f1c-fbad-491f-a197-b9109e24afe8,1.0,1.0
1850.0,308074.0,1.0,9.0,51.0,40.0,150.0,400150.0,1.0,0.0,0.0,1.0,0.0,1.0,0.0,0.0,27.0,M,B,a96a9e49-9d72-4da9-a581-a34a9f0c465a,d63c39a1-aa77-49be-9529-333a07317cd3,1.0,1.0
1850.0,308074.0,2.0,9.0,51.0,40.0,150.0,400150.0,1.0,0.0,0.0,1.0,0.0,1.0,0.0,0.0,2.0,M,B,15a11d2c-22ca-46e2-b064-65e0c4c3927e,d63c39a1-aa77-49be-9529-333a07317cd3,1.0,1.0
1850.0,308074.0,3.0,9.0,51.0,40.0,150.0,400150.0,1.0,0.0,0.0,1.0,0.0,1.0,0.0,0.0,2.0,M,B,fe3e1cd5-46bf-490c-9b20-a61340255361,d63c39a1-aa77-49be-9529-333a07317cd3,1.0,1.0
1850.0,308074.0,4.0,9.0,51.0,40.0,150.0,400150.0,1.0,0.0,0.0,1.0,0.0,1.0,0.0,0.0,1.0,M,B,0b1053ce-52e9-47bc-a14d-4ead35b1689e,d63c39a1-aa77-49be-9529-333a07317cd3,1.0,1.0
1850.0,308074.0,5.0,9.0,51.0,40.0,150.0,400150.0,1.0,0.0,0.0,1.0,0.0,1.0,0.0,0.0,55.0,F,B,ecdcb6a0-f646-4acb-9c50-96d6084076e5,d63c39a1-aa77-49be-9529-333a07317cd3,1.0,1.0
1850.0,308074.0,6.0,9.0,51.0,40.0,150.0,400150.0,1.0,0.0,0.0,1.0,0.0,1.0,0.0,0.0,45.0,F,B,ff19f7da-e954-4cfd-9403-f4290e970773,d63c39a1-aa77-49be-9529-333a07317cd3,1.0,1.0
1850.0,308074.0,7.0,9.0,51.0,40.0,150.0,400150.0,1.0,0.0,0.0,1.0,0.0,1.0,0.0,0.0,27.0,F,B,677af410-ac05-4838-a8a0-5c04a16e2368,d63c39a1-aa77-49be-9529-333a07317cd3,1.0,1.0
1850.0,308074.0,8.0,9.0,51.0,40.0,150.0,400150.0,1.0,0.0,0.0,1.0,0.0,1.0,0.0,0.0,14.0,F,B,08482b6a-2af5-4411-b24e-dd0fd85942cc,d63c39a1-aa77-49be-9529-333a07317cd3,1.0,1.0
1850.0,308074.0,9.0,9.0,51.0,40.0,150.0,400150.0,1.0,0.0,0.0,1.0,0.0,1.0,0.0,0.0,6.0,F,B,9a899a45-b2be-437a-8f2c-3c0179fdff35,d63c39a1-aa77-49be-9529-333a07317cd3,1.0,1.0
1850.0,308064.0,1.0,1.0,51.0,40.0,150.0,400150.0,1.0,0.0,0.0,1.0,0.0,1.0,0.0,0.0,14.0,F,B,b306cd78-f3c9-468f-8204-be3992865338,affbd9ac-0c09-4bb4-b68c-a73fcb8cb540,1.0,1.0
1850.0,308065.0,1.0,1.0,51.0,40.0,150.0,400150.0,1.0,0.0,0.0,1.0,0.0,1.0,0.0,0.0,11.0,M,B,3d39c153-0ea5-45c8-a4db-a261cd8b0367,dc6f24d5-e396-4d6b-864c-c033d3d8398b,1.0,1.0
1850.0,308075.0,1.0,4.0,51.0,40.0,150.0,400150.0,1.0,0.0,0.0,1.0,0.0,1.0,0.0,0.0,70.0,M,B,ed50d866-b64f-416e-a77f-38605bd36aa5,abac7b95-4e68-4710-af3f-fe872d47bf84,1.0,1.0
1850.0,308075.0,2.0,4.0,51.0,40.0,150.0,400150.0,1.0,0.0,0.0,1.0,0.0,1.0,0.0,0.0,15.0,M,B,19be0169-02df-48a6-8536-7bcedf9982f9,abac7b95-4e68-4710-af3f-fe872d47bf84,1.0,1.0
1850.0,308075.0,3.0,4.0,51.0,40.0,150.0,400150.0,1.0,0.0,0.0,1.0,0.0,1.0,0.0,0.0,36.0,F,B,758a4deb-c9e7-4a09-91ca-d12456e234bf,abac7b95-4e68-4710-af3f-fe872d47bf84,1.0,1.0
1850.0,308075.0,4.0,4.0,51.0,40.0,150.0,400150.0,1.0,0.0,0.0,1.0,0.0,1.0,0.0,0.0,9.0,F,B,4f682a72-b50f-4ce1-8b60-6bab0e75268b,abac7b95-4e68-4710-af3f-fe872d47bf84,1.0,1.0
1850.0,308077.0,1.0,6.0,51.0,40.0,150.0,400150.0,1.0,0.0,0.0,1.0,0.0,1.0,0.0,0.0,5.0,M,B,de2d5243-e863-4de1-926a-4d50d800a66f,3a629a61-dd75-498a-92e2-43075105b5bd,1.0,1.0
1850.0,308077.0,2.0,6.0,51.0,40.0,150.0,400150.0,1.0,0.0,0.0,1.0,0.0,1.0,0.0,0.0,3.0,M,B,3d9c2859-f984-4397-886e-12ce23ff9b96,3a629a61-dd75-498a-92e2-43075105b5bd,1.0,1.0
1850.0,308077.0,3.0,6.0,51.0,40.0,150.0,400150.0,1.0,0.0,0.0,1.0,0.0,1.0,0.0,0.0,0.0,M,B,fa1d31bf-26c5-4ac0-a6c1-7fc112a16950,3a629a61-dd75-498a-92e2-43075105b5bd,1.0,1.0
1850.0,308077.0,4.0,6.0,51.0,40.0,150.0,400150.0,1.0,0.0,0.0,1.0,0.0,1.0,0.0,0.0,26.0,F,B,752ac972-da92-48c9-8eab-b8d2d7e3f6c6,3a629a61-dd75-498a-92e2-43075105b5bd,1.0,1.0
1850.0,308077.0,5.0,6.0,51.0,40.0,150.0,400150.0,1.0,0.0,0.0,1.0,0.0,1.0,0.0,0.0,7.0,F,B,c62eb60a-68f9-485d-b3b0-437cf14714fd,3a629a61-dd75-498a-92e2-43075105b5bd,1.0,1.0
1850.0,308077.0,6.0,6.0,51.0,40.0,150.0,400150.0,1.0,0.0,0.0,1.0,0.0,1.0,0.0,0.0,2.0,F,B,44884244-91a1-4c3a-a2be-07a353389115,3a629a61-dd75-498a-92e2-43075105b5bd,1.0,1.0
1850.0,308078.0,1.0,1.0,51.0,40.0,150.0,400150.0,1.0,0.0,0.0,1.0,0.0,1.0,0.0,0.0,9.0,F,B,a4144d0c-8ed4-42d5-bcb6-ab64c741ad0a,2349353c-3cd0-417a-9085-9ec857f99e18,1.0,1.0
1850.0,308079.0,1.0,3.0,51.0,40.0,150.0,400150.0,1.0,0.0,0.0,1.0,0.0,1.0,0.0,0.0,70.0,M,B,52dd02c2-db6f-47c9-b256-757af2c5359a,738c19e0-ddf1-4e7b-93bf-b64aa36ec758,1.0,1.0
1850.0,308079.0,2.0,3.0,51.0,40.0,150.0,400150.0,1.0,0.0,0.0,1.0,0.0,1.0,0.0,0.0,55.0,M,B,05735ea3-f308-4982-afd7-bd320c1a0c5f,738c19e0-ddf1-4e7b-93bf-b64aa36ec758,1.0,1.0
1850.0,308079.0,3.0,3.0,51.0,40.0,150.0,400150.0,1.0,0.0,0.0,1.0,0.0,1.0,0.0,0.0,65.0,F,B,3264eac4-cf68-484d-bb05-67556e3de037,738c19e0-ddf1-4e7b-93bf-b64aa36ec758,1.0,1.0
1850.0,308080.0,1.0,2.0,51.0,40.0,150.0,400150.0,1.0,0.0,0.0,1.0,0.0,1.0,0.0,0.0,35.0,F,B,42c6f13b-69c1-48d2-9438-3e96dcc86bfd,5e9b599b-1a3d-47b8-b715-2744dcfe34e8,1.0,1.0
1850.0,308080.0,2.0,2.0,51.0,40.0,150.0,400150.0,1.0,0.0,0.0,1.0,0.0,1.0,0.0,0.0,22.0,F,B,340fd6dd-9f35-48c1-8676-e56b366d0e98,5e9b599b-1a3d-47b8-b715-2744dcfe34e8,1.0,1.0
1850.0,308081.0,1.0,3.0,51.0,40.0,150.0,400150.0,1.0,0.0,0.0,1.0,0.0,1.0,0.0,0.0,18.0,M,B,2d65c747-988f-45fe-96f6-f16dbb2bc36b,ac1f594e-f4ed-4d94-bbd8-45c066a739bf,1.0,1.0
1850.0,308081.0,2.0,3.0,51.0,40.0,150.0,400150.0,1.0,0.0,0.0,1.0,0.0,1.0,0.0,0.0,22.0,M,B,a37ca884-9b52-4a5a-a148-60394acc2c42,ac1f594e-f4ed-4d94-bbd8-45c066a739bf,1.0,1.0
1850.0,308081.0,3.0,3.0,51.0,40.0,150.0,400150.0,1.0,0.0,0.0,1.0,0.0,1.0,0.0,0.0,9.0,M,B,3d9c9385-8456-443b-b9b2-ad0c41727b46,ac1f594e-f4ed-4d94-bbd8-45c066a739bf,1.0,1.0
1850.0,308082.0,1.0,7.0,51.0,40.0,150.0,400150.0,1.0,0.0,0.0,1.0,0.0,1.0,0.0,0.0,50.0,M,B,9fbe3b32-0f30-4d19-860f-3e6c6f82e8e6,158cd7ca-5572-4d1c-ae59-897390e31c3d,1.0,1.0
1850.0,308082.0,2.0,7.0,51.0,40.0,150.0,400150.0,1.0,0.0,0.0,1.0,0.0,1.0,0.0,0.0,30.0,M,B,e2bcdf4c-90e8-4355-a855-488d6a34b188,158cd7ca-5572-4d1c-ae59-897390e31c3d,1.0,1.0
1850.0,308082.0,3.0,7.0,51.0,40.0,150.0,400150.0,1.0,0.0,0.0,1.0,0.0,1.0,0.0,0.0,16.0,M,B,dc3d0bac-3b10-4c23-b523-4ccb0d6fcd80,158cd7ca-5572-4d1c-ae59-897390e31c3d,1.0,1.0
1850.0,308082.0,4.0,7.0,51.0,40.0,150.0,400150.0,1.0,0.0,0.0,1.0,0.0,1.0,0.0,0.0,49.0,F,B,8c2707b6-7012-42d7-950c-c68b60e567cb,158cd7ca-5572-4d1c-ae59-897390e31c3d,1.0,1.0
1850.0,308082.0,5.0,7.0,51.0,40.0,150.0,400150.0,1.0,0.0,0.0,1.0,0.0,1.0,0.0,0.0,10.0,F,B,bc6759b7-0cad-49f8-8a67-64d6d0120d87,158cd7ca-5572-4d1c-ae59-897390e31c3d,1.0,1.0
1850.0,308082.0,6.0,7.0,51.0,40.0,150.0,400150.0,1.0,0.0,0.0,1.0,0.0,1.0,0.0,0.0,40.0,F,B,8c27673a-af3c-4039-a02d-89cac3d7f3a8,158cd7ca-5572-4d1c-ae59-897390e31c3d,1.0,1.0
1850.0,308082.0,7.0,7.0,51.0,40.0,150.0,400150.0,1.0,0.0,0.0,1.0,0.0,1.0,0.0,0.0,7.0,F,B,fd0a5128-742f-4921-b720-f4aad9ef3637,158cd7ca-5572-4d1c-ae59-897390e31c3d,1.0,1.0
1850.0,308083.0,1.0,1.0,51.0,40.0,150.0,400150.0,1.0,0.0,0.0,1.0,0.0,1.0,0.0,0.0,9.0,F,B,d0deea2f-1419-48d2-824a-178ed3947387,7df88aa3-b465-41b8-876e-114e407d9ddb,1.0,1.0
1850.0,308084.0,1.0,6.0,51.0,40.0,150.0,400150.0,1.0,0.0,0.0,1.0,0.0,1.0,0.0,0.0,23.0,M,B,c7bbd11b-89da-462c-a947-5cda44ecb765,e77e8e2d-e8b3-4196-9e6d-8852e7f023ee,1.0,1.0
1850.0,308084.0,2.0,6.0,51.0,40.0,150.0,400150.0,1.0,0.0,0.0,1.0,0.0,1.0,0.0,0.0,25.0,M,B,3807042a-bfa2-4ccc-8bc6-891db30d0982,e77e8e2d-e8b3-4196-9e6d-8852e7f023ee,1.0,1.0
1850.0,308084.0,3.0,6.0,51.0,40.0,150.0,400150.0,1.0,0.0,0.0,1.0,0.0,1.0,0.0,0.0,22.0,F,B,85853017-b5b2-44e4-9bdf-9e41cea4f30a,e77e8e2d-e8b3-4196-9e6d-8852e7f023ee,1.0,1.0
1850.0,308084.0,4.0,6.0,51.0,40.0,150.0,400150.0,1.0,0.0,0.0,1.0,0.0,1.0,0.0,0.0,4.0,F,B,7a75d145-6ca7-4c3a-b42f-2c44943a1efa,e77e8e2d-e8b3-4196-9e6d-8852e7f023ee,1.0,1.0
1850.0,308084.0,5.0,6.0,51.0,40.0,150.0,400150.0,1.0,0.0,0.0,1.0,0.0,1.0,0.0,0.0,3.0,F,B,760e1f4d-e1bb-4caf-bab3-d7415887699e,e77e8e2d-e8b3-4196-9e6d-8852e7f023ee,1.0,1.0
1850.0,308084.0,6.0,6.0,51.0,40.0,150.0,400150.0,1.0,0.0,0.0,1.0,0.0,1.0,0.0,0.0,1.0,F,B,052d2397-bc22-46cb-936b-5211462546f3,e77e8e2d-e8b3-4196-9e6d-8852e7f023ee,1.0,1.0
1850.0,308085.0,1.0,1.0,51.0,40.0,150.0,400150.0,1.0,0.0,0.0,1.0,0.0,1.0,0.0,0.0,25.0,F,B,3b52ae9d-48f8-4182-81af-62a50d8a7447,f9ba9c22-e383-4c0a-9f57-ccbca4700244,1.0,1.0
1850.0,308086.0,1.0,2.0,51.0,40.0,150.0,400150.0,1.0,0.0,0.0,1.0,0.0,1.0,0.0,0.0,30.0,F,B,91f634a5-3e4f-42f1-94b3-de6d560dfd45,0316fd90-aeb9-4475-bce4-b32625a7b16e,1.0,1.0
1850.0,308086.0,2.0,2.0,51.0,40.0,150.0,400150.0,1.0,0.0,0.0,1.0,0.0,1.0,0.0,0.0,10.0,F,B,258ec3e0-fd41-4d96-b89f-f0641a41e0e6,0316fd90-aeb9-4475-bce4-b32625a7b16e,1.0,1.0
1850.0,308087.0,1.0,3.0,51.0,40.0,150.0,400150.0,1.0,0.0,0.0,1.0,0.0,1.0,0.0,0.0,50.0,F,B,aed0eabc-d2b2-43c7-a570-03a90a53f8db,d82d921a-88df-4beb-befd-f435013eac33,1.0,1.0
1850.0,308087.0,2.0,3.0,51.0,40.0,150.0,400150.0,1.0,0.0,0.0,1.0,0.0,1.0,0.0,0.0,19.0,F,B,d3c5f207-9ee8-4ce6-be64-db1abf026c75,d82d921a-88df-4beb-befd-f435013eac33,1.0,1.0
1850.0,308087.0,3.0,3.0,51.0,40.0,150.0,400150.0,1.0,0.0,0.0,1.0,0.0,1.0,0.0,0.0,1.0,F,B,2426d1dc-0f21-4dcb-a4ee-cb776e395904,d82d921a-88df-4beb-befd-f435013eac33,1.0,1.0
1850.0,308076.0,1.0,5.0,51.0,40.0,150.0,400150.0,1.0,0.0,0.0,1.0,0.0,1.0,0.0,0.0,14.0,M,B,22c112f9-8bc9-40b8-b4b6-8f4c7abcf2a9,21424686-e53a-4de3-bac0-97dc37216f18,1.0,1.0
1850.0,308076.0,2.0,5.0,51.0,40.0,150.0,400150.0,1.0,0.0,0.0,1.0,0.0,1.0,0.0,0.0,6.0,M,B,d8dcc337-e6d9-40c3-adf6-a7b863124656,21424686-e53a-4de3-bac0-97dc37216f18,1.0,1.0
1850.0,308076.0,3.0,5.0,51.0,40.0,150.0,400150.0,1.0,0.0,0.0,1.0,0.0,1.0,0.0,0.0,4.0,M,B,9d4a7e5c-0026-4720-af15-2c85dc6c44a0,21424686-e53a-4de3-bac0-97dc37216f18,1.0,1.0
1850.0,308076.0,4.0,5.0,51.0,40.0,150.0,400150.0,1.0,0.0,0.0,1.0,0.0,1.0,0.0,0.0,3.0,M,B,e8c7e8b5-6003-4e6f-92da-53e2255f1122,21424686-e53a-4de3-bac0-97dc37216f18,1.0,1.0
1850.0,308076.0,5.0,5.0,51.0,40.0,150.0,400150.0,1.0,0.0,0.0,1.0,0.0,1.0,0.0,0.0,30.0,F,B,6d03a1d2-a9f0-45fc-a157-2e208dd1d040,21424686-e53a-4de3-bac0-97dc37216f18,1.0,1.0
1850.0,308090.0,1.0,1.0,51.0,40.0,150.0,400150.0,1.0,0.0,0.0,1.0,0.0,1.0,0.0,0.0,55.0,M,B,77e92b07-b595-4e13-b793-a461dedb29d1,d82d921a-88df-4beb-befd-f435013eac33,1.0,1.0
1850.0,308091.0,1.0,1.0,51.0,40.0,150.0,400150.0,1.0,0.0,0.0,1.0,0.0,1.0,0.0,0.0,23.0,F,B,0be8b97a-84f9-436c-97c5-0a8824333ba8,,0.0,1.0
1850.0,308092.0,1.0,1.0,51.0,40.0,150.0,400150.0,1.0,0.0,0.0,1.0,0.0,1.0,0.0,0.0,35.0,M,B,b9cc6451-f86c-462b-812e-295fe25e7dba,e7dc694e-24ef-4f52-b9d0-28c782455d4c,1.0,1.0
1850.0,308093.0,1.0,1.0,51.0,40.0,150.0,400150.0,1.0,0.0,0.0,1.0,0.0,1.0,0.0,0.0,43.0,F,B,b4b97a09-3236-4d23-865c-a08263cbcfeb,25fd6501-09e1-42c6-b663-e32c6a4b8926,1.0,1.0
1850.0,308094.0,1.0,1.0,51.0,40.0,150.0,400150.0,1.0,0.0,0.0,1.0,0.0,1.0,0.0,0.0,13.0,F,B,6941ce3e-c373-49ed-b697-55ec4e65ce12,92b3efce-2075-4c0b-96dd-90afee0b0e85,1.0,1.0
1850.0,308095.0,1.0,1.0,51.0,40.0,150.0,400150.0,1.0,0.0,0.0,1.0,0.0,1.0,0.0,0.0,21.0,F,B,b850d651-417c-4e69-a6a9-d82765059fcc,81a51050-0c7e-4845-af93-b016d07dcb56,1.0,1.0
1850.0,308096.0,1.0,2.0,51.0,40.0,150.0,400150.0,1.0,0.0,0.0,1.0,0.0,1.0,0.0,0.0,4.0,M,B,bd62a55a-d740-4fce-a49a-0db8e195e197,676848ac-d7db-4f6e-9dbc-1799787a5809,1.0,1.0
1850.0,308096.0,2.0,2.0,51.0,40.0,150.0,400150.0,1.0,0.0,0.0,1.0,0.0,1.0,0.0,0.0,13.0,F,B,99d9c7f4-13c8-4913-a6ab-41b4929fcd2b,676848ac-d7db-4f6e-9dbc-1799787a5809,1.0,1.0
1850.0,308097.0,1.0,1.0,51.0,40.0,150.0,400150.0,1.0,0.0,0.0,1.0,0.0,1.0,0.0,0.0,11.0,F,B,b2915b8f-16f5-4f5d-b23c-d8b857f903c9,fea82931-580a-41d0-83bb-f6aa50fe9df8,1.0,1.0
1850.0,308098.0,1.0,1.0,51.0,40.0,150.0,400150.0,1.0,0.0,0.0,1.0,0.0,1.0,0.0,0.0,14.0,F,B,5199c426-7370-46c4-95ab-67febd0a2007,e0887134-d1b9-4685-b66a-56e4981b58e3,1.0,1.0
1850.0,308099.0,1.0,3.0,51.0,40.0,150.0,400150.0,1.0,0.0,0.0,1.0,0.0,1.0,0.0,0.0,6.0,M,B,aa95b8d2-d31c-40a9-ad9b-d91cfaeb1c66,0022f901-4a91-49a8-a705-03f4ac6129cd,1.0,1.0
1850.0,308099.0,2.0,3.0,51.0,40.0,150.0,400150.0,1.0,0.0,0.0,1.0,0.0,1.0,0.0,0.0,30.0,F,B,b88ed00e-be22-4356-9c3c-b62c6f30a858,0022f901-4a91-49a8-a705-03f4ac6129cd,1.0,1.0
1850.0,308099.0,3.0,3.0,51.0,40.0,150.0,400150.0,1.0,0.0,0.0,1.0,0.0,1.0,0.0,0.0,2.0,F,B,61f42283-fc19-40dd-8473-6cba67acb3ea,0022f901-4a91-49a8-a705-03f4ac6129cd,1.0,1.0
1850.0,308100.0,1.0,2.0,51.0,40.0,150.0,400150.0,1.0,0.0,0.0,1.0,0.0,1.0,0.0,0.0,16.0,M,B,45363b17-4eb3-4f5f-a182-0537958c6d2d,213d761f-7c16-4767-b3a0-10196896c675,1.0,1.0
1850.0,308100.0,2.0,2.0,51.0,40.0,150.0,400150.0,1.0,0.0,0.0,1.0,0.0,1.0,0.0,0.0,60.0,F,B,e6ec27eb-ec9a-47ba-bfe2-476f4916c444,213d761f-7c16-4767-b3a0-10196896c675,1.0,1.0
1850.0,308101.0,1.0,2.0,51.0,40.0,150.0,400150.0,1.0,0.0,0.0,1.0,0.0,1.0,0.0,0.0,47.0,M,B,b58e69bd-a75f-49b9-a9f0-5aba25a37199,ea268172-e4b6-4466-9912-c181ca7cc81a,1.0,1.0
1850.0,308101.0,2.0,2.0,51.0,40.0,150.0,400150.0,1.0,0.0,0.0,1.0,0.0,1.0,0.0,0.0,12.0,F,B,40ff68e9-7604-4aba-9b1f-3592b68adc90,ea268172-e4b6-4466-9912-c181ca7cc81a,1.0,1.0
1850.0,308102.0,1.0,1.0,51.0,40.0,150.0,400150.0,1.0,0.0,0.0,1.0,0.0,1.0,0.0,0.0,15.0,F,B,028d078f-0457-40b8-9fd3-61b2bb712569,3408249b-c02e-41e5-8d55-ea611f8d59e5,1.0,1.0
1850.0,308103.0,1.0,2.0,51.0,40.0,150.0,400150.0,1.0,0.0,0.0,1.0,0.0,1.0,0.0,0.0,15.0,F,B,77f020f0-49de-4b70-aab3-b7ff520187a4,bb1d6481-a93e-47ea-b267-95dc166de4d3,1.0,1.0
1850.0,308103.0,2.0,2.0,51.0,40.0,150.0,400150.0,1.0,0.0,0.0,1.0,0.0,1.0,0.0,0.0,1.0,F,B,f762d6b4-535b-4f43-9751-d25f808cc3e1,bb1d6481-a93e-47ea-b267-95dc166de4d3,1.0,1.0
1850.0,308088.0,1.0,1.0,51.0,40.0,150.0,400150.0,1.0,0.0,0.0,1.0,0.0,1.0,0.0,0.0,15.0,F,B,8e898281-116b-4273-a363-7b792aa35407,e73fd252-8933-4e60-8e44-6e1627d94cc2,1.0,1.0
1850.0,308104.0,1.0,2.0,51.0,40.0,150.0,400150.0,1.0,0.0,0.0,1.0,0.0,1.0,0.0,0.0,29.0,M,B,827926ea-eef1-42d6-a710-3b299cd1d305,73557d12-74fa-499f-98b6-60abd26b649f,1.0,1.0
1850.0,308104.0,2.0,2.0,51.0,40.0,150.0,400150.0,1.0,0.0,0.0,1.0,0.0,1.0,0.0,0.0,12.0,F,B,c7d9fe3d-47ce-4762-9034-77c9b15ded9d,73557d12-74fa-499f-98b6-60abd26b649f,1.0,1.0
1850.0,308105.0,1.0,6.0,51.0,40.0,150.0,400150.0,1.0,0.0,0.0,1.0,0.0,1.0,0.0,0.0,40.0,M,B,a69f58cd-749f-4c98-ab5c-51488adf236d,ec107fcc-f098-44e2-b562-0bc964d13ea8,1.0,1.0
1850.0,308105.0,2.0,6.0,51.0,40.0,150.0,400150.0,1.0,0.0,0.0,1.0,0.0,1.0,0.0,0.0,6.0,M,B,4f625d2b-5759-4d19-ba08-883e15ac3b05,ec107fcc-f098-44e2-b562-0bc964d13ea8,1.0,1.0
1850.0,308105.0,3.0,6.0,51.0,40.0,150.0,400150.0,1.0,0.0,0.0,1.0,0.0,1.0,0.0,0.0,2.0,M,B,65e5a518-d3d8-4a58-8644-e17edb15230a,ec107fcc-f098-44e2-b562-0bc964d13ea8,1.0,1.0
1850.0,308105.0,4.0,6.0,51.0,40.0,150.0,400150.0,1.0,0.0,0.0,1.0,0.0,1.0,0.0,0.0,50.0,F,B,0dd85e93-d6e9-4820-8d0b-039294fe84ca,ec107fcc-f098-44e2-b562-0bc964d13ea8,1.0,1.0
1850.0,308105.0,5.0,6.0,51.0,40.0,150.0,400150.0,1.0,0.0,0.0,1.0,0.0,1.0,0.0,0.0,27.0,F,B,14f403a3-52bb-4cd4-b5fd-c27993b0ef4c,ec107fcc-f098-44e2-b562-0bc964d13ea8,1.0,1.0
1850.0,308105.0,6.0,6.0,51.0,40.0,150.0,400150.0,1.0,0.0,0.0,1.0,0.0,1.0,0.0,0.0,3.0,F,B,cd09f071-a7f6-41a7-b5f2-6760d2cc60ef,ec107fcc-f098-44e2-b562-0bc964d13ea8,1.0,1.0
1850.0,308106.0,1.0,7.0,51.0,40.0,150.0,400150.0,1.0,0.0,0.0,1.0,0.0,1.0,0.0,0.0,60.0,M,B,aaf8cef5-3d05-481e-bc85-04095d8c42f1,54d6441c-3470-4a13-b7f5-bb13ff2dc9f4,1.0,1.0
1850.0,308106.0,2.0,7.0,51.0,40.0,150.0,400150.0,1.0,0.0,0.0,1.0,0.0,1.0,0.0,0.0,25.0,M,B,cb0ac8d1-be9d-485f-909d-1505693de34b,54d6441c-3470-4a13-b7f5-bb13ff2dc9f4,1.0,1.0
1850.0,308106.0,3.0,7.0,51.0,40.0,150.0,400150.0,1.0,0.0,0.0,1.0,0.0,1.0,0.0,0.0,14.0,M,B,bb22d8e3-ed85-422c-a343-f98d79d5da59,54d6441c-3470-4a13-b7f5-bb13ff2dc9f4,1.0,1.0
1850.0,308106.0,4.0,7.0,51.0,40.0,150.0,400150.0,1.0,0.0,0.0,1.0,0.0,1.0,0.0,0.0,5.0,M,B,d17093f1-d77a-4805-bb25-4e5ef46a80d2,54d6441c-3470-4a13-b7f5-bb13ff2dc9f4,1.0,1.0
1850.0,308106.0,5.0,7.0,51.0,40.0,150.0,400150.0,1.0,0.0,0.0,1.0,0.0,1.0,0.0,0.0,50.0,F,B,e923e34d-d788-40e8-ba23-ebab19fa8331,54d6441c-3470-4a13-b7f5-bb13ff2dc9f4,1.0,1.0
1850.0,308106.0,6.0,7.0,51.0,40.0,150.0,400150.0,1.0,0.0,0.0,1.0,0.0,1.0,0.0,0.0,25.0,F,B,01320bbe-8d73-4c3b-8f5d-0e59a945083d,54d6441c-3470-4a13-b7f5-bb13ff2dc9f4,1.0,1.0
1850.0,308106.0,7.0,7.0,51.0,40.0,150.0,400150.0,1.0,0.0,0.0,1.0,0.0,1.0,0.0,0.0,22.0,F,B,7a9e07b2-9f62-431a-8b6f-2e379e62347e,54d6441c-3470-4a13-b7f5-bb13ff2dc9f4,1.0,1.0
1850.0,308089.0,1.0,6.0,51.0,40.0,150.0,400150.0,1.0,0.0,0.0,1.0,0.0,1.0,0.0,0.0,24.0,M,B,eb83c705-27cb-4d46-8dfc-bd9dac000fd4,5459a5a5-362c-4904-82df-5932e3622ad9,1.0,1.0
1850.0,308089.0,2.0,6.0,51.0,40.0,150.0,400150.0,1.0,0.0,0.0,1.0,0.0,1.0,0.0,0.0,48.0,F,B,7c59564e-f6e8-49ed-b97d-f8a35d43bca8,5459a5a5-362c-4904-82df-5932e3622ad9,1.0,1.0
1850.0,308089.0,3.0,6.0,51.0,40.0,150.0,400150.0,1.0,0.0,0.0,1.0,0.0,1.0,0.0,0.0,32.0,F,B,f3e9923a-7f90-4e5d-84f4-3bed399473ee,5459a5a5-362c-4904-82df-5932e3622ad9,1.0,1.0
1850.0,308089.0,4.0,6.0,51.0,40.0,150.0,400150.0,1.0,0.0,0.0,1.0,0.0,1.0,0.0,0.0,16.0,F,B,8241fa4c-f139-4aa0-ad65-5116990bb424,5459a5a5-362c-4904-82df-5932e3622ad9,1.0,1.0
1850.0,308089.0,5.0,6.0,51.0,40.0,150.0,400150.0,1.0,0.0,0.0,1.0,0.0,1.0,0.0,0.0,7.0,F,B,bc325ffa-4563-4fb0-8063-eabc8fb7045e,5459a5a5-362c-4904-82df-5932e3622ad9,1.0,1.0
1850.0,308089.0,6.0,6.0,51.0,40.0,150.0,400150.0,1.0,0.0,0.0,1.0,0.0,1.0,0.0,0.0,6.0,F,B,10975411-59d9-477d-8182-bb442cd80fa0,5459a5a5-362c-4904-82df-5932e3622ad9,1.0,1.0
1850.0,308107.0,1.0,10.0,51.0,40.0,150.0,400150.0,1.0,0.0,0.0,1.0,0.0,1.0,0.0,0.0,4.0,F,B,85ac5f63-b5b8-4abd-8b7d-1e61c2b8f96b,,0.0,1.0
1850.0,308107.0,2.0,10.0,51.0,40.0,150.0,400150.0,1.0,0.0,0.0,1.0,0.0,1.0,0.0,0.0,2.0,M,B,40de105c-fa9a-4270-8a76-9381ef1147f8,,0.0,1.0
1850.0,308107.0,3.0,10.0,51.0,40.0,150.0,400150.0,1.0,0.0,0.0,1.0,0.0,1.0,0.0,0.0,1.0,M,B,a4f532ea-50a9-4168-98f7-9fb3da3caf0c,,0.0,1.0
1850.0,308107.0,4.0,10.0,51.0,40.0,150.0,400150.0,1.0,0.0,0.0,1.0,0.0,1.0,0.0,0.0,65.0,F,B,71ca673c-9b42-4a26-b36a-00e33ae48944,,0.0,1.0
1850.0,308107.0,5.0,10.0,51.0,40.0,150.0,400150.0,1.0,0.0,0.0,1.0,0.0,1.0,0.0,0.0,70.0,F,B,b520c236-50ce-41fe-a085-59c42c8875ac,,0.0,1.0
1850.0,308107.0,6.0,10.0,51.0,40.0,150.0,400150.0,1.0,0.0,0.0,1.0,0.0,1.0,0.0,0.0,23.0,F,B,4d99ce07-1879-4554-a04e-5511287e9974,,0.0,1.0
1850.0,308107.0,7.0,10.0,51.0,40.0,150.0,400150.0,1.0,0.0,0.0,1.0,0.0,1.0,0.0,0.0,19.0,F,B,bbd66ecc-6d11-4b41-b48d-c279cfc3993d,,0.0,1.0
1850.0,308107.0,8.0,10.0,51.0,40.0,150.0,400150.0,1.0,0.0,0.0,1.0,0.0,1.0,0.0,0.0,17.0,F,B,5425a88e-3859-4f27-851a-0b8df6571c20,,0.0,1.0
1850.0,308107.0,9.0,10.0,51.0,40.0,150.0,400150.0,1.0,0.0,0.0,1.0,0.0,1.0,0.0,0.0,1.0,F,B,2fb07e14-6954-4431-b240-8ea21d420990,,0.0,1.0
1850.0,308107.0,10.0,10.0,51.0,40.0,150.0,400150.0,1.0,0.0,0.0,1.0,0.0,1.0,0.0,0.0,0.0,F,B,93c68c21-9610-4918-9981-c50c6b5d7b6e,,0.0,1.0
1850.0,308108.0,1.0,2.0,51.0,40.0,150.0,400150.0,1.0,0.0,0.0,1.0,0.0,1.0,0.0,0.0,45.0,F,B,c2e766e7-80a9-4018-9900-dac400d133bc,193a5277-d768-4baa-9106-a985f05c7748,1.0,1.0
1850.0,308108.0,2.0,2.0,51.0,40.0,150.0,400150.0,1.0,0.0,0.0,1.0,0.0,1.0,0.0,0.0,10.0,F,B,b4f16e3d-88fa-4e96-aebc-6b8072233a34,193a5277-d768-4baa-9106-a985f05c7748,1.0,1.0
1850.0,308109.0,1.0,4.0,51.0,40.0,150.0,400150.0,1.0,0.0,0.0,1.0,0.0,1.0,0.0,0.0,50.0,M,B,64376cf0-5565-4937-a3b0-b3b77a304db6,c1fbee3a-0c8d-4cb5-a796-9509c467d371,1.0,1.0
1850.0,308109.0,2.0,4.0,51.0,40.0,150.0,400150.0,1.0,0.0,0.0,1.0,0.0,1.0,0.0,0.0,17.0,M,B,f09f403f-4a1c-4d11-87d6-d125480440a3,c1fbee3a-0c8d-4cb5-a796-9509c467d371,1.0,1.0
1850.0,308109.0,3.0,4.0,51.0,40.0,150.0,400150.0,1.0,0.0,0.0,1.0,0.0,1.0,0.0,0.0,25.0,F,B,2902f72b-b81a-48ad-91ed-1eeb9088580f,c1fbee3a-0c8d-4cb5-a796-9509c467d371,1.0,1.0
1850.0,308109.0,4.0,4.0,51.0,40.0,150.0,400150.0,1.0,0.0,0.0,1.0,0.0,1.0,0.0,0.0,10.0,F,B,d1f5abe6-4567-4cbd-9b64-9b8d1150493c,c1fbee3a-0c8d-4cb5-a796-9509c467d371,1.0,1.0
1850.0,308110.0,1.0,2.0,51.0,40.0,150.0,400150.0,1.0,0.0,0.0,1.0,0.0,1.0,0.0,0.0,45.0,M,B,8ed50465-002c-4dc9-9af9-556b88468855,30d172f3-6279-4a2b-a555-c2df9af4f05a,1.0,1.0
1850.0,308110.0,2.0,2.0,51.0,40.0,150.0,400150.0,1.0,0.0,0.0,1.0,0.0,1.0,0.0,0.0,40.0,M,B,479d2369-6811-481c-b214-6471fa4e1462,30d172f3-6279-4a2b-a555-c2df9af4f05a,1.0,1.0
1850.0,308111.0,1.0,2.0,51.0,40.0,150.0,400150.0,1.0,0.0,0.0,1.0,0.0,1.0,0.0,0.0,50.0,F,B,b63ddf9b-295f-41c6-b4c9-d3275db0fcda,b4d83170-1848-4820-b173-afc32b467605,1.0,1.0
1850.0,308111.0,2.0,2.0,51.0,40.0,150.0,400150.0,1.0,0.0,0.0,1.0,0.0,1.0,0.0,0.0,21.0,F,B,0ae1d5ad-5d18-4081-9688-9b2c86f8c485,b4d83170-1848-4820-b173-afc32b467605,1.0,1.0
1850.0,308112.0,1.0,3.0,51.0,40.0,150.0,400150.0,1.0,0.0,0.0,1.0,0.0,1.0,0.0,0.0,55.0,M,B,4bb736ec-b685-453e-9f69-64326c4774a8,fc729034-4edd-4fcc-821a-d8d34e4bbb65,1.0,1.0
1850.0,308112.0,2.0,3.0,51.0,40.0,150.0,400150.0,1.0,0.0,0.0,1.0,0.0,1.0,0.0,0.0,14.0,F,B,c3ca5b44-9c78-4004-8d51-88bfb6478cbc,fc729034-4edd-4fcc-821a-d8d34e4bbb65,1.0,1.0
1850.0,308112.0,3.0,3.0,51.0,40.0,150.0,400150.0,1.0,0.0,0.0,1.0,0.0,1.0,0.0,0.0,16.0,F,B,1df32949-2d27-4d08-8548-8687a800c182,fc729034-4edd-4fcc-821a-d8d34e4bbb65,1.0,1.0
1850.0,308113.0,1.0,1.0,51.0,40.0,150.0,400150.0,1.0,0.0,0.0,1.0,0.0,1.0,0.0,0.0,45.0,F,B,4407de88-2162-4e3b-940c-43ca28143a7a,9c53518b-27a9-42d2-9dae-35a58c403eaa,1.0,1.0
1850.0,308114.0,1.0,4.0,51.0,40.0,150.0,400150.0,1.0,0.0,0.0,1.0,0.0,1.0,0.0,0.0,16.0,M,B,3dcb15a2-ae1a-42a6-8e9d-2ad61bfffd41,8a43b4b4-10b5-42bc-b460-ee1571c8213c,1.0,1.0
1850.0,308114.0,2.0,4.0,51.0,40.0,150.0,400150.0,1.0,0.0,0.0,1.0,0.0,1.0,0.0,0.0,23.0,F,B,3afbd0b7-274b-46e0-b86d-0f46b52dc1fd,8a43b4b4-10b5-42bc-b460-ee1571c8213c,1.0,1.0
1850.0,308114.0,3.0,4.0,51.0,40.0,150.0,400150.0,1.0,0.0,0.0,1.0,0.0,1.0,0.0,0.0,12.0,F,B,97646583-a1cc-48e4-b93b-e0eac3e23090,8a43b4b4-10b5-42bc-b460-ee1571c8213c,1.0,1.0
1850.0,308114.0,4.0,4.0,51.0,40.0,150.0,400150.0,1.0,0.0,0.0,1.0,0.0,1.0,0.0,0.0,3.0,F,B,a062a618-f58e-4936-a466-220b807ebe4c,8a43b4b4-10b5-42bc-b460-ee1571c8213c,1.0,1.0
1850.0,308115.0,1.0,5.0,51.0,40.0,150.0,400150.0,1.0,0.0,0.0,1.0,0.0,1.0,0.0,0.0,50.0,M,B,e3f5d900-3045-4c84-8661-05db0e7688a6,248a88eb-b200-47b2-94a8-e6a2d46e84c5,1.0,1.0
1850.0,308115.0,2.0,5.0,51.0,40.0,150.0,400150.0,1.0,0.0,0.0,1.0,0.0,1.0,0.0,0.0,45.0,F,B,7cd65cfe-cf9f-429d-b4d2-dcdd50e52e95,248a88eb-b200-47b2-94a8-e6a2d46e84c5,1.0,1.0
1850.0,308115.0,3.0,5.0,51.0,40.0,150.0,400150.0,1.0,0.0,0.0,1.0,0.0,1.0,0.0,0.0,10.0,F,B,ecc7979a-e5d2-4929-b075-af92c260e5b8,248a88eb-b200-47b2-94a8-e6a2d46e84c5,1.0,1.0
1850.0,308115.0,4.0,5.0,51.0,40.0,150.0,400150.0,1.0,0.0,0.0,1.0,0.0,1.0,0.0,0.0,7.0,F,B,0e1627cd-5682-45a7-beb4-32f7e78f226e,248a88eb-b200-47b2-94a8-e6a2d46e84c5,1.0,1.0
1850.0,308115.0,5.0,5.0,51.0,40.0,150.0,400150.0,1.0,0.0,0.0,1.0,0.0,1.0,0.0,0.0,5.0,F,B,7a1f7d77-a1eb-41b2-910b-f4cff808ff9c,248a88eb-b200-47b2-94a8-e6a2d46e84c5,1.0,1.0
1850.0,308116.0,1.0,9.0,51.0,40.0,150.0,400150.0,1.0,0.0,0.0,1.0,0.0,1.0,0.0,0.0,35.0,M,B,6149ae3b-9180-4e03-a807-b21f9af35b52,6bdce086-863e-407f-9cf0-494733bc812f,1.0,1.0
1850.0,308116.0,2.0,9.0,51.0,40.0,150.0,400150.0,1.0,0.0,0.0,1.0,0.0,1.0,0.0,0.0,9.0,M,B,ac8cf32c-3941-4ab1-bc87-1fa8b1db24ee,6bdce086-863e-407f-9cf0-494733bc812f,1.0,1.0
1850.0,308116.0,3.0,9.0,51.0,40.0,150.0,400150.0,1.0,0.0,0.0,1.0,0.0,1.0,0.0,0.0,4.0,M,B,f279e416-2888-44f0-bacf-6a229a3d7485,6bdce086-863e-407f-9cf0-494733bc812f,1.0,1.0
1850.0,308116.0,4.0,9.0,51.0,40.0,150.0,400150.0,1.0,0.0,0.0,1.0,0.0,1.0,0.0,0.0,0.0,M,B,d05a827a-3071-45fc-b2c1-a0649c4207be,6bdce086-863e-407f-9cf0-494733bc812f,1.0,1.0
1850.0,308116.0,5.0,9.0,51.0,40.0,150.0,400150.0,1.0,0.0,0.0,1.0,0.0,1.0,0.0,0.0,3.0,M,B,7f083859-0d37-4992-b105-c54fa2da1ae8,6bdce086-863e-407f-9cf0-494733bc812f,1.0,1.0
1850.0,308116.0,6.0,9.0,51.0,40.0,150.0,400150.0,1.0,0.0,0.0,1.0,0.0,1.0,0.0,0.0,4.0,F,B,9268a971-abc5-4d24-96ef-fa9a43a7ade0,6bdce086-863e-407f-9cf0-494733bc812f,1.0,1.0
1850.0,308116.0,7.0,9.0,51.0,40.0,150.0,400150.0,1.0,0.0,0.0,1.0,0.0,1.0,0.0,0.0,32.0,F,B,fe15a463-d0ef-4835-abf4-4815e2315d44,6bdce086-863e-407f-9cf0-494733bc812f,1.0,1.0
1850.0,308116.0,8.0,9.0,51.0,40.0,150.0,400150.0,1.0,0.0,0.0,1.0,0.0,1.0,0.0,0.0,32.0,F,B,9e4b93b5-7d2b-4026-b6bf-094927673f05,6bdce086-863e-407f-9cf0-494733bc812f,1.0,1.0
1850.0,308116.0,9.0,9.0,51.0,40.0,150.0,400150.0,1.0,0.0,0.0,1.0,0.0,1.0,0.0,0.0,15.0,F,B,d4a9e475-991c-4999-8367-16e9df4b5674,6bdce086-863e-407f-9cf0-494733bc812f,1.0,1.0
1850.0,308119.0,1.0,7.0,51.0,40.0,150.0,400150.0,1.0,0.0,0.0,1.0,0.0,1.0,0.0,0.0,42.0,M,B,cbdb27d3-d551-4de4-a77e-b2ca68f36010,aa091309-18cc-4391-b1d6-a23df0752184,1.0,1.0
1850.0,308119.0,2.0,7.0,51.0,40.0,150.0,400150.0,1.0,0.0,0.0,1.0,0.0,1.0,0.0,0.0,6.0,M,B,909ddfb2-9de7-4744-873d-b9cde4bfe592,aa091309-18cc-4391-b1d6-a23df0752184,1.0,1.0
1850.0,308119.0,3.0,7.0,51.0,40.0,150.0,400150.0,1.0,0.0,0.0,1.0,0.0,1.0,0.0,0.0,4.0,M,B,44686f47-5992-43bb-a6eb-346cb13b7b39,aa091309-18cc-4391-b1d6-a23df0752184,1.0,1.0
1850.0,308119.0,4.0,7.0,51.0,40.0,150.0,400150.0,1.0,0.0,0.0,1.0,0.0,1.0,0.0,0.0,33.0,F,B,8fcc11b8-0469-40fa-9394-d293a46f792f,aa091309-18cc-4391-b1d6-a23df0752184,1.0,1.0
1850.0,308119.0,5.0,7.0,51.0,40.0,150.0,400150.0,1.0,0.0,0.0,1.0,0.0,1.0,0.0,0.0,14.0,F,B,5f2cc88f-2509-4bc2-8188-c160995674f3,aa091309-18cc-4391-b1d6-a23df0752184,1.0,1.0
1850.0,308119.0,6.0,7.0,51.0,40.0,150.0,400150.0,1.0,0.0,0.0,1.0,0.0,1.0,0.0,0.0,12.0,F,B,95241b23-0d68-4a3c-ae07-64792862434b,aa091309-18cc-4391-b1d6-a23df0752184,1.0,1.0
1850.0,308119.0,7.0,7.0,51.0,40.0,150.0,400150.0,1.0,0.0,0.0,1.0,0.0,1.0,0.0,0.0,2.0,F,B,42483d2a-05b9-4d50-ae1a-a8c76b813524,aa091309-18cc-4391-b1d6-a23df0752184,1.0,1.0
1850.0,308120.0,1.0,3.0,51.0,40.0,150.0,400150.0,1.0,0.0,0.0,1.0,0.0,1.0,0.0,0.0,29.0,M,B,bfcad544-3821-4228-8b40-07d054d717da,cef9ce0e-d785-4329-a3c5-5ce11091ea9d,1.0,1.0
1850.0,308120.0,2.0,3.0,51.0,40.0,150.0,400150.0,1.0,0.0,0.0,1.0,0.0,1.0,0.0,0.0,35.0,F,B,65ac4a67-1fed-4bac-9d93-b4642efc955d,cef9ce0e-d785-4329-a3c5-5ce11091ea9d,1.0,1.0
1850.0,308120.0,3.0,3.0,51.0,40.0,150.0,400150.0,1.0,0.0,0.0,1.0,0.0,1.0,0.0,0.0,40.0,M,B,6dadc9ed-f67c-4089-be99-df78ac7721cb,cef9ce0e-d785-4329-a3c5-5ce11091ea9d,1.0,1.0
1850.0,308121.0,1.0,1.0,51.0,40.0,150.0,400150.0,1.0,0.0,0.0,1.0,0.0,1.0,0.0,0.0,14.0,F,B,55434407-7718-46bc-946d-3f58104d03e4,499bdb21-e9ec-424b-8ef5-84b58fa8e44a,1.0,1.0
1850.0,308122.0,1.0,7.0,51.0,40.0,150.0,400150.0,1.0,0.0,0.0,1.0,0.0,1.0,0.0,0.0,29.0,M,B,0771bcdb-b4fb-4588-8711-0fd771593217,5193cc5d-69e6-4284-8361-4aa37dafb97d,1.0,1.0
1850.0,308122.0,2.0,7.0,51.0,40.0,150.0,400150.0,1.0,0.0,0.0,1.0,0.0,1.0,0.0,0.0,16.0,M,B,fae64493-7d6f-462d-9b92-5391140ef63b,5193cc5d-69e6-4284-8361-4aa37dafb97d,1.0,1.0
1850.0,308122.0,3.0,7.0,51.0,40.0,150.0,400150.0,1.0,0.0,0.0,1.0,0.0,1.0,0.0,0.0,26.0,M,B,6dd28982-f568-443c-9f2a-3bcf235c36ba,5193cc5d-69e6-4284-8361-4aa37dafb97d,1.0,1.0
1850.0,308122.0,4.0,7.0,51.0,40.0,150.0,400150.0,1.0,0.0,0.0,1.0,0.0,1.0,0.0,0.0,70.0,F,B,1cf31c2b-81d7-4730-a25f-6fa613451f9b,5193cc5d-69e6-4284-8361-4aa37dafb97d,1.0,1.0
1850.0,308122.0,5.0,7.0,51.0,40.0,150.0,400150.0,1.0,0.0,0.0,1.0,0.0,1.0,0.0,0.0,42.0,F,B,d6b05c88-541d-40b7-a67c-a43bc48054f4,5193cc5d-69e6-4284-8361-4aa37dafb97d,1.0,1.0
1850.0,308122.0,6.0,7.0,51.0,40.0,150.0,400150.0,1.0,0.0,0.0,1.0,0.0,1.0,0.0,0.0,26.0,F,B,ed924005-d8f2-463d-9f0b-7b92599f8176,5193cc5d-69e6-4284-8361-4aa37dafb97d,1.0,1.0
1850.0,308122.0,7.0,7.0,51.0,40.0,150.0,400150.0,1.0,0.0,0.0,1.0,0.0,1.0,0.0,0.0,4.0,F,B,e78c08a1-cf3a-4dd8-b638-833746ae66b0,5193cc5d-69e6-4284-8361-4aa37dafb97d,1.0,1.0
1850.0,308123.0,1.0,3.0,51.0,40.0,150.0,400150.0,1.0,0.0,0.0,1.0,0.0,1.0,0.0,0.0,10.0,M,B,7db60251-7fa4-465b-a40a-fdd7f14086a6,fa42bb93-fa7f-4451-ba15-8056190b7fef,1.0,1.0
1850.0,308123.0,2.0,3.0,51.0,40.0,150.0,400150.0,1.0,0.0,0.0,1.0,0.0,1.0,0.0,0.0,40.0,F,B,b412e63f-80f0-4a7a-aafd-a63071a1bce6,fa42bb93-fa7f-4451-ba15-8056190b7fef,1.0,1.0
1850.0,308123.0,3.0,3.0,51.0,40.0,150.0,400150.0,1.0,0.0,0.0,1.0,0.0,1.0,0.0,0.0,35.0,F,B,bc88a08c-3d21-43af-b553-503655f40528,fa42bb93-fa7f-4451-ba15-8056190b7fef,1.0,1.0
1850.0,308117.0,1.0,3.0,51.0,40.0,150.0,400150.0,1.0,0.0,0.0,1.0,0.0,1.0,0.0,0.0,50.0,F,B,c6d25089-1488-455b-b0eb-871582927aa1,85f80ddb-df71-4d2e-b606-9bd49d6f0f85,1.0,1.0
1850.0,308117.0,2.0,3.0,51.0,40.0,150.0,400150.0,1.0,0.0,0.0,1.0,0.0,1.0,0.0,0.0,10.0,F,B,5fc48cfa-4398-46b6-a505-44d55ff3205d,85f80ddb-df71-4d2e-b606-9bd49d6f0f85,1.0,1.0
1850.0,308117.0,3.0,3.0,51.0,40.0,150.0,400150.0,1.0,0.0,0.0,1.0,0.0,1.0,0.0,0.0,7.0,F,B,e1ab7c35-5447-4be2-b16b-4a3054bc96cb,85f80ddb-df71-4d2e-b606-9bd49d6f0f85,1.0,1.0
1850.0,308124.0,1.0,3.0,51.0,40.0,150.0,400150.0,1.0,0.0,0.0,1.0,0.0,1.0,0.0,0.0,45.0,M,B,85d68962-7859-4c91-af3f-a28488c8b20b,d143419c-6332-4a3f-a847-be6706102c66,1.0,1.0
1850.0,308124.0,2.0,3.0,51.0,40.0,150.0,400150.0,1.0,0.0,0.0,1.0,0.0,1.0,0.0,0.0,52.0,F,B,6dd2e42b-17b6-4e27-8856-39b1c5a1323a,d143419c-6332-4a3f-a847-be6706102c66,1.0,1.0
1850.0,308124.0,3.0,3.0,51.0,40.0,150.0,400150.0,1.0,0.0,0.0,1.0,0.0,1.0,0.0,0.0,18.0,F,B,57bb5f39-aee7-41e2-9637-336be4552a49,d143419c-6332-4a3f-a847-be6706102c66,1.0,1.0
1850.0,308125.0,1.0,17.0,51.0,40.0,150.0,400150.0,1.0,0.0,0.0,1.0,0.0,1.0,0.0,0.0,45.0,M,B,bcad98eb-9689-461a-aa2f-bb7b6c1513dd,4e6460cf-e003-44f4-92cd-ef3e35d08bba,1.0,1.0
1850.0,308125.0,2.0,17.0,51.0,40.0,150.0,400150.0,1.0,0.0,0.0,1.0,0.0,1.0,0.0,0.0,15.0,M,B,3fb98b62-17d2-48b2-b5b4-13655617ec80,4e6460cf-e003-44f4-92cd-ef3e35d08bba,1.0,1.0
1850.0,308125.0,3.0,17.0,51.0,40.0,150.0,400150.0,1.0,0.0,0.0,1.0,0.0,1.0,0.0,0.0,8.0,M,B,3ed5f69a-0be1-41a8-b17a-162efceebf4b,4e6460cf-e003-44f4-92cd-ef3e35d08bba,1.0,1.0
1850.0,308125.0,4.0,17.0,51.0,40.0,150.0,400150.0,1.0,0.0,0.0,1.0,0.0,1.0,0.0,0.0,9.0,M,B,71975cb1-8846-40a0-9443-d7ab52cd6c40,4e6460cf-e003-44f4-92cd-ef3e35d08bba,1.0,1.0
1850.0,308125.0,5.0,17.0,51.0,40.0,150.0,400150.0,1.0,0.0,0.0,1.0,0.0,1.0,0.0,0.0,7.0,M,B,c2919729-4454-4162-8e86-935e459c55b7,4e6460cf-e003-44f4-92cd-ef3e35d08bba,1.0,1.0
1850.0,308125.0,6.0,17.0,51.0,40.0,150.0,400150.0,1.0,0.0,0.0,1.0,0.0,1.0,0.0,0.0,8.0,M,B,e954a5f3-bd21-4d8e-9ab6-da8e4dc7e8ec,4e6460cf-e003-44f4-92cd-ef3e35d08bba,1.0,1.0
1850.0,308125.0,7.0,17.0,51.0,40.0,150.0,400150.0,1.0,0.0,0.0,1.0,0.0,1.0,0.0,0.0,7.0,M,B,61b3d7b1-eba9-45f2-ae1c-c552327c31bb,4e6460cf-e003-44f4-92cd-ef3e35d08bba,1.0,1.0
1850.0,308125.0,8.0,17.0,51.0,40.0,150.0,400150.0,1.0,0.0,0.0,1.0,0.0,1.0,0.0,0.0,4.0,M,B,96e0a997-cce0-4405-a6fc-e6f0fd47a41d,4e6460cf-e003-44f4-92cd-ef3e35d08bba,1.0,1.0
1850.0,308125.0,9.0,17.0,51.0,40.0,150.0,400150.0,1.0,0.0,0.0,1.0,0.0,1.0,0.0,0.0,65.0,F,B,7d8520a4-66ab-4112-9649-8e3b568ad8b5,4e6460cf-e003-44f4-92cd-ef3e35d08bba,1.0,1.0
1850.0,308125.0,10.0,17.0,51.0,40.0,150.0,400150.0,1.0,0.0,0.0,1.0,0.0,1.0,0.0,0.0,62.0,F,B,ee898425-ea59-4d57-bd8e-79a24cd16b5a,4e6460cf-e003-44f4-92cd-ef3e35d08bba,1.0,1.0
1850.0,308125.0,11.0,17.0,51.0,40.0,150.0,400150.0,1.0,0.0,0.0,1.0,0.0,1.0,0.0,0.0,45.0,F,B,e7ff0e65-a660-4acc-9b54-38359f61ffcf,4e6460cf-e003-44f4-92cd-ef3e35d08bba,1.0,1.0
1850.0,308125.0,12.0,17.0,51.0,40.0,150.0,400150.0,1.0,0.0,0.0,1.0,0.0,1.0,0.0,0.0,42.0,F,B,844b44fb-4f33-4cd7-91c6-4b937526b895,4e6460cf-e003-44f4-92cd-ef3e35d08bba,1.0,1.0
1850.0,308125.0,13.0,17.0,51.0,40.0,150.0,400150.0,1.0,0.0,0.0,1.0,0.0,1.0,0.0,0.0,20.0,F,B,3fe50129-4ac8-43ae-a868-74d53dd169a9,4e6460cf-e003-44f4-92cd-ef3e35d08bba,1.0,1.0
1850.0,308125.0,14.0,17.0,51.0,40.0,150.0,400150.0,1.0,0.0,0.0,1.0,0.0,1.0,0.0,0.0,16.0,F,B,3a5d513b-c139-4f44-87eb-06cfee268606,4e6460cf-e003-44f4-92cd-ef3e35d08bba,1.0,1.0
1850.0,308125.0,15.0,17.0,51.0,40.0,150.0,400150.0,1.0,0.0,0.0,1.0,0.0,1.0,0.0,0.0,13.0,F,B,8fc37041-a3a4-4ad9-80c8-ce7ff27b44b4,4e6460cf-e003-44f4-92cd-ef3e35d08bba,1.0,1.0
1850.0,308125.0,16.0,17.0,51.0,40.0,150.0,400150.0,1.0,0.0,0.0,1.0,0.0,1.0,0.0,0.0,10.0,F,B,ef0f5abd-8363-4c1d-9ee4-31a6b9f360cd,4e6460cf-e003-44f4-92cd-ef3e35d08bba,1.0,1.0
1850.0,308125.0,17.0,17.0,51.0,40.0,150.0,400150.0,1.0,0.0,0.0,1.0,0.0,1.0,0.0,0.0,0.0,F,B,0d65bbc5-f861-4ac6-a2e7-bde24afd27c5,4e6460cf-e003-44f4-92cd-ef3e35d08bba,1.0,1.0
1850.0,308118.0,1.0,4.0,51.0,40.0,150.0,400150.0,1.0,0.0,0.0,1.0,0.0,1.0,0.0,0.0,32.0,F,B,a5c120d9-07f3-42b3-bb83-535bcbc2e38b,08515c1b-bcc2-4e9c-a4d5-969ad13fd7ef,1.0,1.0
1850.0,308118.0,2.0,4.0,51.0,40.0,150.0,400150.0,1.0,0.0,0.0,1.0,0.0,1.0,0.0,0.0,17.0,F,B,7468554d-9adc-492e-a9b4-9971dfda01d2,08515c1b-bcc2-4e9c-a4d5-969ad13fd7ef,1.0,1.0
1850.0,308118.0,3.0,4.0,51.0,40.0,150.0,400150.0,1.0,0.0,0.0,1.0,0.0,1.0,0.0,0.0,9.0,F,B,5f0b2325-b9d6-4adc-96ef-4ad0a27e566b,08515c1b-bcc2-4e9c-a4d5-969ad13fd7ef,1.0,1.0
1850.0,308118.0,4.0,4.0,51.0,40.0,150.0,400150.0,1.0,0.0,0.0,1.0,0.0,1.0,0.0,0.0,7.0,F,B,04a55dcd-c845-4aa8-9f04-6e8f82b6ea3b,08515c1b-bcc2-4e9c-a4d5-969ad13fd7ef,1.0,1.0
1850.0,308126.0,1.0,5.0,51.0,40.0,150.0,400150.0,1.0,0.0,0.0,1.0,0.0,1.0,0.0,0.0,20.0,M,B,c79a1ba2-76de-49c2-b7b1-007592023ff0,,0.0,1.0
1850.0,308126.0,2.0,5.0,51.0,40.0,150.0,400150.0,1.0,0.0,0.0,1.0,0.0,1.0,0.0,0.0,15.0,M,B,09dbd11f-8758-4e0a-9f9f-5826c9fad714,,0.0,1.0
1850.0,308126.0,3.0,5.0,51.0,40.0,150.0,400150.0,1.0,0.0,0.0,1.0,0.0,1.0,0.0,0.0,65.0,F,B,eafb8d00-edbf-4f83-9e90-fb4822eea42b,,0.0,1.0
1850.0,308126.0,4.0,5.0,51.0,40.0,150.0,400150.0,1.0,0.0,0.0,1.0,0.0,1.0,0.0,0.0,10.0,F,B,bb98e506-5558-436a-b337-4f1f94b9dbac,,0.0,1.0
1850.0,308126.0,5.0,5.0,51.0,40.0,150.0,400150.0,1.0,0.0,0.0,1.0,0.0,1.0,0.0,0.0,25.0,M,B,f6f5bd51-fc76-40ba-9cc9-28c5eeaf7855,,0.0,1.0
1850.0,308127.0,1.0,19.0,51.0,40.0,150.0,400150.0,1.0,0.0,0.0,1.0,0.0,1.0,0.0,0.0,40.0,M,B,46274abd-7082-4ea5-8532-652dd6f7f0ed,21a471ad-63b2-40b9-88ac-5237bf86f18e,1.0,1.0
1850.0,308127.0,2.0,19.0,51.0,40.0,150.0,400150.0,1.0,0.0,0.0,1.0,0.0,1.0,0.0,0.0,32.0,M,B,a98c04d3-1ef8-4135-be52-d5efafec497f,21a471ad-63b2-40b9-88ac-5237bf86f18e,1.0,1.0
1850.0,308127.0,3.0,19.0,51.0,40.0,150.0,400150.0,1.0,0.0,0.0,1.0,0.0,1.0,0.0,0.0,25.0,M,B,42d88a51-97f7-43b7-8f7f-0076fc0ab6b8,21a471ad-63b2-40b9-88ac-5237bf86f18e,1.0,1.0
1850.0,308127.0,4.0,19.0,51.0,40.0,150.0,400150.0,1.0,0.0,0.0,1.0,0.0,1.0,0.0,0.0,20.0,M,B,fda2af2e-6b0a-4ebb-94de-250fc8bf7c55,21a471ad-63b2-40b9-88ac-5237bf86f18e,1.0,1.0
1850.0,308127.0,5.0,19.0,51.0,40.0,150.0,400150.0,1.0,0.0,0.0,1.0,0.0,1.0,0.0,0.0,18.0,M,B,072cad2c-f5b6-41da-8bc7-257f152815f0,21a471ad-63b2-40b9-88ac-5237bf86f18e,1.0,1.0
1850.0,308127.0,6.0,19.0,51.0,40.0,150.0,400150.0,1.0,0.0,0.0,1.0,0.0,1.0,0.0,0.0,18.0,M,B,978592c9-ce58-432e-b9a4-ec410017d0f9,21a471ad-63b2-40b9-88ac-5237bf86f18e,1.0,1.0
1850.0,308127.0,7.0,19.0,51.0,40.0,150.0,400150.0,1.0,0.0,0.0,1.0,0.0,1.0,0.0,0.0,16.0,M,B,58ec6953-fa78-488f-8fd4-59d3c05c4c34,21a471ad-63b2-40b9-88ac-5237bf86f18e,1.0,1.0
1850.0,308127.0,8.0,19.0,51.0,40.0,150.0,400150.0,1.0,0.0,0.0,1.0,0.0,1.0,0.0,0.0,18.0,M,B,29a791d6-0520-4856-b8c1-c3f591725631,21a471ad-63b2-40b9-88ac-5237bf86f18e,1.0,1.0
1850.0,308127.0,9.0,19.0,51.0,40.0,150.0,400150.0,1.0,0.0,0.0,1.0,0.0,1.0,0.0,0.0,16.0,M,B,9f8c4d67-a5de-44c1-a6a4-4dfc6ca4ccbe,21a471ad-63b2-40b9-88ac-5237bf86f18e,1.0,1.0
1850.0,308127.0,10.0,19.0,51.0,40.0,150.0,400150.0,1.0,0.0,0.0,1.0,0.0,1.0,0.0,0.0,17.0,M,B,b03d9ace-b4bd-47a3-a5d8-6626e38cba64,21a471ad-63b2-40b9-88ac-5237bf86f18e,1.0,1.0
1850.0,308127.0,11.0,19.0,51.0,40.0,150.0,400150.0,1.0,0.0,0.0,1.0,0.0,1.0,0.0,0.0,15.0,M,B,af2841ec-e711-41cd-8930-211344fe670c,21a471ad-63b2-40b9-88ac-5237bf86f18e,1.0,1.0
1850.0,308127.0,12.0,19.0,51.0,40.0,150.0,400150.0,1.0,0.0,0.0,1.0,0.0,1.0,0.0,0.0,15.0,M,B,99c3f552-271e-48ae-b9cf-af27905fc27b,21a471ad-63b2-40b9-88ac-5237bf86f18e,1.0,1.0
1850.0,308127.0,13.0,19.0,51.0,40.0,150.0,400150.0,1.0,0.0,0.0,1.0,0.0,1.0,0.0,0.0,14.0,M,B,5ea4bdbf-6ad6-4ea4-8e08-ce0166b0a7ce,21a471ad-63b2-40b9-88ac-5237bf86f18e,1.0,1.0
1850.0,308127.0,14.0,19.0,51.0,40.0,150.0,400150.0,1.0,0.0,0.0,1.0,0.0,1.0,0.0,0.0,10.0,M,B,5150bd5c-571c-43f1-8ce9-c1bce5346167,21a471ad-63b2-40b9-88ac-5237bf86f18e,1.0,1.0
1850.0,308127.0,15.0,19.0,51.0,40.0,150.0,400150.0,1.0,0.0,0.0,1.0,0.0,1.0,0.0,0.0,7.0,M,B,2ea19971-0776-4ff9-8712-3e64ec7b04e3,21a471ad-63b2-40b9-88ac-5237bf86f18e,1.0,1.0
1850.0,308127.0,16.0,19.0,51.0,40.0,150.0,400150.0,1.0,0.0,0.0,1.0,0.0,1.0,0.0,0.0,50.0,F,B,ec358b2f-bae0-4b79-81c9-fc9c6ae89f96,21a471ad-63b2-40b9-88ac-5237bf86f18e,1.0,1.0
1850.0,308127.0,17.0,19.0,51.0,40.0,150.0,400150.0,1.0,0.0,0.0,1.0,0.0,1.0,0.0,0.0,30.0,F,B,cea010ff-893a-4faf-9b4c-0af27d80e38f,21a471ad-63b2-40b9-88ac-5237bf86f18e,1.0,1.0
1850.0,308127.0,18.0,19.0,51.0,40.0,150.0,400150.0,1.0,0.0,0.0,1.0,0.0,1.0,0.0,0.0,12.0,F,B,653c26c2-07b4-4e91-983b-cbc0d5879ce0,21a471ad-63b2-40b9-88ac-5237bf86f18e,1.0,1.0
1850.0,308127.0,19.0,19.0,51.0,40.0,150.0,400150.0,1.0,0.0,0.0,1.0,0.0,1.0,0.0,0.0,20.0,M,B,00c40411-4635-4e19-9c3c-c93493d38b96,21a471ad-63b2-40b9-88ac-5237bf86f18e,1.0,1.0
1850.0,308128.0,1.0,6.0,51.0,40.0,150.0,400150.0,1.0,0.0,0.0,1.0,0.0,1.0,0.0,0.0,25.0,M,B,a89eca44-004b-477f-9785-561c197b5e8b,7b8b0c32-1a7c-441b-be14-a7b3f39c8403,1.0,1.0
1850.0,308128.0,2.0,6.0,51.0,40.0,150.0,400150.0,1.0,0.0,0.0,1.0,0.0,1.0,0.0,0.0,40.0,M,B,2aefe4f5-8c4a-40cf-b68c-6d857a2e2413,7b8b0c32-1a7c-441b-be14-a7b3f39c8403,1.0,1.0
1850.0,308128.0,3.0,6.0,51.0,40.0,150.0,400150.0,1.0,0.0,0.0,1.0,0.0,1.0,0.0,0.0,10.0,M,B,076cbc12-771c-4051-8990-8118e65232e6,7b8b0c32-1a7c-441b-be14-a7b3f39c8403,1.0,1.0
1850.0,308128.0,4.0,6.0,51.0,40.0,150.0,400150.0,1.0,0.0,0.0,1.0,0.0,1.0,0.0,0.0,26.0,M,B,09d9b6f7-f7a5-4710-8211-95162bf0769a,7b8b0c32-1a7c-441b-be14-a7b3f39c8403,1.0,1.0
1850.0,308128.0,5.0,6.0,51.0,40.0,150.0,400150.0,1.0,0.0,0.0,1.0,0.0,1.0,0.0,0.0,24.0,M,B,75560679-b4af-4003-a17c-8254f2ec73a6,7b8b0c32-1a7c-441b-be14-a7b3f39c8403,1.0,1.0
1850.0,308128.0,6.0,6.0,51.0,40.0,150.0,400150.0,1.0,0.0,0.0,1.0,0.0,1.0,0.0,0.0,19.0,F,B,d1245c40-35f6-4e9c-974c-e87ddacc97ab,7b8b0c32-1a7c-441b-be14-a7b3f39c8403,1.0,1.0
1850.0,308129.0,1.0,1.0,51.0,40.0,150.0,400150.0,1.0,0.0,0.0,1.0,0.0,1.0,0.0,0.0,11.0,M,B,3ad6b2e2-7b24-4db6-a3d0-e7f06b027352,fe55a6e5-e0aa-4817-8971-467bbce05af1,1.0,1.0
1850.0,308130.0,1.0,2.0,51.0,40.0,150.0,400150.0,1.0,0.0,0.0,1.0,0.0,1.0,0.0,0.0,10.0,M,B,4362d177-a69f-400b-a343-3a66cda7f71f,039509a5-683e-4980-bac8-e53c56de8b32,1.0,1.0
1850.0,308130.0,2.0,2.0,51.0,40.0,150.0,400150.0,1.0,0.0,0.0,1.0,0.0,1.0,0.0,0.0,28.0,F,B,5c4df2c1-effa-48a7-8c8d-00a62a2c275d,039509a5-683e-4980-bac8-e53c56de8b32,1.0,1.0
1850.0,308131.0,1.0,6.0,51.0,40.0,150.0,400150.0,1.0,0.0,0.0,1.0,0.0,1.0,0.0,0.0,50.0,M,B,96e778ef-766e-4200-a72c-5aa9e1827c6a,3ffa9c76-905f-4fd3-a48f-a70cdd6a999e,1.0,1.0
1850.0,308131.0,2.0,6.0,51.0,40.0,150.0,400150.0,1.0,0.0,0.0,1.0,0.0,1.0,0.0,0.0,11.0,M,B,f04d65af-7ca3-465c-9d85-58acda06a167,3ffa9c76-905f-4fd3-a48f-a70cdd6a999e,1.0,1.0
1850.0,308131.0,3.0,6.0,51.0,40.0,150.0,400150.0,1.0,0.0,0.0,1.0,0.0,1.0,0.0,0.0,50.0,F,B,8bf0b52c-aa78-4012-8500-edac1b8341e8,3ffa9c76-905f-4fd3-a48f-a70cdd6a999e,1.0,1.0
1850.0,308131.0,4.0,6.0,51.0,40.0,150.0,400150.0,1.0,0.0,0.0,1.0,0.0,1.0,0.0,0.0,27.0,F,B,a0b20931-8c38-474c-adc2-b5121610ea2f,3ffa9c76-905f-4fd3-a48f-a70cdd6a999e,1.0,1.0
1850.0,308131.0,5.0,6.0,51.0,40.0,150.0,400150.0,1.0,0.0,0.0,1.0,0.0,1.0,0.0,0.0,24.0,F,B,a90df940-362a-41a2-b87c-7a35cbd37429,3ffa9c76-905f-4fd3-a48f-a70cdd6a999e,1.0,1.0
1850.0,308131.0,6.0,6.0,51.0,40.0,150.0,400150.0,1.0,0.0,0.0,1.0,0.0,1.0,0.0,0.0,14.0,F,B,f6bf59a1-99dc-45eb-9d02-376870141799,3ffa9c76-905f-4fd3-a48f-a70cdd6a999e,1.0,1.0
1850.0,308132.0,1.0,7.0,51.0,40.0,150.0,400150.0,1.0,0.0,0.0,1.0,0.0,1.0,0.0,0.0,30.0,F,B,b2e51df0-39d5-44bd-8d11-8bbdc4ce9bee,,0.0,1.0
1850.0,308132.0,2.0,7.0,51.0,40.0,150.0,400150.0,1.0,0.0,0.0,1.0,0.0,1.0,0.0,0.0,20.0,F,B,4dec49b0-5401-4194-98fd-8fb0a5d55049,,0.0,1.0
1850.0,308132.0,3.0,7.0,51.0,40.0,150.0,400150.0,1.0,0.0,0.0,1.0,0.0,1.0,0.0,0.0,1.0,F,B,d7fa99b0-c3e2-4c3d-b3a4-ec059eb1c20b,,0.0,1.0
1850.0,308132.0,4.0,7.0,51.0,40.0,150.0,400150.0,1.0,0.0,0.0,1.0,0.0,1.0,0.0,0.0,46.0,M,B,06b18096-50db-4ac1-b95d-4c2a115447ee,,0.0,1.0
1850.0,308132.0,5.0,7.0,51.0,40.0,150.0,400150.0,1.0,0.0,0.0,1.0,0.0,1.0,0.0,0.0,35.0,M,B,e6e43507-5258-4c03-ae2d-9c22e2863996,,0.0,1.0
1850.0,308132.0,6.0,7.0,51.0,40.0,150.0,400150.0,1.0,0.0,0.0,1.0,0.0,1.0,0.0,0.0,22.0,M,B,428b250f-5cf6-4583-81bd-9fa2068cd284,,0.0,1.0
1850.0,308132.0,7.0,7.0,51.0,40.0,150.0,400150.0,1.0,0.0,0.0,1.0,0.0,1.0,0.0,0.0,47.0,F,B,a2959339-2488-4bc4-8ef1-eb05eeee2cef,,0.0,1.0
1850.0,308133.0,1.0,18.0,51.0,40.0,150.0,400150.0,1.0,0.0,0.0,1.0,0.0,1.0,0.0,0.0,70.0,M,B,5b0cf0c5-3211-4904-917f-2d6f6258429b,2d4f9394-7cff-41a3-83af-ad6afae085c5,1.0,1.0
1850.0,308133.0,2.0,18.0,51.0,40.0,150.0,400150.0,1.0,0.0,0.0,1.0,0.0,1.0,0.0,0.0,35.0,M,B,006d8c31-a674-4939-8709-c80a30160d5d,2d4f9394-7cff-41a3-83af-ad6afae085c5,1.0,1.0
1850.0,308133.0,3.0,18.0,51.0,40.0,150.0,400150.0,1.0,0.0,0.0,1.0,0.0,1.0,0.0,0.0,31.0,M,B,d0e38830-0e02-4385-87b1-26f71d6996cd,2d4f9394-7cff-41a3-83af-ad6afae085c5,1.0,1.0
1850.0,308133.0,4.0,18.0,51.0,40.0,150.0,400150.0,1.0,0.0,0.0,1.0,0.0,1.0,0.0,0.0,29.0,M,B,9bb356a0-eb03-4446-91e0-fbb970ef135e,2d4f9394-7cff-41a3-83af-ad6afae085c5,1.0,1.0
1850.0,308133.0,5.0,18.0,51.0,40.0,150.0,400150.0,1.0,0.0,0.0,1.0,0.0,1.0,0.0,0.0,26.0,M,B,2fc68b2c-bfbe-4161-af0b-8cdefaa131de,2d4f9394-7cff-41a3-83af-ad6afae085c5,1.0,1.0
1850.0,308133.0,6.0,18.0,51.0,40.0,150.0,400150.0,1.0,0.0,0.0,1.0,0.0,1.0,0.0,0.0,24.0,M,B,edfc4d02-6e55-4f70-9c6a-098fc6bd1149,2d4f9394-7cff-41a3-83af-ad6afae085c5,1.0,1.0
1850.0,308133.0,7.0,18.0,51.0,40.0,150.0,400150.0,1.0,0.0,0.0,1.0,0.0,1.0,0.0,0.0,22.0,M,B,c7d4b4d1-d15b-45d6-ae8e-7e3f39bad69f,2d4f9394-7cff-41a3-83af-ad6afae085c5,1.0,1.0
1850.0,308133.0,8.0,18.0,51.0,40.0,150.0,400150.0,1.0,0.0,0.0,1.0,0.0,1.0,0.0,0.0,11.0,M,B,7675b162-3905-4f22-9563-bfa31d96822c,2d4f9394-7cff-41a3-83af-ad6afae085c5,1.0,1.0
1850.0,308133.0,9.0,18.0,51.0,40.0,150.0,400150.0,1.0,0.0,0.0,1.0,0.0,1.0,0.0,0.0,5.0,M,B,53e25a49-b642-482c-8693-8bfc1d7df424,2d4f9394-7cff-41a3-83af-ad6afae085c5,1.0,1.0
1850.0,308133.0,10.0,18.0,51.0,40.0,150.0,400150.0,1.0,0.0,0.0,1.0,0.0,1.0,0.0,0.0,3.0,M,B,507455d3-c45c-48db-a7d5-079ae9603d38,2d4f9394-7cff-41a3-83af-ad6afae085c5,1.0,1.0
1850.0,308133.0,11.0,18.0,51.0,40.0,150.0,400150.0,1.0,0.0,0.0,1.0,0.0,1.0,0.0,0.0,1.0,M,B,3f322090-d5c2-44f8-b5d8-f52b9c4d5ad0,2d4f9394-7cff-41a3-83af-ad6afae085c5,1.0,1.0
1850.0,308133.0,12.0,18.0,51.0,40.0,150.0,400150.0,1.0,0.0,0.0,1.0,0.0,1.0,0.0,0.0,40.0,F,B,c668dbaa-62dc-4eb9-9b59-a8fac97d086e,2d4f9394-7cff-41a3-83af-ad6afae085c5,1.0,1.0
1850.0,308133.0,13.0,18.0,51.0,40.0,150.0,400150.0,1.0,0.0,0.0,1.0,0.0,1.0,0.0,0.0,27.0,F,B,0db381ae-9c08-48de-bf99-5363baa0bdb2,2d4f9394-7cff-41a3-83af-ad6afae085c5,1.0,1.0
1850.0,308133.0,14.0,18.0,51.0,40.0,150.0,400150.0,1.0,0.0,0.0,1.0,0.0,1.0,0.0,0.0,7.0,F,B,4f314907-f2d4-47c2-b8a7-9d50cbaf7ae7,2d4f9394-7cff-41a3-83af-ad6afae085c5,1.0,1.0
1850.0,308133.0,15.0,18.0,51.0,40.0,150.0,400150.0,1.0,0.0,0.0,1.0,0.0,1.0,0.0,0.0,5.0,F,B,98819680-17a5-4b30-a1f9-dab89ebc3d31,2d4f9394-7cff-41a3-83af-ad6afae085c5,1.0,1.0
1850.0,308133.0,16.0,18.0,51.0,40.0,150.0,400150.0,1.0,0.0,0.0,1.0,0.0,1.0,0.0,0.0,4.0,F,B,902637fa-a86f-4f03-8897-85b5b1fe916b,2d4f9394-7cff-41a3-83af-ad6afae085c5,1.0,1.0
1850.0,308133.0,17.0,18.0,51.0,40.0,150.0,400150.0,1.0,0.0,0.0,1.0,0.0,1.0,0.0,0.0,26.0,F,B,fd4fb16e-d63c-48ed-acb0-370419512d44,2d4f9394-7cff-41a3-83af-ad6afae085c5,1.0,1.0
1850.0,308133.0,18.0,18.0,51.0,40.0,150.0,400150.0,1.0,0.0,0.0,1.0,0.0,1.0,0.0,0.0,37.0,F,B,60053278-eb6f-4b35-88b6-0491aa71ead9,2d4f9394-7cff-41a3-83af-ad6afae085c5,1.0,1.0
1850.0,308134.0,1.0,4.0,51.0,40.0,150.0,400150.0,1.0,0.0,0.0,1.0,0.0,1.0,0.0,0.0,51.0,M,B,3b025960-3a1c-4427-882c-aa80f8192263,aa8f40e8-0c42-4690-8634-7ae3ea205eed,1.0,1.0
1850.0,308134.0,2.0,4.0,51.0,40.0,150.0,400150.0,1.0,0.0,0.0,1.0,0.0,1.0,0.0,0.0,50.0,M,B,5233ca3b-3b3a-4337-9c3c-43a0d976408e,aa8f40e8-0c42-4690-8634-7ae3ea205eed,1.0,1.0
1850.0,308134.0,3.0,4.0,51.0,40.0,150.0,400150.0,1.0,0.0,0.0,1.0,0.0,1.0,0.0,0.0,42.0,F,B,eea108b7-ffdd-4267-bf92-f0745980113b,aa8f40e8-0c42-4690-8634-7ae3ea205eed,1.0,1.0
1850.0,308134.0,4.0,4.0,51.0,40.0,150.0,400150.0,1.0,0.0,0.0,1.0,0.0,1.0,0.0,0.0,45.0,F,B,6a37938b-bcc6-4702-a943-9009d9ea97f6,aa8f40e8-0c42-4690-8634-7ae3ea205eed,1.0,1.0
1850.0,308135.0,1.0,7.0,51.0,40.0,150.0,400150.0,1.0,0.0,0.0,1.0,0.0,1.0,0.0,0.0,22.0,M,B,113dbff9-384f-489b-ad31-543cc993cb3d,3d90f4c5-d464-466a-b4da-eb05c04e5f0a,1.0,1.0
1850.0,308135.0,2.0,7.0,51.0,40.0,150.0,400150.0,1.0,0.0,0.0,1.0,0.0,1.0,0.0,0.0,13.0,M,B,f4e2aed1-b917-46d1-bf84-ef6f944df877,3d90f4c5-d464-466a-b4da-eb05c04e5f0a,1.0,1.0
1850.0,308135.0,3.0,7.0,51.0,40.0,150.0,400150.0,1.0,0.0,0.0,1.0,0.0,1.0,0.0,0.0,2.0,M,B,b7ee8b0a-2dd9-4277-98bc-0e8d123de146,3d90f4c5-d464-466a-b4da-eb05c04e5f0a,1.0,1.0
1850.0,308135.0,4.0,7.0,51.0,40.0,150.0,400150.0,1.0,0.0,0.0,1.0,0.0,1.0,0.0,0.0,45.0,F,B,bb64459b-0225-4130-909c-e66d23905b89,3d90f4c5-d464-466a-b4da-eb05c04e5f0a,1.0,1.0
1850.0,308135.0,5.0,7.0,51.0,40.0,150.0,400150.0,1.0,0.0,0.0,1.0,0.0,1.0,0.0,0.0,22.0,F,B,d2843c09-0eb3-47e7-978a-1679ef1e993e,3d90f4c5-d464-466a-b4da-eb05c04e5f0a,1.0,1.0
1850.0,308135.0,6.0,7.0,51.0,40.0,150.0,400150.0,1.0,0.0,0.0,1.0,0.0,1.0,0.0,0.0,18.0,F,B,60471850-8fe8-4d4a-8f5e-4bdac3439358,3d90f4c5-d464-466a-b4da-eb05c04e5f0a,1.0,1.0
1850.0,308135.0,7.0,7.0,51.0,40.0,150.0,400150.0,1.0,0.0,0.0,1.0,0.0,1.0,0.0,0.0,1.0,F,B,618112d2-5d4f-4236-9250-027f0f655d02,3d90f4c5-d464-466a-b4da-eb05c04e5f0a,1.0,1.0
1850.0,308136.0,1.0,1.0,51.0,40.0,150.0,400150.0,1.0,0.0,0.0,1.0,0.0,1.0,0.0,0.0,14.0,F,B,5b86db96-eaaf-4242-b2ac-5a365a6005b5,45f6ee41-a222-4590-8400-74b21d1436ce,1.0,1.0
1850.0,308137.0,1.0,1.0,51.0,40.0,150.0,400150.0,1.0,0.0,0.0,1.0,0.0,1.0,0.0,0.0,9.0,F,B,ed672a4d-c049-4b6b-9cdb-b7a07e006dc6,3266a9b1-0145-4a18-9b31-5986ddf88833,1.0,1.0
1850.0,308138.0,1.0,12.0,51.0,40.0,150.0,400150.0,1.0,0.0,0.0,1.0,0.0,1.0,0.0,0.0,5.0,F,B,21d60ddc-5524-476a-9dc9-9942cc2710eb,,0.0,1.0
1850.0,308138.0,2.0,12.0,51.0,40.0,150.0,400150.0,1.0,0.0,0.0,1.0,0.0,1.0,0.0,0.0,5.0,F,B,3f54a01f-5ea6-4d77-9208-b85b7e8e8d1f,,0.0,1.0
1850.0,308138.0,3.0,12.0,51.0,40.0,150.0,400150.0,1.0,0.0,0.0,1.0,0.0,1.0,0.0,0.0,2.0,F,B,8e758cd8-05f9-4be1-95d8-830696f80872,,0.0,1.0
1850.0,308138.0,4.0,12.0,51.0,40.0,150.0,400150.0,1.0,0.0,0.0,1.0,0.0,1.0,0.0,0.0,2.0,F,B,0c0cd499-d7af-4ec1-ab59-c31309ab2a1a,,0.0,1.0
1850.0,308138.0,5.0,12.0,51.0,40.0,150.0,400150.0,1.0,0.0,0.0,1.0,0.0,1.0,0.0,0.0,9.0,M,B,f16aa873-a780-458c-8e97-874089c9abe2,,0.0,1.0
1850.0,308138.0,6.0,12.0,51.0,40.0,150.0,400150.0,1.0,0.0,0.0,1.0,0.0,1.0,0.0,0.0,7.0,M,B,7be78aff-2122-4d94-9024-fd6d6d8ddbc5,,0.0,1.0
1850.0,308138.0,7.0,12.0,51.0,40.0,150.0,400150.0,1.0,0.0,0.0,1.0,0.0,1.0,0.0,0.0,7.0,M,B,a8ab773f-0f28-4c3e-bbff-3dba4ede2765,,0.0,1.0
1850.0,308138.0,8.0,12.0,51.0,40.0,150.0,400150.0,1.0,0.0,0.0,1.0,0.0,1.0,0.0,0.0,0.0,M,B,dc3f8f34-2710-46a5-bef6-94fa093d2feb,,0.0,1.0
1850.0,308138.0,9.0,12.0,51.0,40.0,150.0,400150.0,1.0,0.0,0.0,1.0,0.0,1.0,0.0,0.0,0.0,M,B,219545f2-4495-4c56-87e9-6800f9e078a7,,0.0,1.0
1850.0,308138.0,10.0,12.0,51.0,40.0,150.0,400150.0,1.0,0.0,0.0,1.0,0.0,1.0,0.0,0.0,30.0,F,B,4199d693-83ab-463a-91db-ee4e45cd5b47,,0.0,1.0
1850.0,308138.0,11.0,12.0,51.0,40.0,150.0,400150.0,1.0,0.0,0.0,1.0,0.0,1.0,0.0,0.0,23.0,F,B,1c8aa271-a90f-4fc4-8c12-45b74974e21c,,0.0,1.0
1850.0,308138.0,12.0,12.0,51.0,40.0,150.0,400150.0,1.0,0.0,0.0,1.0,0.0,1.0,0.0,0.0,12.0,F,B,9babd86e-f22e-4d3e-b065-935b52a934b0,,0.0,1.0
1850.0,308139.0,1.0,13.0,51.0,40.0,150.0,400150.0,1.0,0.0,0.0,1.0,0.0,1.0,0.0,0.0,56.0,M,B,21272796-186d-4ef5-ac99-8d5fd98b0b36,f9e3e722-15cc-4b31-9504-75be6d70df5c,1.0,1.0
1850.0,308139.0,2.0,13.0,51.0,40.0,150.0,400150.0,1.0,0.0,0.0,1.0,0.0,1.0,0.0,0.0,40.0,M,B,b24f3524-0166-4b85-8cb6-6ca8433e2767,f9e3e722-15cc-4b31-9504-75be6d70df5c,1.0,1.0
1850.0,308139.0,3.0,13.0,51.0,40.0,150.0,400150.0,1.0,0.0,0.0,1.0,0.0,1.0,0.0,0.0,20.0,M,B,164ea542-8fb2-4172-b7cc-6e1497637fd9,f9e3e722-15cc-4b31-9504-75be6d70df5c,1.0,1.0
1850.0,308139.0,4.0,13.0,51.0,40.0,150.0,400150.0,1.0,0.0,0.0,1.0,0.0,1.0,0.0,0.0,2.0,M,B,584a6f87-0309-4a44-8407-b66c38a04410,f9e3e722-15cc-4b31-9504-75be6d70df5c,1.0,1.0
1850.0,308139.0,5.0,13.0,51.0,40.0,150.0,400150.0,1.0,0.0,0.0,1.0,0.0,1.0,0.0,0.0,2.0,M,B,5bd056b5-70de-4da6-8354-c7257cc29351,f9e3e722-15cc-4b31-9504-75be6d70df5c,1.0,1.0
1850.0,308139.0,6.0,13.0,51.0,40.0,150.0,400150.0,1.0,0.0,0.0,1.0,0.0,1.0,0.0,0.0,1.0,M,B,1dcd56c7-2ab6-4789-9900-0e8ca181b412,f9e3e722-15cc-4b31-9504-75be6d70df5c,1.0,1.0
1850.0,308139.0,7.0,13.0,51.0,40.0,150.0,400150.0,1.0,0.0,0.0,1.0,0.0,1.0,0.0,0.0,42.0,M,B,bb059618-01ee-42dc-ac7a-0d685533a122,f9e3e722-15cc-4b31-9504-75be6d70df5c,1.0,1.0
1850.0,308139.0,8.0,13.0,51.0,40.0,150.0,400150.0,1.0,0.0,0.0,1.0,0.0,1.0,0.0,0.0,45.0,F,B,80ed2174-3120-4f65-bd16-027568f75194,f9e3e722-15cc-4b31-9504-75be6d70df5c,1.0,1.0
1850.0,308139.0,9.0,13.0,51.0,40.0,150.0,400150.0,1.0,0.0,0.0,1.0,0.0,1.0,0.0,0.0,48.0,F,B,a9117425-829a-4163-be14-64c67c4d3b2b,f9e3e722-15cc-4b31-9504-75be6d70df5c,1.0,1.0
1850.0,308139.0,10.0,13.0,51.0,40.0,150.0,400150.0,1.0,0.0,0.0,1.0,0.0,1.0,0.0,0.0,21.0,F,B,e5143489-37ab-4a4a-9188-df3e5fda3482,f9e3e722-15cc-4b31-9504-75be6d70df5c,1.0,1.0
1850.0,308139.0,11.0,13.0,51.0,40.0,150.0,400150.0,1.0,0.0,0.0,1.0,0.0,1.0,0.0,0.0,7.0,F,B,5d6d00df-3d54-483e-9c5f-c155c3b86958,f9e3e722-15cc-4b31-9504-75be6d70df5c,1.0,1.0
1850.0,308139.0,12.0,13.0,51.0,40.0,150.0,400150.0,1.0,0.0,0.0,1.0,0.0,1.0,0.0,0.0,5.0,F,B,bb0be85f-fa97-4e03-af98-36291093feca,f9e3e722-15cc-4b31-9504-75be6d70df5c,1.0,1.0
1850.0,308139.0,13.0,13.0,51.0,40.0,150.0,400150.0,1.0,0.0,0.0,1.0,0.0,1.0,0.0,0.0,1.0,F,B,23c14d64-3715-4354-8dc8-eef982d49073,f9e3e722-15cc-4b31-9504-75be6d70df5c,1.0,1.0
1850.0,308140.0,1.0,1.0,51.0,40.0,150.0,400150.0,1.0,0.0,0.0,1.0,0.0,1.0,0.0,0.0,16.0,F,B,2c405f49-9dd2-40ea-87f3-4ec218e5face,ec2f1051-fb74-49b3-a370-76f0d0ef2843,1.0,1.0
1850.0,308141.0,1.0,5.0,51.0,40.0,150.0,400150.0,1.0,0.0,0.0,1.0,0.0,1.0,0.0,0.0,12.0,M,B,c1f049e4-9cd0-46a9-9e84-4327cacaff31,d31d836e-f94c-4439-8ff1-1abb9cbaa475,1.0,1.0
1850.0,308141.0,2.0,5.0,51.0,40.0,150.0,400150.0,1.0,0.0,0.0,1.0,0.0,1.0,0.0,0.0,10.0,M,B,f74761ca-45bf-4f67-877e-e314de77ca70,d31d836e-f94c-4439-8ff1-1abb9cbaa475,1.0,1.0
1850.0,308141.0,3.0,5.0,51.0,40.0,150.0,400150.0,1.0,0.0,0.0,1.0,0.0,1.0,0.0,0.0,15.0,F,B,aa701618-d3af-4536-85b4-333daa002f54,d31d836e-f94c-4439-8ff1-1abb9cbaa475,1.0,1.0
1850.0,308141.0,4.0,5.0,51.0,40.0,150.0,400150.0,1.0,0.0,0.0,1.0,0.0,1.0,0.0,0.0,0.0,F,B,b376097f-ba76-45f1-b031-7ccc0f5c01a2,d31d836e-f94c-4439-8ff1-1abb9cbaa475,1.0,1.0
1850.0,308141.0,5.0,5.0,51.0,40.0,150.0,400150.0,1.0,0.0,0.0,1.0,0.0,1.0,0.0,0.0,70.0,F,B,065bd972-2b2a-4767-bfab-8fd9aa96c9cd,d31d836e-f94c-4439-8ff1-1abb9cbaa475,1.0,1.0
1850.0,308142.0,1.0,15.0,51.0,40.0,150.0,400150.0,1.0,0.0,0.0,1.0,0.0,1.0,0.0,0.0,25.0,M,B,daa2dceb-bc73-4b66-bbb3-a9c859edd3de,c45f77bd-d062-43a6-a343-d293a439fd17,1.0,1.0
1850.0,308142.0,2.0,15.0,51.0,40.0,150.0,400150.0,1.0,0.0,0.0,1.0,0.0,1.0,0.0,0.0,24.0,M,B,5c4f760c-1607-42ce-9bc0-7dd591e1ed34,c45f77bd-d062-43a6-a343-d293a439fd17,1.0,1.0
1850.0,308142.0,3.0,15.0,51.0,40.0,150.0,400150.0,1.0,0.0,0.0,1.0,0.0,1.0,0.0,0.0,12.0,M,B,b2bd5c4e-e3f2-4da8-80a5-569e807c54c8,c45f77bd-d062-43a6-a343-d293a439fd17,1.0,1.0
1850.0,308142.0,4.0,15.0,51.0,40.0,150.0,400150.0,1.0,0.0,0.0,1.0,0.0,1.0,0.0,0.0,9.0,M,B,49d4a6f2-f335-410a-b547-823e90afbab1,c45f77bd-d062-43a6-a343-d293a439fd17,1.0,1.0
1850.0,308142.0,5.0,15.0,51.0,40.0,150.0,400150.0,1.0,0.0,0.0,1.0,0.0,1.0,0.0,0.0,7.0,M,B,9998842a-4573-4d3c-b1fb-b9df01ef662f,c45f77bd-d062-43a6-a343-d293a439fd17,1.0,1.0
1850.0,308142.0,6.0,15.0,51.0,40.0,150.0,400150.0,1.0,0.0,0.0,1.0,0.0,1.0,0.0,0.0,6.0,M,B,a74e4bad-21a7-4c04-a92f-20b8ded6de60,c45f77bd-d062-43a6-a343-d293a439fd17,1.0,1.0
1850.0,308142.0,7.0,15.0,51.0,40.0,150.0,400150.0,1.0,0.0,0.0,1.0,0.0,1.0,0.0,0.0,5.0,M,B,5599b954-8a38-4097-9824-91cfd54ef523,c45f77bd-d062-43a6-a343-d293a439fd17,1.0,1.0
1850.0,308142.0,8.0,15.0,51.0,40.0,150.0,400150.0,1.0,0.0,0.0,1.0,0.0,1.0,0.0,0.0,4.0,M,B,8a5d42cf-0070-4f1e-8138-069c46330994,c45f77bd-d062-43a6-a343-d293a439fd17,1.0,1.0
1850.0,308142.0,9.0,15.0,51.0,40.0,150.0,400150.0,1.0,0.0,0.0,1.0,0.0,1.0,0.0,0.0,28.0,F,B,ef095fd2-8f8d-4616-aaee-a63fc8f851f2,c45f77bd-d062-43a6-a343-d293a439fd17,1.0,1.0
1850.0,308142.0,10.0,15.0,51.0,40.0,150.0,400150.0,1.0,0.0,0.0,1.0,0.0,1.0,0.0,0.0,25.0,F,B,d59a16c3-6b7f-4361-a4bd-62565d91c7ad,c45f77bd-d062-43a6-a343-d293a439fd17,1.0,1.0
1850.0,308142.0,11.0,15.0,51.0,40.0,150.0,400150.0,1.0,0.0,0.0,1.0,0.0,1.0,0.0,0.0,21.0,F,B,e68dfd7a-e756-42ef-8d49-45e6f8bff2a9,c45f77bd-d062-43a6-a343-d293a439fd17,1.0,1.0
1850.0,308142.0,12.0,15.0,51.0,40.0,150.0,400150.0,1.0,0.0,0.0,1.0,0.0,1.0,0.0,0.0,5.0,F,B,35a2728b-ba09-4e8e-9d47-2ab9fe9b6db3,c45f77bd-d062-43a6-a343-d293a439fd17,1.0,1.0
1850.0,308142.0,13.0,15.0,51.0,40.0,150.0,400150.0,1.0,0.0,0.0,1.0,0.0,1.0,0.0,0.0,2.0,F,B,d4a4a4c9-3fcb-4aef-ad32-23da6dad2283,c45f77bd-d062-43a6-a343-d293a439fd17,1.0,1.0
1850.0,308142.0,14.0,15.0,51.0,40.0,150.0,400150.0,1.0,0.0,0.0,1.0,0.0,1.0,0.0,0.0,1.0,F,B,64357e98-e7ab-4001-ae4d-d720a83a79dd,c45f77bd-d062-43a6-a343-d293a439fd17,1.0,1.0
1850.0,308142.0,15.0,15.0,51.0,40.0,150.0,400150.0,1.0,0.0,0.0,1.0,0.0,1.0,0.0,0.0,0.0,F,B,2c9b4e07-4231-4f88-a853-b3e81f432bd9,c45f77bd-d062-43a6-a343-d293a439fd17,1.0,1.0
1850.0,308143.0,1.0,7.0,51.0,40.0,150.0,400150.0,1.0,0.0,0.0,1.0,0.0,1.0,0.0,0.0,40.0,F,B,0f506f0c-a0ba-4ca1-909f-21c5af3a5837,,0.0,1.0
1850.0,308143.0,2.0,7.0,51.0,40.0,150.0,400150.0,1.0,0.0,0.0,1.0,0.0,1.0,0.0,0.0,20.0,F,B,af8676dc-d989-4c73-b005-c054852b3820,,0.0,1.0
1850.0,308143.0,3.0,7.0,51.0,40.0,150.0,400150.0,1.0,0.0,0.0,1.0,0.0,1.0,0.0,0.0,20.0,F,B,01e9df69-4f54-43a1-a0cc-03002a96a915,,0.0,1.0
1850.0,308143.0,4.0,7.0,51.0,40.0,150.0,400150.0,1.0,0.0,0.0,1.0,0.0,1.0,0.0,0.0,45.0,M,B,539fd8b3-f7a8-499c-8d1b-e1d6e9a1707a,,0.0,1.0
1850.0,308143.0,5.0,7.0,51.0,40.0,150.0,400150.0,1.0,0.0,0.0,1.0,0.0,1.0,0.0,0.0,35.0,M,B,59140873-a900-4b05-8e27-0d7e76909ad0,,0.0,1.0
1850.0,308143.0,6.0,7.0,51.0,40.0,150.0,400150.0,1.0,0.0,0.0,1.0,0.0,1.0,0.0,0.0,30.0,M,B,b4227b11-89c4-465d-a62c-c8a3f577e67f,,0.0,1.0
1850.0,308143.0,7.0,7.0,51.0,40.0,150.0,400150.0,1.0,0.0,0.0,1.0,0.0,1.0,0.0,0.0,24.0,M,B,32320816-ed05-484b-a7e6-c209453f6a82,,0.0,1.0
1850.0,308144.0,1.0,7.0,51.0,40.0,150.0,400150.0,1.0,0.0,0.0,1.0,0.0,1.0,0.0,0.0,50.0,M,B,69b56c8d-81ee-4dfc-bc7c-b6965ab7d610,008aa855-1874-4d44-ae87-496e4bd64432,1.0,1.0
1850.0,308144.0,2.0,7.0,51.0,40.0,150.0,400150.0,1.0,0.0,0.0,1.0,0.0,1.0,0.0,0.0,40.0,M,B,0b287039-a677-420a-8761-06f049871afb,008aa855-1874-4d44-ae87-496e4bd64432,1.0,1.0
1850.0,308144.0,3.0,7.0,51.0,40.0,150.0,400150.0,1.0,0.0,0.0,1.0,0.0,1.0,0.0,0.0,55.0,M,B,ece0f22a-b091-4381-8ddb-399de8717ae8,008aa855-1874-4d44-ae87-496e4bd64432,1.0,1.0
1850.0,308144.0,4.0,7.0,51.0,40.0,150.0,400150.0,1.0,0.0,0.0,1.0,0.0,1.0,0.0,0.0,46.0,F,B,abcf89a3-cb7c-486d-99ec-ce0ace1bdaba,008aa855-1874-4d44-ae87-496e4bd64432,1.0,1.0
1850.0,308144.0,5.0,7.0,51.0,40.0,150.0,400150.0,1.0,0.0,0.0,1.0,0.0,1.0,0.0,0.0,48.0,F,B,ea4d6fff-48be-4e6f-b64a-3113fc435a3e,008aa855-1874-4d44-ae87-496e4bd64432,1.0,1.0
1850.0,308144.0,6.0,7.0,51.0,40.0,150.0,400150.0,1.0,0.0,0.0,1.0,0.0,1.0,0.0,0.0,17.0,F,B,0a7da260-70a9-47aa-a592-21860b9a36cb,008aa855-1874-4d44-ae87-496e4bd64432,1.0,1.0
1850.0,308144.0,7.0,7.0,51.0,40.0,150.0,400150.0,1.0,0.0,0.0,1.0,0.0,1.0,0.0,0.0,0.0,F,B,df8b8272-e987-49ba-b4e7-b9cdaef6ae1e,008aa855-1874-4d44-ae87-496e4bd64432,1.0,1.0
1850.0,308145.0,1.0,1.0,51.0,40.0,150.0,400150.0,1.0,0.0,0.0,1.0,0.0,1.0,0.0,0.0,15.0,F,B,cd3b849c-9096-4455-acd0-4d3aeacb52dd,2ae32a73-36f8-4547-9c12-9b9e550a2fff,1.0,1.0
1850.0,308146.0,1.0,4.0,51.0,40.0,150.0,400150.0,1.0,0.0,0.0,1.0,0.0,1.0,0.0,0.0,60.0,M,B,e04fdb13-7607-4220-8fbd-b68db39d314a,884445fc-5271-4f36-b013-d8d5b5af05ec,1.0,1.0
1850.0,308146.0,2.0,4.0,51.0,40.0,150.0,400150.0,1.0,0.0,0.0,1.0,0.0,1.0,0.0,0.0,1.0,M,B,a3c221e5-adee-4aa6-a845-0bf8e23ca9e0,884445fc-5271-4f36-b013-d8d5b5af05ec,1.0,1.0
1850.0,308146.0,3.0,4.0,51.0,40.0,150.0,400150.0,1.0,0.0,0.0,1.0,0.0,1.0,0.0,0.0,30.0,F,B,d524ce41-3256-4e3e-9b21-8c7848fd2007,884445fc-5271-4f36-b013-d8d5b5af05ec,1.0,1.0
1850.0,308146.0,4.0,4.0,51.0,40.0,150.0,400150.0,1.0,0.0,0.0,1.0,0.0,1.0,0.0,0.0,32.0,F,B,98c3fba9-69dd-4971-a5c2-d81a20fe83bc,884445fc-5271-4f36-b013-d8d5b5af05ec,1.0,1.0
1850.0,308147.0,1.0,3.0,51.0,40.0,150.0,400150.0,1.0,0.0,0.0,1.0,0.0,1.0,0.0,0.0,45.0,F,B,2616f6a0-fd14-4e79-b484-b36da36c0f5e,0092bf73-1112-4cab-afbe-1d8dffa84579,1.0,1.0
1850.0,308147.0,2.0,3.0,51.0,40.0,150.0,400150.0,1.0,0.0,0.0,1.0,0.0,1.0,0.0,0.0,11.0,F,B,e7914b62-2217-4e62-92fb-a327e668ce37,0092bf73-1112-4cab-afbe-1d8dffa84579,1.0,1.0
1850.0,308147.0,3.0,3.0,51.0,40.0,150.0,400150.0,1.0,0.0,0.0,1.0,0.0,1.0,0.0,0.0,1.0,F,B,eb41777b-05c3-4668-82e2-ab1f3f77e9e8,0092bf73-1112-4cab-afbe-1d8dffa84579,1.0,1.0
1850.0,308148.0,1.0,26.0,51.0,40.0,150.0,400150.0,1.0,0.0,0.0,1.0,0.0,1.0,0.0,0.0,50.0,M,B,61bba897-d98f-4808-a74d-cf8aa8ba721e,,0.0,1.0
1850.0,308148.0,2.0,26.0,51.0,40.0,150.0,400150.0,1.0,0.0,0.0,1.0,0.0,1.0,0.0,0.0,26.0,M,B,3baebc0d-b3e0-4802-9e14-72ea0bd47723,,0.0,1.0
1850.0,308148.0,3.0,26.0,51.0,40.0,150.0,400150.0,1.0,0.0,0.0,1.0,0.0,1.0,0.0,0.0,35.0,M,B,41780b72-ea5c-499d-a2bf-ec7efcb9fabc,,0.0,1.0
1850.0,308148.0,4.0,26.0,51.0,40.0,150.0,400150.0,1.0,0.0,0.0,1.0,0.0,1.0,0.0,0.0,29.0,M,B,59dccfe1-ef48-431f-9b45-fb16ae7f76f0,,0.0,1.0
1850.0,308148.0,5.0,26.0,51.0,40.0,150.0,400150.0,1.0,0.0,0.0,1.0,0.0,1.0,0.0,0.0,20.0,M,B,7f50675e-3222-490e-a41a-77db1fd1ed96,,0.0,1.0
1850.0,308148.0,6.0,26.0,51.0,40.0,150.0,400150.0,1.0,0.0,0.0,1.0,0.0,1.0,0.0,0.0,20.0,M,B,f298c949-8c4d-4596-9268-649f5900585d,,0.0,1.0
1850.0,308148.0,7.0,26.0,51.0,40.0,150.0,400150.0,1.0,0.0,0.0,1.0,0.0,1.0,0.0,0.0,20.0,M,B,2b1f1249-417f-4135-a1a7-95decc7cf610,,0.0,1.0
1850.0,308148.0,8.0,26.0,51.0,40.0,150.0,400150.0,1.0,0.0,0.0,1.0,0.0,1.0,0.0,0.0,21.0,M,B,e1dd0614-3820-4e57-8ccf-638a9b48b555,,0.0,1.0
1850.0,308148.0,9.0,26.0,51.0,40.0,150.0,400150.0,1.0,0.0,0.0,1.0,0.0,1.0,0.0,0.0,17.0,M,B,2d578682-8d64-4402-87cc-3ea3020c88f8,,0.0,1.0
1850.0,308148.0,10.0,26.0,51.0,40.0,150.0,400150.0,1.0,0.0,0.0,1.0,0.0,1.0,0.0,0.0,10.0,M,B,dd199452-956d-4e22-ae66-597a10c9679a,,0.0,1.0
1850.0,308148.0,11.0,26.0,51.0,40.0,150.0,400150.0,1.0,0.0,0.0,1.0,0.0,1.0,0.0,0.0,10.0,M,B,d6eae056-570e-476c-801a-2147efaa8e10,,0.0,1.0
1850.0,308148.0,12.0,26.0,51.0,40.0,150.0,400150.0,1.0,0.0,0.0,1.0,0.0,1.0,0.0,0.0,10.0,M,B,9fb77634-e56a-45d5-94e2-d21052bd09ef,,0.0,1.0
1850.0,308148.0,13.0,26.0,51.0,40.0,150.0,400150.0,1.0,0.0,0.0,1.0,0.0,1.0,0.0,0.0,10.0,M,B,fddd3d2a-a889-4aa6-857a-fac3ab5eb319,,0.0,1.0
1850.0,308148.0,14.0,26.0,51.0,40.0,150.0,400150.0,1.0,0.0,0.0,1.0,0.0,1.0,0.0,0.0,35.0,M,B,adb7d00d-b4a1-4f00-a34a-319982c014a6,,0.0,1.0
1850.0,308148.0,15.0,26.0,51.0,40.0,150.0,400150.0,1.0,0.0,0.0,1.0,0.0,1.0,0.0,0.0,2.0,M,B,acc76c77-c357-4551-85b0-fb81ca8426d6,,0.0,1.0
1850.0,308148.0,16.0,26.0,51.0,40.0,150.0,400150.0,1.0,0.0,0.0,1.0,0.0,1.0,0.0,0.0,45.0,F,B,20c97f1d-1589-4425-b969-12b0a83554de,,0.0,1.0
1850.0,308148.0,17.0,26.0,51.0,40.0,150.0,400150.0,1.0,0.0,0.0,1.0,0.0,1.0,0.0,0.0,17.0,F,B,ab3e7804-a80c-4f0b-8691-e697849b51d3,,0.0,1.0
1850.0,308148.0,18.0,26.0,51.0,40.0,150.0,400150.0,1.0,0.0,0.0,1.0,0.0,1.0,0.0,0.0,18.0,F,B,cea431e0-c259-45ce-81c2-c6755b530ec0,,0.0,1.0
1850.0,308148.0,19.0,26.0,51.0,40.0,150.0,400150.0,1.0,0.0,0.0,1.0,0.0,1.0,0.0,0.0,32.0,F,B,eeb59969-4f08-4115-a51c-c3d05b68df1a,,0.0,1.0
1850.0,308148.0,20.0,26.0,51.0,40.0,150.0,400150.0,1.0,0.0,0.0,1.0,0.0,1.0,0.0,0.0,20.0,F,B,99363dc2-433e-4f08-94d0-accb694cd52a,,0.0,1.0
1850.0,308148.0,21.0,26.0,51.0,40.0,150.0,400150.0,1.0,0.0,0.0,1.0,0.0,1.0,0.0,0.0,4.0,F,B,e1af5ee6-b533-4ba6-9f7c-9439eee9d612,,0.0,1.0
1850.0,308148.0,22.0,26.0,51.0,40.0,150.0,400150.0,1.0,0.0,0.0,1.0,0.0,1.0,0.0,0.0,4.0,F,B,32844c44-7b26-4881-8e20-7921f99e4415,,0.0,1.0
1850.0,308148.0,23.0,26.0,51.0,40.0,150.0,400150.0,1.0,0.0,0.0,1.0,0.0,1.0,0.0,0.0,64.0,F,B,a90774a5-fd8e-4fdb-bc8b-0c2cc5c7b54b,,0.0,1.0
1850.0,308148.0,24.0,26.0,51.0,40.0,150.0,400150.0,1.0,0.0,0.0,1.0,0.0,1.0,0.0,0.0,28.0,F,B,71a5e419-ff44-48d2-abc5-49f081641347,,0.0,1.0
1850.0,308148.0,25.0,26.0,51.0,40.0,150.0,400150.0,1.0,0.0,0.0,1.0,0.0,1.0,0.0,0.0,18.0,F,B,dd5ce422-4e38-49c4-9431-0ad65a5fb72e,,0.0,1.0
1850.0,308148.0,26.0,26.0,51.0,40.0,150.0,400150.0,1.0,0.0,0.0,1.0,0.0,1.0,0.0,0.0,25.0,F,B,14b2646c-3ab2-4882-b9b0-749b1633e7a3,,0.0,1.0
1850.0,308149.0,1.0,5.0,51.0,40.0,150.0,400150.0,1.0,0.0,0.0,1.0,0.0,1.0,0.0,0.0,18.0,M,B,0381b1bc-2d4f-4ab1-8250-124950e88cd1,3046f367-d478-4b8d-b6db-4271ee590805,1.0,1.0
1850.0,308149.0,2.0,5.0,51.0,40.0,150.0,400150.0,1.0,0.0,0.0,1.0,0.0,1.0,0.0,0.0,13.0,M,B,30520d49-8f51-453c-ab12-1899b0a981de,3046f367-d478-4b8d-b6db-4271ee590805,1.0,1.0
1850.0,308149.0,3.0,5.0,51.0,40.0,150.0,400150.0,1.0,0.0,0.0,1.0,0.0,1.0,0.0,0.0,4.0,M,B,5736df6e-528c-4e5f-8db0-b5ba388e2b18,3046f367-d478-4b8d-b6db-4271ee590805,1.0,1.0
1850.0,308149.0,4.0,5.0,51.0,40.0,150.0,400150.0,1.0,0.0,0.0,1.0,0.0,1.0,0.0,0.0,19.0,F,B,ff18a951-6515-4451-8e24-b7cef2eec9b6,3046f367-d478-4b8d-b6db-4271ee590805,1.0,1.0
1850.0,308149.0,5.0,5.0,51.0,40.0,150.0,400150.0,1.0,0.0,0.0,1.0,0.0,1.0,0.0,0.0,1.0,F,B,4ff76284-e498-4b25-9060-5ecbc91edb15,3046f367-d478-4b8d-b6db-4271ee590805,1.0,1.0
1850.0,308150.0,1.0,26.0,51.0,40.0,150.0,400150.0,1.0,0.0,0.0,1.0,0.0,1.0,0.0,0.0,50.0,M,B,72ec7c83-7a97-4687-9731-18ab6b0c2559,7f4e5ba3-d562-4cd4-a0de-6671e49af90e,1.0,1.0
1850.0,308150.0,2.0,26.0,51.0,40.0,150.0,400150.0,1.0,0.0,0.0,1.0,0.0,1.0,0.0,0.0,20.0,M,B,1df6a538-3f53-4acb-99ba-bf5da70fbba0,7f4e5ba3-d562-4cd4-a0de-6671e49af90e,1.0,1.0
1850.0,308150.0,3.0,26.0,51.0,40.0,150.0,400150.0,1.0,0.0,0.0,1.0,0.0,1.0,0.0,0.0,10.0,M,B,29b573ab-3d0f-4e5c-bc77-dc2cc807bea8,7f4e5ba3-d562-4cd4-a0de-6671e49af90e,1.0,1.0
1850.0,308150.0,4.0,26.0,51.0,40.0,150.0,400150.0,1.0,0.0,0.0,1.0,0.0,1.0,0.0,0.0,21.0,M,B,3321617c-65b9-466c-b11b-91de1c2c17a0,7f4e5ba3-d562-4cd4-a0de-6671e49af90e,1.0,1.0
1850.0,308150.0,5.0,26.0,51.0,40.0,150.0,400150.0,1.0,0.0,0.0,1.0,0.0,1.0,0.0,0.0,13.0,M,B,d64c3f9e-203a-461c-ba31-d1e047a2f63a,7f4e5ba3-d562-4cd4-a0de-6671e49af90e,1.0,1.0
1850.0,308150.0,6.0,26.0,51.0,40.0,150.0,400150.0,1.0,0.0,0.0,1.0,0.0,1.0,0.0,0.0,60.0,M,B,f80284ce-8f7d-42e2-9843-10d939503228,7f4e5ba3-d562-4cd4-a0de-6671e49af90e,1.0,1.0
1850.0,308150.0,7.0,26.0,51.0,40.0,150.0,400150.0,1.0,0.0,0.0,1.0,0.0,1.0,0.0,0.0,23.0,M,B,5fdbce8d-6939-4339-86d5-ade26a975818,7f4e5ba3-d562-4cd4-a0de-6671e49af90e,1.0,1.0
1850.0,308150.0,8.0,26.0,51.0,40.0,150.0,400150.0,1.0,0.0,0.0,1.0,0.0,1.0,0.0,0.0,19.0,M,B,c6e2d2bb-a43f-4480-9386-9a2355b03a00,7f4e5ba3-d562-4cd4-a0de-6671e49af90e,1.0,1.0
1850.0,308150.0,9.0,26.0,51.0,40.0,150.0,400150.0,1.0,0.0,0.0,1.0,0.0,1.0,0.0,0.0,15.0,M,B,71f13cbe-a8ed-4719-96c9-69dd04e10cdc,7f4e5ba3-d562-4cd4-a0de-6671e49af90e,1.0,1.0
1850.0,308150.0,10.0,26.0,51.0,40.0,150.0,400150.0,1.0,0.0,0.0,1.0,0.0,1.0,0.0,0.0,25.0,M,B,4f5be9bb-846f-45db-b6ca-5f366609027a,7f4e5ba3-d562-4cd4-a0de-6671e49af90e,1.0,1.0
1850.0,308150.0,11.0,26.0,51.0,40.0,150.0,400150.0,1.0,0.0,0.0,1.0,0.0,1.0,0.0,0.0,15.0,M,B,09f7e828-fb81-4a0d-b182-a5bfa4f9a26c,7f4e5ba3-d562-4cd4-a0de-6671e49af90e,1.0,1.0
1850.0,308150.0,12.0,26.0,51.0,40.0,150.0,400150.0,1.0,0.0,0.0,1.0,0.0,1.0,0.0,0.0,25.0,M,B,1e3e3292-a55e-459e-9ef6-5d0564b8be79,7f4e5ba3-d562-4cd4-a0de-6671e49af90e,1.0,1.0
1850.0,308150.0,13.0,26.0,51.0,40.0,150.0,400150.0,1.0,0.0,0.0,1.0,0.0,1.0,0.0,0.0,50.0,F,B,5768ec8c-e152-4353-8a63-3f1531eef6a5,7f4e5ba3-d562-4cd4-a0de-6671e49af90e,1.0,1.0
1850.0,308150.0,14.0,26.0,51.0,40.0,150.0,400150.0,1.0,0.0,0.0,1.0,0.0,1.0,0.0,0.0,50.0,F,B,d883a62c-175d-483a-a598-262adc052f3a,7f4e5ba3-d562-4cd4-a0de-6671e49af90e,1.0,1.0
1850.0,308150.0,15.0,26.0,51.0,40.0,150.0,400150.0,1.0,0.0,0.0,1.0,0.0,1.0,0.0,0.0,45.0,F,B,8ad67a55-9408-4044-8b6d-47e5c891492b,7f4e5ba3-d562-4cd4-a0de-6671e49af90e,1.0,1.0
1850.0,308150.0,16.0,26.0,51.0,40.0,150.0,400150.0,1.0,0.0,0.0,1.0,0.0,1.0,0.0,0.0,21.0,F,B,c22c19bc-f997-4e97-9121-06b8a9a64426,7f4e5ba3-d562-4cd4-a0de-6671e49af90e,1.0,1.0
1850.0,308150.0,17.0,26.0,51.0,40.0,150.0,400150.0,1.0,0.0,0.0,1.0,0.0,1.0,0.0,0.0,26.0,F,B,67038a48-8456-4506-8c0e-7fcc493e6a6c,7f4e5ba3-d562-4cd4-a0de-6671e49af90e,1.0,1.0
1850.0,308150.0,18.0,26.0,51.0,40.0,150.0,400150.0,1.0,0.0,0.0,1.0,0.0,1.0,0.0,0.0,25.0,F,B,3be9dcfc-4f66-4e23-9f71-92a60e614128,7f4e5ba3-d562-4cd4-a0de-6671e49af90e,1.0,1.0
1850.0,308150.0,19.0,26.0,51.0,40.0,150.0,400150.0,1.0,0.0,0.0,1.0,0.0,1.0,0.0,0.0,19.0,F,B,95076266-9067-4e2c-9e7e-c30553a92341,7f4e5ba3-d562-4cd4-a0de-6671e49af90e,1.0,1.0
1850.0,308150.0,20.0,26.0,51.0,40.0,150.0,400150.0,1.0,0.0,0.0,1.0,0.0,1.0,0.0,0.0,26.0,F,B,e830b098-3873-400e-91ea-bed4536b724b,7f4e5ba3-d562-4cd4-a0de-6671e49af90e,1.0,1.0
1850.0,308150.0,21.0,26.0,51.0,40.0,150.0,400150.0,1.0,0.0,0.0,1.0,0.0,1.0,0.0,0.0,21.0,F,B,bd982f9e-3288-4944-b98b-fc1d79f29862,7f4e5ba3-d562-4cd4-a0de-6671e49af90e,1.0,1.0
1850.0,308150.0,22.0,26.0,51.0,40.0,150.0,400150.0,1.0,0.0,0.0,1.0,0.0,1.0,0.0,0.0,14.0,F,B,c5a7a8a4-5dc3-4035-9c1a-c59301c6f45a,7f4e5ba3-d562-4cd4-a0de-6671e49af90e,1.0,1.0
1850.0,308150.0,23.0,26.0,51.0,40.0,150.0,400150.0,1.0,0.0,0.0,1.0,0.0,1.0,0.0,0.0,4.0,F,B,34d06a0e-68b7-4432-97cf-6af9c917ccf2,7f4e5ba3-d562-4cd4-a0de-6671e49af90e,1.0,1.0
1850.0,308150.0,24.0,26.0,51.0,40.0,150.0,400150.0,1.0,0.0,0.0,1.0,0.0,1.0,0.0,0.0,1.0,F,B,18d4d6a6-a376-4203-90c7-9b861964c808,7f4e5ba3-d562-4cd4-a0de-6671e49af90e,1.0,1.0
1850.0,308150.0,25.0,26.0,51.0,40.0,150.0,400150.0,1.0,0.0,0.0,1.0,0.0,1.0,0.0,0.0,0.0,F,B,6a7d7be5-90e5-4609-8c6d-07441335c099,7f4e5ba3-d562-4cd4-a0de-6671e49af90e,1.0,1.0
1850.0,308150.0,26.0,26.0,51.0,40.0,150.0,400150.0,1.0,0.0,0.0,1.0,0.0,1.0,0.0,0.0,2.0,F,B,283e6132-cbb3-4d77-8aa2-2b1599f940fb,7f4e5ba3-d562-4cd4-a0de-6671e49af90e,1.0,1.0
1850.0,308151.0,1.0,24.0,51.0,40.0,150.0,400150.0,1.0,0.0,0.0,1.0,0.0,1.0,0.0,0.0,35.0,M,B,b7eb7a34-e14b-4164-88b1-a125bd6de8a8,025930d6-04e7-4cbd-ac93-453a444b9a59,1.0,1.0
1850.0,308151.0,2.0,24.0,51.0,40.0,150.0,400150.0,1.0,0.0,0.0,1.0,0.0,1.0,0.0,0.0,23.0,M,B,1872c5ea-7196-497b-bbf3-9c22c1615690,025930d6-04e7-4cbd-ac93-453a444b9a59,1.0,1.0
1850.0,308151.0,3.0,24.0,51.0,40.0,150.0,400150.0,1.0,0.0,0.0,1.0,0.0,1.0,0.0,0.0,11.0,M,B,c14e3fea-bb6f-4cfb-8c37-d8c649ed1cbe,025930d6-04e7-4cbd-ac93-453a444b9a59,1.0,1.0
1850.0,308151.0,4.0,24.0,51.0,40.0,150.0,400150.0,1.0,0.0,0.0,1.0,0.0,1.0,0.0,0.0,13.0,M,B,f4d57405-8f40-4526-b653-feef14007c1b,025930d6-04e7-4cbd-ac93-453a444b9a59,1.0,1.0
1850.0,308151.0,5.0,24.0,51.0,40.0,150.0,400150.0,1.0,0.0,0.0,1.0,0.0,1.0,0.0,0.0,55.0,F,B,450c5913-c345-4bde-8055-63213fb90264,025930d6-04e7-4cbd-ac93-453a444b9a59,1.0,1.0
1850.0,308151.0,6.0,24.0,51.0,40.0,150.0,400150.0,1.0,0.0,0.0,1.0,0.0,1.0,0.0,0.0,43.0,F,B,56b75ccf-d77a-4e3e-8d23-73ad9fcb7887,025930d6-04e7-4cbd-ac93-453a444b9a59,1.0,1.0
1850.0,308151.0,7.0,24.0,51.0,40.0,150.0,400150.0,1.0,0.0,0.0,1.0,0.0,1.0,0.0,0.0,30.0,F,B,476b034c-fc7a-45e8-914e-0fee3f5a922a,025930d6-04e7-4cbd-ac93-453a444b9a59,1.0,1.0
1850.0,308151.0,8.0,24.0,51.0,40.0,150.0,400150.0,1.0,0.0,0.0,1.0,0.0,1.0,0.0,0.0,22.0,F,B,b56c4678-579d-489d-b400-299f455758e3,025930d6-04e7-4cbd-ac93-453a444b9a59,1.0,1.0
1850.0,308151.0,9.0,24.0,51.0,40.0,150.0,400150.0,1.0,0.0,0.0,1.0,0.0,1.0,0.0,0.0,22.0,F,B,d94e862a-6414-45e1-bd07-2d17bc7a83b2,025930d6-04e7-4cbd-ac93-453a444b9a59,1.0,1.0
1850.0,308151.0,10.0,24.0,51.0,40.0,150.0,400150.0,1.0,0.0,0.0,1.0,0.0,1.0,0.0,0.0,25.0,F,B,e3f8c9a1-c5f7-48c6-9e98-5f5a50d3541e,025930d6-04e7-4cbd-ac93-453a444b9a59,1.0,1.0
1850.0,308151.0,11.0,24.0,51.0,40.0,150.0,400150.0,1.0,0.0,0.0,1.0,0.0,1.0,0.0,0.0,21.0,F,B,2094998f-3262-4287-b644-ce4fa545ce63,025930d6-04e7-4cbd-ac93-453a444b9a59,1.0,1.0
1850.0,308151.0,12.0,24.0,51.0,40.0,150.0,400150.0,1.0,0.0,0.0,1.0,0.0,1.0,0.0,0.0,43.0,M,B,48bc419d-6dbf-487f-8de0-c473c8436f1c,025930d6-04e7-4cbd-ac93-453a444b9a59,1.0,1.0
1850.0,308151.0,13.0,24.0,51.0,40.0,150.0,400150.0,1.0,0.0,0.0,1.0,0.0,1.0,0.0,0.0,21.0,F,B,77cef380-ab8a-4b62-936a-2e7911202f6b,025930d6-04e7-4cbd-ac93-453a444b9a59,1.0,1.0
1850.0,308151.0,14.0,24.0,51.0,40.0,150.0,400150.0,1.0,0.0,0.0,1.0,0.0,1.0,0.0,0.0,18.0,F,B,74c797cf-e933-4d4b-9cdc-c799a68db8f7,025930d6-04e7-4cbd-ac93-453a444b9a59,1.0,1.0
1850.0,308151.0,15.0,24.0,51.0,40.0,150.0,400150.0,1.0,0.0,0.0,1.0,0.0,1.0,0.0,0.0,23.0,F,B,b9259656-9cce-4354-b519-b100bc56d1fb,025930d6-04e7-4cbd-ac93-453a444b9a59,1.0,1.0
1850.0,308151.0,16.0,24.0,51.0,40.0,150.0,400150.0,1.0,0.0,0.0,1.0,0.0,1.0,0.0,0.0,11.0,F,B,5c4253ab-5efd-4fb0-8c7d-39c581066ab9,025930d6-04e7-4cbd-ac93-453a444b9a59,1.0,1.0
1850.0,308151.0,17.0,24.0,51.0,40.0,150.0,400150.0,1.0,0.0,0.0,1.0,0.0,1.0,0.0,0.0,13.0,F,B,3a94685a-6af1-4b85-8dca-48cbb079dd88,025930d6-04e7-4cbd-ac93-453a444b9a59,1.0,1.0
1850.0,308151.0,18.0,24.0,51.0,40.0,150.0,400150.0,1.0,0.0,0.0,1.0,0.0,1.0,0.0,0.0,30.0,M,B,2cc738a0-8dad-49e6-8d39-93b4c7c629af,025930d6-04e7-4cbd-ac93-453a444b9a59,1.0,1.0
1850.0,308151.0,19.0,24.0,51.0,40.0,150.0,400150.0,1.0,0.0,0.0,1.0,0.0,1.0,0.0,0.0,22.0,M,B,9b961121-26c3-4123-ba5e-11e038f2021f,025930d6-04e7-4cbd-ac93-453a444b9a59,1.0,1.0
1850.0,308151.0,20.0,24.0,51.0,40.0,150.0,400150.0,1.0,0.0,0.0,1.0,0.0,1.0,0.0,0.0,22.0,M,B,577c1a14-b325-4935-b704-ffb917053866,025930d6-04e7-4cbd-ac93-453a444b9a59,1.0,1.0
1850.0,308151.0,21.0,24.0,51.0,40.0,150.0,400150.0,1.0,0.0,0.0,1.0,0.0,1.0,0.0,0.0,25.0,M,B,ee945c0a-f3c4-4969-bcf9-d31263fbbfbd,025930d6-04e7-4cbd-ac93-453a444b9a59,1.0,1.0
1850.0,308151.0,22.0,24.0,51.0,40.0,150.0,400150.0,1.0,0.0,0.0,1.0,0.0,1.0,0.0,0.0,20.0,M,B,06af355f-e5a6-4415-bda4-fffa62758c49,025930d6-04e7-4cbd-ac93-453a444b9a59,1.0,1.0
1850.0,308151.0,23.0,24.0,51.0,40.0,150.0,400150.0,1.0,0.0,0.0,1.0,0.0,1.0,0.0,0.0,20.0,M,B,d26d66a7-ac06-44c4-9092-6b2560e20c64,025930d6-04e7-4cbd-ac93-453a444b9a59,1.0,1.0
1850.0,308151.0,24.0,24.0,51.0,40.0,150.0,400150.0,1.0,0.0,0.0,1.0,0.0,1.0,0.0,0.0,18.0,M,B,d66bffe7-8bb9-4584-9cc5-d8ca4ee0291b,025930d6-04e7-4cbd-ac93-453a444b9a59,1.0,1.0
1850.0,308152.0,1.0,35.0,51.0,40.0,150.0,400150.0,1.0,0.0,0.0,1.0,0.0,1.0,0.0,0.0,51.0,M,B,95b1703f-414c-4705-9135-fa2b15d9ee0e,4860eef5-80f6-4991-90bd-bf87a6dc041e,1.0,1.0
1850.0,308152.0,2.0,35.0,51.0,40.0,150.0,400150.0,1.0,0.0,0.0,1.0,0.0,1.0,0.0,0.0,25.0,M,B,a7d4b3b3-1048-4a11-8819-d615dc458256,4860eef5-80f6-4991-90bd-bf87a6dc041e,1.0,1.0
1850.0,308152.0,3.0,35.0,51.0,40.0,150.0,400150.0,1.0,0.0,0.0,1.0,0.0,1.0,0.0,0.0,38.0,M,B,081c46b3-9ded-4e29-8f58-88e286f8a2e9,4860eef5-80f6-4991-90bd-bf87a6dc041e,1.0,1.0
1850.0,308152.0,4.0,35.0,51.0,40.0,150.0,400150.0,1.0,0.0,0.0,1.0,0.0,1.0,0.0,0.0,40.0,M,B,c7f6b898-62c7-4e93-a3c7-fcd8dda40edd,4860eef5-80f6-4991-90bd-bf87a6dc041e,1.0,1.0
1850.0,308152.0,5.0,35.0,51.0,40.0,150.0,400150.0,1.0,0.0,0.0,1.0,0.0,1.0,0.0,0.0,35.0,M,B,fd5cab95-8bb0-430f-89cd-778caa770ef5,4860eef5-80f6-4991-90bd-bf87a6dc041e,1.0,1.0
1850.0,308152.0,6.0,35.0,51.0,40.0,150.0,400150.0,1.0,0.0,0.0,1.0,0.0,1.0,0.0,0.0,24.0,M,B,e22a2ee0-ca49-43c6-bb69-3ce64ddf2f5b,4860eef5-80f6-4991-90bd-bf87a6dc041e,1.0,1.0
1850.0,308152.0,7.0,35.0,51.0,40.0,150.0,400150.0,1.0,0.0,0.0,1.0,0.0,1.0,0.0,0.0,20.0,M,B,442636c7-ff14-4d91-b0f2-6eb6db2fcd2e,4860eef5-80f6-4991-90bd-bf87a6dc041e,1.0,1.0
1850.0,308152.0,8.0,35.0,51.0,40.0,150.0,400150.0,1.0,0.0,0.0,1.0,0.0,1.0,0.0,0.0,40.0,M,B,abc183bf-1818-481f-b904-67c05a33c15e,4860eef5-80f6-4991-90bd-bf87a6dc041e,1.0,1.0
1850.0,308152.0,9.0,35.0,51.0,40.0,150.0,400150.0,1.0,0.0,0.0,1.0,0.0,1.0,0.0,0.0,25.0,M,B,0c590979-6ece-4f68-8eae-3f5a9d55ff55,4860eef5-80f6-4991-90bd-bf87a6dc041e,1.0,1.0
1850.0,308152.0,10.0,35.0,51.0,40.0,150.0,400150.0,1.0,0.0,0.0,1.0,0.0,1.0,0.0,0.0,40.0,M,B,c885dc0d-ad6a-4ec2-a19a-811f279352ab,4860eef5-80f6-4991-90bd-bf87a6dc041e,1.0,1.0
1850.0,308152.0,11.0,35.0,51.0,40.0,150.0,400150.0,1.0,0.0,0.0,1.0,0.0,1.0,0.0,0.0,51.0,M,B,0ad3a321-1e88-4bf7-b073-6c13d83e55e9,4860eef5-80f6-4991-90bd-bf87a6dc041e,1.0,1.0
1850.0,308152.0,12.0,35.0,51.0,40.0,150.0,400150.0,1.0,0.0,0.0,1.0,0.0,1.0,0.0,0.0,16.0,M,B,d15e217b-5c3d-4e7e-bd83-bb2773af9bb2,4860eef5-80f6-4991-90bd-bf87a6dc041e,1.0,1.0
1850.0,308152.0,13.0,35.0,51.0,40.0,150.0,400150.0,1.0,0.0,0.0,1.0,0.0,1.0,0.0,0.0,25.0,M,B,ace94a30-a790-4981-a762-7ab66bdf853e,4860eef5-80f6-4991-90bd-bf87a6dc041e,1.0,1.0
1850.0,308152.0,14.0,35.0,51.0,40.0,150.0,400150.0,1.0,0.0,0.0,1.0,0.0,1.0,0.0,0.0,14.0,M,B,91272b2c-bf3a-401f-a14d-84fbb13586b1,4860eef5-80f6-4991-90bd-bf87a6dc041e,1.0,1.0
1850.0,308152.0,15.0,35.0,51.0,40.0,150.0,400150.0,1.0,0.0,0.0,1.0,0.0,1.0,0.0,0.0,50.0,M,B,36d67068-b94b-48d1-bb3c-a279319fffdb,4860eef5-80f6-4991-90bd-bf87a6dc041e,1.0,1.0
1850.0,308152.0,16.0,35.0,51.0,40.0,150.0,400150.0,1.0,0.0,0.0,1.0,0.0,1.0,0.0,0.0,18.0,F,B,6be02738-9147-4523-a004-97080a0a61da,4860eef5-80f6-4991-90bd-bf87a6dc041e,1.0,1.0
1850.0,308152.0,17.0,35.0,51.0,40.0,150.0,400150.0,1.0,0.0,0.0,1.0,0.0,1.0,0.0,0.0,30.0,F,B,680f2be3-ce19-4070-92e7-404ed9d0fc58,4860eef5-80f6-4991-90bd-bf87a6dc041e,1.0,1.0
1850.0,308152.0,18.0,35.0,51.0,40.0,150.0,400150.0,1.0,0.0,0.0,1.0,0.0,1.0,0.0,0.0,19.0,F,B,8d01ed1b-baf4-4585-a368-478e1e8a6863,4860eef5-80f6-4991-90bd-bf87a6dc041e,1.0,1.0
1850.0,308152.0,19.0,35.0,51.0,40.0,150.0,400150.0,1.0,0.0,0.0,1.0,0.0,1.0,0.0,0.0,55.0,F,B,ed7ba9f6-0995-415e-832b-96e905598c13,4860eef5-80f6-4991-90bd-bf87a6dc041e,1.0,1.0
1850.0,308152.0,20.0,35.0,51.0,40.0,150.0,400150.0,1.0,0.0,0.0,1.0,0.0,1.0,0.0,0.0,40.0,F,B,85a74206-b44e-4bc9-be5a-5b546e753391,4860eef5-80f6-4991-90bd-bf87a6dc041e,1.0,1.0
1850.0,308152.0,21.0,35.0,51.0,40.0,150.0,400150.0,1.0,0.0,0.0,1.0,0.0,1.0,0.0,0.0,50.0,F,B,99efbea6-835e-4ced-b4cf-7edf889d7694,4860eef5-80f6-4991-90bd-bf87a6dc041e,1.0,1.0
1850.0,308152.0,22.0,35.0,51.0,40.0,150.0,400150.0,1.0,0.0,0.0,1.0,0.0,1.0,0.0,0.0,35.0,F,B,79fd8059-afa7-48d3-a766-a0754f81206b,4860eef5-80f6-4991-90bd-bf87a6dc041e,1.0,1.0
1850.0,308152.0,23.0,35.0,51.0,40.0,150.0,400150.0,1.0,0.0,0.0,1.0,0.0,1.0,0.0,0.0,18.0,F,B,2e510d75-e23a-4ddd-b98f-b130a535c10d,4860eef5-80f6-4991-90bd-bf87a6dc041e,1.0,1.0
1850.0,308152.0,24.0,35.0,51.0,40.0,150.0,400150.0,1.0,0.0,0.0,1.0,0.0,1.0,0.0,0.0,30.0,F,B,0a0a4fc2-cee2-402a-85a6-691b8aa17b07,4860eef5-80f6-4991-90bd-bf87a6dc041e,1.0,1.0
1850.0,308152.0,25.0,35.0,51.0,40.0,150.0,400150.0,1.0,0.0,0.0,1.0,0.0,1.0,0.0,0.0,14.0,F,B,c4431c75-6d3e-410c-a9dd-e6dc1cc416d4,4860eef5-80f6-4991-90bd-bf87a6dc041e,1.0,1.0
1850.0,308152.0,26.0,35.0,51.0,40.0,150.0,400150.0,1.0,0.0,0.0,1.0,0.0,1.0,0.0,0.0,13.0,F,B,0cfd404d-10f1-40fa-9176-48f29ce1abbf,4860eef5-80f6-4991-90bd-bf87a6dc041e,1.0,1.0
1850.0,308152.0,27.0,35.0,51.0,40.0,150.0,400150.0,1.0,0.0,0.0,1.0,0.0,1.0,0.0,0.0,7.0,F,B,e4d81cd0-06de-4134-8e76-ca4a5eeb5a2b,4860eef5-80f6-4991-90bd-bf87a6dc041e,1.0,1.0
1850.0,308152.0,28.0,35.0,51.0,40.0,150.0,400150.0,1.0,0.0,0.0,1.0,0.0,1.0,0.0,0.0,45.0,F,B,530f82fb-1368-48c0-bc27-420341575b3f,4860eef5-80f6-4991-90bd-bf87a6dc041e,1.0,1.0
1850.0,308152.0,29.0,35.0,51.0,40.0,150.0,400150.0,1.0,0.0,0.0,1.0,0.0,1.0,0.0,0.0,16.0,F,B,f4833456-57bf-4251-ba9b-f737809f1b45,4860eef5-80f6-4991-90bd-bf87a6dc041e,1.0,1.0
1850.0,308152.0,30.0,35.0,51.0,40.0,150.0,400150.0,1.0,0.0,0.0,1.0,0.0,1.0,0.0,0.0,45.0,F,B,e7444499-3b0f-497d-a976-aab5dad0af53,4860eef5-80f6-4991-90bd-bf87a6dc041e,1.0,1.0
1850.0,308152.0,31.0,35.0,51.0,40.0,150.0,400150.0,1.0,0.0,0.0,1.0,0.0,1.0,0.0,0.0,35.0,F,B,cdfa3292-f5e9-4a37-9a12-f084ee3309aa,4860eef5-80f6-4991-90bd-bf87a6dc041e,1.0,1.0
1850.0,308152.0,32.0,35.0,51.0,40.0,150.0,400150.0,1.0,0.0,0.0,1.0,0.0,1.0,0.0,0.0,35.0,F,B,2dc5f3ef-fd2d-4cad-9ab3-17b785949054,4860eef5-80f6-4991-90bd-bf87a6dc041e,1.0,1.0
1850.0,308152.0,33.0,35.0,51.0,40.0,150.0,400150.0,1.0,0.0,0.0,1.0,0.0,1.0,0.0,0.0,25.0,F,B,f5a14e3a-2f76-491b-a0bb-b17d44d037f6,4860eef5-80f6-4991-90bd-bf87a6dc041e,1.0,1.0
1850.0,308152.0,34.0,35.0,51.0,40.0,150.0,400150.0,1.0,0.0,0.0,1.0,0.0,1.0,0.0,0.0,20.0,F,B,efc54312-7539-4095-9e8d-1bda608caa11,4860eef5-80f6-4991-90bd-bf87a6dc041e,1.0,1.0
1850.0,308152.0,35.0,35.0,51.0,40.0,150.0,400150.0,1.0,0.0,0.0,1.0,0.0,1.0,0.0,0.0,24.0,F,B,824aa11d-50e6-4caa-85b5-6f9d89b83649,4860eef5-80f6-4991-90bd-bf87a6dc041e,1.0,1.0
1850.0,308153.0,1.0,3.0,51.0,40.0,150.0,400150.0,1.0,0.0,0.0,1.0,0.0,1.0,0.0,0.0,40.0,M,B,ecb65706-6d8a-419f-a6cc-f79e705b53b6,a43097f5-9584-49ad-bfed-46e786dc32c6,1.0,1.0
1850.0,308153.0,2.0,3.0,51.0,40.0,150.0,400150.0,1.0,0.0,0.0,1.0,0.0,1.0,0.0,0.0,40.0,F,B,4e3c3e5a-8634-4e50-9c10-35702c6388b3,a43097f5-9584-49ad-bfed-46e786dc32c6,1.0,1.0
1850.0,308153.0,3.0,3.0,51.0,40.0,150.0,400150.0,1.0,0.0,0.0,1.0,0.0,1.0,0.0,0.0,41.0,F,B,34af93c4-df37-4908-9247-fcaf07602b33,a43097f5-9584-49ad-bfed-46e786dc32c6,1.0,1.0
1850.0,308154.0,1.0,12.0,51.0,40.0,150.0,400150.0,1.0,0.0,0.0,1.0,0.0,1.0,0.0,0.0,45.0,M,B,63f5ad94-7e1d-46c6-adf3-ce9f17edc8f3,d6343a03-f7b3-450c-994e-b765f969572e,1.0,1.0
1850.0,308154.0,2.0,12.0,51.0,40.0,150.0,400150.0,1.0,0.0,0.0,1.0,0.0,1.0,0.0,0.0,19.0,M,B,9aaa7529-6d8f-4806-b5d5-c000757a9325,d6343a03-f7b3-450c-994e-b765f969572e,1.0,1.0
1850.0,308154.0,3.0,12.0,51.0,40.0,150.0,400150.0,1.0,0.0,0.0,1.0,0.0,1.0,0.0,0.0,14.0,M,B,43e567bb-7f35-4d78-8bef-4e24e87d0a3a,d6343a03-f7b3-450c-994e-b765f969572e,1.0,1.0
1850.0,308154.0,4.0,12.0,51.0,40.0,150.0,400150.0,1.0,0.0,0.0,1.0,0.0,1.0,0.0,0.0,55.0,F,B,ed851f96-a6bd-4fbc-8326-c8c5ce7c7c8c,d6343a03-f7b3-450c-994e-b765f969572e,1.0,1.0
1850.0,308154.0,5.0,12.0,51.0,40.0,150.0,400150.0,1.0,0.0,0.0,1.0,0.0,1.0,0.0,0.0,58.0,F,B,6a367e6f-3209-417e-8286-a54a0dd178a1,d6343a03-f7b3-450c-994e-b765f969572e,1.0,1.0
1850.0,308154.0,6.0,12.0,51.0,40.0,150.0,400150.0,1.0,0.0,0.0,1.0,0.0,1.0,0.0,0.0,40.0,F,B,07cd7b8e-f469-4051-8d8d-abfe29cb8206,d6343a03-f7b3-450c-994e-b765f969572e,1.0,1.0
1850.0,308154.0,7.0,12.0,51.0,40.0,150.0,400150.0,1.0,0.0,0.0,1.0,0.0,1.0,0.0,0.0,20.0,F,B,b18abb29-019a-4bcf-8c3a-4ae58ffbfd04,d6343a03-f7b3-450c-994e-b765f969572e,1.0,1.0
1850.0,308154.0,8.0,12.0,51.0,40.0,150.0,400150.0,1.0,0.0,0.0,1.0,0.0,1.0,0.0,0.0,10.0,F,B,853b4635-d386-471d-8f7e-42fd2327865b,d6343a03-f7b3-450c-994e-b765f969572e,1.0,1.0
1850.0,308154.0,9.0,12.0,51.0,40.0,150.0,400150.0,1.0,0.0,0.0,1.0,0.0,1.0,0.0,0.0,7.0,F,B,7a7b2627-1ff6-4c5a-a2df-0d14a7a9c7bc,d6343a03-f7b3-450c-994e-b765f969572e,1.0,1.0
1850.0,308154.0,10.0,12.0,51.0,40.0,150.0,400150.0,1.0,0.0,0.0,1.0,0.0,1.0,0.0,0.0,3.0,F,B,5dfbabd5-ed02-428c-b39a-b39f2846f2a8,d6343a03-f7b3-450c-994e-b765f969572e,1.0,1.0
1850.0,308154.0,11.0,12.0,51.0,40.0,150.0,400150.0,1.0,0.0,0.0,1.0,0.0,1.0,0.0,0.0,2.0,F,B,9604ae77-716f-4e92-841a-8845703498b5,d6343a03-f7b3-450c-994e-b765f969572e,1.0,1.0
1850.0,308154.0,12.0,12.0,51.0,40.0,150.0,400150.0,1.0,0.0,0.0,1.0,0.0,1.0,0.0,0.0,0.0,F,B,b0f1367b-da8f-4168-a5d9-94d275c1b3f3,d6343a03-f7b3-450c-994e-b765f969572e,1.0,1.0
1850.0,308155.0,1.0,2.0,51.0,40.0,150.0,400150.0,1.0,0.0,0.0,1.0,0.0,1.0,0.0,0.0,28.0,M,B,10855b42-c777-4f4f-a89c-b50de3c9a846,82b698a0-3daa-47d8-99e5-6a80f6e055b3,3.0,1.0
1850.0,308155.0,2.0,2.0,51.0,40.0,150.0,400150.0,1.0,0.0,0.0,1.0,0.0,1.0,0.0,0.0,27.0,M,B,c15fab47-5811-46d9-9d2b-87cbb7f0f7dd,82b698a0-3daa-47d8-99e5-6a80f6e055b3,3.0,1.0
1850.0,308156.0,1.0,1.0,51.0,40.0,150.0,400150.0,1.0,0.0,0.0,1.0,0.0,1.0,0.0,0.0,30.0,M,B,de02d1f8-9180-4195-bf75-44883270d4fb,e284a176-045a-4883-a84a-c334310c427e,3.0,1.0
1850.0,308157.0,1.0,1.0,51.0,40.0,150.0,400150.0,1.0,0.0,0.0,1.0,0.0,1.0,0.0,0.0,35.0,M,B,d414ab93-5e3b-4828-8a1b-96c4756e3543,,0.0,1.0
1850.0,308158.0,1.0,1.0,51.0,40.0,150.0,400150.0,1.0,0.0,0.0,1.0,0.0,1.0,0.0,0.0,50.0,M,B,bbc4c1cd-633e-40c2-8612-440be0b91724,,0.0,1.0
1850.0,308159.0,1.0,1.0,51.0,40.0,150.0,400150.0,1.0,0.0,0.0,1.0,0.0,1.0,0.0,0.0,24.0,M,B,861a2040-710c-4045-8864-118711600296,bc4c050b-2893-45d9-933c-8b4f07615509,4.0,1.0
1850.0,308160.0,1.0,6.0,51.0,40.0,150.0,400150.0,1.0,0.0,0.0,1.0,0.0,1.0,0.0,0.0,40.0,M,B,263ab9f3-6a8e-4719-8e23-d8a55547aa33,7ee3ceb7-7519-44ed-b240-95b3fd572100,3.0,1.0
1850.0,308160.0,2.0,6.0,51.0,40.0,150.0,400150.0,1.0,0.0,0.0,1.0,0.0,1.0,0.0,0.0,16.0,M,B,08b22e51-fc7d-46f8-9a9e-0fb5a7fc7288,7ee3ceb7-7519-44ed-b240-95b3fd572100,3.0,1.0
1850.0,308160.0,3.0,6.0,51.0,40.0,150.0,400150.0,1.0,0.0,0.0,1.0,0.0,1.0,0.0,0.0,13.0,M,B,33b1b14f-aa09-4091-90d9-9d468a8b64ce,7ee3ceb7-7519-44ed-b240-95b3fd572100,3.0,1.0
1850.0,308160.0,4.0,6.0,51.0,40.0,150.0,400150.0,1.0,0.0,0.0,1.0,0.0,1.0,0.0,0.0,13.0,M,B,2d0484ee-30da-44f3-bb02-692acf045b29,7ee3ceb7-7519-44ed-b240-95b3fd572100,3.0,1.0
1850.0,308160.0,5.0,6.0,51.0,40.0,150.0,400150.0,1.0,0.0,0.0,1.0,0.0,1.0,0.0,0.0,12.0,M,B,5c42a25c-e157-4b35-8b35-adf2b68d8cd7,7ee3ceb7-7519-44ed-b240-95b3fd572100,3.0,1.0
1850.0,308160.0,6.0,6.0,51.0,40.0,150.0,400150.0,1.0,0.0,0.0,1.0,0.0,1.0,0.0,0.0,10.0,M,B,d2e99861-5d8c-4747-9637-79b0167f0f24,7ee3ceb7-7519-44ed-b240-95b3fd572100,3.0,1.0
1850.0,308162.0,1.0,9.0,51.0,40.0,150.0,400150.0,1.0,0.0,0.0,1.0,0.0,1.0,0.0,0.0,34.0,M,B,c930bcbb-08bc-4c74-9891-1ccda004aa13,,0.0,1.0
1850.0,308162.0,2.0,9.0,51.0,40.0,150.0,400150.0,1.0,0.0,0.0,1.0,0.0,1.0,0.0,0.0,5.0,M,B,097870f7-55d6-487b-8097-72c0f702a2a5,,0.0,1.0
1850.0,308162.0,3.0,9.0,51.0,40.0,150.0,400150.0,1.0,0.0,0.0,1.0,0.0,1.0,0.0,0.0,3.0,M,B,347dbd80-56a3-4b3b-834a-459a8745f475,,0.0,1.0
1850.0,308162.0,4.0,9.0,51.0,40.0,150.0,400150.0,1.0,0.0,0.0,1.0,0.0,1.0,0.0,0.0,1.0,M,B,db0daa80-49c4-475d-8cf2-47ef5eb1033c,,0.0,1.0
1850.0,308162.0,5.0,9.0,51.0,40.0,150.0,400150.0,1.0,0.0,0.0,1.0,0.0,1.0,0.0,0.0,29.0,F,B,026bec47-b711-4de6-a8c3-dd783239f777,,0.0,1.0
1850.0,308162.0,6.0,9.0,51.0,40.0,150.0,400150.0,1.0,0.0,0.0,1.0,0.0,1.0,0.0,0.0,22.0,F,B,44ce148e-eb45-44d8-9350-ea5b00379b6f,,0.0,1.0
1850.0,308162.0,7.0,9.0,51.0,40.0,150.0,400150.0,1.0,0.0,0.0,1.0,0.0,1.0,0.0,0.0,17.0,F,B,0b090af0-3398-4c0a-8e7b-bd8d2de8ab33,,0.0,1.0
1850.0,308162.0,8.0,9.0,51.0,40.0,150.0,400150.0,1.0,0.0,0.0,1.0,0.0,1.0,0.0,0.0,2.0,F,B,3eb6acde-91cf-4435-9576-142c613415fa,,0.0,1.0
1850.0,308162.0,9.0,9.0,51.0,40.0,150.0,400150.0,1.0,0.0,0.0,1.0,0.0,1.0,0.0,0.0,30.0,M,B,5bb91cfd-a61e-4f95-9c78-2b29f812daab,,0.0,1.0
1850.0,308161.0,1.0,6.0,51.0,40.0,150.0,400150.0,1.0,0.0,0.0,1.0,0.0,1.0,0.0,0.0,54.0,M,B,590bfc12-c445-476c-a862-96cd9b8335ec,0d647f1c-ecdb-4165-bfe2-b0fcf01097f6,1.0,1.0
1850.0,308161.0,2.0,6.0,51.0,40.0,150.0,400150.0,1.0,0.0,0.0,1.0,0.0,1.0,0.0,0.0,22.0,M,B,6f76ed37-f23b-4a95-a4f4-62758690dbf0,0d647f1c-ecdb-4165-bfe2-b0fcf01097f6,1.0,1.0
1850.0,308161.0,3.0,6.0,51.0,40.0,150.0,400150.0,1.0,0.0,0.0,1.0,0.0,1.0,0.0,0.0,19.0,M,B,05cf0c1e-c9b1-4ac1-84fb-1c2219694869,0d647f1c-ecdb-4165-bfe2-b0fcf01097f6,1.0,1.0
1850.0,308161.0,4.0,6.0,51.0,40.0,150.0,400150.0,1.0,0.0,0.0,1.0,0.0,1.0,0.0,0.0,17.0,M,B,63d2634d-bd8c-472a-8794-e23c888bdabf,0d647f1c-ecdb-4165-bfe2-b0fcf01097f6,1.0,1.0
1850.0,308161.0,5.0,6.0,51.0,40.0,150.0,400150.0,1.0,0.0,0.0,1.0,0.0,1.0,0.0,0.0,20.0,M,B,f14ff9d5-7060-4707-a5ed-556cb6f7c979,0d647f1c-ecdb-4165-bfe2-b0fcf01097f6,1.0,1.0
1850.0,308161.0,6.0,6.0,51.0,40.0,150.0,400150.0,1.0,0.0,0.0,1.0,0.0,1.0,0.0,0.0,15.0,M,B,6e6addc1-fb02-422e-890e-62b7719b9c2c,0d647f1c-ecdb-4165-bfe2-b0fcf01097f6,1.0,1.0
1850.0,308163.0,1.0,13.0,51.0,40.0,150.0,400150.0,1.0,0.0,0.0,1.0,0.0,1.0,0.0,0.0,70.0,M,B,15be4c52-b9ef-4639-8e8c-a44f169395c9,fdd7c023-cae5-4ea2-8bc3-39e64dc390d4,1.0,1.0
1850.0,308163.0,2.0,13.0,51.0,40.0,150.0,400150.0,1.0,0.0,0.0,1.0,0.0,1.0,0.0,0.0,36.0,F,B,4712f2e5-4281-425e-8cf2-8f3dde07c084,fdd7c023-cae5-4ea2-8bc3-39e64dc390d4,1.0,1.0
1850.0,308163.0,3.0,13.0,51.0,40.0,150.0,400150.0,1.0,0.0,0.0,1.0,0.0,1.0,0.0,0.0,31.0,F,B,d8aaad0d-3218-4712-9f1e-818d7878f22e,fdd7c023-cae5-4ea2-8bc3-39e64dc390d4,1.0,1.0
1850.0,308163.0,4.0,13.0,51.0,40.0,150.0,400150.0,1.0,0.0,0.0,1.0,0.0,1.0,0.0,0.0,2.0,F,B,b877bcef-9aa1-4228-8e6c-3f7561696a4d,fdd7c023-cae5-4ea2-8bc3-39e64dc390d4,1.0,1.0
1850.0,308163.0,5.0,13.0,51.0,40.0,150.0,400150.0,1.0,0.0,0.0,1.0,0.0,1.0,0.0,0.0,0.0,F,B,73875a29-9c06-433e-9437-83321ecd0217,fdd7c023-cae5-4ea2-8bc3-39e64dc390d4,1.0,1.0
1850.0,308163.0,6.0,13.0,51.0,40.0,150.0,400150.0,1.0,0.0,0.0,1.0,0.0,1.0,0.0,0.0,60.0,M,B,06393f23-a8ce-44e5-a7f4-c2bae40ef250,fdd7c023-cae5-4ea2-8bc3-39e64dc390d4,1.0,1.0
1850.0,308163.0,7.0,13.0,51.0,40.0,150.0,400150.0,1.0,0.0,0.0,1.0,0.0,1.0,0.0,0.0,35.0,M,B,7ca3d11c-058b-4b66-85a3-0d817a372474,fdd7c023-cae5-4ea2-8bc3-39e64dc390d4,1.0,1.0
1850.0,308163.0,8.0,13.0,51.0,40.0,150.0,400150.0,1.0,0.0,0.0,1.0,0.0,1.0,0.0,0.0,33.0,M,B,60d033d7-fb79-4750-bb66-b71e14c37d91,fdd7c023-cae5-4ea2-8bc3-39e64dc390d4,1.0,1.0
1850.0,308163.0,9.0,13.0,51.0,40.0,150.0,400150.0,1.0,0.0,0.0,1.0,0.0,1.0,0.0,0.0,29.0,M,B,319c1946-509b-486f-a2e6-8c1cef21aae4,fdd7c023-cae5-4ea2-8bc3-39e64dc390d4,1.0,1.0
1850.0,308163.0,10.0,13.0,51.0,40.0,150.0,400150.0,1.0,0.0,0.0,1.0,0.0,1.0,0.0,0.0,27.0,M,B,ef294d2f-d535-401d-b12c-67337631e2b4,fdd7c023-cae5-4ea2-8bc3-39e64dc390d4,1.0,1.0
1850.0,308163.0,11.0,13.0,51.0,40.0,150.0,400150.0,1.0,0.0,0.0,1.0,0.0,1.0,0.0,0.0,21.0,M,B,fe8fe367-0d13-4824-9da2-310de1335e7c,fdd7c023-cae5-4ea2-8bc3-39e64dc390d4,1.0,1.0
1850.0,308163.0,12.0,13.0,51.0,40.0,150.0,400150.0,1.0,0.0,0.0,1.0,0.0,1.0,0.0,0.0,12.0,M,B,84a3d25c-5d81-449d-b1c1-6110832eb1a9,fdd7c023-cae5-4ea2-8bc3-39e64dc390d4,1.0,1.0
1850.0,308163.0,13.0,13.0,51.0,40.0,150.0,400150.0,1.0,0.0,0.0,1.0,0.0,1.0,0.0,0.0,5.0,M,B,8e856f0f-2379-4a12-b378-fb32d81ecb93,fdd7c023-cae5-4ea2-8bc3-39e64dc390d4,1.0,1.0
1850.0,308164.0,1.0,10.0,51.0,40.0,150.0,400150.0,1.0,0.0,0.0,1.0,0.0,1.0,0.0,0.0,26.0,M,B,ff748541-be1e-4f52-bdd1-45fdbcec9059,ed12310e-6308-49e2-bbcf-ef9982c750c3,1.0,1.0
1850.0,308164.0,2.0,10.0,51.0,40.0,150.0,400150.0,1.0,0.0,0.0,1.0,0.0,1.0,0.0,0.0,21.0,M,B,912af9b7-55b4-4ddd-9b12-fcade76c23f1,ed12310e-6308-49e2-bbcf-ef9982c750c3,1.0,1.0
1850.0,308164.0,3.0,10.0,51.0,40.0,150.0,400150.0,1.0,0.0,0.0,1.0,0.0,1.0,0.0,0.0,28.0,F,B,bcabe280-0c9b-4810-96c3-5fd6417fdefd,ed12310e-6308-49e2-bbcf-ef9982c750c3,1.0,1.0
1850.0,308164.0,4.0,10.0,51.0,40.0,150.0,400150.0,1.0,0.0,0.0,1.0,0.0,1.0,0.0,0.0,12.0,F,B,cde4d685-fe53-4cf4-b955-3f7bb43f62ad,ed12310e-6308-49e2-bbcf-ef9982c750c3,1.0,1.0
1850.0,308164.0,5.0,10.0,51.0,40.0,150.0,400150.0,1.0,0.0,0.0,1.0,0.0,1.0,0.0,0.0,10.0,M,B,160bbd8e-5c96-454e-83ae-bed806b61231,ed12310e-6308-49e2-bbcf-ef9982c750c3,1.0,1.0
1850.0,308164.0,6.0,10.0,51.0,40.0,150.0,400150.0,1.0,0.0,0.0,1.0,0.0,1.0,0.0,0.0,8.0,F,B,203712f4-4faf-4ec6-b182-4ac189d49b73,ed12310e-6308-49e2-bbcf-ef9982c750c3,1.0,1.0
1850.0,308164.0,7.0,10.0,51.0,40.0,150.0,400150.0,1.0,0.0,0.0,1.0,0.0,1.0,0.0,0.0,6.0,F,B,636f8bf4-2d29-46f7-b9d7-b82b81a34fe3,ed12310e-6308-49e2-bbcf-ef9982c750c3,1.0,1.0
1850.0,308164.0,8.0,10.0,51.0,40.0,150.0,400150.0,1.0,0.0,0.0,1.0,0.0,1.0,0.0,0.0,4.0,F,B,aabd1c38-4db0-4921-a425-91dbc54a15ec,ed12310e-6308-49e2-bbcf-ef9982c750c3,1.0,1.0
1850.0,308164.0,9.0,10.0,51.0,40.0,150.0,400150.0,1.0,0.0,0.0,1.0,0.0,1.0,0.0,0.0,3.0,M,B,c9aff3eb-53c5-4b1f-b70b-195ac5bf3231,ed12310e-6308-49e2-bbcf-ef9982c750c3,1.0,1.0
1850.0,308164.0,10.0,10.0,51.0,40.0,150.0,400150.0,1.0,0.0,0.0,1.0,0.0,1.0,0.0,0.0,0.0,M,B,00339f1e-d4b8-44bb-994b-61d6878feb6e,ed12310e-6308-49e2-bbcf-ef9982c750c3,1.0,1.0
1850.0,308165.0,1.0,13.0,51.0,40.0,150.0,400150.0,1.0,0.0,0.0,1.0,0.0,1.0,0.0,0.0,80.0,F,B,ba8fe3ac-dba9-4b90-a0f2-3dafb05abe33,85b49c19-ab68-4c65-9a00-bcefedcdf70f,1.0,1.0
1850.0,308165.0,2.0,13.0,51.0,40.0,150.0,400150.0,1.0,0.0,0.0,1.0,0.0,1.0,0.0,0.0,60.0,M,B,6d2653a4-99b1-4d81-aa20-278640890cb7,85b49c19-ab68-4c65-9a00-bcefedcdf70f,1.0,1.0
1850.0,308165.0,3.0,13.0,51.0,40.0,150.0,400150.0,1.0,0.0,0.0,1.0,0.0,1.0,0.0,0.0,27.0,M,B,e7b0ab10-09f8-41cf-ae65-8da04819877e,85b49c19-ab68-4c65-9a00-bcefedcdf70f,1.0,1.0
1850.0,308165.0,4.0,13.0,51.0,40.0,150.0,400150.0,1.0,0.0,0.0,1.0,0.0,1.0,0.0,0.0,14.0,M,B,c3269114-fb0b-4a82-9175-e0a18a0e2aea,85b49c19-ab68-4c65-9a00-bcefedcdf70f,1.0,1.0
1850.0,308165.0,5.0,13.0,51.0,40.0,150.0,400150.0,1.0,0.0,0.0,1.0,0.0,1.0,0.0,0.0,31.0,F,B,a14fdf88-44c1-425c-ad52-52b309e7c8a5,85b49c19-ab68-4c65-9a00-bcefedcdf70f,1.0,1.0
1850.0,308165.0,6.0,13.0,51.0,40.0,150.0,400150.0,1.0,0.0,0.0,1.0,0.0,1.0,0.0,0.0,26.0,F,B,b1158fe8-e4d3-4afa-b3d9-7354897a06d6,85b49c19-ab68-4c65-9a00-bcefedcdf70f,1.0,1.0
1850.0,308165.0,7.0,13.0,51.0,40.0,150.0,400150.0,1.0,0.0,0.0,1.0,0.0,1.0,0.0,0.0,12.0,F,B,2a1ab5d5-e331-441c-8fea-5fdf07b6328a,85b49c19-ab68-4c65-9a00-bcefedcdf70f,1.0,1.0
1850.0,308165.0,8.0,13.0,51.0,40.0,150.0,400150.0,1.0,0.0,0.0,1.0,0.0,1.0,0.0,0.0,10.0,F,B,ccd8e6f9-1f03-48d7-abe8-67f0d896521f,85b49c19-ab68-4c65-9a00-bcefedcdf70f,1.0,1.0
1850.0,308165.0,9.0,13.0,51.0,40.0,150.0,400150.0,1.0,0.0,0.0,1.0,0.0,1.0,0.0,0.0,4.0,M,B,83a595fc-0a41-48c7-95b6-8448080d56d8,85b49c19-ab68-4c65-9a00-bcefedcdf70f,1.0,1.0
1850.0,308165.0,10.0,13.0,51.0,40.0,150.0,400150.0,1.0,0.0,0.0,1.0,0.0,1.0,0.0,0.0,2.0,M,B,5af92e3b-458b-4f5f-a837-639ff3d01eea,85b49c19-ab68-4c65-9a00-bcefedcdf70f,1.0,1.0
1850.0,308165.0,11.0,13.0,51.0,40.0,150.0,400150.0,1.0,0.0,0.0,1.0,0.0,1.0,0.0,0.0,2.0,F,B,c9ab4c49-4343-422c-9652-76fd56cada83,85b49c19-ab68-4c65-9a00-bcefedcdf70f,1.0,1.0
1850.0,308165.0,12.0,13.0,51.0,40.0,150.0,400150.0,1.0,0.0,0.0,1.0,0.0,1.0,0.0,0.0,4.0,F,B,ded49380-c872-4922-978d-7f9785084b35,85b49c19-ab68-4c65-9a00-bcefedcdf70f,1.0,1.0
1850.0,308165.0,13.0,13.0,51.0,40.0,150.0,400150.0,1.0,0.0,0.0,1.0,0.0,1.0,0.0,0.0,2.0,F,B,fb8873ca-ae89-4fde-9a37-1d19a438a6d6,85b49c19-ab68-4c65-9a00-bcefedcdf70f,1.0,1.0
1850.0,308166.0,1.0,11.0,51.0,40.0,150.0,400150.0,1.0,0.0,0.0,1.0,0.0,1.0,0.0,0.0,50.0,M,B,25d458c0-3aec-47c7-80c4-6edbd15d32c6,0ca55727-d04e-410f-94da-71de556f3661,1.0,1.0
1850.0,308166.0,2.0,11.0,51.0,40.0,150.0,400150.0,1.0,0.0,0.0,1.0,0.0,1.0,0.0,0.0,36.0,M,B,afa2052b-9496-46f5-896c-25976333d3ad,0ca55727-d04e-410f-94da-71de556f3661,1.0,1.0
1850.0,308166.0,3.0,11.0,51.0,40.0,150.0,400150.0,1.0,0.0,0.0,1.0,0.0,1.0,0.0,0.0,26.0,F,B,b36fa5a3-4ad2-49d6-8901-d92db71cc759,0ca55727-d04e-410f-94da-71de556f3661,1.0,1.0
1850.0,308166.0,4.0,11.0,51.0,40.0,150.0,400150.0,1.0,0.0,0.0,1.0,0.0,1.0,0.0,0.0,16.0,M,B,ae571eac-41fd-4ce2-a2c4-05d8f4c890e1,0ca55727-d04e-410f-94da-71de556f3661,1.0,1.0
1850.0,308166.0,5.0,11.0,51.0,40.0,150.0,400150.0,1.0,0.0,0.0,1.0,0.0,1.0,0.0,0.0,15.0,M,B,c638c9c2-f1e6-4c67-8b87-a345c8d19603,0ca55727-d04e-410f-94da-71de556f3661,1.0,1.0
1850.0,308166.0,6.0,11.0,51.0,40.0,150.0,400150.0,1.0,0.0,0.0,1.0,0.0,1.0,0.0,0.0,14.0,F,B,16f8dd8f-2463-4fac-8762-b68f5c93861a,0ca55727-d04e-410f-94da-71de556f3661,1.0,1.0
1850.0,308166.0,7.0,11.0,51.0,40.0,150.0,400150.0,1.0,0.0,0.0,1.0,0.0,1.0,0.0,0.0,13.0,F,B,ab48bcbe-edec-46e2-b2f1-ed8deb80af58,0ca55727-d04e-410f-94da-71de556f3661,1.0,1.0
1850.0,308166.0,8.0,11.0,51.0,40.0,150.0,400150.0,1.0,0.0,0.0,1.0,0.0,1.0,0.0,0.0,11.0,F,B,569239a2-f674-42ed-a31c-c78e8133ffb8,0ca55727-d04e-410f-94da-71de556f3661,1.0,1.0
1850.0,308166.0,9.0,11.0,51.0,40.0,150.0,400150.0,1.0,0.0,0.0,1.0,0.0,1.0,0.0,0.0,6.0,F,B,1f6a51c4-936c-4247-a716-c8ac86c95142,0ca55727-d04e-410f-94da-71de556f3661,1.0,1.0
1850.0,308166.0,10.0,11.0,51.0,40.0,150.0,400150.0,1.0,0.0,0.0,1.0,0.0,1.0,0.0,0.0,7.0,F,B,8fd4fdbb-033f-4fc2-8e97-7b049f62d0c9,0ca55727-d04e-410f-94da-71de556f3661,1.0,1.0
1850.0,308166.0,11.0,11.0,51.0,40.0,150.0,400150.0,1.0,0.0,0.0,1.0,0.0,1.0,0.0,0.0,4.0,F,B,248d1b3e-eb1f-4237-a3b5-7ed2afaf4d6f,0ca55727-d04e-410f-94da-71de556f3661,1.0,1.0
1850.0,308167.0,1.0,8.0,51.0,40.0,150.0,400150.0,1.0,0.0,0.0,1.0,0.0,1.0,0.0,0.0,7.0,F,B,aa6eb48e-a3b2-4ef7-a41b-141c9dd34394,,0.0,1.0
1850.0,308167.0,2.0,8.0,51.0,40.0,150.0,400150.0,1.0,0.0,0.0,1.0,0.0,1.0,0.0,0.0,5.0,M,B,11856dc5-6a0c-4cf2-acde-674287af7c4f,,0.0,1.0
1850.0,308167.0,3.0,8.0,51.0,40.0,150.0,400150.0,1.0,0.0,0.0,1.0,0.0,1.0,0.0,0.0,2.0,M,B,7137c5b1-ee04-47e6-ac66-e1886d45eff1,,0.0,1.0
1850.0,308167.0,4.0,8.0,51.0,40.0,150.0,400150.0,1.0,0.0,0.0,1.0,0.0,1.0,0.0,0.0,6.0,M,B,24c71c76-ba5b-4621-89c4-41a295f02c6c,,0.0,1.0
1850.0,308167.0,5.0,8.0,51.0,40.0,150.0,400150.0,1.0,0.0,0.0,1.0,0.0,1.0,0.0,0.0,50.0,F,B,0428e030-da7b-420a-9db3-5ee6934b7784,,0.0,1.0
1850.0,308167.0,6.0,8.0,51.0,40.0,150.0,400150.0,1.0,0.0,0.0,1.0,0.0,1.0,0.0,0.0,42.0,M,B,b0e71ff9-41a2-438e-93cd-4f212894be0e,,0.0,1.0
1850.0,308167.0,7.0,8.0,51.0,40.0,150.0,400150.0,1.0,0.0,0.0,1.0,0.0,1.0,0.0,0.0,32.0,F,B,85216218-3bcd-442b-9f29-ec3dbd0bf2d8,,0.0,1.0
1850.0,308167.0,8.0,8.0,51.0,40.0,150.0,400150.0,1.0,0.0,0.0,1.0,0.0,1.0,0.0,0.0,9.0,M,B,df4d34e7-acee-406e-a864-595b28b4cf74,,0.0,1.0
1850.0,308168.0,1.0,4.0,51.0,40.0,150.0,400150.0,1.0,0.0,0.0,1.0,0.0,1.0,0.0,0.0,50.0,F,B,a3712148-c039-4fc8-862a-3af3a7530b66,a5577c2e-c810-4dd2-9ea7-ff0e6bfed142,1.0,1.0
1850.0,308168.0,2.0,4.0,51.0,40.0,150.0,400150.0,1.0,0.0,0.0,1.0,0.0,1.0,0.0,0.0,14.0,F,B,5ad263f6-f8df-4b6f-ba1a-75edaab7ffb5,a5577c2e-c810-4dd2-9ea7-ff0e6bfed142,1.0,1.0
1850.0,308168.0,3.0,4.0,51.0,40.0,150.0,400150.0,1.0,0.0,0.0,1.0,0.0,1.0,0.0,0.0,12.0,F,B,4c305deb-59d2-4201-b13b-c48f0131aa09,a5577c2e-c810-4dd2-9ea7-ff0e6bfed142,1.0,1.0
1850.0,308168.0,4.0,4.0,51.0,40.0,150.0,400150.0,1.0,0.0,0.0,1.0,0.0,1.0,0.0,0.0,5.0,M,B,c9ef00cc-5b4d-41b1-aa9c-5135f4831aaa,a5577c2e-c810-4dd2-9ea7-ff0e6bfed142,1.0,1.0
1850.0,308169.0,1.0,11.0,51.0,40.0,150.0,400150.0,1.0,0.0,0.0,1.0,0.0,1.0,0.0,0.0,65.0,M,B,daed4f83-e75f-4866-a870-ab0b564d1471,d63c39a1-aa77-49be-9529-333a07317cd3,2.0,1.0
1850.0,308169.0,2.0,11.0,51.0,40.0,150.0,400150.0,1.0,0.0,0.0,1.0,0.0,1.0,0.0,0.0,72.0,F,B,d9bcc1c2-7f56-4144-b78c-433f1c4fb60e,d63c39a1-aa77-49be-9529-333a07317cd3,2.0,1.0
1850.0,308169.0,3.0,11.0,51.0,40.0,150.0,400150.0,1.0,0.0,0.0,1.0,0.0,1.0,0.0,0.0,55.0,F,B,f2d198dc-febb-425a-83cd-3af21a22ccde,d63c39a1-aa77-49be-9529-333a07317cd3,2.0,1.0
1850.0,308169.0,4.0,11.0,51.0,40.0,150.0,400150.0,1.0,0.0,0.0,1.0,0.0,1.0,0.0,0.0,48.0,M,B,3f94c3ad-7797-4444-a230-450fa0b53481,d63c39a1-aa77-49be-9529-333a07317cd3,2.0,1.0
1850.0,308169.0,5.0,11.0,51.0,40.0,150.0,400150.0,1.0,0.0,0.0,1.0,0.0,1.0,0.0,0.0,38.0,M,B,de63813d-763b-4620-a19d-f157daeab7db,d63c39a1-aa77-49be-9529-333a07317cd3,2.0,1.0
1850.0,308169.0,6.0,11.0,51.0,40.0,150.0,400150.0,1.0,0.0,0.0,1.0,0.0,1.0,0.0,0.0,35.0,M,B,41447418-ed33-411e-97ac-70dfb85ddb0d,d63c39a1-aa77-49be-9529-333a07317cd3,2.0,1.0
1850.0,308169.0,7.0,11.0,51.0,40.0,150.0,400150.0,1.0,0.0,0.0,1.0,0.0,1.0,0.0,0.0,40.0,M,B,8d86f0e1-ddbd-459a-b995-7018bf3a0c92,d63c39a1-aa77-49be-9529-333a07317cd3,2.0,1.0
1850.0,308169.0,8.0,11.0,51.0,40.0,150.0,400150.0,1.0,0.0,0.0,1.0,0.0,1.0,0.0,0.0,20.0,M,B,daebf040-9e6a-4811-b226-cd4c8ed556f3,d63c39a1-aa77-49be-9529-333a07317cd3,2.0,1.0
1850.0,308169.0,9.0,11.0,51.0,40.0,150.0,400150.0,1.0,0.0,0.0,1.0,0.0,1.0,0.0,0.0,14.0,M,B,e762f6b6-959a-41d3-ae1e-bb9fff0cce84,d63c39a1-aa77-49be-9529-333a07317cd3,2.0,1.0
1850.0,308169.0,10.0,11.0,51.0,40.0,150.0,400150.0,1.0,0.0,0.0,1.0,0.0,1.0,0.0,0.0,8.0,M,B,3162dbfc-bd68-4954-a721-b253858074a5,d63c39a1-aa77-49be-9529-333a07317cd3,2.0,1.0
1850.0,308169.0,11.0,11.0,51.0,40.0,150.0,400150.0,1.0,0.0,0.0,1.0,0.0,1.0,0.0,0.0,6.0,M,B,4cd82c7d-c24c-4600-8bf6-17394068b8ee,d63c39a1-aa77-49be-9529-333a07317cd3,2.0,1.0
1850.0,308170.0,1.0,12.0,51.0,40.0,150.0,400150.0,1.0,0.0,0.0,1.0,0.0,1.0,0.0,0.0,60.0,M,B,86df9d1b-cd67-42b2-88d3-b7870d5cb0b5,ec107fcc-f098-44e2-b562-0bc964d13ea8,2.0,1.0
1850.0,308170.0,2.0,12.0,51.0,40.0,150.0,400150.0,1.0,0.0,0.0,1.0,0.0,1.0,0.0,0.0,68.0,M,B,a3800d8e-5e74-4632-b13c-522a809a197d,ec107fcc-f098-44e2-b562-0bc964d13ea8,2.0,1.0
1850.0,308170.0,3.0,12.0,51.0,40.0,150.0,400150.0,1.0,0.0,0.0,1.0,0.0,1.0,0.0,0.0,34.0,M,B,14c9f5c1-c834-47ad-aa57-aa4e8eb49fe5,ec107fcc-f098-44e2-b562-0bc964d13ea8,2.0,1.0
1850.0,308170.0,4.0,12.0,51.0,40.0,150.0,400150.0,1.0,0.0,0.0,1.0,0.0,1.0,0.0,0.0,50.0,M,B,8fc77796-e72f-459f-a278-759f0f176929,ec107fcc-f098-44e2-b562-0bc964d13ea8,2.0,1.0
1850.0,308170.0,5.0,12.0,51.0,40.0,150.0,400150.0,1.0,0.0,0.0,1.0,0.0,1.0,0.0,0.0,40.0,M,B,72596530-fa3f-4a83-b2e0-5d2b446ba16d,ec107fcc-f098-44e2-b562-0bc964d13ea8,2.0,1.0
1850.0,308170.0,6.0,12.0,51.0,40.0,150.0,400150.0,1.0,0.0,0.0,1.0,0.0,1.0,0.0,0.0,40.0,M,B,4507878e-d476-4df5-bb90-3c85b0f91f9d,ec107fcc-f098-44e2-b562-0bc964d13ea8,2.0,1.0
1850.0,308170.0,7.0,12.0,51.0,40.0,150.0,400150.0,1.0,0.0,0.0,1.0,0.0,1.0,0.0,0.0,30.0,F,B,ee1cb06f-41c0-46d9-8b26-9663a2297309,ec107fcc-f098-44e2-b562-0bc964d13ea8,2.0,1.0
1850.0,308170.0,8.0,12.0,51.0,40.0,150.0,400150.0,1.0,0.0,0.0,1.0,0.0,1.0,0.0,0.0,6.0,M,B,bef6ee0f-253f-4863-8c08-59835decf1c4,ec107fcc-f098-44e2-b562-0bc964d13ea8,2.0,1.0
1850.0,308170.0,9.0,12.0,51.0,40.0,150.0,400150.0,1.0,0.0,0.0,1.0,0.0,1.0,0.0,0.0,6.0,M,B,170a4751-b644-4124-b725-c05b16ed6e14,ec107fcc-f098-44e2-b562-0bc964d13ea8,2.0,1.0
1850.0,308170.0,10.0,12.0,51.0,40.0,150.0,400150.0,1.0,0.0,0.0,1.0,0.0,1.0,0.0,0.0,5.0,F,B,35de7073-6232-4875-8658-33dd7a4ac4d1,ec107fcc-f098-44e2-b562-0bc964d13ea8,2.0,1.0
1850.0,308170.0,11.0,12.0,51.0,40.0,150.0,400150.0,1.0,0.0,0.0,1.0,0.0,1.0,0.0,0.0,3.0,F,B,20ce7d3a-14d3-4d36-a4e2-e3a0c9aaecde,ec107fcc-f098-44e2-b562-0bc964d13ea8,2.0,1.0
1850.0,308170.0,12.0,12.0,51.0,40.0,150.0,400150.0,1.0,0.0,0.0,1.0,0.0,1.0,0.0,0.0,2.0,M,B,40fa1e7c-e78b-47de-9777-9b902c84aa98,ec107fcc-f098-44e2-b562-0bc964d13ea8,2.0,1.0
1850.0,308171.0,1.0,5.0,51.0,40.0,150.0,400150.0,1.0,0.0,0.0,1.0,0.0,1.0,0.0,0.0,50.0,F,B,3d983be6-5d22-4d1a-b84d-958df9744c85,2d4f9394-7cff-41a3-83af-ad6afae085c5,2.0,1.0
1850.0,308171.0,2.0,5.0,51.0,40.0,150.0,400150.0,1.0,0.0,0.0,1.0,0.0,1.0,0.0,0.0,33.0,M,B,f8080086-5299-4537-9821-6675973bfcb6,2d4f9394-7cff-41a3-83af-ad6afae085c5,2.0,1.0
1850.0,308171.0,3.0,5.0,51.0,40.0,150.0,400150.0,1.0,0.0,0.0,1.0,0.0,1.0,0.0,0.0,17.0,M,B,d575cfdb-f88e-4b85-9184-0121dcd3e80c,2d4f9394-7cff-41a3-83af-ad6afae085c5,2.0,1.0
1850.0,308171.0,4.0,5.0,51.0,40.0,150.0,400150.0,1.0,0.0,0.0,1.0,0.0,1.0,0.0,0.0,15.0,M,B,1387f2ff-0198-4c4f-b3d3-51abe865fdc2,2d4f9394-7cff-41a3-83af-ad6afae085c5,2.0,1.0
1850.0,308171.0,5.0,5.0,51.0,40.0,150.0,400150.0,1.0,0.0,0.0,1.0,0.0,1.0,0.0,0.0,8.0,F,B,f672d95a-867b-46e5-8400-4940795de860,2d4f9394-7cff-41a3-83af-ad6afae085c5,2.0,1.0
1850.0,308172.0,1.0,19.0,51.0,40.0,150.0,400150.0,1.0,0.0,0.0,1.0,0.0,1.0,0.0,0.0,16.0,M,B,cdc4e385-37fe-4976-8199-f8265e5c95d4,,0.0,1.0
1850.0,308172.0,2.0,19.0,51.0,40.0,150.0,400150.0,1.0,0.0,0.0,1.0,0.0,1.0,0.0,0.0,60.0,F,B,6e0f3da6-b83c-4d90-8748-ea6e2b7ad5b5,,0.0,1.0
1850.0,308172.0,3.0,19.0,51.0,40.0,150.0,400150.0,1.0,0.0,0.0,1.0,0.0,1.0,0.0,0.0,60.0,F,B,ef0f46ae-9835-4a70-bc31-fb0ebad9fd9a,,0.0,1.0
1850.0,308172.0,4.0,19.0,51.0,40.0,150.0,400150.0,1.0,0.0,0.0,1.0,0.0,1.0,0.0,0.0,35.0,F,B,4cdbc47e-f650-4387-a3b8-966142e79cde,,0.0,1.0
1850.0,308172.0,5.0,19.0,51.0,40.0,150.0,400150.0,1.0,0.0,0.0,1.0,0.0,1.0,0.0,0.0,18.0,F,B,d790fa35-a62a-46f0-ad3e-046c38ddf952,,0.0,1.0
1850.0,308172.0,6.0,19.0,51.0,40.0,150.0,400150.0,1.0,0.0,0.0,1.0,0.0,1.0,0.0,0.0,14.0,F,B,ddb7ff5c-fcf1-4211-80df-f97efe524e24,,0.0,1.0
1850.0,308172.0,7.0,19.0,51.0,40.0,150.0,400150.0,1.0,0.0,0.0,1.0,0.0,1.0,0.0,0.0,14.0,M,B,00f00dac-50fe-489b-86f1-272fc128e964,,0.0,1.0
1850.0,308172.0,8.0,19.0,51.0,40.0,150.0,400150.0,1.0,0.0,0.0,1.0,0.0,1.0,0.0,0.0,12.0,M,B,dbb7ff0a-3e29-419d-a671-23a6ddd7f66e,,0.0,1.0
1850.0,308172.0,9.0,19.0,51.0,40.0,150.0,400150.0,1.0,0.0,0.0,1.0,0.0,1.0,0.0,0.0,10.0,M,B,15550773-84cb-49e2-8351-36d7e0b30937,,0.0,1.0
1850.0,308172.0,10.0,19.0,51.0,40.0,150.0,400150.0,1.0,0.0,0.0,1.0,0.0,1.0,0.0,0.0,8.0,M,B,4a5a7dd3-e2c8-4ada-80ef-fb19c1311e3c,,0.0,1.0
1850.0,308172.0,11.0,19.0,51.0,40.0,150.0,400150.0,1.0,0.0,0.0,1.0,0.0,1.0,0.0,0.0,6.0,F,B,89c9b692-c6c1-400d-b2ce-3fe228f7fc6e,,0.0,1.0
1850.0,308172.0,12.0,19.0,51.0,40.0,150.0,400150.0,1.0,0.0,0.0,1.0,0.0,1.0,0.0,0.0,4.0,F,B,1ab654d6-d113-43e8-bed3-dfa861075431,,0.0,1.0
1850.0,308172.0,13.0,19.0,51.0,40.0,150.0,400150.0,1.0,0.0,0.0,1.0,0.0,1.0,0.0,0.0,3.0,M,B,8b5c2909-f63f-4de3-9ea0-5e31107afa78,,0.0,1.0
1850.0,308172.0,14.0,19.0,51.0,40.0,150.0,400150.0,1.0,0.0,0.0,1.0,0.0,1.0,0.0,0.0,45.0,M,B,b160234e-5583-4b66-8724-8da300b1b105,,0.0,1.0
1850.0,308172.0,15.0,19.0,51.0,40.0,150.0,400150.0,1.0,0.0,0.0,1.0,0.0,1.0,0.0,0.0,40.0,M,B,276fd0aa-d3ef-41b9-917d-6192cbcba00a,,0.0,1.0
1850.0,308172.0,16.0,19.0,51.0,40.0,150.0,400150.0,1.0,0.0,0.0,1.0,0.0,1.0,0.0,0.0,30.0,M,B,74614697-5c75-44b7-8b53-97b3dbcb908f,,0.0,1.0
1850.0,308172.0,17.0,19.0,51.0,40.0,150.0,400150.0,1.0,0.0,0.0,1.0,0.0,1.0,0.0,0.0,22.0,M,B,68f94289-d2a4-4d66-bc4e-d038e0fc017e,,0.0,1.0
1850.0,308172.0,18.0,19.0,51.0,40.0,150.0,400150.0,1.0,0.0,0.0,1.0,0.0,1.0,0.0,0.0,20.0,M,B,f57cfd3e-4231-4b59-9a3a-13e5152b4789,,0.0,1.0
1850.0,308172.0,19.0,19.0,51.0,40.0,150.0,400150.0,1.0,0.0,0.0,1.0,0.0,1.0,0.0,0.0,18.0,M,B,24d641d0-4f4b-46fb-94be-3d106325f8ad,,0.0,1.0
1850.0,308173.0,1.0,6.0,51.0,40.0,150.0,400150.0,1.0,0.0,0.0,1.0,0.0,1.0,0.0,0.0,70.0,F,B,7ddb4ba0-ae72-4ade-bbf6-b7869757a69e,7765bba5-b8c6-4c20-bcb5-88b0b33a22f5,1.0,1.0
1850.0,308173.0,2.0,6.0,51.0,40.0,150.0,400150.0,1.0,0.0,0.0,1.0,0.0,1.0,0.0,0.0,27.0,F,B,9deb5127-2280-48e7-a01c-9bca9815c5c7,7765bba5-b8c6-4c20-bcb5-88b0b33a22f5,1.0,1.0
1850.0,308173.0,3.0,6.0,51.0,40.0,150.0,400150.0,1.0,0.0,0.0,1.0,0.0,1.0,0.0,0.0,11.0,F,B,37281714-6120-43a5-a968-c83be8041c4e,7765bba5-b8c6-4c20-bcb5-88b0b33a22f5,1.0,1.0
1850.0,308173.0,4.0,6.0,51.0,40.0,150.0,400150.0,1.0,0.0,0.0,1.0,0.0,1.0,0.0,0.0,4.0,M,B,711260ae-cd03-416b-bbe1-caf5e23d8d24,7765bba5-b8c6-4c20-bcb5-88b0b33a22f5,1.0,1.0
1850.0,308173.0,5.0,6.0,51.0,40.0,150.0,400150.0,1.0,0.0,0.0,1.0,0.0,1.0,0.0,0.0,2.0,F,B,232855a4-29a5-4f6e-afb8-4515cea8b8d8,7765bba5-b8c6-4c20-bcb5-88b0b33a22f5,1.0,1.0
1850.0,308173.0,6.0,6.0,51.0,40.0,150.0,400150.0,1.0,0.0,0.0,1.0,0.0,1.0,0.0,0.0,0.0,M,B,531e7083-710c-4124-8477-7769122cc123,7765bba5-b8c6-4c20-bcb5-88b0b33a22f5,1.0,1.0
1850.0,308174.0,1.0,19.0,51.0,40.0,150.0,400150.0,1.0,0.0,0.0,1.0,0.0,1.0,0.0,0.0,60.0,F,B,3224c4c9-ec28-4552-84ec-6d4b0dc67f9b,47ff7afd-cc99-464c-8a65-e922026c1cbc,1.0,1.0
1850.0,308174.0,2.0,19.0,51.0,40.0,150.0,400150.0,1.0,0.0,0.0,1.0,0.0,1.0,0.0,0.0,47.0,M,B,61aaecc6-f769-431b-a6de-f82b7d81dc00,47ff7afd-cc99-464c-8a65-e922026c1cbc,1.0,1.0
1850.0,308174.0,3.0,19.0,51.0,40.0,150.0,400150.0,1.0,0.0,0.0,1.0,0.0,1.0,0.0,0.0,40.0,F,B,fe508195-97bb-49b6-b7ba-6d562faa824f,47ff7afd-cc99-464c-8a65-e922026c1cbc,1.0,1.0
1850.0,308174.0,4.0,19.0,51.0,40.0,150.0,400150.0,1.0,0.0,0.0,1.0,0.0,1.0,0.0,0.0,30.0,F,B,f0f226b2-f676-417c-9e58-2c61de97996a,47ff7afd-cc99-464c-8a65-e922026c1cbc,1.0,1.0
1850.0,308174.0,5.0,19.0,51.0,40.0,150.0,400150.0,1.0,0.0,0.0,1.0,0.0,1.0,0.0,0.0,18.0,F,B,8aa5a1ad-5a9d-4a4b-80d7-00fffe81cd20,47ff7afd-cc99-464c-8a65-e922026c1cbc,1.0,1.0
1850.0,308174.0,6.0,19.0,51.0,40.0,150.0,400150.0,1.0,0.0,0.0,1.0,0.0,1.0,0.0,0.0,17.0,F,B,77edd06a-4dc5-4b1b-a4ac-46602677e848,47ff7afd-cc99-464c-8a65-e922026c1cbc,1.0,1.0
1850.0,308174.0,7.0,19.0,51.0,40.0,150.0,400150.0,1.0,0.0,0.0,1.0,0.0,1.0,0.0,0.0,16.0,M,B,e77cce3f-432a-4d24-af87-b20b972f421e,47ff7afd-cc99-464c-8a65-e922026c1cbc,1.0,1.0
1850.0,308174.0,8.0,19.0,51.0,40.0,150.0,400150.0,1.0,0.0,0.0,1.0,0.0,1.0,0.0,0.0,15.0,M,B,60851b3e-2fc8-405b-b626-933511d9e258,47ff7afd-cc99-464c-8a65-e922026c1cbc,1.0,1.0
1850.0,308174.0,9.0,19.0,51.0,40.0,150.0,400150.0,1.0,0.0,0.0,1.0,0.0,1.0,0.0,0.0,13.0,M,B,675d171f-a9b2-438f-8bbf-6ac0ba9a2aee,47ff7afd-cc99-464c-8a65-e922026c1cbc,1.0,1.0
1850.0,308174.0,10.0,19.0,51.0,40.0,150.0,400150.0,1.0,0.0,0.0,1.0,0.0,1.0,0.0,0.0,12.0,M,B,fbac0275-ea03-48f5-a27f-fcbeaab01ab6,47ff7afd-cc99-464c-8a65-e922026c1cbc,1.0,1.0
1850.0,308174.0,11.0,19.0,51.0,40.0,150.0,400150.0,1.0,0.0,0.0,1.0,0.0,1.0,0.0,0.0,7.0,M,B,fd393cae-f7b8-4327-8974-da698a2e4b12,47ff7afd-cc99-464c-8a65-e922026c1cbc,1.0,1.0
1850.0,308174.0,12.0,19.0,51.0,40.0,150.0,400150.0,1.0,0.0,0.0,1.0,0.0,1.0,0.0,0.0,7.0,M,B,b7f4f5f0-d804-411e-9674-a3f832136f31,47ff7afd-cc99-464c-8a65-e922026c1cbc,1.0,1.0
1850.0,308174.0,13.0,19.0,51.0,40.0,150.0,400150.0,1.0,0.0,0.0,1.0,0.0,1.0,0.0,0.0,3.0,F,B,4185f3c3-4e3d-4b27-acfb-c60012f036f8,47ff7afd-cc99-464c-8a65-e922026c1cbc,1.0,1.0
1850.0,308174.0,14.0,19.0,51.0,40.0,150.0,400150.0,1.0,0.0,0.0,1.0,0.0,1.0,0.0,0.0,1.0,M,B,9e3ba119-4e1a-48b7-8cb8-2806b48e1d08,47ff7afd-cc99-464c-8a65-e922026c1cbc,1.0,1.0
1850.0,308174.0,15.0,19.0,51.0,40.0,150.0,400150.0,1.0,0.0,0.0,1.0,0.0,1.0,0.0,0.0,9.0,M,B,e11f8ed2-6985-438c-9c1c-c2f9c1bbf4c8,47ff7afd-cc99-464c-8a65-e922026c1cbc,1.0,1.0
1850.0,308174.0,16.0,19.0,51.0,40.0,150.0,400150.0,1.0,0.0,0.0,1.0,0.0,1.0,0.0,0.0,8.0,F,B,c67a655d-7636-44df-8a12-931f785cfea0,47ff7afd-cc99-464c-8a65-e922026c1cbc,1.0,1.0
1850.0,308174.0,17.0,19.0,51.0,40.0,150.0,400150.0,1.0,0.0,0.0,1.0,0.0,1.0,0.0,0.0,6.0,M,B,043380e9-2ed1-4b73-b962-c09829335b97,47ff7afd-cc99-464c-8a65-e922026c1cbc,1.0,1.0
1850.0,308174.0,18.0,19.0,51.0,40.0,150.0,400150.0,1.0,0.0,0.0,1.0,0.0,1.0,0.0,0.0,3.0,M,B,d94e3701-7e06-43ad-bac7-ba0248371004,47ff7afd-cc99-464c-8a65-e922026c1cbc,1.0,1.0
1850.0,308174.0,19.0,19.0,51.0,40.0,150.0,400150.0,1.0,0.0,0.0,1.0,0.0,1.0,0.0,0.0,1.0,F,B,d9740384-9b37-4db4-8fdd-a50a6e3bc849,47ff7afd-cc99-464c-8a65-e922026c1cbc,1.0,1.0
1850.0,308176.0,1.0,18.0,51.0,40.0,150.0,400150.0,1.0,0.0,0.0,1.0,0.0,1.0,0.0,0.0,68.0,F,B,c1c0a0c3-d96e-44f3-8d9b-4425e626b8e8,,0.0,1.0
1850.0,308176.0,2.0,18.0,51.0,40.0,150.0,400150.0,1.0,0.0,0.0,1.0,0.0,1.0,0.0,0.0,50.0,M,B,9614fd87-d3d9-44b6-a8ce-dba41170ba35,,0.0,1.0
1850.0,308176.0,3.0,18.0,51.0,40.0,150.0,400150.0,1.0,0.0,0.0,1.0,0.0,1.0,0.0,0.0,42.0,M,B,2b40d066-b89c-43a9-8dd6-9ca72c2d4240,,0.0,1.0
1850.0,308176.0,4.0,18.0,51.0,40.0,150.0,400150.0,1.0,0.0,0.0,1.0,0.0,1.0,0.0,0.0,48.0,F,B,7dab3de8-6f8a-449c-baa4-07e4965818dd,,0.0,1.0
1850.0,308176.0,5.0,18.0,51.0,40.0,150.0,400150.0,1.0,0.0,0.0,1.0,0.0,1.0,0.0,0.0,36.0,F,B,7abd803d-37e0-466c-8abd-819a6b0b619d,,0.0,1.0
1850.0,308176.0,6.0,18.0,51.0,40.0,150.0,400150.0,1.0,0.0,0.0,1.0,0.0,1.0,0.0,0.0,30.0,M,B,a32215f2-4bc2-4eb3-8937-47716ab441d9,,0.0,1.0
1850.0,308176.0,7.0,18.0,51.0,40.0,150.0,400150.0,1.0,0.0,0.0,1.0,0.0,1.0,0.0,0.0,28.0,M,B,f42dcaf3-b05a-4870-b96a-43d24b6e437e,,0.0,1.0
1850.0,308176.0,8.0,18.0,51.0,40.0,150.0,400150.0,1.0,0.0,0.0,1.0,0.0,1.0,0.0,0.0,28.0,M,B,2476d6f1-9106-48b6-be9a-5806ab392f61,,0.0,1.0
1850.0,308176.0,9.0,18.0,51.0,40.0,150.0,400150.0,1.0,0.0,0.0,1.0,0.0,1.0,0.0,0.0,20.0,M,B,368396fd-6d55-437e-8bba-267d2d4afec7,,0.0,1.0
1850.0,308176.0,10.0,18.0,51.0,40.0,150.0,400150.0,1.0,0.0,0.0,1.0,0.0,1.0,0.0,0.0,20.0,F,B,fb8e985f-5ea1-453b-a353-714fac3a02bc,,0.0,1.0
1850.0,308176.0,11.0,18.0,51.0,40.0,150.0,400150.0,1.0,0.0,0.0,1.0,0.0,1.0,0.0,0.0,14.0,F,B,4a732566-e9e5-4310-b530-d78edf3d7b9d,,0.0,1.0
1850.0,308176.0,12.0,18.0,51.0,40.0,150.0,400150.0,1.0,0.0,0.0,1.0,0.0,1.0,0.0,0.0,14.0,M,B,f347150c-fc1c-4a95-8c4b-bc298d2e5b6d,,0.0,1.0
1850.0,308176.0,13.0,18.0,51.0,40.0,150.0,400150.0,1.0,0.0,0.0,1.0,0.0,1.0,0.0,0.0,14.0,M,B,ee91e64e-3e61-4b3b-8d32-55e119e7907f,,0.0,1.0
1850.0,308176.0,14.0,18.0,51.0,40.0,150.0,400150.0,1.0,0.0,0.0,1.0,0.0,1.0,0.0,0.0,6.0,M,B,ca31176b-f1b1-46fa-9c8f-468b795febdc,,0.0,1.0
1850.0,308176.0,15.0,18.0,51.0,40.0,150.0,400150.0,1.0,0.0,0.0,1.0,0.0,1.0,0.0,0.0,5.0,F,B,e472384d-a7da-4766-9ee1-e9e558f2acc0,,0.0,1.0
1850.0,308176.0,16.0,18.0,51.0,40.0,150.0,400150.0,1.0,0.0,0.0,1.0,0.0,1.0,0.0,0.0,2.0,M,B,29790d89-b7a5-4190-81f9-8dac44c35c5d,,0.0,1.0
1850.0,308176.0,17.0,18.0,51.0,40.0,150.0,400150.0,1.0,0.0,0.0,1.0,0.0,1.0,0.0,0.0,0.0,F,B,78ecc7e8-4a0f-4cc9-81b1-d704cb28b34a,,0.0,1.0
1850.0,308176.0,18.0,18.0,51.0,40.0,150.0,400150.0,1.0,0.0,0.0,1.0,0.0,1.0,0.0,0.0,70.0,F,B,a6788532-8786-4638-aaa6-c2487db4545a,,0.0,1.0
1850.0,308177.0,1.0,6.0,51.0,40.0,150.0,400150.0,1.0,0.0,0.0,1.0,0.0,1.0,0.0,0.0,70.0,F,B,b09ee4bd-ce33-4199-ab18-a967fe373b24,5193cc5d-69e6-4284-8361-4aa37dafb97d,4.0,1.0
1850.0,308177.0,2.0,6.0,51.0,40.0,150.0,400150.0,1.0,0.0,0.0,1.0,0.0,1.0,0.0,0.0,59.0,M,B,f1d73015-a90e-4107-a3e3-0497f5245578,5193cc5d-69e6-4284-8361-4aa37dafb97d,4.0,1.0
1850.0,308177.0,3.0,6.0,51.0,40.0,150.0,400150.0,1.0,0.0,0.0,1.0,0.0,1.0,0.0,0.0,39.0,M,B,ee11588d-f920-4130-8f45-effdd35d31b7,5193cc5d-69e6-4284-8361-4aa37dafb97d,4.0,1.0
1850.0,308177.0,4.0,6.0,51.0,40.0,150.0,400150.0,1.0,0.0,0.0,1.0,0.0,1.0,0.0,0.0,42.0,M,B,8fce5fa7-7306-4bc9-a2f6-372a07c495b2,5193cc5d-69e6-4284-8361-4aa37dafb97d,4.0,1.0
1850.0,308177.0,5.0,6.0,51.0,40.0,150.0,400150.0,1.0,0.0,0.0,1.0,0.0,1.0,0.0,0.0,18.0,M,B,71c3d7d7-2eca-41ac-9b8f-c122bb1f9a13,5193cc5d-69e6-4284-8361-4aa37dafb97d,4.0,1.0
1850.0,308177.0,6.0,6.0,51.0,40.0,150.0,400150.0,1.0,0.0,0.0,1.0,0.0,1.0,0.0,0.0,50.0,M,B,17ab4818-b314-4d65-84ce-299ee2200a3a,5193cc5d-69e6-4284-8361-4aa37dafb97d,4.0,1.0
1850.0,308178.0,1.0,1.0,51.0,40.0,150.0,400150.0,1.0,0.0,0.0,1.0,0.0,1.0,0.0,0.0,14.0,F,B,0a606793-b97e-42d2-9be4-f96662fb0347,1b01b6a8-3bdc-4f9c-8798-3905b32db0dc,1.0,1.0
1850.0,308179.0,1.0,4.0,51.0,40.0,150.0,400150.0,1.0,0.0,0.0,1.0,0.0,1.0,0.0,0.0,21.0,F,B,a089e266-e792-426e-8591-b88f6c036c50,5a3fda5c-9b02-4ea7-863f-6da2ef234d5a,1.0,1.0
1850.0,308179.0,2.0,4.0,51.0,40.0,150.0,400150.0,1.0,0.0,0.0,1.0,0.0,1.0,0.0,0.0,15.0,M,B,7ec84b01-7dd9-4e8e-a9ab-fb2c4d8706cc,5a3fda5c-9b02-4ea7-863f-6da2ef234d5a,1.0,1.0
1850.0,308179.0,3.0,4.0,51.0,40.0,150.0,400150.0,1.0,0.0,0.0,1.0,0.0,1.0,0.0,0.0,6.0,M,B,d0585c48-4334-4938-be7a-18d535ff6fc9,5a3fda5c-9b02-4ea7-863f-6da2ef234d5a,1.0,1.0
1850.0,308179.0,4.0,4.0,51.0,40.0,150.0,400150.0,1.0,0.0,0.0,1.0,0.0,1.0,0.0,0.0,1.0,M,B,bc0ceff9-b78a-4e6a-9448-99b23f6af5e6,5a3fda5c-9b02-4ea7-863f-6da2ef234d5a,1.0,1.0
1850.0,308180.0,1.0,1.0,51.0,40.0,150.0,400150.0,1.0,0.0,0.0,1.0,0.0,1.0,0.0,0.0,9.0,M,B,d79a00ba-8652-4be3-a7d6-11dfde1d77c7,7e25cbce-a6bd-4d43-8ba4-216d1cdcfbe6,1.0,1.0
1850.0,308181.0,1.0,19.0,51.0,40.0,150.0,400150.0,1.0,0.0,0.0,1.0,0.0,1.0,0.0,0.0,57.0,F,B,1ca9afea-47c9-47ca-88b7-f24acdde10c1,3c6706d7-ad06-45b7-9a4a-656a80ee1a22,1.0,1.0
1850.0,308181.0,2.0,19.0,51.0,40.0,150.0,400150.0,1.0,0.0,0.0,1.0,0.0,1.0,0.0,0.0,55.0,F,B,364a2d8d-a72f-48e6-8fdf-fdb35af09898,3c6706d7-ad06-45b7-9a4a-656a80ee1a22,1.0,1.0
1850.0,308181.0,3.0,19.0,51.0,40.0,150.0,400150.0,1.0,0.0,0.0,1.0,0.0,1.0,0.0,0.0,32.0,M,B,baf6f1aa-9cfb-49c1-9119-227dd00f92f6,3c6706d7-ad06-45b7-9a4a-656a80ee1a22,1.0,1.0
1850.0,308181.0,4.0,19.0,51.0,40.0,150.0,400150.0,1.0,0.0,0.0,1.0,0.0,1.0,0.0,0.0,50.0,M,B,dc465bab-34b4-4e6d-a7fa-feb0a3d98a7d,3c6706d7-ad06-45b7-9a4a-656a80ee1a22,1.0,1.0
1850.0,308181.0,5.0,19.0,51.0,40.0,150.0,400150.0,1.0,0.0,0.0,1.0,0.0,1.0,0.0,0.0,24.0,M,B,c11136a6-9dc6-4d5a-903f-fcd238b0ed8d,3c6706d7-ad06-45b7-9a4a-656a80ee1a22,1.0,1.0
1850.0,308181.0,6.0,19.0,51.0,40.0,150.0,400150.0,1.0,0.0,0.0,1.0,0.0,1.0,0.0,0.0,10.0,M,B,0ba5101d-de17-45af-914f-aa1341e13f39,3c6706d7-ad06-45b7-9a4a-656a80ee1a22,1.0,1.0
1850.0,308181.0,7.0,19.0,51.0,40.0,150.0,400150.0,1.0,0.0,0.0,1.0,0.0,1.0,0.0,0.0,5.0,M,B,ffe21627-32dc-4218-904d-3d65d6f14d7c,3c6706d7-ad06-45b7-9a4a-656a80ee1a22,1.0,1.0
1850.0,308181.0,8.0,19.0,51.0,40.0,150.0,400150.0,1.0,0.0,0.0,1.0,0.0,1.0,0.0,0.0,6.0,F,B,62063171-de6d-4004-89bf-f0e7648a14c5,3c6706d7-ad06-45b7-9a4a-656a80ee1a22,1.0,1.0
1850.0,308181.0,9.0,19.0,51.0,40.0,150.0,400150.0,1.0,0.0,0.0,1.0,0.0,1.0,0.0,0.0,3.0,M,B,28fe300b-722c-42ac-ac62-ec68770349fe,3c6706d7-ad06-45b7-9a4a-656a80ee1a22,1.0,1.0
1850.0,308181.0,10.0,19.0,51.0,40.0,150.0,400150.0,1.0,0.0,0.0,1.0,0.0,1.0,0.0,0.0,3.0,M,B,9c5febd9-4ad3-45d2-af2b-894fcae5ee36,3c6706d7-ad06-45b7-9a4a-656a80ee1a22,1.0,1.0
1850.0,308181.0,11.0,19.0,51.0,40.0,150.0,400150.0,1.0,0.0,0.0,1.0,0.0,1.0,0.0,0.0,1.0,M,B,2c44097b-4eac-4a1b-92ea-0fbbce5d3b4f,3c6706d7-ad06-45b7-9a4a-656a80ee1a22,1.0,1.0
1850.0,308181.0,12.0,19.0,51.0,40.0,150.0,400150.0,1.0,0.0,0.0,1.0,0.0,1.0,0.0,0.0,19.0,M,B,fb95b8f7-82aa-4594-a88b-39ea7a8e834b,3c6706d7-ad06-45b7-9a4a-656a80ee1a22,1.0,1.0
1850.0,308181.0,13.0,19.0,51.0,40.0,150.0,400150.0,1.0,0.0,0.0,1.0,0.0,1.0,0.0,0.0,17.0,F,B,cd493c96-50ea-4da7-9530-1017c0e023cb,3c6706d7-ad06-45b7-9a4a-656a80ee1a22,1.0,1.0
1850.0,308181.0,14.0,19.0,51.0,40.0,150.0,400150.0,1.0,0.0,0.0,1.0,0.0,1.0,0.0,0.0,16.0,M,B,4f566c04-673b-4456-91ef-25eea13ea751,3c6706d7-ad06-45b7-9a4a-656a80ee1a22,1.0,1.0
1850.0,308181.0,15.0,19.0,51.0,40.0,150.0,400150.0,1.0,0.0,0.0,1.0,0.0,1.0,0.0,0.0,16.0,M,B,8ca3145a-dfc8-4fe9-a2ae-131f69beaed6,3c6706d7-ad06-45b7-9a4a-656a80ee1a22,1.0,1.0
1850.0,308181.0,16.0,19.0,51.0,40.0,150.0,400150.0,1.0,0.0,0.0,1.0,0.0,1.0,0.0,0.0,34.0,F,B,534324eb-2b94-485a-9576-e46723fe81df,3c6706d7-ad06-45b7-9a4a-656a80ee1a22,1.0,1.0
1850.0,308181.0,17.0,19.0,51.0,40.0,150.0,400150.0,1.0,0.0,0.0,1.0,0.0,1.0,0.0,0.0,29.0,M,B,cd12ad3f-b61f-4f16-89b3-b2bf1d69d2b4,3c6706d7-ad06-45b7-9a4a-656a80ee1a22,1.0,1.0
1850.0,308181.0,18.0,19.0,51.0,40.0,150.0,400150.0,1.0,0.0,0.0,1.0,0.0,1.0,0.0,0.0,27.0,F,B,ced9092a-c424-402f-809b-65dbd43c57b5,3c6706d7-ad06-45b7-9a4a-656a80ee1a22,1.0,1.0
1850.0,308181.0,19.0,19.0,51.0,40.0,150.0,400150.0,1.0,0.0,0.0,1.0,0.0,1.0,0.0,0.0,14.0,M,B,977c3190-33d9-4b7c-8abb-4da39fc8e487,3c6706d7-ad06-45b7-9a4a-656a80ee1a22,1.0,1.0
1850.0,308175.0,1.0,3.0,51.0,40.0,150.0,400150.0,1.0,0.0,0.0,1.0,0.0,1.0,0.0,0.0,22.0,F,B,64490f63-f887-43e2-a541-a373e28c24f2,35f6e492-ac6f-4342-ae6d-8edcf3c16c72,1.0,1.0
1850.0,308175.0,2.0,3.0,51.0,40.0,150.0,400150.0,1.0,0.0,0.0,1.0,0.0,1.0,0.0,0.0,11.0,M,B,ccf15f60-00ca-48d7-91bc-01173a474878,35f6e492-ac6f-4342-ae6d-8edcf3c16c72,1.0,1.0
1850.0,308175.0,3.0,3.0,51.0,40.0,150.0,400150.0,1.0,0.0,0.0,1.0,0.0,1.0,0.0,0.0,3.0,F,B,10b09846-634a-49e0-8858-97a39175e152,35f6e492-ac6f-4342-ae6d-8edcf3c16c72,1.0,1.0
1850.0,308182.0,1.0,1.0,51.0,40.0,150.0,400150.0,1.0,0.0,0.0,1.0,0.0,1.0,0.0,0.0,11.0,F,B,0dda00aa-2863-4847-9a43-2e61b9660d48,da514213-785b-4252-ba99-083135b0bba9,1.0,1.0
1850.0,308183.0,1.0,2.0,51.0,40.0,150.0,400150.0,1.0,0.0,0.0,1.0,0.0,1.0,0.0,0.0,35.0,M,B,2380d4ca-7e41-419d-b5c3-9f8e5186a12f,401fab25-a911-41d1-a2e2-95b34ba3a7db,1.0,1.0
1850.0,308183.0,2.0,2.0,51.0,40.0,150.0,400150.0,1.0,0.0,0.0,1.0,0.0,1.0,0.0,0.0,15.0,M,B,02f70ef6-f0d7-4e80-b0fd-494236533ffa,401fab25-a911-41d1-a2e2-95b34ba3a7db,1.0,1.0
1850.0,308184.0,1.0,10.0,51.0,40.0,150.0,400150.0,1.0,0.0,0.0,1.0,0.0,1.0,0.0,0.0,50.0,F,B,14e5ccf1-04b2-41f0-b5c9-21b6e14c379e,071af37b-4cd8-4b7e-938e-3acfa8591877,1.0,1.0
1850.0,308184.0,2.0,10.0,51.0,40.0,150.0,400150.0,1.0,0.0,0.0,1.0,0.0,1.0,0.0,0.0,34.0,F,B,ca2af52b-9efc-4617-95b6-1f805a7c5904,071af37b-4cd8-4b7e-938e-3acfa8591877,1.0,1.0
1850.0,308184.0,3.0,10.0,51.0,40.0,150.0,400150.0,1.0,0.0,0.0,1.0,0.0,1.0,0.0,0.0,23.0,M,B,23523859-2754-48cb-9d12-d66f0eca7627,071af37b-4cd8-4b7e-938e-3acfa8591877,1.0,1.0
1850.0,308184.0,4.0,10.0,51.0,40.0,150.0,400150.0,1.0,0.0,0.0,1.0,0.0,1.0,0.0,0.0,18.0,M,B,f8dabda8-4eca-45e5-a7cc-56166c474df2,071af37b-4cd8-4b7e-938e-3acfa8591877,1.0,1.0
1850.0,308184.0,5.0,10.0,51.0,40.0,150.0,400150.0,1.0,0.0,0.0,1.0,0.0,1.0,0.0,0.0,28.0,M,B,662fb80c-6a13-4db8-9696-bb16ff918769,071af37b-4cd8-4b7e-938e-3acfa8591877,1.0,1.0
1850.0,308184.0,6.0,10.0,51.0,40.0,150.0,400150.0,1.0,0.0,0.0,1.0,0.0,1.0,0.0,0.0,20.0,M,B,73750167-8eef-4d97-8e44-3fd02a0ea51f,071af37b-4cd8-4b7e-938e-3acfa8591877,1.0,1.0
1850.0,308184.0,7.0,10.0,51.0,40.0,150.0,400150.0,1.0,0.0,0.0,1.0,0.0,1.0,0.0,0.0,11.0,M,B,57c93542-b280-4ce7-9bb9-4f358a119aef,071af37b-4cd8-4b7e-938e-3acfa8591877,1.0,1.0
1850.0,308184.0,8.0,10.0,51.0,40.0,150.0,400150.0,1.0,0.0,0.0,1.0,0.0,1.0,0.0,0.0,8.0,F,B,f60b0685-2974-4013-9756-0d7482ac92cc,071af37b-4cd8-4b7e-938e-3acfa8591877,1.0,1.0
1850.0,308184.0,9.0,10.0,51.0,40.0,150.0,400150.0,1.0,0.0,0.0,1.0,0.0,1.0,0.0,0.0,5.0,M,B,582efe86-b221-472c-87d6-09f712bccf16,071af37b-4cd8-4b7e-938e-3acfa8591877,1.0,1.0
1850.0,308184.0,10.0,10.0,51.0,40.0,150.0,400150.0,1.0,0.0,0.0,1.0,0.0,1.0,0.0,0.0,3.0,F,B,5719eb01-ee0e-441f-ad4c-b5c615dd2676,071af37b-4cd8-4b7e-938e-3acfa8591877,1.0,1.0
1850.0,308185.0,1.0,3.0,51.0,40.0,150.0,400150.0,1.0,0.0,0.0,1.0,0.0,1.0,0.0,0.0,20.0,F,B,53ba5945-fc43-4b0f-8461-ec06aa206b4b,28a892d8-de58-4c0d-811b-ec29edd787ec,1.0,1.0
1850.0,308185.0,2.0,3.0,51.0,40.0,150.0,400150.0,1.0,0.0,0.0,1.0,0.0,1.0,0.0,0.0,16.0,M,B,67f0d430-b7f2-4a4d-9f5e-e09ab445bfc8,28a892d8-de58-4c0d-811b-ec29edd787ec,1.0,1.0
1850.0,308185.0,3.0,3.0,51.0,40.0,150.0,400150.0,1.0,0.0,0.0,1.0,0.0,1.0,0.0,0.0,10.0,F,B,4a18aa6c-f688-43bf-851a-856c14d05366,28a892d8-de58-4c0d-811b-ec29edd787ec,1.0,1.0
1850.0,308186.0,1.0,1.0,51.0,40.0,150.0,400150.0,1.0,0.0,0.0,1.0,0.0,1.0,0.0,0.0,16.0,F,B,55be3a3f-40b7-4605-8526-0519670da42b,cfb89bed-f4db-4fba-b8d2-548b5239c828,1.0,1.0
1850.0,308187.0,1.0,4.0,51.0,40.0,150.0,400150.0,1.0,0.0,0.0,1.0,0.0,1.0,0.0,0.0,60.0,M,B,5cb1ef4e-ab96-4878-8cdc-90f2674ab651,a6da4d2a-862e-49a3-8295-b22a74b4c89d,1.0,1.0
1850.0,308187.0,2.0,4.0,51.0,40.0,150.0,400150.0,1.0,0.0,0.0,1.0,0.0,1.0,0.0,0.0,40.0,M,B,337cd3d1-ff7b-4231-8c7b-00248399f21f,a6da4d2a-862e-49a3-8295-b22a74b4c89d,1.0,1.0
1850.0,308187.0,3.0,4.0,51.0,40.0,150.0,400150.0,1.0,0.0,0.0,1.0,0.0,1.0,0.0,0.0,40.0,F,B,9a579a4d-56fd-4d81-bf34-36c20c23b8b3,a6da4d2a-862e-49a3-8295-b22a74b4c89d,1.0,1.0
1850.0,308187.0,4.0,4.0,51.0,40.0,150.0,400150.0,1.0,0.0,0.0,1.0,0.0,1.0,0.0,0.0,13.0,F,B,8cc52f75-8783-4033-89fe-5d3d9ced5969,a6da4d2a-862e-49a3-8295-b22a74b4c89d,1.0,1.0
1850.0,308188.0,1.0,14.0,51.0,40.0,150.0,400150.0,1.0,0.0,0.0,1.0,0.0,1.0,0.0,0.0,40.0,M,B,860bedd2-d571-42fc-8dc5-96ba709273ec,81afd270-1497-438c-92aa-20f2eaad491f,1.0,1.0
1850.0,308188.0,2.0,14.0,51.0,40.0,150.0,400150.0,1.0,0.0,0.0,1.0,0.0,1.0,0.0,0.0,18.0,M,B,37e102a2-0885-42f9-99bc-c917e87aafe8,81afd270-1497-438c-92aa-20f2eaad491f,1.0,1.0
1850.0,308188.0,3.0,14.0,51.0,40.0,150.0,400150.0,1.0,0.0,0.0,1.0,0.0,1.0,0.0,0.0,35.0,F,B,5f7bc1ff-b191-48c0-8c1e-2ebb91442ca6,81afd270-1497-438c-92aa-20f2eaad491f,1.0,1.0
1850.0,308188.0,4.0,14.0,51.0,40.0,150.0,400150.0,1.0,0.0,0.0,1.0,0.0,1.0,0.0,0.0,24.0,M,B,c65e2c02-d8dc-49a0-811f-e3bdfea9269c,81afd270-1497-438c-92aa-20f2eaad491f,1.0,1.0
1850.0,308188.0,5.0,14.0,51.0,40.0,150.0,400150.0,1.0,0.0,0.0,1.0,0.0,1.0,0.0,0.0,30.0,F,B,d73e8e69-7a05-4cd9-9dd7-32e6b93af07d,81afd270-1497-438c-92aa-20f2eaad491f,1.0,1.0
1850.0,308188.0,6.0,14.0,51.0,40.0,150.0,400150.0,1.0,0.0,0.0,1.0,0.0,1.0,0.0,0.0,20.0,F,B,670e978f-aad8-4237-ad61-b1b9d1c2390a,81afd270-1497-438c-92aa-20f2eaad491f,1.0,1.0
1850.0,308188.0,7.0,14.0,51.0,40.0,150.0,400150.0,1.0,0.0,0.0,1.0,0.0,1.0,0.0,0.0,13.0,F,B,5ae450c5-e371-4c65-aee2-9081d9bcb3ea,81afd270-1497-438c-92aa-20f2eaad491f,1.0,1.0
1850.0,308188.0,8.0,14.0,51.0,40.0,150.0,400150.0,1.0,0.0,0.0,1.0,0.0,1.0,0.0,0.0,11.0,M,B,b2b66d43-19ae-4c91-a6c4-b316f1885932,81afd270-1497-438c-92aa-20f2eaad491f,1.0,1.0
1850.0,308188.0,9.0,14.0,51.0,40.0,150.0,400150.0,1.0,0.0,0.0,1.0,0.0,1.0,0.0,0.0,8.0,F,B,79981c2e-468a-4bc9-9c0e-9deca7c9a72d,81afd270-1497-438c-92aa-20f2eaad491f,1.0,1.0
1850.0,308188.0,10.0,14.0,51.0,40.0,150.0,400150.0,1.0,0.0,0.0,1.0,0.0,1.0,0.0,0.0,6.0,M,B,2e158ad9-e61f-4abf-89d5-b5526d85eaa0,81afd270-1497-438c-92aa-20f2eaad491f,1.0,1.0
1850.0,308188.0,11.0,14.0,51.0,40.0,150.0,400150.0,1.0,0.0,0.0,1.0,0.0,1.0,0.0,0.0,4.0,M,B,8dced2d4-6a5e-49b2-b307-55324076a0f0,81afd270-1497-438c-92aa-20f2eaad491f,1.0,1.0
1850.0,308188.0,12.0,14.0,51.0,40.0,150.0,400150.0,1.0,0.0,0.0,1.0,0.0,1.0,0.0,0.0,2.0,M,B,eb197b16-7d2e-4262-9789-5de581ac679f,81afd270-1497-438c-92aa-20f2eaad491f,1.0,1.0
1850.0,308188.0,13.0,14.0,51.0,40.0,150.0,400150.0,1.0,0.0,0.0,1.0,0.0,1.0,0.0,0.0,0.0,M,B,0b52f381-775d-4492-965a-35914697cefe,81afd270-1497-438c-92aa-20f2eaad491f,1.0,1.0
1850.0,308188.0,14.0,14.0,51.0,40.0,150.0,400150.0,1.0,0.0,0.0,1.0,0.0,1.0,0.0,0.0,0.0,M,B,2942ab15-d46d-4296-aa4a-adda6409a896,81afd270-1497-438c-92aa-20f2eaad491f,1.0,1.0
1850.0,308189.0,1.0,5.0,51.0,40.0,150.0,400150.0,1.0,0.0,0.0,1.0,0.0,1.0,0.0,0.0,22.0,M,B,959f5468-3826-4b75-bfdb-9860a2903261,,0.0,1.0
1850.0,308189.0,2.0,5.0,51.0,40.0,150.0,400150.0,1.0,0.0,0.0,1.0,0.0,1.0,0.0,0.0,12.0,M,B,14415102-192b-4b66-9281-4c99ea4d353f,,0.0,1.0
1850.0,308189.0,3.0,5.0,51.0,40.0,150.0,400150.0,1.0,0.0,0.0,1.0,0.0,1.0,0.0,0.0,28.0,M,B,c8ea7175-1ddd-4416-9ff3-3efaed95acd7,,0.0,1.0
1850.0,308189.0,4.0,5.0,51.0,40.0,150.0,400150.0,1.0,0.0,0.0,1.0,0.0,1.0,0.0,0.0,14.0,F,B,4aa4e004-7dc1-40b3-8157-d50d55fbef65,,0.0,1.0
1850.0,308189.0,5.0,5.0,51.0,40.0,150.0,400150.0,1.0,0.0,0.0,1.0,0.0,1.0,0.0,0.0,48.0,F,B,bf4bf1f5-31d1-4f7b-8251-5dbc368256cb,,0.0,1.0
1850.0,308190.0,1.0,8.0,51.0,40.0,150.0,400150.0,1.0,0.0,0.0,1.0,0.0,1.0,0.0,0.0,35.0,F,B,3fb6ed97-0f98-4a46-9e83-a682f9ac22af,022a1e43-e81f-4024-a20a-8f5a58cfc3ff,1.0,1.0
1850.0,308190.0,2.0,8.0,51.0,40.0,150.0,400150.0,1.0,0.0,0.0,1.0,0.0,1.0,0.0,0.0,35.0,M,B,8c54c8e0-3aae-47d0-95f7-970eea2000e7,022a1e43-e81f-4024-a20a-8f5a58cfc3ff,1.0,1.0
1850.0,308190.0,3.0,8.0,51.0,40.0,150.0,400150.0,1.0,0.0,0.0,1.0,0.0,1.0,0.0,0.0,10.0,M,B,11a91f96-b493-4e2f-b1c4-32d03f35c3b4,022a1e43-e81f-4024-a20a-8f5a58cfc3ff,1.0,1.0
1850.0,308190.0,4.0,8.0,51.0,40.0,150.0,400150.0,1.0,0.0,0.0,1.0,0.0,1.0,0.0,0.0,8.0,M,B,8bb7f7f3-844f-41b1-ad46-f4ae6f265d2d,022a1e43-e81f-4024-a20a-8f5a58cfc3ff,1.0,1.0
1850.0,308190.0,5.0,8.0,51.0,40.0,150.0,400150.0,1.0,0.0,0.0,1.0,0.0,1.0,0.0,0.0,7.0,M,B,1578d3bf-95c1-420c-9b91-ae87b7ff78cc,022a1e43-e81f-4024-a20a-8f5a58cfc3ff,1.0,1.0
1850.0,308190.0,6.0,8.0,51.0,40.0,150.0,400150.0,1.0,0.0,0.0,1.0,0.0,1.0,0.0,0.0,5.0,F,B,8d745659-9fa2-484a-b183-d7aea6fd1daf,022a1e43-e81f-4024-a20a-8f5a58cfc3ff,1.0,1.0
1850.0,308190.0,7.0,8.0,51.0,40.0,150.0,400150.0,1.0,0.0,0.0,1.0,0.0,1.0,0.0,0.0,3.0,F,B,08c45647-3641-4959-bddb-cd4aeafd6c31,022a1e43-e81f-4024-a20a-8f5a58cfc3ff,1.0,1.0
1850.0,308190.0,8.0,8.0,51.0,40.0,150.0,400150.0,1.0,0.0,0.0,1.0,0.0,1.0,0.0,0.0,0.0,F,B,ef7e2782-0e68-4717-a93d-b922d552b16b,022a1e43-e81f-4024-a20a-8f5a58cfc3ff,1.0,1.0
1850.0,308191.0,1.0,1.0,51.0,40.0,150.0,400150.0,1.0,0.0,0.0,1.0,0.0,1.0,0.0,0.0,16.0,F,B,b7e75f63-fb3c-4d26-8412-c55cf4cd2c58,d922b8b2-fe3d-4bd8-98f6-d4a6d29008e7,1.0,1.0
1850.0,308192.0,1.0,3.0,51.0,40.0,150.0,400150.0,1.0,0.0,0.0,1.0,0.0,1.0,0.0,0.0,30.0,F,B,85058fd1-cd05-45f7-8242-e3b07c5f505b,391b7919-95ab-4b45-a6e4-e679bf6d34d8,1.0,1.0
1850.0,308192.0,2.0,3.0,51.0,40.0,150.0,400150.0,1.0,0.0,0.0,1.0,0.0,1.0,0.0,0.0,13.0,M,B,8e634828-9ab5-42e0-b57c-cafd05104d50,391b7919-95ab-4b45-a6e4-e679bf6d34d8,1.0,1.0
1850.0,308192.0,3.0,3.0,51.0,40.0,150.0,400150.0,1.0,0.0,0.0,1.0,0.0,1.0,0.0,0.0,999.0,F,B,913567c1-bfc4-40fb-83db-b3fb05afcb15,391b7919-95ab-4b45-a6e4-e679bf6d34d8,1.0,1.0
1850.0,308193.0,1.0,3.0,51.0,40.0,150.0,400150.0,1.0,0.0,0.0,1.0,0.0,1.0,0.0,0.0,28.0,M,B,acc895df-6f0f-479b-af6c-42caf1a20ac2,7d73fd95-3707-49ce-ae5b-b2e724fb678a,1.0,1.0
1850.0,308193.0,2.0,3.0,51.0,40.0,150.0,400150.0,1.0,0.0,0.0,1.0,0.0,1.0,0.0,0.0,26.0,F,B,fe46a392-3569-4a82-9f96-c2cd067bd9c1,7d73fd95-3707-49ce-ae5b-b2e724fb678a,1.0,1.0
1850.0,308193.0,3.0,3.0,51.0,40.0,150.0,400150.0,1.0,0.0,0.0,1.0,0.0,1.0,0.0,0.0,9.0,M,B,58b755ec-3b0f-4530-9d53-34976d967cbe,7d73fd95-3707-49ce-ae5b-b2e724fb678a,1.0,1.0
1850.0,308194.0,1.0,4.0,51.0,40.0,150.0,400150.0,1.0,0.0,0.0,1.0,0.0,1.0,0.0,0.0,50.0,F,B,1c7d8967-18f4-4f26-b06c-bd19b20eb41f,95d04266-e047-4cfd-91b5-9746fd1cb1e4,1.0,1.0
1850.0,308194.0,2.0,4.0,51.0,40.0,150.0,400150.0,1.0,0.0,0.0,1.0,0.0,1.0,0.0,0.0,25.0,M,B,b068e264-acdd-4665-ae59-c094154d9ff1,95d04266-e047-4cfd-91b5-9746fd1cb1e4,1.0,1.0
1850.0,308194.0,3.0,4.0,51.0,40.0,150.0,400150.0,1.0,0.0,0.0,1.0,0.0,1.0,0.0,0.0,7.0,M,B,29d8c13b-770e-4610-a77d-5f9d668ac57a,95d04266-e047-4cfd-91b5-9746fd1cb1e4,1.0,1.0
1850.0,308194.0,4.0,4.0,51.0,40.0,150.0,400150.0,1.0,0.0,0.0,1.0,0.0,1.0,0.0,0.0,2.0,F,B,1f52cb27-12be-4fd6-89b2-00b4385ae742,95d04266-e047-4cfd-91b5-9746fd1cb1e4,1.0,1.0
1850.0,308195.0,1.0,3.0,51.0,40.0,150.0,400150.0,1.0,0.0,0.0,1.0,0.0,1.0,0.0,0.0,21.0,M,B,d3567c87-6292-4f90-8d55-272bd39b5b08,7ec46901-5548-4c0d-9a94-fb29f7606578,1.0,1.0
1850.0,308195.0,2.0,3.0,51.0,40.0,150.0,400150.0,1.0,0.0,0.0,1.0,0.0,1.0,0.0,0.0,19.0,M,B,6d4c3cfe-9585-4fee-bc61-57d7bfc22a32,7ec46901-5548-4c0d-9a94-fb29f7606578,1.0,1.0
1850.0,308195.0,3.0,3.0,51.0,40.0,150.0,400150.0,1.0,0.0,0.0,1.0,0.0,1.0,0.0,0.0,17.0,M,B,b5497260-aef1-4f2d-a5d8-aac70412170d,7ec46901-5548-4c0d-9a94-fb29f7606578,1.0,1.0
1850.0,308196.0,1.0,1.0,51.0,40.0,150.0,400150.0,1.0,0.0,0.0,1.0,0.0,1.0,0.0,0.0,20.0,F,B,16ae34e5-fd2d-46dd-8e4e-3bb2041cade8,,0.0,1.0
1850.0,308197.0,1.0,7.0,51.0,40.0,150.0,400150.0,1.0,0.0,0.0,1.0,0.0,1.0,0.0,0.0,9.0,F,B,7ab29f3b-ebfa-43ee-a912-81d6aa244c38,d6aaf848-36eb-4841-9cfe-51bde6cd8452,1.0,1.0
1850.0,308197.0,2.0,7.0,51.0,40.0,150.0,400150.0,1.0,0.0,0.0,1.0,0.0,1.0,0.0,0.0,7.0,F,B,aa5a00e9-a08c-4ff3-a169-bc524c74de0c,d6aaf848-36eb-4841-9cfe-51bde6cd8452,1.0,1.0
1850.0,308197.0,3.0,7.0,51.0,40.0,150.0,400150.0,1.0,0.0,0.0,1.0,0.0,1.0,0.0,0.0,6.0,M,B,9c11ce1c-01a3-462b-8186-c1ccf6dc2ff0,d6aaf848-36eb-4841-9cfe-51bde6cd8452,1.0,1.0
1850.0,308197.0,4.0,7.0,51.0,40.0,150.0,400150.0,1.0,0.0,0.0,1.0,0.0,1.0,0.0,0.0,4.0,F,B,aae0c91a-2185-4a86-8798-d6d5578142cc,d6aaf848-36eb-4841-9cfe-51bde6cd8452,1.0,1.0
1850.0,308197.0,5.0,7.0,51.0,40.0,150.0,400150.0,1.0,0.0,0.0,1.0,0.0,1.0,0.0,0.0,3.0,F,B,5c032866-54fe-4ef5-9981-626eaff8d956,d6aaf848-36eb-4841-9cfe-51bde6cd8452,1.0,1.0
1850.0,308197.0,6.0,7.0,51.0,40.0,150.0,400150.0,1.0,0.0,0.0,1.0,0.0,1.0,0.0,0.0,36.0,F,B,15fcc6f7-1b31-4f72-b14c-d700985a1bed,d6aaf848-36eb-4841-9cfe-51bde6cd8452,1.0,1.0
1850.0,308197.0,7.0,7.0,51.0,40.0,150.0,400150.0,1.0,0.0,0.0,1.0,0.0,1.0,0.0,0.0,1.0,F,B,590c03f3-1b9e-47ee-a6c2-a54a114f6327,d6aaf848-36eb-4841-9cfe-51bde6cd8452,1.0,1.0
1850.0,308201.0,1.0,4.0,51.0,40.0,150.0,400150.0,1.0,0.0,0.0,1.0,0.0,1.0,0.0,0.0,10.0,F,B,1b6bd702-ae3a-4688-8ffc-7bae8a61f74f,,0.0,1.0
1850.0,308201.0,2.0,4.0,51.0,40.0,150.0,400150.0,1.0,0.0,0.0,1.0,0.0,1.0,0.0,0.0,31.0,F,B,6b083066-4acb-46b1-b2a9-5d585e8ae10b,,0.0,1.0
1850.0,308201.0,3.0,4.0,51.0,40.0,150.0,400150.0,1.0,0.0,0.0,1.0,0.0,1.0,0.0,0.0,31.0,M,B,93601392-0d6e-474e-aff0-24bfc9bdb452,,0.0,1.0
1850.0,308201.0,4.0,4.0,51.0,40.0,150.0,400150.0,1.0,0.0,0.0,1.0,0.0,1.0,0.0,0.0,12.0,F,B,9f1edc44-8d9e-4573-980a-39a1b163d2de,,0.0,1.0
1850.0,308202.0,1.0,5.0,51.0,40.0,150.0,400150.0,1.0,0.0,0.0,1.0,0.0,1.0,0.0,0.0,57.0,F,B,22251f08-7cef-4baf-a695-f38d5713c099,4abd87e9-2a08-4299-b278-34ce0993fb8e,1.0,1.0
1850.0,308202.0,2.0,5.0,51.0,40.0,150.0,400150.0,1.0,0.0,0.0,1.0,0.0,1.0,0.0,0.0,24.0,F,B,e59a2584-82e1-4f34-abc7-2c9dbb8276fe,4abd87e9-2a08-4299-b278-34ce0993fb8e,1.0,1.0
1850.0,308202.0,3.0,5.0,51.0,40.0,150.0,400150.0,1.0,0.0,0.0,1.0,0.0,1.0,0.0,0.0,20.0,M,B,aad3b677-15f6-451b-84b4-afda990a1713,4abd87e9-2a08-4299-b278-34ce0993fb8e,1.0,1.0
1850.0,308202.0,4.0,5.0,51.0,40.0,150.0,400150.0,1.0,0.0,0.0,1.0,0.0,1.0,0.0,0.0,6.0,M,B,e082156b-4a80-4bc5-8582-11c9f50cc02c,4abd87e9-2a08-4299-b278-34ce0993fb8e,1.0,1.0
1850.0,308202.0,5.0,5.0,51.0,40.0,150.0,400150.0,1.0,0.0,0.0,1.0,0.0,1.0,0.0,0.0,2.0,F,B,55cb1149-4634-4ea1-ae4a-51641eaf945f,4abd87e9-2a08-4299-b278-34ce0993fb8e,1.0,1.0
1850.0,308203.0,1.0,4.0,51.0,40.0,150.0,400150.0,1.0,0.0,0.0,1.0,0.0,1.0,0.0,0.0,43.0,M,B,3fbf7c9f-7255-4a54-bac1-1616fc5c042b,ba02b524-3e9c-4c19-a12e-fc529e862113,1.0,1.0
1850.0,308203.0,2.0,4.0,51.0,40.0,150.0,400150.0,1.0,0.0,0.0,1.0,0.0,1.0,0.0,0.0,23.0,F,B,5280cb31-a345-4b4f-bf4d-f80b29f1a4f9,ba02b524-3e9c-4c19-a12e-fc529e862113,1.0,1.0
1850.0,308203.0,3.0,4.0,51.0,40.0,150.0,400150.0,1.0,0.0,0.0,1.0,0.0,1.0,0.0,0.0,3.0,F,B,b0911637-0c44-49fd-805b-c267cfb329fb,ba02b524-3e9c-4c19-a12e-fc529e862113,1.0,1.0
1850.0,308203.0,4.0,4.0,51.0,40.0,150.0,400150.0,1.0,0.0,0.0,1.0,0.0,1.0,0.0,0.0,3.0,F,B,e439b6b9-d622-42cf-9a21-9244493e041a,ba02b524-3e9c-4c19-a12e-fc529e862113,1.0,1.0
1850.0,308198.0,1.0,2.0,51.0,40.0,150.0,400150.0,1.0,0.0,0.0,1.0,0.0,1.0,0.0,0.0,45.0,F,B,d5a75671-b4f7-4a58-8b9d-53850643d8a5,092b9913-493e-4aa9-a37c-1ca1fbfc035b,1.0,1.0
1850.0,308198.0,2.0,2.0,51.0,40.0,150.0,400150.0,1.0,0.0,0.0,1.0,0.0,1.0,0.0,0.0,36.0,M,B,fa148ac1-567f-4746-9c7b-5d2f60741a3e,092b9913-493e-4aa9-a37c-1ca1fbfc035b,1.0,1.0
1850.0,308204.0,1.0,1.0,51.0,40.0,150.0,400150.0,1.0,0.0,0.0,1.0,0.0,1.0,0.0,0.0,16.0,F,B,6fda2693-dedc-486b-af36-7f6bcebd6800,748e9365-90e4-4c16-94df-1123e4021dfd,1.0,1.0
1850.0,308205.0,1.0,1.0,51.0,40.0,150.0,400150.0,1.0,0.0,0.0,1.0,0.0,1.0,0.0,0.0,30.0,M,B,f20fdb65-a139-43d2-999c-dbd87b38d70b,cc5c384a-d4bf-4c62-b6f0-0160f1210684,2.0,1.0
1850.0,308206.0,1.0,2.0,51.0,40.0,150.0,400150.0,1.0,0.0,0.0,1.0,0.0,1.0,0.0,0.0,17.0,M,B,c5664f52-e477-46f8-aed3-6dbeebc8e995,f0c7821c-ecc8-465e-b847-da0d7becbe51,1.0,1.0
1850.0,308206.0,2.0,2.0,51.0,40.0,150.0,400150.0,1.0,0.0,0.0,1.0,0.0,1.0,0.0,0.0,11.0,M,B,b919c363-2a0b-46cb-ac59-7ee7008055f8,f0c7821c-ecc8-465e-b847-da0d7becbe51,1.0,1.0
1850.0,308207.0,1.0,1.0,51.0,40.0,150.0,400150.0,1.0,0.0,0.0,1.0,0.0,1.0,0.0,0.0,28.0,M,B,71fde9da-1190-4161-b778-508c109020eb,2f3af81e-c6fd-419d-b752-a4442b919dfd,1.0,1.0
1850.0,308208.0,1.0,1.0,51.0,40.0,150.0,400150.0,1.0,0.0,0.0,1.0,0.0,1.0,0.0,0.0,20.0,M,B,c7cf5b08-58af-438d-b769-0a34cfd87f15,d8521082-baf4-4102-b27b-d7df8e5a9bb0,1.0,1.0
1850.0,308209.0,1.0,1.0,51.0,40.0,150.0,400150.0,1.0,0.0,0.0,1.0,0.0,1.0,0.0,0.0,11.0,F,B,2a350517-1ee4-43fc-b7df-d47178ee49b0,5fb86b1b-84a9-4eb7-b2b1-3fff44fdea73,2.0,1.0
1850.0,308210.0,1.0,7.0,51.0,40.0,150.0,400150.0,1.0,0.0,0.0,1.0,0.0,1.0,0.0,0.0,24.0,M,B,69b62ae0-2a9c-4873-8844-0b8b56c65a53,e202a1d1-5b41-4366-88a4-84106ca270ce,1.0,1.0
1850.0,308210.0,2.0,7.0,51.0,40.0,150.0,400150.0,1.0,0.0,0.0,1.0,0.0,1.0,0.0,0.0,21.0,F,B,07936a38-e867-4779-95f8-d3bcb7003534,e202a1d1-5b41-4366-88a4-84106ca270ce,1.0,1.0
1850.0,308210.0,3.0,7.0,51.0,40.0,150.0,400150.0,1.0,0.0,0.0,1.0,0.0,1.0,0.0,0.0,20.0,F,B,69dc16bf-a50f-461c-b052-3228c64ca6f5,e202a1d1-5b41-4366-88a4-84106ca270ce,1.0,1.0
1850.0,308210.0,4.0,7.0,51.0,40.0,150.0,400150.0,1.0,0.0,0.0,1.0,0.0,1.0,0.0,0.0,17.0,F,B,9b59261b-d584-4cff-8b26-5ee170997980,e202a1d1-5b41-4366-88a4-84106ca270ce,1.0,1.0
1850.0,308210.0,5.0,7.0,51.0,40.0,150.0,400150.0,1.0,0.0,0.0,1.0,0.0,1.0,0.0,0.0,14.0,M,B,bcaca4b3-c726-4cf9-bad1-60a25801f951,e202a1d1-5b41-4366-88a4-84106ca270ce,1.0,1.0
1850.0,308210.0,6.0,7.0,51.0,40.0,150.0,400150.0,1.0,0.0,0.0,1.0,0.0,1.0,0.0,0.0,12.0,F,B,20bf582a-98f4-41bc-8f71-9fc02b3b3d19,e202a1d1-5b41-4366-88a4-84106ca270ce,1.0,1.0
1850.0,308210.0,7.0,7.0,51.0,40.0,150.0,400150.0,1.0,0.0,0.0,1.0,0.0,1.0,0.0,0.0,7.0,M,B,54a72294-62ef-43b6-8fba-1902412e36c8,e202a1d1-5b41-4366-88a4-84106ca270ce,1.0,1.0
1850.0,308211.0,1.0,1.0,51.0,40.0,150.0,400150.0,1.0,0.0,0.0,1.0,0.0,1.0,0.0,0.0,35.0,M,B,4efe141f-2ce5-46ab-ab77-17841be06957,,0.0,1.0
1850.0,308212.0,1.0,4.0,51.0,40.0,150.0,400150.0,1.0,0.0,0.0,1.0,0.0,1.0,0.0,0.0,28.0,M,B,40d4aabe-72f1-47d3-b946-e44453befb3d,30ec5b40-1bf4-4ccd-b79c-2e1944a0feb7,1.0,1.0
1850.0,308212.0,2.0,4.0,51.0,40.0,150.0,400150.0,1.0,0.0,0.0,1.0,0.0,1.0,0.0,0.0,23.0,F,B,2a1da3a7-13c1-4c9e-bfe4-b1873f15491a,30ec5b40-1bf4-4ccd-b79c-2e1944a0feb7,1.0,1.0
1850.0,308212.0,3.0,4.0,51.0,40.0,150.0,400150.0,1.0,0.0,0.0,1.0,0.0,1.0,0.0,0.0,20.0,F,B,db1b53ef-26a0-454e-a9e9-a792f73467aa,30ec5b40-1bf4-4ccd-b79c-2e1944a0feb7,1.0,1.0
1850.0,308212.0,4.0,4.0,51.0,40.0,150.0,400150.0,1.0,0.0,0.0,1.0,0.0,1.0,0.0,0.0,10.0,M,B,ee139386-b6ee-4d2b-ad02-d7340b059e03,30ec5b40-1bf4-4ccd-b79c-2e1944a0feb7,1.0,1.0
1850.0,308213.0,1.0,2.0,51.0,40.0,150.0,400150.0,1.0,0.0,0.0,1.0,0.0,1.0,0.0,0.0,38.0,F,B,1789b9b6-dd9c-45fb-aaeb-fcd59aaea558,122275f0-28f5-4161-bfa6-cd4d8d1507f9,1.0,1.0
1850.0,308213.0,2.0,2.0,51.0,40.0,150.0,400150.0,1.0,0.0,0.0,1.0,0.0,1.0,0.0,0.0,28.0,M,B,20346feb-d9f6-49de-809d-f4275471ac7f,122275f0-28f5-4161-bfa6-cd4d8d1507f9,1.0,1.0
1850.0,308199.0,1.0,1.0,51.0,40.0,150.0,400150.0,1.0,0.0,0.0,1.0,0.0,1.0,0.0,0.0,30.0,M,B,18d1a80d-e1cd-410a-aa37-b07d8d5b8fc5,2d14a6a2-688c-49ed-957a-4e2f3fd04714,1.0,1.0
1850.0,308214.0,1.0,2.0,51.0,40.0,150.0,400150.0,1.0,0.0,0.0,1.0,0.0,1.0,0.0,0.0,35.0,M,B,1e880c09-f020-4b71-9411-253011a99a97,0ee69728-1323-4c68-9c9c-d3ba6018b42e,1.0,1.0
1850.0,308214.0,2.0,2.0,51.0,40.0,150.0,400150.0,1.0,0.0,0.0,1.0,0.0,1.0,0.0,0.0,12.0,F,B,e7334b91-eda0-4a4b-8cd1-b05a86d1d68a,0ee69728-1323-4c68-9c9c-d3ba6018b42e,1.0,1.0
1850.0,308200.0,1.0,2.0,51.0,40.0,150.0,400150.0,1.0,0.0,0.0,1.0,0.0,1.0,0.0,0.0,33.0,F,B,ba413d88-fe67-47a5-9c7c-cbb52b66809a,d1ea8d7a-357f-4aa9-ad48-fbc206bc562b,1.0,1.0
1850.0,308200.0,2.0,2.0,51.0,40.0,150.0,400150.0,1.0,0.0,0.0,1.0,0.0,1.0,0.0,0.0,3.0,M,B,dd176c8b-2a1e-4d92-89dd-0af5c00aad15,d1ea8d7a-357f-4aa9-ad48-fbc206bc562b,1.0,1.0
1850.0,308215.0,1.0,5.0,51.0,40.0,150.0,400150.0,1.0,0.0,0.0,1.0,0.0,1.0,0.0,0.0,23.0,F,B,0ab450c6-9ccf-4346-9ab6-be6b8568d78c,b6dc73ca-8349-418f-8e96-0de5cd57907f,1.0,1.0
1850.0,308215.0,2.0,5.0,51.0,40.0,150.0,400150.0,1.0,0.0,0.0,1.0,0.0,1.0,0.0,0.0,34.0,M,B,2a6b0853-6516-4110-8d18-44244b3f9fc8,b6dc73ca-8349-418f-8e96-0de5cd57907f,1.0,1.0
1850.0,308215.0,3.0,5.0,51.0,40.0,150.0,400150.0,1.0,0.0,0.0,1.0,0.0,1.0,0.0,0.0,9.0,F,B,9a6bef8d-fc76-4be0-9d98-b1d5273f93eb,b6dc73ca-8349-418f-8e96-0de5cd57907f,1.0,1.0
1850.0,308215.0,4.0,5.0,51.0,40.0,150.0,400150.0,1.0,0.0,0.0,1.0,0.0,1.0,0.0,0.0,5.0,F,B,e5475ccd-6122-45d7-a599-386649d8eb87,b6dc73ca-8349-418f-8e96-0de5cd57907f,1.0,1.0
1850.0,308215.0,5.0,5.0,51.0,40.0,150.0,400150.0,1.0,0.0,0.0,1.0,0.0,1.0,0.0,0.0,2.0,F,B,09c6b90a-ffbb-4474-99bd-1631d1352afb,b6dc73ca-8349-418f-8e96-0de5cd57907f,1.0,1.0
1850.0,308216.0,1.0,5.0,51.0,40.0,150.0,400150.0,1.0,0.0,0.0,1.0,0.0,1.0,0.0,0.0,0.0,F,B,828df330-4a92-4691-a1e9-11fd143b7c53,,0.0,1.0
1850.0,308216.0,2.0,5.0,51.0,40.0,150.0,400150.0,1.0,0.0,0.0,1.0,0.0,1.0,0.0,0.0,37.0,M,B,d026647c-822f-4c45-94ef-953899ffc358,,0.0,1.0
1850.0,308216.0,3.0,5.0,51.0,40.0,150.0,400150.0,1.0,0.0,0.0,1.0,0.0,1.0,0.0,0.0,36.0,F,B,a220ad50-454f-41a7-a879-884520533a14,,0.0,1.0
1850.0,308216.0,4.0,5.0,51.0,40.0,150.0,400150.0,1.0,0.0,0.0,1.0,0.0,1.0,0.0,0.0,15.0,F,B,7121cc95-5582-48a0-901c-af946af3da39,,0.0,1.0
1850.0,308216.0,5.0,5.0,51.0,40.0,150.0,400150.0,1.0,0.0,0.0,1.0,0.0,1.0,0.0,0.0,6.0,F,B,e8a77537-20af-4e1f-8cc3-1575b400183d,,0.0,1.0
1850.0,308217.0,1.0,9.0,51.0,40.0,150.0,400150.0,1.0,0.0,0.0,1.0,0.0,1.0,0.0,0.0,52.0,M,B,e63fc0ac-005d-476b-9146-0a8673e19f36,9de2e915-0967-4faa-9c7d-5fbaa46e3e14,1.0,1.0
1850.0,308217.0,2.0,9.0,51.0,40.0,150.0,400150.0,1.0,0.0,0.0,1.0,0.0,1.0,0.0,0.0,32.0,M,B,0c0950ce-e44f-4d9a-ba4d-42e7916fe98a,9de2e915-0967-4faa-9c7d-5fbaa46e3e14,1.0,1.0
1850.0,308217.0,3.0,9.0,51.0,40.0,150.0,400150.0,1.0,0.0,0.0,1.0,0.0,1.0,0.0,0.0,25.0,F,B,ca75f828-286d-4452-9b95-e5a94bbcf105,9de2e915-0967-4faa-9c7d-5fbaa46e3e14,1.0,1.0
1850.0,308217.0,4.0,9.0,51.0,40.0,150.0,400150.0,1.0,0.0,0.0,1.0,0.0,1.0,0.0,0.0,22.0,F,B,1efe57a2-08fa-4ec3-b5f9-af41434ab941,9de2e915-0967-4faa-9c7d-5fbaa46e3e14,1.0,1.0
1850.0,308217.0,5.0,9.0,51.0,40.0,150.0,400150.0,1.0,0.0,0.0,1.0,0.0,1.0,0.0,0.0,5.0,M,B,170e7efb-502c-4ed4-9f51-52fd190a86e7,9de2e915-0967-4faa-9c7d-5fbaa46e3e14,1.0,1.0
1850.0,308217.0,6.0,9.0,51.0,40.0,150.0,400150.0,1.0,0.0,0.0,1.0,0.0,1.0,0.0,0.0,3.0,F,B,d3f2c1cd-d61d-495b-a87d-dedfb568627f,9de2e915-0967-4faa-9c7d-5fbaa46e3e14,1.0,1.0
1850.0,308217.0,7.0,9.0,51.0,40.0,150.0,400150.0,1.0,0.0,0.0,1.0,0.0,1.0,0.0,0.0,1.0,F,B,e0e1d226-3fca-4567-b986-94abb44c369d,9de2e915-0967-4faa-9c7d-5fbaa46e3e14,1.0,1.0
1850.0,308217.0,8.0,9.0,51.0,40.0,150.0,400150.0,1.0,0.0,0.0,1.0,0.0,1.0,0.0,0.0,6.0,M,B,e55fcca8-79f9-4486-a4b4-dc8de1e107f4,9de2e915-0967-4faa-9c7d-5fbaa46e3e14,1.0,1.0
1850.0,308217.0,9.0,9.0,51.0,40.0,150.0,400150.0,1.0,0.0,0.0,1.0,0.0,1.0,0.0,0.0,4.0,F,B,43b1f021-affe-4e4f-a34f-5c667a5c66e2,9de2e915-0967-4faa-9c7d-5fbaa46e3e14,1.0,1.0
1850.0,308218.0,1.0,5.0,51.0,40.0,150.0,400150.0,1.0,0.0,0.0,1.0,0.0,1.0,0.0,0.0,38.0,M,B,d495ba3b-e5cb-4719-b966-f31380bbd226,4b1caf98-4048-4334-9a64-d43b0b96ec5e,1.0,1.0
1850.0,308218.0,2.0,5.0,51.0,40.0,150.0,400150.0,1.0,0.0,0.0,1.0,0.0,1.0,0.0,0.0,30.0,F,B,367b5a98-cf61-4b11-a4b9-744fe8c305e4,4b1caf98-4048-4334-9a64-d43b0b96ec5e,1.0,1.0
1850.0,308218.0,3.0,5.0,51.0,40.0,150.0,400150.0,1.0,0.0,0.0,1.0,0.0,1.0,0.0,0.0,9.0,M,B,9ac413c7-7d47-40cf-9e50-af4512c60bd5,4b1caf98-4048-4334-9a64-d43b0b96ec5e,1.0,1.0
1850.0,308218.0,4.0,5.0,51.0,40.0,150.0,400150.0,1.0,0.0,0.0,1.0,0.0,1.0,0.0,0.0,5.0,M,B,d18bfe78-a380-46c7-b156-a24089efcec2,4b1caf98-4048-4334-9a64-d43b0b96ec5e,1.0,1.0
1850.0,308218.0,5.0,5.0,51.0,40.0,150.0,400150.0,1.0,0.0,0.0,1.0,0.0,1.0,0.0,0.0,2.0,F,B,386eeab1-e59b-4b50-afc4-3618cd0b713f,4b1caf98-4048-4334-9a64-d43b0b96ec5e,1.0,1.0
1850.0,308219.0,1.0,1.0,51.0,40.0,150.0,400150.0,1.0,0.0,0.0,1.0,0.0,1.0,0.0,0.0,10.0,M,B,caf37cbf-831a-4cfe-a753-2234c6ce0633,a56ac47c-b932-4061-afcd-f818f19e99d4,1.0,1.0
1850.0,308220.0,1.0,1.0,51.0,40.0,150.0,400150.0,1.0,0.0,0.0,1.0,0.0,1.0,0.0,0.0,8.0,M,B,44436c72-da1c-4cf0-a845-137492650b73,69d413dc-674c-4f71-b033-c39bc1efb184,1.0,1.0
1850.0,308221.0,1.0,1.0,51.0,40.0,150.0,400150.0,1.0,0.0,0.0,1.0,0.0,1.0,0.0,0.0,8.0,F,B,14b42489-fcec-4220-92bd-eec851647c35,ed9229f9-d94b-4cd2-ab2b-07c009789ab5,1.0,1.0
1850.0,308222.0,1.0,1.0,51.0,40.0,150.0,400150.0,1.0,0.0,0.0,1.0,0.0,1.0,0.0,0.0,9.0,M,B,83e8632c-c23e-4473-a567-25bd40f5cb32,b6739b2d-faad-4fa1-8d0e-9b17f64f6b9f,1.0,1.0
1850.0,308223.0,1.0,20.0,51.0,40.0,150.0,400150.0,1.0,0.0,0.0,1.0,0.0,1.0,0.0,0.0,9.0,M,B,44783bbe-af7d-4c6b-abfd-0d28bbb1be93,fe03fa34-02c1-454c-86de-288b773b4798,1.0,1.0
1850.0,308223.0,2.0,20.0,51.0,40.0,150.0,400150.0,1.0,0.0,0.0,1.0,0.0,1.0,0.0,0.0,73.0,F,B,29f06b38-b383-4f86-9169-38cb49c26ca9,fe03fa34-02c1-454c-86de-288b773b4798,1.0,1.0
1850.0,308223.0,3.0,20.0,51.0,40.0,150.0,400150.0,1.0,0.0,0.0,1.0,0.0,1.0,0.0,0.0,47.0,M,B,c6933057-f543-4c8a-aeb4-cfa9106313e7,fe03fa34-02c1-454c-86de-288b773b4798,1.0,1.0
1850.0,308223.0,4.0,20.0,51.0,40.0,150.0,400150.0,1.0,0.0,0.0,1.0,0.0,1.0,0.0,0.0,45.0,M,B,e3c994f4-d72e-447e-9fba-8045d11d974a,fe03fa34-02c1-454c-86de-288b773b4798,1.0,1.0
1850.0,308223.0,5.0,20.0,51.0,40.0,150.0,400150.0,1.0,0.0,0.0,1.0,0.0,1.0,0.0,0.0,50.0,M,B,62375ba9-dd83-4bee-af5f-f13ddbf905f9,fe03fa34-02c1-454c-86de-288b773b4798,1.0,1.0
1850.0,308223.0,6.0,20.0,51.0,40.0,150.0,400150.0,1.0,0.0,0.0,1.0,0.0,1.0,0.0,0.0,25.0,M,B,0cfafbc0-51a5-43c8-926e-4e5f35a76ca2,fe03fa34-02c1-454c-86de-288b773b4798,1.0,1.0
1850.0,308223.0,7.0,20.0,51.0,40.0,150.0,400150.0,1.0,0.0,0.0,1.0,0.0,1.0,0.0,0.0,22.0,M,B,b0338a12-47b0-40fc-b9be-9d2b11cad980,fe03fa34-02c1-454c-86de-288b773b4798,1.0,1.0
1850.0,308223.0,8.0,20.0,51.0,40.0,150.0,400150.0,1.0,0.0,0.0,1.0,0.0,1.0,0.0,0.0,17.0,M,B,7341372d-2e77-48a6-8682-9c41025eb1d9,fe03fa34-02c1-454c-86de-288b773b4798,1.0,1.0
1850.0,308223.0,9.0,20.0,51.0,40.0,150.0,400150.0,1.0,0.0,0.0,1.0,0.0,1.0,0.0,0.0,12.0,M,B,432f36a9-9cac-4002-8216-4c4d756eb754,fe03fa34-02c1-454c-86de-288b773b4798,1.0,1.0
1850.0,308223.0,10.0,20.0,51.0,40.0,150.0,400150.0,1.0,0.0,0.0,1.0,0.0,1.0,0.0,0.0,10.0,M,B,fdf52280-d957-45bc-bca1-02a275d70d62,fe03fa34-02c1-454c-86de-288b773b4798,1.0,1.0
1850.0,308223.0,11.0,20.0,51.0,40.0,150.0,400150.0,1.0,0.0,0.0,1.0,0.0,1.0,0.0,0.0,30.0,F,B,14b441fd-ed5d-42c3-9c26-7ede837c3266,fe03fa34-02c1-454c-86de-288b773b4798,1.0,1.0
1850.0,308223.0,12.0,20.0,51.0,40.0,150.0,400150.0,1.0,0.0,0.0,1.0,0.0,1.0,0.0,0.0,27.0,F,B,457cdb27-3e49-4b58-b330-0142939238ed,fe03fa34-02c1-454c-86de-288b773b4798,1.0,1.0
1850.0,308223.0,13.0,20.0,51.0,40.0,150.0,400150.0,1.0,0.0,0.0,1.0,0.0,1.0,0.0,0.0,8.0,F,B,928be5bf-f77a-427d-90da-ef4889de7304,fe03fa34-02c1-454c-86de-288b773b4798,1.0,1.0
1850.0,308223.0,14.0,20.0,51.0,40.0,150.0,400150.0,1.0,0.0,0.0,1.0,0.0,1.0,0.0,0.0,8.0,M,B,cec3b857-4a5f-42cb-8c98-b7aeb3ed2885,fe03fa34-02c1-454c-86de-288b773b4798,1.0,1.0
1850.0,308223.0,15.0,20.0,51.0,40.0,150.0,400150.0,1.0,0.0,0.0,1.0,0.0,1.0,0.0,0.0,6.0,M,B,78c44317-69cc-4a45-ada0-43d0ece0c408,fe03fa34-02c1-454c-86de-288b773b4798,1.0,1.0
1850.0,308223.0,16.0,20.0,51.0,40.0,150.0,400150.0,1.0,0.0,0.0,1.0,0.0,1.0,0.0,0.0,6.0,F,B,1346a0f8-310d-4c70-9a35-beefae308c96,fe03fa34-02c1-454c-86de-288b773b4798,1.0,1.0
1850.0,308223.0,17.0,20.0,51.0,40.0,150.0,400150.0,1.0,0.0,0.0,1.0,0.0,1.0,0.0,0.0,2.0,M,B,eb8980fe-085c-42cd-b9a8-9f738cb5ec1f,fe03fa34-02c1-454c-86de-288b773b4798,1.0,1.0
1850.0,308223.0,18.0,20.0,51.0,40.0,150.0,400150.0,1.0,0.0,0.0,1.0,0.0,1.0,0.0,0.0,2.0,F,B,03d2cd0b-1f89-4c72-9282-5b56481ca469,fe03fa34-02c1-454c-86de-288b773b4798,1.0,1.0
1850.0,308223.0,19.0,20.0,51.0,40.0,150.0,400150.0,1.0,0.0,0.0,1.0,0.0,1.0,0.0,0.0,3.0,M,B,d874cd38-9e2c-4380-92e5-3fe6edd25c08,fe03fa34-02c1-454c-86de-288b773b4798,1.0,1.0
1850.0,308223.0,20.0,20.0,51.0,40.0,150.0,400150.0,1.0,0.0,0.0,1.0,0.0,1.0,0.0,0.0,6.0,F,B,83b1c9cb-8e6a-4326-87ba-1c1230158dd0,fe03fa34-02c1-454c-86de-288b773b4798,1.0,1.0
1850.0,308225.0,1.0,1.0,51.0,40.0,150.0,400150.0,1.0,0.0,0.0,1.0,0.0,1.0,0.0,0.0,22.0,F,B,b90d3e0f-7f45-468a-a90b-a94422d7ea20,71784242-4da6-49c8-9ab1-50f994f2a06f,1.0,1.0
1850.0,308226.0,1.0,10.0,51.0,40.0,150.0,400150.0,1.0,0.0,0.0,1.0,0.0,1.0,0.0,0.0,74.0,M,B,addfab54-2bd0-485d-8e14-985a4c79dd13,ee028f3e-a712-4aee-b0e7-e670b4bfbbe2,1.0,1.0
1850.0,308226.0,2.0,10.0,51.0,40.0,150.0,400150.0,1.0,0.0,0.0,1.0,0.0,1.0,0.0,0.0,60.0,M,B,8424a465-a0a4-406b-ad78-80306bd56250,ee028f3e-a712-4aee-b0e7-e670b4bfbbe2,1.0,1.0
1850.0,308226.0,3.0,10.0,51.0,40.0,150.0,400150.0,1.0,0.0,0.0,1.0,0.0,1.0,0.0,0.0,50.0,F,B,8c4d11cd-5733-41ec-bb88-3189083595a4,ee028f3e-a712-4aee-b0e7-e670b4bfbbe2,1.0,1.0
1850.0,308226.0,4.0,10.0,51.0,40.0,150.0,400150.0,1.0,0.0,0.0,1.0,0.0,1.0,0.0,0.0,45.0,F,B,7f68b954-b9a9-409f-b05c-dad274c8ce74,ee028f3e-a712-4aee-b0e7-e670b4bfbbe2,1.0,1.0
1850.0,308226.0,5.0,10.0,51.0,40.0,150.0,400150.0,1.0,0.0,0.0,1.0,0.0,1.0,0.0,0.0,36.0,F,B,2ced8426-05d0-4be9-bd8d-12da479bd68f,ee028f3e-a712-4aee-b0e7-e670b4bfbbe2,1.0,1.0
1850.0,308226.0,6.0,10.0,51.0,40.0,150.0,400150.0,1.0,0.0,0.0,1.0,0.0,1.0,0.0,0.0,16.0,F,B,66318f8a-e952-436e-80e4-9f05c5c1e20b,ee028f3e-a712-4aee-b0e7-e670b4bfbbe2,1.0,1.0
1850.0,308226.0,7.0,10.0,51.0,40.0,150.0,400150.0,1.0,0.0,0.0,1.0,0.0,1.0,0.0,0.0,11.0,M,B,bbd66c10-838f-437c-b799-9ce407147b97,ee028f3e-a712-4aee-b0e7-e670b4bfbbe2,1.0,1.0
1850.0,308226.0,8.0,10.0,51.0,40.0,150.0,400150.0,1.0,0.0,0.0,1.0,0.0,1.0,0.0,0.0,5.0,M,B,e44b461c-e269-412e-8635-028f641a820c,ee028f3e-a712-4aee-b0e7-e670b4bfbbe2,1.0,1.0
1850.0,308226.0,9.0,10.0,51.0,40.0,150.0,400150.0,1.0,0.0,0.0,1.0,0.0,1.0,0.0,0.0,3.0,M,B,c989d561-7604-4abc-bb9a-0ed7d1d96f2d,ee028f3e-a712-4aee-b0e7-e670b4bfbbe2,1.0,1.0
1850.0,308226.0,10.0,10.0,51.0,40.0,150.0,400150.0,1.0,0.0,0.0,1.0,0.0,1.0,0.0,0.0,1.0,F,B,a0e61fd3-a9f1-449c-aa20-65de46696787,ee028f3e-a712-4aee-b0e7-e670b4bfbbe2,1.0,1.0
1850.0,308227.0,1.0,1.0,51.0,40.0,150.0,400150.0,1.0,0.0,0.0,1.0,0.0,1.0,0.0,0.0,11.0,M,B,008df786-a3cc-451b-ac7f-a0c547b4fac6,7a6cb01c-1b27-4fb5-95ef-d1c957479b59,1.0,1.0
1850.0,308228.0,1.0,5.0,51.0,40.0,150.0,400150.0,1.0,0.0,0.0,1.0,0.0,1.0,0.0,0.0,90.0,M,B,268dd273-88da-4fe4-8a65-11d5c1af2db3,47ce853c-0c69-4f54-80f5-f165c2113185,4.0,1.0
1850.0,308228.0,2.0,5.0,51.0,40.0,150.0,400150.0,1.0,0.0,0.0,1.0,0.0,1.0,0.0,0.0,50.0,M,B,9d6c4839-a6a1-4828-97ef-47da382560a9,47ce853c-0c69-4f54-80f5-f165c2113185,4.0,1.0
1850.0,308228.0,3.0,5.0,51.0,40.0,150.0,400150.0,1.0,0.0,0.0,1.0,0.0,1.0,0.0,0.0,45.0,F,B,6b683d3a-f381-407f-9758-36df89fa533d,47ce853c-0c69-4f54-80f5-f165c2113185,4.0,1.0
1850.0,308228.0,4.0,5.0,51.0,40.0,150.0,400150.0,1.0,0.0,0.0,1.0,0.0,1.0,0.0,0.0,22.0,M,B,a9901ee6-8cab-4110-83d8-4c825112743a,47ce853c-0c69-4f54-80f5-f165c2113185,4.0,1.0
1850.0,308228.0,5.0,5.0,51.0,40.0,150.0,400150.0,1.0,0.0,0.0,1.0,0.0,1.0,0.0,0.0,1.0,F,B,0e85da2a-e19c-4fcf-9d5e-0a036f1c73f2,47ce853c-0c69-4f54-80f5-f165c2113185,4.0,1.0
1850.0,308229.0,1.0,10.0,51.0,40.0,150.0,400150.0,1.0,0.0,0.0,1.0,0.0,1.0,0.0,0.0,64.0,M,B,162e4509-0356-47f9-9b46-88bbf1fb3778,02721d89-6cbb-4c82-bcef-34295bfe5ca7,1.0,1.0
1850.0,308229.0,2.0,10.0,51.0,40.0,150.0,400150.0,1.0,0.0,0.0,1.0,0.0,1.0,0.0,0.0,53.0,F,B,26045fc4-c9f6-46b2-8e85-19cb7f000719,02721d89-6cbb-4c82-bcef-34295bfe5ca7,1.0,1.0
1850.0,308229.0,3.0,10.0,51.0,40.0,150.0,400150.0,1.0,0.0,0.0,1.0,0.0,1.0,0.0,0.0,32.0,M,B,fdfece39-4a09-4b44-95f6-38c7623a6bfc,02721d89-6cbb-4c82-bcef-34295bfe5ca7,1.0,1.0
1850.0,308229.0,4.0,10.0,51.0,40.0,150.0,400150.0,1.0,0.0,0.0,1.0,0.0,1.0,0.0,0.0,24.0,M,B,d44245bb-9b03-4e7e-b012-618f8d0b9ebe,02721d89-6cbb-4c82-bcef-34295bfe5ca7,1.0,1.0
1850.0,308229.0,5.0,10.0,51.0,40.0,150.0,400150.0,1.0,0.0,0.0,1.0,0.0,1.0,0.0,0.0,18.0,M,B,64953c08-4aa5-406d-a44c-7cd0cb3e4b46,02721d89-6cbb-4c82-bcef-34295bfe5ca7,1.0,1.0
1850.0,308229.0,6.0,10.0,51.0,40.0,150.0,400150.0,1.0,0.0,0.0,1.0,0.0,1.0,0.0,0.0,16.0,M,B,96160d63-1714-4d89-9669-2acb19cb83fa,02721d89-6cbb-4c82-bcef-34295bfe5ca7,1.0,1.0
1850.0,308229.0,7.0,10.0,51.0,40.0,150.0,400150.0,1.0,0.0,0.0,1.0,0.0,1.0,0.0,0.0,16.0,F,B,7f5e234e-9607-4095-bebf-a0d98670c54a,02721d89-6cbb-4c82-bcef-34295bfe5ca7,1.0,1.0
1850.0,308229.0,8.0,10.0,51.0,40.0,150.0,400150.0,1.0,0.0,0.0,1.0,0.0,1.0,0.0,0.0,12.0,F,B,65bbab0d-7d81-4e19-b77b-318b9258b63d,02721d89-6cbb-4c82-bcef-34295bfe5ca7,1.0,1.0
1850.0,308229.0,9.0,10.0,51.0,40.0,150.0,400150.0,1.0,0.0,0.0,1.0,0.0,1.0,0.0,0.0,9.0,M,B,28ad5c4c-ba8c-4cdb-b959-3c2bf013c43d,02721d89-6cbb-4c82-bcef-34295bfe5ca7,1.0,1.0
1850.0,308229.0,10.0,10.0,51.0,40.0,150.0,400150.0,1.0,0.0,0.0,1.0,0.0,1.0,0.0,0.0,5.0,M,B,8c15570d-6bfb-49e6-9915-0fa24b1fddc7,02721d89-6cbb-4c82-bcef-34295bfe5ca7,1.0,1.0
1850.0,308230.0,1.0,10.0,51.0,40.0,150.0,400150.0,1.0,0.0,0.0,1.0,0.0,1.0,0.0,0.0,40.0,M,B,bc0fd578-ec0c-4607-b0cb-aefa93ca34d6,4f670417-73bf-47fd-b456-20f892a28dac,1.0,1.0
1850.0,308230.0,2.0,10.0,51.0,40.0,150.0,400150.0,1.0,0.0,0.0,1.0,0.0,1.0,0.0,0.0,28.0,M,B,0e69537b-dfd5-425f-9bc0-546b7a3834a3,4f670417-73bf-47fd-b456-20f892a28dac,1.0,1.0
1850.0,308230.0,3.0,10.0,51.0,40.0,150.0,400150.0,1.0,0.0,0.0,1.0,0.0,1.0,0.0,0.0,15.0,M,B,198f85f3-22c6-431f-9b2d-5da947eb92c6,4f670417-73bf-47fd-b456-20f892a28dac,1.0,1.0
1850.0,308230.0,4.0,10.0,51.0,40.0,150.0,400150.0,1.0,0.0,0.0,1.0,0.0,1.0,0.0,0.0,37.0,F,B,01584fa8-de2d-489f-887b-ba041914427c,4f670417-73bf-47fd-b456-20f892a28dac,1.0,1.0
1850.0,308230.0,5.0,10.0,51.0,40.0,150.0,400150.0,1.0,0.0,0.0,1.0,0.0,1.0,0.0,0.0,18.0,F,B,04528718-7b40-402f-a867-2ba07f312e5d,4f670417-73bf-47fd-b456-20f892a28dac,1.0,1.0
1850.0,308230.0,6.0,10.0,51.0,40.0,150.0,400150.0,1.0,0.0,0.0,1.0,0.0,1.0,0.0,0.0,12.0,F,B,4fd52e65-62b3-427c-bd94-b25d73a09335,4f670417-73bf-47fd-b456-20f892a28dac,1.0,1.0
1850.0,308230.0,7.0,10.0,51.0,40.0,150.0,400150.0,1.0,0.0,0.0,1.0,0.0,1.0,0.0,0.0,1.0,F,B,5950b5b9-37b9-4fc4-8716-84ece6a0e13e,4f670417-73bf-47fd-b456-20f892a28dac,1.0,1.0
1850.0,308230.0,8.0,10.0,51.0,40.0,150.0,400150.0,1.0,0.0,0.0,1.0,0.0,1.0,0.0,0.0,7.0,F,B,a9f1053e-664e-461a-a4ea-96a756127810,4f670417-73bf-47fd-b456-20f892a28dac,1.0,1.0
1850.0,308230.0,9.0,10.0,51.0,40.0,150.0,400150.0,1.0,0.0,0.0,1.0,0.0,1.0,0.0,0.0,2.0,F,B,bedfdd82-f98b-44a4-960e-21e01fc29d27,4f670417-73bf-47fd-b456-20f892a28dac,1.0,1.0
1850.0,308230.0,10.0,10.0,51.0,40.0,150.0,400150.0,1.0,0.0,0.0,1.0,0.0,1.0,0.0,0.0,0.0,F,B,46dd99f6-4c9d-4fa9-bb86-0070ec3bb287,4f670417-73bf-47fd-b456-20f892a28dac,1.0,1.0
1850.0,308224.0,1.0,3.0,51.0,40.0,150.0,400150.0,1.0,0.0,0.0,1.0,0.0,1.0,0.0,0.0,23.0,M,B,51fa885f-28f3-4663-b35e-37c47a3b198c,38a4529d-db6a-45d6-9078-d02e9ce9ce40,2.0,1.0
1850.0,308224.0,2.0,3.0,51.0,40.0,150.0,400150.0,1.0,0.0,0.0,1.0,0.0,1.0,0.0,0.0,22.0,M,B,580c524c-5d68-4b5a-8aff-93aa05a40a7a,38a4529d-db6a-45d6-9078-d02e9ce9ce40,2.0,1.0
1850.0,308224.0,3.0,3.0,51.0,40.0,150.0,400150.0,1.0,0.0,0.0,1.0,0.0,1.0,0.0,0.0,17.0,F,B,da24983a-20b7-4d1d-8e6e-b68599dbe978,38a4529d-db6a-45d6-9078-d02e9ce9ce40,2.0,1.0
1850.0,308232.0,1.0,1.0,51.0,40.0,150.0,400150.0,1.0,0.0,0.0,1.0,0.0,1.0,0.0,0.0,35.0,M,B,7881827a-9bb6-478a-ba4e-2749266aabce,5f039dd4-f2a9-49f9-810d-282316e23a47,1.0,1.0
1850.0,308233.0,1.0,1.0,51.0,40.0,150.0,400150.0,1.0,0.0,0.0,1.0,0.0,1.0,0.0,0.0,50.0,M,B,cea7edba-2b71-4962-91bb-27494ee62582,0ccd734d-0175-416b-929f-a3cd634bb1f2,1.0,1.0
1850.0,308234.0,1.0,4.0,51.0,40.0,150.0,400150.0,1.0,0.0,0.0,1.0,0.0,1.0,0.0,0.0,23.0,F,B,916019a7-55a1-4d1e-9f99-faa862878062,f5199a49-db7a-4533-9ffe-ffe2c85a1591,1.0,1.0
1850.0,308234.0,2.0,4.0,51.0,40.0,150.0,400150.0,1.0,0.0,0.0,1.0,0.0,1.0,0.0,0.0,21.0,M,B,396535ce-aa90-47e1-8441-0556503cf34b,f5199a49-db7a-4533-9ffe-ffe2c85a1591,1.0,1.0
1850.0,308234.0,3.0,4.0,51.0,40.0,150.0,400150.0,1.0,0.0,0.0,1.0,0.0,1.0,0.0,0.0,14.0,F,B,1865a6e2-0431-4570-b1e4-13d2d72bce43,f5199a49-db7a-4533-9ffe-ffe2c85a1591,1.0,1.0
1850.0,308234.0,4.0,4.0,51.0,40.0,150.0,400150.0,1.0,0.0,0.0,1.0,0.0,1.0,0.0,0.0,2.0,M,B,ce3aeb8b-42c7-46f4-af5c-dcc6c0743d07,f5199a49-db7a-4533-9ffe-ffe2c85a1591,1.0,1.0
1850.0,308235.0,1.0,2.0,51.0,40.0,150.0,400150.0,1.0,0.0,0.0,1.0,0.0,1.0,0.0,0.0,28.0,M,B,536cb306-de05-4728-8346-d736347ee482,f04a2b7b-ac63-45b6-9075-7021c1345d66,1.0,1.0
1850.0,308235.0,2.0,2.0,51.0,40.0,150.0,400150.0,1.0,0.0,0.0,1.0,0.0,1.0,0.0,0.0,22.0,F,B,17c7b073-b85a-4c93-8c32-f3d8938a2cad,f04a2b7b-ac63-45b6-9075-7021c1345d66,1.0,1.0
1850.0,308236.0,1.0,1.0,51.0,40.0,150.0,400150.0,1.0,0.0,0.0,1.0,0.0,1.0,0.0,0.0,75.0,F,B,e18364c4-97a0-481d-91be-e28922294836,fcf5e9ac-92b8-401b-843f-2786d8153b9c,1.0,1.0
1850.0,308237.0,1.0,1.0,51.0,40.0,150.0,400150.0,1.0,0.0,0.0,1.0,0.0,1.0,0.0,0.0,25.0,M,B,33dd2058-e0aa-434b-8385-29d9b5db3e94,0622d289-e4a3-42a1-ac7b-df16883d4265,1.0,1.0
1850.0,308238.0,1.0,2.0,51.0,40.0,150.0,400150.0,1.0,0.0,0.0,1.0,0.0,1.0,0.0,0.0,63.0,F,B,785d3add-4479-4c06-bc84-3bd5a5e5c18e,cdd20dcd-7843-4e73-9060-0db05cfb4704,1.0,1.0
1850.0,308238.0,2.0,2.0,51.0,40.0,150.0,400150.0,1.0,0.0,0.0,1.0,0.0,1.0,0.0,0.0,8.0,M,B,8853d241-27ff-4f8c-826a-eb58ea846e05,cdd20dcd-7843-4e73-9060-0db05cfb4704,1.0,1.0
1850.0,308239.0,1.0,5.0,51.0,40.0,150.0,400150.0,1.0,0.0,0.0,1.0,0.0,1.0,0.0,0.0,43.0,M,B,2d7fc833-53f6-4e79-9083-f058f8e349b4,06f69bdb-6373-41c2-aa57-6c5e3c3be614,1.0,1.0
1850.0,308239.0,2.0,5.0,51.0,40.0,150.0,400150.0,1.0,0.0,0.0,1.0,0.0,1.0,0.0,0.0,30.0,F,B,c65dfcbb-df24-42df-b66a-7a5ad6fcdd4c,06f69bdb-6373-41c2-aa57-6c5e3c3be614,1.0,1.0
1850.0,308239.0,3.0,5.0,51.0,40.0,150.0,400150.0,1.0,0.0,0.0,1.0,0.0,1.0,0.0,0.0,10.0,F,B,ecacd5ba-59e7-4473-a2cc-05240a653954,06f69bdb-6373-41c2-aa57-6c5e3c3be614,1.0,1.0
1850.0,308239.0,4.0,5.0,51.0,40.0,150.0,400150.0,1.0,0.0,0.0,1.0,0.0,1.0,0.0,0.0,6.0,F,B,fa832fe5-3d5e-4945-b0e1-c0790446d5a9,06f69bdb-6373-41c2-aa57-6c5e3c3be614,1.0,1.0
1850.0,308239.0,5.0,5.0,51.0,40.0,150.0,400150.0,1.0,0.0,0.0,1.0,0.0,1.0,0.0,0.0,0.0,M,B,a9a33c89-1251-4925-b568-688afda9db3f,06f69bdb-6373-41c2-aa57-6c5e3c3be614,1.0,1.0
1850.0,308240.0,1.0,1.0,51.0,40.0,150.0,400150.0,1.0,0.0,0.0,1.0,0.0,1.0,0.0,0.0,10.0,M,B,8390ad92-59e8-403b-8431-0b8f22453f6d,dc7cb078-0a6f-468b-8324-ea2cda6120f1,4.0,1.0
1850.0,308241.0,1.0,1.0,51.0,40.0,150.0,400150.0,1.0,0.0,0.0,1.0,0.0,1.0,0.0,0.0,2.0,M,B,82ccfd16-e1b3-4734-b86d-881076557722,,0.0,1.0
1850.0,308242.0,1.0,2.0,51.0,40.0,150.0,400150.0,1.0,0.0,0.0,1.0,0.0,1.0,0.0,0.0,34.0,M,B,0428711c-cbbf-4f0e-a062-befe1e77c54a,19048a62-389b-443a-8ada-bd23375e0d99,1.0,1.0
1850.0,308242.0,2.0,2.0,51.0,40.0,150.0,400150.0,1.0,0.0,0.0,1.0,0.0,1.0,0.0,0.0,15.0,F,B,fa1d6daa-3beb-4b86-b3f5-cf599d268674,19048a62-389b-443a-8ada-bd23375e0d99,1.0,1.0
1850.0,308243.0,1.0,2.0,51.0,40.0,150.0,400150.0,1.0,0.0,0.0,1.0,0.0,1.0,0.0,0.0,20.0,F,B,d0b233c5-d4a7-40cf-8f30-25f96b2bbb78,60137790-0ef3-4206-8186-59ad28909052,1.0,1.0
1850.0,308243.0,2.0,2.0,51.0,40.0,150.0,400150.0,1.0,0.0,0.0,1.0,0.0,1.0,0.0,0.0,13.0,M,B,7d674e47-18b7-4dd4-aa4a-80f14def6399,60137790-0ef3-4206-8186-59ad28909052,1.0,1.0
1850.0,308244.0,1.0,1.0,51.0,40.0,150.0,400150.0,1.0,0.0,0.0,1.0,0.0,1.0,0.0,0.0,15.0,M,B,72eb47b3-62e9-4e42-9219-6f8c3d98eba1,7eff5fd1-8754-43b8-b4d8-6e269a37a9c9,1.0,1.0
1850.0,308245.0,1.0,3.0,51.0,40.0,150.0,400150.0,1.0,0.0,0.0,1.0,0.0,1.0,0.0,0.0,37.0,F,B,477d8877-89f3-4a2c-8165-431f33bb3ea2,a1d44b89-29cd-4f8a-ab7c-35787b2d21b1,1.0,1.0
1850.0,308245.0,2.0,3.0,51.0,40.0,150.0,400150.0,1.0,0.0,0.0,1.0,0.0,1.0,0.0,0.0,3.0,F,B,72e2edc4-d0bd-49e2-a6cf-b31c941bad2e,a1d44b89-29cd-4f8a-ab7c-35787b2d21b1,1.0,1.0
1850.0,308245.0,3.0,3.0,51.0,40.0,150.0,400150.0,1.0,0.0,0.0,1.0,0.0,1.0,0.0,0.0,0.0,F,B,8e9de14a-05ac-480d-bdb5-8599bb7c4e42,a1d44b89-29cd-4f8a-ab7c-35787b2d21b1,1.0,1.0
1850.0,308246.0,1.0,1.0,51.0,40.0,150.0,400150.0,1.0,0.0,0.0,1.0,0.0,1.0,0.0,0.0,62.0,M,B,052a79a8-508f-4693-af01-55a3b5e9aa81,c469d350-1a90-4895-9569-08b583cb4dc9,1.0,1.0
1850.0,308247.0,1.0,5.0,51.0,40.0,150.0,400150.0,1.0,0.0,0.0,1.0,0.0,1.0,0.0,0.0,44.0,M,B,7ff2c85b-7bd4-4d47-8e4f-f48869b3ad33,66d82c4b-120c-48db-bbb4-d93c3636cae8,1.0,1.0
1850.0,308247.0,2.0,5.0,51.0,40.0,150.0,400150.0,1.0,0.0,0.0,1.0,0.0,1.0,0.0,0.0,40.0,M,B,5d7ae992-3766-494b-9c84-78282e4e80ec,66d82c4b-120c-48db-bbb4-d93c3636cae8,1.0,1.0
1850.0,308247.0,3.0,5.0,51.0,40.0,150.0,400150.0,1.0,0.0,0.0,1.0,0.0,1.0,0.0,0.0,30.0,F,B,1241a9fa-cb1f-4444-a27c-f95a98c8525c,66d82c4b-120c-48db-bbb4-d93c3636cae8,1.0,1.0
1850.0,308247.0,4.0,5.0,51.0,40.0,150.0,400150.0,1.0,0.0,0.0,1.0,0.0,1.0,0.0,0.0,4.0,M,B,d390b3e5-9adc-4b51-a760-73ccc2ef24e7,66d82c4b-120c-48db-bbb4-d93c3636cae8,1.0,1.0
1850.0,308247.0,5.0,5.0,51.0,40.0,150.0,400150.0,1.0,0.0,0.0,1.0,0.0,1.0,0.0,0.0,3.0,F,B,06e61366-d590-42f2-9207-3d0abf7c2e44,66d82c4b-120c-48db-bbb4-d93c3636cae8,1.0,1.0
1850.0,308231.0,1.0,5.0,51.0,40.0,150.0,400150.0,1.0,0.0,0.0,1.0,0.0,1.0,0.0,0.0,60.0,F,B,80c25622-abaa-420a-8416-c0ef2932a223,606d3f19-6ccb-41a2-9459-be1fd5c98d22,1.0,1.0
1850.0,308231.0,2.0,5.0,51.0,40.0,150.0,400150.0,1.0,0.0,0.0,1.0,0.0,1.0,0.0,0.0,35.0,F,B,0535df1c-ad1f-446f-9e0d-3041bd0cca77,606d3f19-6ccb-41a2-9459-be1fd5c98d22,1.0,1.0
1850.0,308231.0,3.0,5.0,51.0,40.0,150.0,400150.0,1.0,0.0,0.0,1.0,0.0,1.0,0.0,0.0,17.0,M,B,84497dd8-ca31-4001-b4d3-df7e2e93b31c,606d3f19-6ccb-41a2-9459-be1fd5c98d22,1.0,1.0
1850.0,308231.0,4.0,5.0,51.0,40.0,150.0,400150.0,1.0,0.0,0.0,1.0,0.0,1.0,0.0,0.0,6.0,F,B,5d8edc70-b4e3-414d-8d9d-d49864b6dba3,606d3f19-6ccb-41a2-9459-be1fd5c98d22,1.0,1.0
1850.0,308231.0,5.0,5.0,51.0,40.0,150.0,400150.0,1.0,0.0,0.0,1.0,0.0,1.0,0.0,0.0,3.0,F,B,2c518f4a-ad27-4dda-905d-00cca4907295,606d3f19-6ccb-41a2-9459-be1fd5c98d22,1.0,1.0
1850.0,308248.0,1.0,11.0,51.0,40.0,150.0,400150.0,1.0,0.0,0.0,1.0,0.0,1.0,0.0,0.0,50.0,M,B,72b75dcc-9b41-4ad2-9667-9f643ce75c05,a54fc21a-41f8-4d6a-b2ee-5a720d842747,1.0,1.0
1850.0,308248.0,2.0,11.0,51.0,40.0,150.0,400150.0,1.0,0.0,0.0,1.0,0.0,1.0,0.0,0.0,8.0,F,B,2cda6521-c692-4a5b-a4a8-4c21703a1ed9,a54fc21a-41f8-4d6a-b2ee-5a720d842747,1.0,1.0
1850.0,308248.0,3.0,11.0,51.0,40.0,150.0,400150.0,1.0,0.0,0.0,1.0,0.0,1.0,0.0,0.0,6.0,F,B,11599236-fef2-45a7-a2ce-ffd3d7988084,a54fc21a-41f8-4d6a-b2ee-5a720d842747,1.0,1.0
1850.0,308248.0,4.0,11.0,51.0,40.0,150.0,400150.0,1.0,0.0,0.0,1.0,0.0,1.0,0.0,0.0,50.0,M,B,567a24c9-40bf-4889-96db-0d9ddb4e2687,a54fc21a-41f8-4d6a-b2ee-5a720d842747,1.0,1.0
1850.0,308248.0,5.0,11.0,51.0,40.0,150.0,400150.0,1.0,0.0,0.0,1.0,0.0,1.0,0.0,0.0,40.0,M,B,4c8d0e2c-6f59-4e82-b8cb-7e3f53388e86,a54fc21a-41f8-4d6a-b2ee-5a720d842747,1.0,1.0
1850.0,308248.0,6.0,11.0,51.0,40.0,150.0,400150.0,1.0,0.0,0.0,1.0,0.0,1.0,0.0,0.0,27.0,M,B,260769bf-c48a-4b2e-8c6a-fda841c70d64,a54fc21a-41f8-4d6a-b2ee-5a720d842747,1.0,1.0
1850.0,308248.0,7.0,11.0,51.0,40.0,150.0,400150.0,1.0,0.0,0.0,1.0,0.0,1.0,0.0,0.0,15.0,M,B,07ff1efa-f7c4-4b2e-aafb-4371ca5d2478,a54fc21a-41f8-4d6a-b2ee-5a720d842747,1.0,1.0
1850.0,308248.0,8.0,11.0,51.0,40.0,150.0,400150.0,1.0,0.0,0.0,1.0,0.0,1.0,0.0,0.0,5.0,M,B,eb681f20-1a19-4d4e-88c8-d26f268bbedb,a54fc21a-41f8-4d6a-b2ee-5a720d842747,1.0,1.0
1850.0,308248.0,9.0,11.0,51.0,40.0,150.0,400150.0,1.0,0.0,0.0,1.0,0.0,1.0,0.0,0.0,57.0,F,B,9da59c17-4ef0-48c6-879a-c5b87a9e1fdb,a54fc21a-41f8-4d6a-b2ee-5a720d842747,1.0,1.0
1850.0,308248.0,10.0,11.0,51.0,40.0,150.0,400150.0,1.0,0.0,0.0,1.0,0.0,1.0,0.0,0.0,30.0,F,B,1829a307-3cb2-487d-8323-eb82cc86294f,a54fc21a-41f8-4d6a-b2ee-5a720d842747,1.0,1.0
1850.0,308248.0,11.0,11.0,51.0,40.0,150.0,400150.0,1.0,0.0,0.0,1.0,0.0,1.0,0.0,0.0,10.0,F,B,da8025ad-fd1b-422a-bd3e-b4d56477ee48,a54fc21a-41f8-4d6a-b2ee-5a720d842747,1.0,1.0
1850.0,308249.0,1.0,14.0,51.0,40.0,150.0,400150.0,1.0,0.0,0.0,1.0,0.0,1.0,0.0,0.0,65.0,M,B,2adc335f-473c-4bce-bb5f-2bdf6e61adc5,26131b2f-5b87-405f-9da9-37d02ecdcbdb,1.0,1.0
1850.0,308249.0,2.0,14.0,51.0,40.0,150.0,400150.0,1.0,0.0,0.0,1.0,0.0,1.0,0.0,0.0,55.0,M,B,dbac76b7-8031-4175-88a8-1dc02e172278,26131b2f-5b87-405f-9da9-37d02ecdcbdb,1.0,1.0
1850.0,308249.0,3.0,14.0,51.0,40.0,150.0,400150.0,1.0,0.0,0.0,1.0,0.0,1.0,0.0,0.0,60.0,F,B,aea3a562-a3bc-4c1c-b5f3-8df08dd59530,26131b2f-5b87-405f-9da9-37d02ecdcbdb,1.0,1.0
1850.0,308249.0,4.0,14.0,51.0,40.0,150.0,400150.0,1.0,0.0,0.0,1.0,0.0,1.0,0.0,0.0,50.0,F,B,c63db055-4057-4347-8257-fcb737bec540,26131b2f-5b87-405f-9da9-37d02ecdcbdb,1.0,1.0
1850.0,308249.0,5.0,14.0,51.0,40.0,150.0,400150.0,1.0,0.0,0.0,1.0,0.0,1.0,0.0,0.0,40.0,M,B,042c55d3-67bd-4c69-87f6-c0440934f906,26131b2f-5b87-405f-9da9-37d02ecdcbdb,1.0,1.0
1850.0,308249.0,6.0,14.0,51.0,40.0,150.0,400150.0,1.0,0.0,0.0,1.0,0.0,1.0,0.0,0.0,32.0,M,B,49c5c84e-617f-43ed-9b92-34ebaa694a1d,26131b2f-5b87-405f-9da9-37d02ecdcbdb,1.0,1.0
1850.0,308249.0,7.0,14.0,51.0,40.0,150.0,400150.0,1.0,0.0,0.0,1.0,0.0,1.0,0.0,0.0,25.0,M,B,17da17d9-8f2d-4a31-9f4e-95486e05394e,26131b2f-5b87-405f-9da9-37d02ecdcbdb,1.0,1.0
1850.0,308249.0,8.0,14.0,51.0,40.0,150.0,400150.0,1.0,0.0,0.0,1.0,0.0,1.0,0.0,0.0,25.0,M,B,78cdd2e3-3adb-4ee2-a7df-c2df35336026,26131b2f-5b87-405f-9da9-37d02ecdcbdb,1.0,1.0
1850.0,308249.0,9.0,14.0,51.0,40.0,150.0,400150.0,1.0,0.0,0.0,1.0,0.0,1.0,0.0,0.0,22.0,F,B,ca49edb5-7cfa-4a77-befe-1dc53aff3f7c,26131b2f-5b87-405f-9da9-37d02ecdcbdb,1.0,1.0
1850.0,308249.0,10.0,14.0,51.0,40.0,150.0,400150.0,1.0,0.0,0.0,1.0,0.0,1.0,0.0,0.0,9.0,F,B,c8fc00a6-80ef-46f9-9737-17af9d75d856,26131b2f-5b87-405f-9da9-37d02ecdcbdb,1.0,1.0
1850.0,308249.0,11.0,14.0,51.0,40.0,150.0,400150.0,1.0,0.0,0.0,1.0,0.0,1.0,0.0,0.0,7.0,F,B,1a68ea0e-186e-4d77-9bac-02a890642300,26131b2f-5b87-405f-9da9-37d02ecdcbdb,1.0,1.0
1850.0,308249.0,12.0,14.0,51.0,40.0,150.0,400150.0,1.0,0.0,0.0,1.0,0.0,1.0,0.0,0.0,999.0,F,B,3da78f48-4d11-4efc-8355-00134656a943,26131b2f-5b87-405f-9da9-37d02ecdcbdb,1.0,1.0
1850.0,308249.0,13.0,14.0,51.0,40.0,150.0,400150.0,1.0,0.0,0.0,1.0,0.0,1.0,0.0,0.0,4.0,M,B,2c1edce0-2036-4034-ba32-1d76a207c72c,26131b2f-5b87-405f-9da9-37d02ecdcbdb,1.0,1.0
1850.0,308249.0,14.0,14.0,51.0,40.0,150.0,400150.0,1.0,0.0,0.0,1.0,0.0,1.0,0.0,0.0,2.0,F,B,a61883b5-498f-4ca9-a99c-1d2d0616f082,26131b2f-5b87-405f-9da9-37d02ecdcbdb,1.0,1.0
1850.0,308250.0,1.0,17.0,51.0,40.0,150.0,400150.0,1.0,0.0,0.0,1.0,0.0,1.0,0.0,0.0,48.0,M,B,5b2d6775-1980-4cbc-a63e-7dbdf2a58762,,0.0,1.0
1850.0,308250.0,2.0,17.0,51.0,40.0,150.0,400150.0,1.0,0.0,0.0,1.0,0.0,1.0,0.0,0.0,999.0,M,B,4abeb554-df31-406c-a14b-015f3c37bb57,,0.0,1.0
1850.0,308250.0,3.0,17.0,51.0,40.0,150.0,400150.0,1.0,0.0,0.0,1.0,0.0,1.0,0.0,0.0,40.0,M,B,3130a46c-04c1-4755-819e-20dbad874dde,,0.0,1.0
1850.0,308250.0,4.0,17.0,51.0,40.0,150.0,400150.0,1.0,0.0,0.0,1.0,0.0,1.0,0.0,0.0,40.0,M,B,9280def0-1d53-47c1-9d4c-d4c635302b4b,,0.0,1.0
1850.0,308250.0,5.0,17.0,51.0,40.0,150.0,400150.0,1.0,0.0,0.0,1.0,0.0,1.0,0.0,0.0,33.0,M,B,9cf46586-a6c5-472b-b62e-c26da89802b6,,0.0,1.0
1850.0,308250.0,6.0,17.0,51.0,40.0,150.0,400150.0,1.0,0.0,0.0,1.0,0.0,1.0,0.0,0.0,16.0,M,B,e220d3d9-fc05-4a51-9540-49671c481221,,0.0,1.0
1850.0,308250.0,7.0,17.0,51.0,40.0,150.0,400150.0,1.0,0.0,0.0,1.0,0.0,1.0,0.0,0.0,40.0,F,B,d6dfee71-100c-4b6c-b3d0-76527813813b,,0.0,1.0
1850.0,308250.0,8.0,17.0,51.0,40.0,150.0,400150.0,1.0,0.0,0.0,1.0,0.0,1.0,0.0,0.0,36.0,F,B,b495d832-e4ea-40d5-a40c-3423ee58b114,,0.0,1.0
1850.0,308250.0,9.0,17.0,51.0,40.0,150.0,400150.0,1.0,0.0,0.0,1.0,0.0,1.0,0.0,0.0,75.0,F,B,d3ab33e9-6449-42b0-b255-a885c7ab9b04,,0.0,1.0
1850.0,308250.0,10.0,17.0,51.0,40.0,150.0,400150.0,1.0,0.0,0.0,1.0,0.0,1.0,0.0,0.0,90.0,M,B,c7bcac59-b709-4102-b477-3a7c2069f3a2,,0.0,1.0
1850.0,308250.0,11.0,17.0,51.0,40.0,150.0,400150.0,1.0,0.0,0.0,1.0,0.0,1.0,0.0,0.0,6.0,M,B,9350a5e2-6b9d-452b-ad4b-cd465e83730f,,0.0,1.0
1850.0,308250.0,12.0,17.0,51.0,40.0,150.0,400150.0,1.0,0.0,0.0,1.0,0.0,1.0,0.0,0.0,6.0,M,B,9be094c4-67f8-4fbf-9c38-c0c569e4ae7e,,0.0,1.0
1850.0,308250.0,13.0,17.0,51.0,40.0,150.0,400150.0,1.0,0.0,0.0,1.0,0.0,1.0,0.0,0.0,9.0,F,B,c145fb66-d642-4b35-a131-c76c4da6b06b,,0.0,1.0
1850.0,308250.0,14.0,17.0,51.0,40.0,150.0,400150.0,1.0,0.0,0.0,1.0,0.0,1.0,0.0,0.0,4.0,F,B,9f5dc0c8-3377-4fb5-9f62-89b636453c73,,0.0,1.0
1850.0,308250.0,15.0,17.0,51.0,40.0,150.0,400150.0,1.0,0.0,0.0,1.0,0.0,1.0,0.0,0.0,5.0,F,B,535e85ff-7ddd-4e29-a390-ed41c23e26ca,,0.0,1.0
1850.0,308250.0,16.0,17.0,51.0,40.0,150.0,400150.0,1.0,0.0,0.0,1.0,0.0,1.0,0.0,0.0,3.0,M,B,f3cf99bc-2f98-439d-a0b7-b3465a4bbe57,,0.0,1.0
1850.0,308250.0,17.0,17.0,51.0,40.0,150.0,400150.0,1.0,0.0,0.0,1.0,0.0,1.0,0.0,0.0,2.0,M,B,73ec5286-2d3a-4bf7-bff9-f5669b9a6736,,0.0,1.0
1850.0,308251.0,1.0,2.0,51.0,40.0,150.0,400150.0,1.0,0.0,0.0,1.0,0.0,1.0,0.0,0.0,32.0,F,B,51a2381e-64dc-457f-86f8-d4f2018929d1,b43cdb78-3943-4220-8ac2-a1674e409c60,1.0,1.0
1850.0,308251.0,2.0,2.0,51.0,40.0,150.0,400150.0,1.0,0.0,0.0,1.0,0.0,1.0,0.0,0.0,3.0,F,B,ce6b9688-2bd1-4274-9f60-94b498a6f947,b43cdb78-3943-4220-8ac2-a1674e409c60,1.0,1.0
1850.0,308252.0,1.0,10.0,51.0,40.0,150.0,400150.0,1.0,0.0,0.0,1.0,0.0,1.0,0.0,0.0,3.0,F,B,e2db1e30-072c-4cd1-8236-b152ecb0e495,,0.0,1.0
1850.0,308252.0,2.0,10.0,51.0,40.0,150.0,400150.0,1.0,0.0,0.0,1.0,0.0,1.0,0.0,0.0,2.0,F,B,bade9242-11d0-463f-b5af-e1a485a7ce99,,0.0,1.0
1850.0,308252.0,3.0,10.0,51.0,40.0,150.0,400150.0,1.0,0.0,0.0,1.0,0.0,1.0,0.0,0.0,0.0,F,B,0e327a3d-498b-4b30-9964-5a0d38a773a3,,0.0,1.0
1850.0,308252.0,4.0,10.0,51.0,40.0,150.0,400150.0,1.0,0.0,0.0,1.0,0.0,1.0,0.0,0.0,40.0,M,B,363d2e95-9b54-4aca-9f43-d83e118176d7,,0.0,1.0
1850.0,308252.0,5.0,10.0,51.0,40.0,150.0,400150.0,1.0,0.0,0.0,1.0,0.0,1.0,0.0,0.0,35.0,F,B,7d022f21-2ad4-434b-b672-9472dd47bed2,,0.0,1.0
1850.0,308252.0,6.0,10.0,51.0,40.0,150.0,400150.0,1.0,0.0,0.0,1.0,0.0,1.0,0.0,0.0,25.0,M,B,8385eeae-778b-4fda-858d-a201497a2cd2,,0.0,1.0
1850.0,308252.0,7.0,10.0,51.0,40.0,150.0,400150.0,1.0,0.0,0.0,1.0,0.0,1.0,0.0,0.0,12.0,F,B,543e206a-3cf3-4556-9ccf-d06eb81a368a,,0.0,1.0
1850.0,308252.0,8.0,10.0,51.0,40.0,150.0,400150.0,1.0,0.0,0.0,1.0,0.0,1.0,0.0,0.0,12.0,F,B,eaab2ba3-d8be-4133-a228-bed2db68ed77,,0.0,1.0
1850.0,308252.0,9.0,10.0,51.0,40.0,150.0,400150.0,1.0,0.0,0.0,1.0,0.0,1.0,0.0,0.0,8.0,F,B,430745ea-6daa-4624-a75a-334be30b81bb,,0.0,1.0
1850.0,308252.0,10.0,10.0,51.0,40.0,150.0,400150.0,1.0,0.0,0.0,1.0,0.0,1.0,0.0,0.0,5.0,F,B,62224fa9-1061-4563-973b-f7f224652adb,,0.0,1.0
1850.0,308253.0,1.0,2.0,51.0,40.0,150.0,400150.0,1.0,0.0,0.0,1.0,0.0,1.0,0.0,0.0,42.0,F,B,6e903151-77c4-47bd-b982-fbef6597068a,a2a3fa35-92eb-43d9-9529-47da7260ca87,1.0,1.0
1850.0,308253.0,2.0,2.0,51.0,40.0,150.0,400150.0,1.0,0.0,0.0,1.0,0.0,1.0,0.0,0.0,7.0,F,B,0cf5fb5f-b4a4-4922-b133-f114fb8b624b,a2a3fa35-92eb-43d9-9529-47da7260ca87,1.0,1.0
1850.0,308254.0,1.0,3.0,51.0,40.0,150.0,400150.0,1.0,0.0,0.0,1.0,0.0,1.0,0.0,0.0,16.0,F,B,a4a5bc0b-7590-44f9-bc7d-1554d015a584,46d90efe-771d-4b71-8bbd-16685e17cc5c,1.0,1.0
1850.0,308254.0,2.0,3.0,51.0,40.0,150.0,400150.0,1.0,0.0,0.0,1.0,0.0,1.0,0.0,0.0,12.0,M,B,bb8318b9-0e02-4d74-9356-2390ace6852f,46d90efe-771d-4b71-8bbd-16685e17cc5c,1.0,1.0
1850.0,308254.0,3.0,3.0,51.0,40.0,150.0,400150.0,1.0,0.0,0.0,1.0,0.0,1.0,0.0,0.0,11.0,F,B,72aebfc5-5bbc-4640-8b70-723d13918599,46d90efe-771d-4b71-8bbd-16685e17cc5c,1.0,1.0
1850.0,308255.0,1.0,5.0,51.0,40.0,150.0,400150.0,1.0,0.0,0.0,1.0,0.0,1.0,0.0,0.0,40.0,M,B,5fa46278-6f5c-4a3b-9798-4576fc22f000,f18dd97d-a3c5-4d8d-a716-c931fc1d3f92,1.0,1.0
1850.0,308255.0,2.0,5.0,51.0,40.0,150.0,400150.0,1.0,0.0,0.0,1.0,0.0,1.0,0.0,0.0,31.0,F,B,4bd9b614-b834-46ce-8ba6-611bd18eabc9,f18dd97d-a3c5-4d8d-a716-c931fc1d3f92,1.0,1.0
1850.0,308255.0,3.0,5.0,51.0,40.0,150.0,400150.0,1.0,0.0,0.0,1.0,0.0,1.0,0.0,0.0,13.0,M,B,497bf8c7-ba2a-491a-82a3-9b705802eabb,f18dd97d-a3c5-4d8d-a716-c931fc1d3f92,1.0,1.0
1850.0,308255.0,4.0,5.0,51.0,40.0,150.0,400150.0,1.0,0.0,0.0,1.0,0.0,1.0,0.0,0.0,11.0,F,B,d980fe89-284e-4a2c-82e9-433d1d69e430,f18dd97d-a3c5-4d8d-a716-c931fc1d3f92,1.0,1.0
1850.0,308255.0,5.0,5.0,51.0,40.0,150.0,400150.0,1.0,0.0,0.0,1.0,0.0,1.0,0.0,0.0,9.0,M,B,b1ef26f3-957a-4188-9d28-71481b1b1478,f18dd97d-a3c5-4d8d-a716-c931fc1d3f92,1.0,1.0
1850.0,308256.0,1.0,11.0,51.0,40.0,150.0,400150.0,1.0,0.0,0.0,1.0,0.0,1.0,0.0,0.0,60.0,F,B,d697838a-c71c-4c78-bc05-df66fac7d6c5,288ba0c0-5500-4968-be9d-39b5cf397381,1.0,1.0
1850.0,308256.0,2.0,11.0,51.0,40.0,150.0,400150.0,1.0,0.0,0.0,1.0,0.0,1.0,0.0,0.0,45.0,M,B,3207e120-f9e8-4198-8304-c5560d6c391a,288ba0c0-5500-4968-be9d-39b5cf397381,1.0,1.0
1850.0,308256.0,3.0,11.0,51.0,40.0,150.0,400150.0,1.0,0.0,0.0,1.0,0.0,1.0,0.0,0.0,35.0,F,B,a23c1dae-7d58-4e9e-aa04-40bb54d03a72,288ba0c0-5500-4968-be9d-39b5cf397381,1.0,1.0
1850.0,308256.0,4.0,11.0,51.0,40.0,150.0,400150.0,1.0,0.0,0.0,1.0,0.0,1.0,0.0,0.0,35.0,M,B,375e7930-467c-4fd4-92ba-811166e6af05,288ba0c0-5500-4968-be9d-39b5cf397381,1.0,1.0
1850.0,308256.0,5.0,11.0,51.0,40.0,150.0,400150.0,1.0,0.0,0.0,1.0,0.0,1.0,0.0,0.0,30.0,M,B,7b3e8b1e-3047-4185-9235-a809ed84da3d,288ba0c0-5500-4968-be9d-39b5cf397381,1.0,1.0
1850.0,308256.0,6.0,11.0,51.0,40.0,150.0,400150.0,1.0,0.0,0.0,1.0,0.0,1.0,0.0,0.0,25.0,F,B,a9ff731e-1d4b-4007-b00f-563b93a66564,288ba0c0-5500-4968-be9d-39b5cf397381,1.0,1.0
1850.0,308256.0,7.0,11.0,51.0,40.0,150.0,400150.0,1.0,0.0,0.0,1.0,0.0,1.0,0.0,0.0,4.0,M,B,f317443c-0630-4951-a54b-4e6360b8072f,288ba0c0-5500-4968-be9d-39b5cf397381,1.0,1.0
1850.0,308256.0,8.0,11.0,51.0,40.0,150.0,400150.0,1.0,0.0,0.0,1.0,0.0,1.0,0.0,0.0,3.0,F,B,aed1a138-4936-45c1-b3e6-4793f1688054,288ba0c0-5500-4968-be9d-39b5cf397381,1.0,1.0
1850.0,308256.0,9.0,11.0,51.0,40.0,150.0,400150.0,1.0,0.0,0.0,1.0,0.0,1.0,0.0,0.0,2.0,F,B,20664d3b-25d7-4082-af26-1a9dfb51034f,288ba0c0-5500-4968-be9d-39b5cf397381,1.0,1.0
1850.0,308256.0,10.0,11.0,51.0,40.0,150.0,400150.0,1.0,0.0,0.0,1.0,0.0,1.0,0.0,0.0,2.0,M,B,49d01410-148f-4907-91f7-af2d14c0098f,288ba0c0-5500-4968-be9d-39b5cf397381,1.0,1.0
1850.0,308256.0,11.0,11.0,51.0,40.0,150.0,400150.0,1.0,0.0,0.0,1.0,0.0,1.0,0.0,0.0,0.0,M,B,9d81b634-291c-44bb-a3ef-a1fd928df4b1,288ba0c0-5500-4968-be9d-39b5cf397381,1.0,1.0
1850.0,308257.0,1.0,15.0,51.0,40.0,150.0,400150.0,1.0,0.0,0.0,1.0,0.0,1.0,0.0,0.0,50.0,F,B,3ef9f42b-3257-4686-b0db-51456c9ef4d3,7849675d-0474-4b50-9596-13533632b000,1.0,1.0
1850.0,308257.0,2.0,15.0,51.0,40.0,150.0,400150.0,1.0,0.0,0.0,1.0,0.0,1.0,0.0,0.0,40.0,F,B,e79556b3-5f20-496e-9a4c-2eb4f08af1aa,7849675d-0474-4b50-9596-13533632b000,1.0,1.0
1850.0,308257.0,3.0,15.0,51.0,40.0,150.0,400150.0,1.0,0.0,0.0,1.0,0.0,1.0,0.0,0.0,35.0,F,B,47301ee0-186c-4fff-9df8-8d9f1f377388,7849675d-0474-4b50-9596-13533632b000,1.0,1.0
1850.0,308257.0,4.0,15.0,51.0,40.0,150.0,400150.0,1.0,0.0,0.0,1.0,0.0,1.0,0.0,0.0,28.0,F,B,4ca46bc0-fbdd-47a1-a44f-1a13f859b256,7849675d-0474-4b50-9596-13533632b000,1.0,1.0
1850.0,308257.0,5.0,15.0,51.0,40.0,150.0,400150.0,1.0,0.0,0.0,1.0,0.0,1.0,0.0,0.0,17.0,F,B,e77cf954-de05-4f91-b16a-9ce714d99391,7849675d-0474-4b50-9596-13533632b000,1.0,1.0
1850.0,308257.0,6.0,15.0,51.0,40.0,150.0,400150.0,1.0,0.0,0.0,1.0,0.0,1.0,0.0,0.0,12.0,F,B,68293728-e88f-4c3a-b32e-2fc01b160ab7,7849675d-0474-4b50-9596-13533632b000,1.0,1.0
1850.0,308257.0,7.0,15.0,51.0,40.0,150.0,400150.0,1.0,0.0,0.0,1.0,0.0,1.0,0.0,0.0,10.0,F,B,27492221-b840-4c44-85ed-c54a4cd8189d,7849675d-0474-4b50-9596-13533632b000,1.0,1.0
1850.0,308257.0,8.0,15.0,51.0,40.0,150.0,400150.0,1.0,0.0,0.0,1.0,0.0,1.0,0.0,0.0,999.0,F,B,75504809-3ec6-4254-b6c0-cb9bcc1b929d,7849675d-0474-4b50-9596-13533632b000,1.0,1.0
1850.0,308257.0,9.0,15.0,51.0,40.0,150.0,400150.0,1.0,0.0,0.0,1.0,0.0,1.0,0.0,0.0,35.0,M,B,4feff452-8f91-435a-b3a0-48bda5fc9e78,7849675d-0474-4b50-9596-13533632b000,1.0,1.0
1850.0,308257.0,10.0,15.0,51.0,40.0,150.0,400150.0,1.0,0.0,0.0,1.0,0.0,1.0,0.0,0.0,30.0,M,B,d85f8ae2-4d42-4836-ae69-d27d827d6007,7849675d-0474-4b50-9596-13533632b000,1.0,1.0
1850.0,308257.0,11.0,15.0,51.0,40.0,150.0,400150.0,1.0,0.0,0.0,1.0,0.0,1.0,0.0,0.0,23.0,M,B,f8e3ce18-8622-4877-bf8d-62041f34af46,7849675d-0474-4b50-9596-13533632b000,1.0,1.0
1850.0,308257.0,12.0,15.0,51.0,40.0,150.0,400150.0,1.0,0.0,0.0,1.0,0.0,1.0,0.0,0.0,16.0,M,B,1881f6fa-0aec-4c5d-9ec2-d5f603566af7,7849675d-0474-4b50-9596-13533632b000,1.0,1.0
1850.0,308257.0,13.0,15.0,51.0,40.0,150.0,400150.0,1.0,0.0,0.0,1.0,0.0,1.0,0.0,0.0,6.0,M,B,2d13c2a3-f884-45d8-b194-d68b1d260896,7849675d-0474-4b50-9596-13533632b000,1.0,1.0
1850.0,308257.0,14.0,15.0,51.0,40.0,150.0,400150.0,1.0,0.0,0.0,1.0,0.0,1.0,0.0,0.0,5.0,M,B,080e5080-db85-4115-a329-d68a67d92ff4,7849675d-0474-4b50-9596-13533632b000,1.0,1.0
1850.0,308257.0,15.0,15.0,51.0,40.0,150.0,400150.0,1.0,0.0,0.0,1.0,0.0,1.0,0.0,0.0,2.0,M,B,e1f3903e-c9c1-4cf6-9d49-bb432616a379,7849675d-0474-4b50-9596-13533632b000,1.0,1.0
1850.0,308259.0,1.0,13.0,51.0,40.0,150.0,400150.0,1.0,0.0,0.0,1.0,0.0,1.0,0.0,0.0,55.0,F,B,7947df9b-69d7-4395-95fd-8deda5a95ef5,d42b0033-b11c-4bb2-ae3f-1bde626b5250,1.0,1.0
1850.0,308259.0,2.0,13.0,51.0,40.0,150.0,400150.0,1.0,0.0,0.0,1.0,0.0,1.0,0.0,0.0,40.0,M,B,401a94f9-5bae-43da-aefb-9a2f0474d524,d42b0033-b11c-4bb2-ae3f-1bde626b5250,1.0,1.0
1850.0,308259.0,3.0,13.0,51.0,40.0,150.0,400150.0,1.0,0.0,0.0,1.0,0.0,1.0,0.0,0.0,35.0,F,B,a18d734a-7211-4198-9f58-8ac3cfad2ede,d42b0033-b11c-4bb2-ae3f-1bde626b5250,1.0,1.0
1850.0,308259.0,4.0,13.0,51.0,40.0,150.0,400150.0,1.0,0.0,0.0,1.0,0.0,1.0,0.0,0.0,20.0,M,B,d09b5073-3c83-4738-a841-e7e298f5f3b2,d42b0033-b11c-4bb2-ae3f-1bde626b5250,1.0,1.0
1850.0,308259.0,5.0,13.0,51.0,40.0,150.0,400150.0,1.0,0.0,0.0,1.0,0.0,1.0,0.0,0.0,10.0,M,B,8870c9eb-3a4c-4649-b67a-08f329760300,d42b0033-b11c-4bb2-ae3f-1bde626b5250,1.0,1.0
1850.0,308259.0,6.0,13.0,51.0,40.0,150.0,400150.0,1.0,0.0,0.0,1.0,0.0,1.0,0.0,0.0,10.0,F,B,dcfee874-26e0-4845-8a96-da4c476cacb2,d42b0033-b11c-4bb2-ae3f-1bde626b5250,1.0,1.0
1850.0,308259.0,7.0,13.0,51.0,40.0,150.0,400150.0,1.0,0.0,0.0,1.0,0.0,1.0,0.0,0.0,9.0,F,B,80329ccf-fb06-4260-8516-af3fccc1c267,d42b0033-b11c-4bb2-ae3f-1bde626b5250,1.0,1.0
1850.0,308259.0,8.0,13.0,51.0,40.0,150.0,400150.0,1.0,0.0,0.0,1.0,0.0,1.0,0.0,0.0,13.0,F,B,8d081cc4-0bf2-4100-939a-3ce277333ba9,d42b0033-b11c-4bb2-ae3f-1bde626b5250,1.0,1.0
1850.0,308259.0,9.0,13.0,51.0,40.0,150.0,400150.0,1.0,0.0,0.0,1.0,0.0,1.0,0.0,0.0,9.0,F,B,111f3f88-9595-4c6b-9604-890eb2e05fd6,d42b0033-b11c-4bb2-ae3f-1bde626b5250,1.0,1.0
1850.0,308259.0,10.0,13.0,51.0,40.0,150.0,400150.0,1.0,0.0,0.0,1.0,0.0,1.0,0.0,0.0,6.0,M,B,d101e890-ffde-4efe-b009-69810ade923b,d42b0033-b11c-4bb2-ae3f-1bde626b5250,1.0,1.0
1850.0,308259.0,11.0,13.0,51.0,40.0,150.0,400150.0,1.0,0.0,0.0,1.0,0.0,1.0,0.0,0.0,5.0,M,B,e4145192-e0b5-40da-81bd-45d6c6751841,d42b0033-b11c-4bb2-ae3f-1bde626b5250,1.0,1.0
1850.0,308259.0,12.0,13.0,51.0,40.0,150.0,400150.0,1.0,0.0,0.0,1.0,0.0,1.0,0.0,0.0,2.0,F,B,2ba89cdd-0426-43fc-806e-3f30f87f1801,d42b0033-b11c-4bb2-ae3f-1bde626b5250,1.0,1.0
1850.0,308259.0,13.0,13.0,51.0,40.0,150.0,400150.0,1.0,0.0,0.0,1.0,0.0,1.0,0.0,0.0,3.0,F,B,92d9dcce-1f55-4090-9e25-68ae1cc06759,d42b0033-b11c-4bb2-ae3f-1bde626b5250,1.0,1.0
1850.0,308260.0,1.0,5.0,51.0,40.0,150.0,400150.0,1.0,0.0,0.0,1.0,0.0,1.0,0.0,0.0,55.0,F,B,111dfb26-adf2-4ce3-8e24-37bc4de5e003,5e41f52c-8983-4324-80a1-4ccc8cd19390,1.0,1.0
1850.0,308260.0,2.0,5.0,51.0,40.0,150.0,400150.0,1.0,0.0,0.0,1.0,0.0,1.0,0.0,0.0,22.0,M,B,18b935f0-e7d3-42ea-9919-7f0941eeef4b,5e41f52c-8983-4324-80a1-4ccc8cd19390,1.0,1.0
1850.0,308260.0,3.0,5.0,51.0,40.0,150.0,400150.0,1.0,0.0,0.0,1.0,0.0,1.0,0.0,0.0,19.0,M,B,32246e9d-e2d1-40a6-a9ef-8ff07a01625e,5e41f52c-8983-4324-80a1-4ccc8cd19390,1.0,1.0
1850.0,308260.0,4.0,5.0,51.0,40.0,150.0,400150.0,1.0,0.0,0.0,1.0,0.0,1.0,0.0,0.0,17.0,F,B,1e5ed3d8-85e5-4619-bb27-3453c0636f7e,5e41f52c-8983-4324-80a1-4ccc8cd19390,1.0,1.0
1850.0,308260.0,5.0,5.0,51.0,40.0,150.0,400150.0,1.0,0.0,0.0,1.0,0.0,1.0,0.0,0.0,15.0,M,B,be140f09-3f9d-42e9-bc6b-b7b3bf819190,5e41f52c-8983-4324-80a1-4ccc8cd19390,1.0,1.0
1850.0,308261.0,1.0,3.0,51.0,40.0,150.0,400150.0,1.0,0.0,0.0,1.0,0.0,1.0,0.0,0.0,21.0,F,B,8d6e9bbc-bbf0-41ed-b4ac-ae1209c53083,35448f78-2cb0-4e1c-8e04-4a97e88c66bf,1.0,1.0
1850.0,308261.0,2.0,3.0,51.0,40.0,150.0,400150.0,1.0,0.0,0.0,1.0,0.0,1.0,0.0,0.0,4.0,F,B,67365a7d-16b0-49cf-a8a2-184e07f4e877,35448f78-2cb0-4e1c-8e04-4a97e88c66bf,1.0,1.0
1850.0,308261.0,3.0,3.0,51.0,40.0,150.0,400150.0,1.0,0.0,0.0,1.0,0.0,1.0,0.0,0.0,1.0,M,B,b79c15b2-b0db-455e-b666-eb4831524dd5,35448f78-2cb0-4e1c-8e04-4a97e88c66bf,1.0,1.0
1850.0,308262.0,1.0,6.0,51.0,40.0,150.0,400150.0,1.0,0.0,0.0,1.0,0.0,1.0,0.0,0.0,35.0,M,B,45dc523b-3c4f-4552-a5c6-64eedfb8e6b3,1250c2f6-7ccb-4b7d-a18e-031150c60e14,1.0,1.0
1850.0,308262.0,2.0,6.0,51.0,40.0,150.0,400150.0,1.0,0.0,0.0,1.0,0.0,1.0,0.0,0.0,54.0,M,B,dc7cff53-4bcb-4a40-a34a-9bbf44a54190,1250c2f6-7ccb-4b7d-a18e-031150c60e14,1.0,1.0
1850.0,308262.0,3.0,6.0,51.0,40.0,150.0,400150.0,1.0,0.0,0.0,1.0,0.0,1.0,0.0,0.0,19.0,M,B,04afbddc-99e4-453a-b992-dd2fcfef290f,1250c2f6-7ccb-4b7d-a18e-031150c60e14,1.0,1.0
1850.0,308262.0,4.0,6.0,51.0,40.0,150.0,400150.0,1.0,0.0,0.0,1.0,0.0,1.0,0.0,0.0,16.0,F,B,80e2e367-90f7-4ace-a90a-80cfa2341e9e,1250c2f6-7ccb-4b7d-a18e-031150c60e14,1.0,1.0
1850.0,308262.0,5.0,6.0,51.0,40.0,150.0,400150.0,1.0,0.0,0.0,1.0,0.0,1.0,0.0,0.0,5.0,M,B,483e6bfb-a17c-47cc-8e99-1b19d73f4f34,1250c2f6-7ccb-4b7d-a18e-031150c60e14,1.0,1.0
1850.0,308262.0,6.0,6.0,51.0,40.0,150.0,400150.0,1.0,0.0,0.0,1.0,0.0,1.0,0.0,0.0,2.0,M,B,bf8ccb31-2fef-45ba-9daf-d38af6ba563c,1250c2f6-7ccb-4b7d-a18e-031150c60e14,1.0,1.0
1850.0,308263.0,1.0,5.0,51.0,40.0,150.0,400150.0,1.0,0.0,0.0,1.0,0.0,1.0,0.0,0.0,35.0,M,B,93750f52-8f28-429f-893f-58f089803aad,c23aa5d1-49a0-4a07-869a-f9e17060de5e,2.0,1.0
1850.0,308263.0,2.0,5.0,51.0,40.0,150.0,400150.0,1.0,0.0,0.0,1.0,0.0,1.0,0.0,0.0,10.0,M,B,be0a2b74-a85a-4add-8564-95c21fd74c4d,c23aa5d1-49a0-4a07-869a-f9e17060de5e,2.0,1.0
1850.0,308263.0,3.0,5.0,51.0,40.0,150.0,400150.0,1.0,0.0,0.0,1.0,0.0,1.0,0.0,0.0,10.0,F,B,80ea02ff-4f40-4d89-9dbb-74a07bd9c8aa,c23aa5d1-49a0-4a07-869a-f9e17060de5e,2.0,1.0
1850.0,308263.0,4.0,5.0,51.0,40.0,150.0,400150.0,1.0,0.0,0.0,1.0,0.0,1.0,0.0,0.0,0.0,F,B,e3e76cc1-9952-417d-b5c2-d48a9429134c,c23aa5d1-49a0-4a07-869a-f9e17060de5e,2.0,1.0
1850.0,308263.0,5.0,5.0,51.0,40.0,150.0,400150.0,1.0,0.0,0.0,1.0,0.0,1.0,0.0,0.0,10.0,M,B,f586552e-b96d-4b80-9e30-994028510051,c23aa5d1-49a0-4a07-869a-f9e17060de5e,2.0,1.0
1850.0,308264.0,1.0,13.0,51.0,40.0,150.0,400150.0,1.0,0.0,0.0,1.0,0.0,1.0,0.0,0.0,45.0,M,B,09c35a2a-5431-4c75-8e4b-494d904e5a18,02aa76d8-e080-4460-b8a1-c6476e2db990,1.0,1.0
1850.0,308264.0,2.0,13.0,51.0,40.0,150.0,400150.0,1.0,0.0,0.0,1.0,0.0,1.0,0.0,0.0,42.0,M,B,c9b066af-8dc7-4fac-9e65-5e6f204094e0,02aa76d8-e080-4460-b8a1-c6476e2db990,1.0,1.0
1850.0,308264.0,3.0,13.0,51.0,40.0,150.0,400150.0,1.0,0.0,0.0,1.0,0.0,1.0,0.0,0.0,14.0,F,B,484a1a69-0e07-42ca-83cd-fc3f8e473ac8,02aa76d8-e080-4460-b8a1-c6476e2db990,1.0,1.0
1850.0,308264.0,4.0,13.0,51.0,40.0,150.0,400150.0,1.0,0.0,0.0,1.0,0.0,1.0,0.0,0.0,6.0,F,B,ee02f358-1cdd-48aa-8860-033621f17baa,02aa76d8-e080-4460-b8a1-c6476e2db990,1.0,1.0
1850.0,308264.0,5.0,13.0,51.0,40.0,150.0,400150.0,1.0,0.0,0.0,1.0,0.0,1.0,0.0,0.0,1.0,F,B,1f820c64-44f9-40eb-b037-8f73ce5b4ad5,02aa76d8-e080-4460-b8a1-c6476e2db990,1.0,1.0
1850.0,308264.0,6.0,13.0,51.0,40.0,150.0,400150.0,1.0,0.0,0.0,1.0,0.0,1.0,0.0,0.0,30.0,M,B,d225cfb9-f155-4e02-92aa-05de704ded07,02aa76d8-e080-4460-b8a1-c6476e2db990,1.0,1.0
1850.0,308264.0,7.0,13.0,51.0,40.0,150.0,400150.0,1.0,0.0,0.0,1.0,0.0,1.0,0.0,0.0,22.0,M,B,2e267dd4-f30b-45d2-a2e0-9f0596520bb2,02aa76d8-e080-4460-b8a1-c6476e2db990,1.0,1.0
1850.0,308264.0,8.0,13.0,51.0,40.0,150.0,400150.0,1.0,0.0,0.0,1.0,0.0,1.0,0.0,0.0,17.0,M,B,0c62936c-8618-41de-b7ba-5de0f4c80d09,02aa76d8-e080-4460-b8a1-c6476e2db990,1.0,1.0
1850.0,308264.0,9.0,13.0,51.0,40.0,150.0,400150.0,1.0,0.0,0.0,1.0,0.0,1.0,0.0,0.0,16.0,M,B,54c9694a-946a-4430-aa48-8a474ac0d867,02aa76d8-e080-4460-b8a1-c6476e2db990,1.0,1.0
1850.0,308264.0,10.0,13.0,51.0,40.0,150.0,400150.0,1.0,0.0,0.0,1.0,0.0,1.0,0.0,0.0,5.0,M,B,82d9d353-3818-4bbf-9ac8-f924b03511a4,02aa76d8-e080-4460-b8a1-c6476e2db990,1.0,1.0
1850.0,308264.0,11.0,13.0,51.0,40.0,150.0,400150.0,1.0,0.0,0.0,1.0,0.0,1.0,0.0,0.0,2.0,M,B,45d64da2-6ed9-47a8-8243-1442efa11003,02aa76d8-e080-4460-b8a1-c6476e2db990,1.0,1.0
1850.0,308264.0,12.0,13.0,51.0,40.0,150.0,400150.0,1.0,0.0,0.0,1.0,0.0,1.0,0.0,0.0,20.0,F,B,258dd847-13e5-4235-881e-5227a82af61a,02aa76d8-e080-4460-b8a1-c6476e2db990,1.0,1.0
1850.0,308264.0,13.0,13.0,51.0,40.0,150.0,400150.0,1.0,0.0,0.0,1.0,0.0,1.0,0.0,0.0,18.0,F,B,a6baa829-9343-40e1-96c4-11cb635bcf99,02aa76d8-e080-4460-b8a1-c6476e2db990,1.0,1.0
1850.0,308258.0,1.0,3.0,51.0,40.0,150.0,400150.0,1.0,0.0,0.0,1.0,0.0,1.0,0.0,0.0,28.0,M,B,e076141d-8bfd-47eb-b143-d49d2dfb0e6a,1ac78f28-d606-4d6b-8287-319faa57095b,1.0,1.0
1850.0,308258.0,2.0,3.0,51.0,40.0,150.0,400150.0,1.0,0.0,0.0,1.0,0.0,1.0,0.0,0.0,17.0,M,B,ee8c5ea0-159e-4982-b4c0-746b72a86a07,1ac78f28-d606-4d6b-8287-319faa57095b,1.0,1.0
1850.0,308258.0,3.0,3.0,51.0,40.0,150.0,400150.0,1.0,0.0,0.0,1.0,0.0,1.0,0.0,0.0,15.0,M,B,0d4f2777-37d6-4088-ba5d-c72607e8945a,1ac78f28-d606-4d6b-8287-319faa57095b,1.0,1.0
1850.0,308265.0,1.0,6.0,51.0,40.0,150.0,400150.0,1.0,0.0,0.0,1.0,0.0,1.0,0.0,0.0,45.0,F,B,628ac599-c7c8-4d16-b225-a58e2ff1dce9,37eeb4aa-8195-4840-949b-d89e5ab6eaef,1.0,1.0
1850.0,308265.0,2.0,6.0,51.0,40.0,150.0,400150.0,1.0,0.0,0.0,1.0,0.0,1.0,0.0,0.0,22.0,M,B,e09f6343-d699-4da6-8be1-217829ebcd0c,37eeb4aa-8195-4840-949b-d89e5ab6eaef,1.0,1.0
1850.0,308265.0,3.0,6.0,51.0,40.0,150.0,400150.0,1.0,0.0,0.0,1.0,0.0,1.0,0.0,0.0,16.0,M,B,857e1c25-14ad-45c7-a024-d1026b0ee9fc,37eeb4aa-8195-4840-949b-d89e5ab6eaef,1.0,1.0
1850.0,308265.0,4.0,6.0,51.0,40.0,150.0,400150.0,1.0,0.0,0.0,1.0,0.0,1.0,0.0,0.0,12.0,F,B,df29865b-a058-4bf4-a600-0b0be981ee73,37eeb4aa-8195-4840-949b-d89e5ab6eaef,1.0,1.0
1850.0,308265.0,5.0,6.0,51.0,40.0,150.0,400150.0,1.0,0.0,0.0,1.0,0.0,1.0,0.0,0.0,7.0,F,B,b9607cf4-d9a9-4cb2-ac87-3853c4a9f05e,37eeb4aa-8195-4840-949b-d89e5ab6eaef,1.0,1.0
1850.0,308265.0,6.0,6.0,51.0,40.0,150.0,400150.0,1.0,0.0,0.0,1.0,0.0,1.0,0.0,0.0,3.0,M,B,2eddffa7-d460-4b44-9db2-bc3d678b6ab8,37eeb4aa-8195-4840-949b-d89e5ab6eaef,1.0,1.0
1850.0,308266.0,1.0,8.0,51.0,40.0,150.0,400150.0,1.0,0.0,0.0,1.0,0.0,1.0,0.0,0.0,45.0,M,B,64c890e3-2f37-4ce4-a02c-9fe8471fef12,dbfb693b-075a-423b-8d5c-298c4d471daa,1.0,1.0
1850.0,308266.0,2.0,8.0,51.0,40.0,150.0,400150.0,1.0,0.0,0.0,1.0,0.0,1.0,0.0,0.0,32.0,M,B,ff6060cc-9e00-4ed6-a696-1da89f1c3f18,dbfb693b-075a-423b-8d5c-298c4d471daa,1.0,1.0
1850.0,308266.0,3.0,8.0,51.0,40.0,150.0,400150.0,1.0,0.0,0.0,1.0,0.0,1.0,0.0,0.0,18.0,M,B,9d6980b2-08a0-47e2-adc2-4c6402e4cabd,dbfb693b-075a-423b-8d5c-298c4d471daa,1.0,1.0
1850.0,308266.0,4.0,8.0,51.0,40.0,150.0,400150.0,1.0,0.0,0.0,1.0,0.0,1.0,0.0,0.0,20.0,F,B,1dd73f1c-ce27-4e53-b64c-95bb026f53d8,dbfb693b-075a-423b-8d5c-298c4d471daa,1.0,1.0
1850.0,308266.0,5.0,8.0,51.0,40.0,150.0,400150.0,1.0,0.0,0.0,1.0,0.0,1.0,0.0,0.0,7.0,F,B,7d2f6b3c-0c95-4601-880b-119a3a755f92,dbfb693b-075a-423b-8d5c-298c4d471daa,1.0,1.0
1850.0,308266.0,6.0,8.0,51.0,40.0,150.0,400150.0,1.0,0.0,0.0,1.0,0.0,1.0,0.0,0.0,3.0,F,B,010c65d3-a8b6-4067-a51a-e410ff2d4f3f,dbfb693b-075a-423b-8d5c-298c4d471daa,1.0,1.0
1850.0,308266.0,7.0,8.0,51.0,40.0,150.0,400150.0,1.0,0.0,0.0,1.0,0.0,1.0,0.0,0.0,15.0,M,B,babd1b32-71b5-442b-a1b7-6a93f7c1c324,dbfb693b-075a-423b-8d5c-298c4d471daa,1.0,1.0
1850.0,308266.0,8.0,8.0,51.0,40.0,150.0,400150.0,1.0,0.0,0.0,1.0,0.0,1.0,0.0,0.0,11.0,F,B,0624e7f6-f183-45fa-be22-7ba379e7210c,dbfb693b-075a-423b-8d5c-298c4d471daa,1.0,1.0
1850.0,308267.0,1.0,5.0,51.0,40.0,150.0,400150.0,1.0,0.0,0.0,1.0,0.0,1.0,0.0,0.0,28.0,M,B,fa971913-2c6f-4c87-8d98-91ab938845b4,d283b13e-c6b5-4331-bf5f-3498d5646a2a,1.0,1.0
1850.0,308267.0,2.0,5.0,51.0,40.0,150.0,400150.0,1.0,0.0,0.0,1.0,0.0,1.0,0.0,0.0,19.0,M,B,59744a65-640e-4a91-abeb-05cd8764139b,d283b13e-c6b5-4331-bf5f-3498d5646a2a,1.0,1.0
1850.0,308267.0,3.0,5.0,51.0,40.0,150.0,400150.0,1.0,0.0,0.0,1.0,0.0,1.0,0.0,0.0,16.0,M,B,505c398d-22ed-4d4b-a7d9-ad6e9d5fcba5,d283b13e-c6b5-4331-bf5f-3498d5646a2a,1.0,1.0
1850.0,308267.0,4.0,5.0,51.0,40.0,150.0,400150.0,1.0,0.0,0.0,1.0,0.0,1.0,0.0,0.0,65.0,F,B,2d2e75d7-e962-4b59-aaf1-cbfec4984d14,d283b13e-c6b5-4331-bf5f-3498d5646a2a,1.0,1.0
1850.0,308267.0,5.0,5.0,51.0,40.0,150.0,400150.0,1.0,0.0,0.0,1.0,0.0,1.0,0.0,0.0,70.0,M,B,5a71b655-bfd7-45cf-854c-51b5b849c6bc,d283b13e-c6b5-4331-bf5f-3498d5646a2a,1.0,1.0
1850.0,308268.0,1.0,2.0,51.0,40.0,150.0,400150.0,1.0,0.0,0.0,1.0,0.0,1.0,0.0,0.0,25.0,M,B,18f22544-c3c1-4716-ac07-4e46c2072f5a,39457f65-0db2-4267-87f3-d4027c273a80,1.0,1.0
1850.0,308268.0,2.0,2.0,51.0,40.0,150.0,400150.0,1.0,0.0,0.0,1.0,0.0,1.0,0.0,0.0,40.0,M,B,4905a8fc-8f65-4f51-84fc-69513a446f3e,39457f65-0db2-4267-87f3-d4027c273a80,1.0,1.0
1850.0,308269.0,1.0,9.0,51.0,40.0,150.0,400150.0,1.0,0.0,0.0,1.0,0.0,1.0,0.0,0.0,60.0,M,B,cdae0306-fcfa-4871-b16c-413800b7b468,d1975824-edfb-451e-a568-45e146243485,1.0,1.0
1850.0,308269.0,2.0,9.0,51.0,40.0,150.0,400150.0,1.0,0.0,0.0,1.0,0.0,1.0,0.0,0.0,37.0,F,B,37ad9fdd-0e47-4155-8155-576c60c879d1,d1975824-edfb-451e-a568-45e146243485,1.0,1.0
1850.0,308269.0,3.0,9.0,51.0,40.0,150.0,400150.0,1.0,0.0,0.0,1.0,0.0,1.0,0.0,0.0,55.0,F,B,20601aff-0b2c-4143-bca0-2ae7ba95da99,d1975824-edfb-451e-a568-45e146243485,1.0,1.0
1850.0,308269.0,4.0,9.0,51.0,40.0,150.0,400150.0,1.0,0.0,0.0,1.0,0.0,1.0,0.0,0.0,22.0,F,B,9b8ec33a-9a86-462d-a7c3-5cb476faa8a7,d1975824-edfb-451e-a568-45e146243485,1.0,1.0
1850.0,308269.0,5.0,9.0,51.0,40.0,150.0,400150.0,1.0,0.0,0.0,1.0,0.0,1.0,0.0,0.0,13.0,M,B,4f95827a-876c-4d6d-8d1b-186087f2d9c1,d1975824-edfb-451e-a568-45e146243485,1.0,1.0
1850.0,308269.0,6.0,9.0,51.0,40.0,150.0,400150.0,1.0,0.0,0.0,1.0,0.0,1.0,0.0,0.0,13.0,F,B,ff64270a-65a3-43c3-8e0d-83bda1ec7604,d1975824-edfb-451e-a568-45e146243485,1.0,1.0
1850.0,308269.0,7.0,9.0,51.0,40.0,150.0,400150.0,1.0,0.0,0.0,1.0,0.0,1.0,0.0,0.0,11.0,F,B,54cf8259-3348-46ab-a148-b03e1afa8307,d1975824-edfb-451e-a568-45e146243485,1.0,1.0
1850.0,308269.0,8.0,9.0,51.0,40.0,150.0,400150.0,1.0,0.0,0.0,1.0,0.0,1.0,0.0,0.0,6.0,F,B,b4220edb-201c-4777-a7f6-e9483a3ef561,d1975824-edfb-451e-a568-45e146243485,1.0,1.0
1850.0,308269.0,9.0,9.0,51.0,40.0,150.0,400150.0,1.0,0.0,0.0,1.0,0.0,1.0,0.0,0.0,2.0,M,B,b68f4b07-f097-4849-a262-03b265c3e88a,d1975824-edfb-451e-a568-45e146243485,1.0,1.0
1850.0,308270.0,1.0,11.0,51.0,40.0,150.0,400150.0,1.0,0.0,0.0,1.0,0.0,1.0,0.0,0.0,34.0,F,B,1504d211-ff51-4001-90da-66cb6032431d,856bff45-a8af-4be6-95b7-7d5bcb8372b4,1.0,1.0
1850.0,308270.0,2.0,11.0,51.0,40.0,150.0,400150.0,1.0,0.0,0.0,1.0,0.0,1.0,0.0,0.0,28.0,F,B,e427f4e0-944b-4a35-8023-135447aac4aa,856bff45-a8af-4be6-95b7-7d5bcb8372b4,1.0,1.0
1850.0,308270.0,3.0,11.0,51.0,40.0,150.0,400150.0,1.0,0.0,0.0,1.0,0.0,1.0,0.0,0.0,1.0,M,B,9492aa1e-196a-4faa-879e-5ea0d6c591be,856bff45-a8af-4be6-95b7-7d5bcb8372b4,1.0,1.0
1850.0,308270.0,4.0,11.0,51.0,40.0,150.0,400150.0,1.0,0.0,0.0,1.0,0.0,1.0,0.0,0.0,30.0,M,B,6d822c8f-7054-4148-a19c-261731be4e7a,856bff45-a8af-4be6-95b7-7d5bcb8372b4,1.0,1.0
1850.0,308270.0,5.0,11.0,51.0,40.0,150.0,400150.0,1.0,0.0,0.0,1.0,0.0,1.0,0.0,0.0,18.0,M,B,a341b743-f2a5-447b-ba15-7c39dc7a1ab2,856bff45-a8af-4be6-95b7-7d5bcb8372b4,1.0,1.0
1850.0,308270.0,6.0,11.0,51.0,40.0,150.0,400150.0,1.0,0.0,0.0,1.0,0.0,1.0,0.0,0.0,15.0,M,B,c53823d8-3013-4c3d-8541-47a74e79d1b9,856bff45-a8af-4be6-95b7-7d5bcb8372b4,1.0,1.0
1850.0,308270.0,7.0,11.0,51.0,40.0,150.0,400150.0,1.0,0.0,0.0,1.0,0.0,1.0,0.0,0.0,11.0,F,B,e7ab5fdd-f237-434c-84de-24da7d45106e,856bff45-a8af-4be6-95b7-7d5bcb8372b4,1.0,1.0
1850.0,308270.0,8.0,11.0,51.0,40.0,150.0,400150.0,1.0,0.0,0.0,1.0,0.0,1.0,0.0,0.0,8.0,M,B,21b8799c-901a-46fa-b2d4-04f78cfe1282,856bff45-a8af-4be6-95b7-7d5bcb8372b4,1.0,1.0
1850.0,308270.0,9.0,11.0,51.0,40.0,150.0,400150.0,1.0,0.0,0.0,1.0,0.0,1.0,0.0,0.0,6.0,M,B,5ab67450-fd79-41cc-afef-2f84f9944d93,856bff45-a8af-4be6-95b7-7d5bcb8372b4,1.0,1.0
1850.0,308270.0,10.0,11.0,51.0,40.0,150.0,400150.0,1.0,0.0,0.0,1.0,0.0,1.0,0.0,0.0,3.0,F,B,819c4e34-55a8-44ed-89fd-fb314a1d13fe,856bff45-a8af-4be6-95b7-7d5bcb8372b4,1.0,1.0
1850.0,308270.0,11.0,11.0,51.0,40.0,150.0,400150.0,1.0,0.0,0.0,1.0,0.0,1.0,0.0,0.0,1.0,M,B,c0e03f93-3323-4518-9092-b4a2cf78985b,856bff45-a8af-4be6-95b7-7d5bcb8372b4,1.0,1.0
1850.0,308271.0,1.0,1.0,51.0,40.0,150.0,400150.0,1.0,0.0,0.0,1.0,0.0,1.0,0.0,0.0,23.0,M,B,b5a6a0a7-d8aa-4a9c-b24c-7fc323b7e3f4,a3755325-5098-4c4c-9200-068ba7479e31,1.0,1.0
1850.0,308272.0,1.0,21.0,51.0,40.0,150.0,400150.0,1.0,0.0,0.0,1.0,0.0,1.0,0.0,0.0,90.0,F,B,2d768682-2b6f-4641-84a5-265faa74514a,49a9d6aa-a506-481a-bae4-ce0bdb61c0bd,1.0,1.0
1850.0,308272.0,2.0,21.0,51.0,40.0,150.0,400150.0,1.0,0.0,0.0,1.0,0.0,1.0,0.0,0.0,47.0,M,B,4785e876-6bc4-4e05-b918-b3b685e35883,49a9d6aa-a506-481a-bae4-ce0bdb61c0bd,1.0,1.0
1850.0,308272.0,3.0,21.0,51.0,40.0,150.0,400150.0,1.0,0.0,0.0,1.0,0.0,1.0,0.0,0.0,39.0,M,B,89e19435-5b77-43ae-9b86-f2045fa8cfa0,49a9d6aa-a506-481a-bae4-ce0bdb61c0bd,1.0,1.0
1850.0,308272.0,4.0,21.0,51.0,40.0,150.0,400150.0,1.0,0.0,0.0,1.0,0.0,1.0,0.0,0.0,35.0,F,B,d6f378aa-775e-42a6-8bfc-4cb945ecd9c1,49a9d6aa-a506-481a-bae4-ce0bdb61c0bd,1.0,1.0
1850.0,308272.0,5.0,21.0,51.0,40.0,150.0,400150.0,1.0,0.0,0.0,1.0,0.0,1.0,0.0,0.0,31.0,M,B,a07038ce-6782-4a49-b0e8-f18bf071b2cd,49a9d6aa-a506-481a-bae4-ce0bdb61c0bd,1.0,1.0
1850.0,308272.0,6.0,21.0,51.0,40.0,150.0,400150.0,1.0,0.0,0.0,1.0,0.0,1.0,0.0,0.0,23.0,F,B,2dac8fc4-e6d0-4cd0-b559-b33ba93137f4,49a9d6aa-a506-481a-bae4-ce0bdb61c0bd,1.0,1.0
1850.0,308272.0,7.0,21.0,51.0,40.0,150.0,400150.0,1.0,0.0,0.0,1.0,0.0,1.0,0.0,0.0,20.0,F,B,d429312d-79b4-4be9-a0b9-156794a6df79,49a9d6aa-a506-481a-bae4-ce0bdb61c0bd,1.0,1.0
1850.0,308272.0,8.0,21.0,51.0,40.0,150.0,400150.0,1.0,0.0,0.0,1.0,0.0,1.0,0.0,0.0,16.0,F,B,d1a9c2d5-2a39-4954-9720-5a9329f08ea7,49a9d6aa-a506-481a-bae4-ce0bdb61c0bd,1.0,1.0
1850.0,308272.0,9.0,21.0,51.0,40.0,150.0,400150.0,1.0,0.0,0.0,1.0,0.0,1.0,0.0,0.0,15.0,F,B,3fcb5d9e-2961-4086-8a08-0ef44ba7df78,49a9d6aa-a506-481a-bae4-ce0bdb61c0bd,1.0,1.0
1850.0,308272.0,10.0,21.0,51.0,40.0,150.0,400150.0,1.0,0.0,0.0,1.0,0.0,1.0,0.0,0.0,15.0,M,B,486ffddc-4bcc-461a-9453-0d61277920ad,49a9d6aa-a506-481a-bae4-ce0bdb61c0bd,1.0,1.0
1850.0,308272.0,11.0,21.0,51.0,40.0,150.0,400150.0,1.0,0.0,0.0,1.0,0.0,1.0,0.0,0.0,10.0,F,B,da3079f8-c933-4e0a-a8aa-06652b4e5663,49a9d6aa-a506-481a-bae4-ce0bdb61c0bd,1.0,1.0
1850.0,308272.0,12.0,21.0,51.0,40.0,150.0,400150.0,1.0,0.0,0.0,1.0,0.0,1.0,0.0,0.0,8.0,M,B,b336dfdb-c9b8-49f6-abc3-2407d10ef4f7,49a9d6aa-a506-481a-bae4-ce0bdb61c0bd,1.0,1.0
1850.0,308272.0,13.0,21.0,51.0,40.0,150.0,400150.0,1.0,0.0,0.0,1.0,0.0,1.0,0.0,0.0,8.0,F,B,d6fdaaf2-abf1-4ec7-afe7-42a597dca224,49a9d6aa-a506-481a-bae4-ce0bdb61c0bd,1.0,1.0
1850.0,308272.0,14.0,21.0,51.0,40.0,150.0,400150.0,1.0,0.0,0.0,1.0,0.0,1.0,0.0,0.0,5.0,F,B,20c09593-fe74-4cee-9271-17766ab54561,49a9d6aa-a506-481a-bae4-ce0bdb61c0bd,1.0,1.0
1850.0,308272.0,15.0,21.0,51.0,40.0,150.0,400150.0,1.0,0.0,0.0,1.0,0.0,1.0,0.0,0.0,5.0,F,B,aa276be2-4136-4fdf-a1b4-fc9bf939691f,49a9d6aa-a506-481a-bae4-ce0bdb61c0bd,1.0,1.0
1850.0,308272.0,16.0,21.0,51.0,40.0,150.0,400150.0,1.0,0.0,0.0,1.0,0.0,1.0,0.0,0.0,5.0,F,B,ba2e2b02-c816-4aae-a137-200132c25624,49a9d6aa-a506-481a-bae4-ce0bdb61c0bd,1.0,1.0
1850.0,308272.0,17.0,21.0,51.0,40.0,150.0,400150.0,1.0,0.0,0.0,1.0,0.0,1.0,0.0,0.0,3.0,M,B,4995eb42-f44c-46eb-b3df-6f7a5bc92f17,49a9d6aa-a506-481a-bae4-ce0bdb61c0bd,1.0,1.0
1850.0,308272.0,18.0,21.0,51.0,40.0,150.0,400150.0,1.0,0.0,0.0,1.0,0.0,1.0,0.0,0.0,3.0,M,B,3905949a-7d56-457b-92ca-2ddf4c5f611c,49a9d6aa-a506-481a-bae4-ce0bdb61c0bd,1.0,1.0
1850.0,308272.0,19.0,21.0,51.0,40.0,150.0,400150.0,1.0,0.0,0.0,1.0,0.0,1.0,0.0,0.0,2.0,F,B,da187bf7-f885-4d63-a914-21c01f71d2be,49a9d6aa-a506-481a-bae4-ce0bdb61c0bd,1.0,1.0
1850.0,308272.0,20.0,21.0,51.0,40.0,150.0,400150.0,1.0,0.0,0.0,1.0,0.0,1.0,0.0,0.0,0.0,F,B,4ee50f45-9e3c-4b09-ba94-41719e60f862,49a9d6aa-a506-481a-bae4-ce0bdb61c0bd,1.0,1.0
1850.0,308272.0,21.0,21.0,51.0,40.0,150.0,400150.0,1.0,0.0,0.0,1.0,0.0,1.0,0.0,0.0,6.0,M,B,b1f96036-ddef-434f-9d3c-f9b164d82da8,49a9d6aa-a506-481a-bae4-ce0bdb61c0bd,1.0,1.0
1850.0,308273.0,1.0,5.0,51.0,40.0,150.0,400150.0,1.0,0.0,0.0,1.0,0.0,1.0,0.0,0.0,70.0,M,B,c05bee15-cf6a-4671-946b-ee3e7c1868e5,,0.0,1.0
1850.0,308273.0,2.0,5.0,51.0,40.0,150.0,400150.0,1.0,0.0,0.0,1.0,0.0,1.0,0.0,0.0,87.0,F,B,03ea34a0-fe81-48ce-a860-0b089c8b8d51,,0.0,1.0
1850.0,308273.0,3.0,5.0,51.0,40.0,150.0,400150.0,1.0,0.0,0.0,1.0,0.0,1.0,0.0,0.0,7.0,F,B,1d2fd444-c2f6-4773-a6e6-122b6ce6f689,,0.0,1.0
1850.0,308273.0,4.0,5.0,51.0,40.0,150.0,400150.0,1.0,0.0,0.0,1.0,0.0,1.0,0.0,0.0,4.0,M,B,b7a28303-86f7-4092-8095-525807ead1f2,,0.0,1.0
1850.0,308273.0,5.0,5.0,51.0,40.0,150.0,400150.0,1.0,0.0,0.0,1.0,0.0,1.0,0.0,0.0,2.0,M,B,cebbf689-2810-45ae-8d40-6a0dc575de13,,0.0,1.0
1850.0,308274.0,1.0,12.0,51.0,40.0,150.0,400150.0,1.0,0.0,0.0,1.0,0.0,1.0,0.0,0.0,60.0,M,B,77148d11-f5eb-44f2-b4a4-c94ee099c30b,,0.0,1.0
1850.0,308274.0,2.0,12.0,51.0,40.0,150.0,400150.0,1.0,0.0,0.0,1.0,0.0,1.0,0.0,0.0,33.0,F,B,c6287298-545b-4ac4-8ae4-4a3fb5cdea0c,,0.0,1.0
1850.0,308274.0,3.0,12.0,51.0,40.0,150.0,400150.0,1.0,0.0,0.0,1.0,0.0,1.0,0.0,0.0,31.0,F,B,baa61336-8de1-4c20-b5dc-4693dc5de08a,,0.0,1.0
1850.0,308274.0,4.0,12.0,51.0,40.0,150.0,400150.0,1.0,0.0,0.0,1.0,0.0,1.0,0.0,0.0,28.0,M,B,96b7a212-e05b-40c0-b250-11fb974e8452,,0.0,1.0
1850.0,308274.0,5.0,12.0,51.0,40.0,150.0,400150.0,1.0,0.0,0.0,1.0,0.0,1.0,0.0,0.0,22.0,M,B,a8d04387-19a6-475b-b4bc-2ade26c44de4,,0.0,1.0
1850.0,308274.0,6.0,12.0,51.0,40.0,150.0,400150.0,1.0,0.0,0.0,1.0,0.0,1.0,0.0,0.0,11.0,F,B,c8ff9af2-9671-482a-a0fc-56b18b7644c6,,0.0,1.0
1850.0,308274.0,7.0,12.0,51.0,40.0,150.0,400150.0,1.0,0.0,0.0,1.0,0.0,1.0,0.0,0.0,9.0,M,B,32e4440f-a0dd-4aa5-9dd0-9f48b7cc2855,,0.0,1.0
1850.0,308274.0,8.0,12.0,51.0,40.0,150.0,400150.0,1.0,0.0,0.0,1.0,0.0,1.0,0.0,0.0,8.0,M,B,09c16721-6857-4044-8b88-f582689de2d0,,0.0,1.0
1850.0,308274.0,9.0,12.0,51.0,40.0,150.0,400150.0,1.0,0.0,0.0,1.0,0.0,1.0,0.0,0.0,6.0,M,B,41d93242-2d0b-4cab-809c-1ce75b7a0e0a,,0.0,1.0
1850.0,308274.0,10.0,12.0,51.0,40.0,150.0,400150.0,1.0,0.0,0.0,1.0,0.0,1.0,0.0,0.0,3.0,M,B,10d08199-0f3f-4bc2-99c5-e3d6798005a1,,0.0,1.0
1850.0,308274.0,11.0,12.0,51.0,40.0,150.0,400150.0,1.0,0.0,0.0,1.0,0.0,1.0,0.0,0.0,1.0,M,B,498bfe1a-477d-47df-a247-966082b29bcf,,0.0,1.0
1850.0,308274.0,12.0,12.0,51.0,40.0,150.0,400150.0,1.0,0.0,0.0,1.0,0.0,1.0,0.0,0.0,1.0,M,B,4bfabacd-f7db-490b-aa7d-fa96f6f16d69,,0.0,1.0
1850.0,308275.0,1.0,2.0,51.0,40.0,150.0,400150.0,1.0,0.0,0.0,1.0,0.0,1.0,0.0,0.0,7.0,F,B,19defb22-22e8-47b5-8858-b84a7e64d29a,,0.0,1.0
1850.0,308275.0,2.0,2.0,51.0,40.0,150.0,400150.0,1.0,0.0,0.0,1.0,0.0,1.0,0.0,0.0,14.0,M,B,7c4ccf6d-59ea-4a48-a033-3644d093a993,,0.0,1.0
1850.0,308276.0,1.0,8.0,51.0,40.0,150.0,400150.0,1.0,0.0,0.0,1.0,0.0,1.0,0.0,0.0,50.0,M,B,553bf2b8-55a9-438d-a847-ec26a6764620,1073fcaa-b53a-4f5e-b466-56fae489dea5,1.0,1.0
1850.0,308276.0,2.0,8.0,51.0,40.0,150.0,400150.0,1.0,0.0,0.0,1.0,0.0,1.0,0.0,0.0,43.0,M,B,15da93e6-6d99-4ba8-b6ca-420218747329,1073fcaa-b53a-4f5e-b466-56fae489dea5,1.0,1.0
1850.0,308276.0,3.0,8.0,51.0,40.0,150.0,400150.0,1.0,0.0,0.0,1.0,0.0,1.0,0.0,0.0,40.0,F,B,67864083-be61-4c19-baf2-8cc51c1861d9,1073fcaa-b53a-4f5e-b466-56fae489dea5,1.0,1.0
1850.0,308276.0,4.0,8.0,51.0,40.0,150.0,400150.0,1.0,0.0,0.0,1.0,0.0,1.0,0.0,0.0,19.0,M,B,56290661-5a1f-49a2-97f9-a28d70153b00,1073fcaa-b53a-4f5e-b466-56fae489dea5,1.0,1.0
1850.0,308276.0,5.0,8.0,51.0,40.0,150.0,400150.0,1.0,0.0,0.0,1.0,0.0,1.0,0.0,0.0,19.0,M,B,a140d72c-72f8-4e78-9d1c-39890a7c29fa,1073fcaa-b53a-4f5e-b466-56fae489dea5,1.0,1.0
1850.0,308276.0,6.0,8.0,51.0,40.0,150.0,400150.0,1.0,0.0,0.0,1.0,0.0,1.0,0.0,0.0,15.0,M,B,c1a00b1c-becb-42e7-bdfd-268e2c01218c,1073fcaa-b53a-4f5e-b466-56fae489dea5,1.0,1.0
1850.0,308276.0,7.0,8.0,51.0,40.0,150.0,400150.0,1.0,0.0,0.0,1.0,0.0,1.0,0.0,0.0,5.0,F,B,34fe08ec-1a71-46a6-81e3-233f4fc3aa1a,1073fcaa-b53a-4f5e-b466-56fae489dea5,1.0,1.0
1850.0,308276.0,8.0,8.0,51.0,40.0,150.0,400150.0,1.0,0.0,0.0,1.0,0.0,1.0,0.0,0.0,3.0,M,B,0d90e7b5-c448-458d-9c2d-9e510390e954,1073fcaa-b53a-4f5e-b466-56fae489dea5,1.0,1.0
1850.0,308277.0,1.0,14.0,51.0,40.0,150.0,400150.0,1.0,0.0,0.0,1.0,0.0,1.0,0.0,0.0,59.0,M,B,d38c82d1-324d-4756-ae62-8f837e0d8dc4,a9b88b58-99d3-4a18-88ec-577397c55184,1.0,1.0
1850.0,308277.0,2.0,14.0,51.0,40.0,150.0,400150.0,1.0,0.0,0.0,1.0,0.0,1.0,0.0,0.0,50.0,F,B,cef40b22-98d9-4126-88bc-d65271802352,a9b88b58-99d3-4a18-88ec-577397c55184,1.0,1.0
1850.0,308277.0,3.0,14.0,51.0,40.0,150.0,400150.0,1.0,0.0,0.0,1.0,0.0,1.0,0.0,0.0,26.0,M,B,bac529c5-16a2-4639-8cf5-c55e4093cf08,a9b88b58-99d3-4a18-88ec-577397c55184,1.0,1.0
1850.0,308277.0,4.0,14.0,51.0,40.0,150.0,400150.0,1.0,0.0,0.0,1.0,0.0,1.0,0.0,0.0,23.0,M,B,2355bf7e-0691-4a08-9657-ae78f3498e50,a9b88b58-99d3-4a18-88ec-577397c55184,1.0,1.0
1850.0,308277.0,5.0,14.0,51.0,40.0,150.0,400150.0,1.0,0.0,0.0,1.0,0.0,1.0,0.0,0.0,20.0,F,B,59b0b90a-d33a-4060-8a6d-0ee3f7aa769c,a9b88b58-99d3-4a18-88ec-577397c55184,1.0,1.0
1850.0,308277.0,6.0,14.0,51.0,40.0,150.0,400150.0,1.0,0.0,0.0,1.0,0.0,1.0,0.0,0.0,17.0,M,B,cae54e80-7433-4726-8879-ed121975ee28,a9b88b58-99d3-4a18-88ec-577397c55184,1.0,1.0
1850.0,308277.0,7.0,14.0,51.0,40.0,150.0,400150.0,1.0,0.0,0.0,1.0,0.0,1.0,0.0,0.0,17.0,M,B,35d60c22-428d-427d-8ba5-f34057667352,a9b88b58-99d3-4a18-88ec-577397c55184,1.0,1.0
1850.0,308277.0,8.0,14.0,51.0,40.0,150.0,400150.0,1.0,0.0,0.0,1.0,0.0,1.0,0.0,0.0,15.0,M,B,4f7ebf07-de79-42a6-b99c-4354a6d0f114,a9b88b58-99d3-4a18-88ec-577397c55184,1.0,1.0
1850.0,308277.0,9.0,14.0,51.0,40.0,150.0,400150.0,1.0,0.0,0.0,1.0,0.0,1.0,0.0,0.0,15.0,M,B,1e7c4bf2-6c22-415a-a84f-7251c7286a00,a9b88b58-99d3-4a18-88ec-577397c55184,1.0,1.0
1850.0,308277.0,10.0,14.0,51.0,40.0,150.0,400150.0,1.0,0.0,0.0,1.0,0.0,1.0,0.0,0.0,12.0,F,B,90597f4a-f189-4cae-8e4b-defa187dd21b,a9b88b58-99d3-4a18-88ec-577397c55184,1.0,1.0
1850.0,308277.0,11.0,14.0,51.0,40.0,150.0,400150.0,1.0,0.0,0.0,1.0,0.0,1.0,0.0,0.0,11.0,F,B,8eb64c29-52d2-4fb6-bda9-95656b039cfd,a9b88b58-99d3-4a18-88ec-577397c55184,1.0,1.0
1850.0,308277.0,12.0,14.0,51.0,40.0,150.0,400150.0,1.0,0.0,0.0,1.0,0.0,1.0,0.0,0.0,6.0,F,B,02c4343c-9ecc-4a94-86f7-0808e716b194,a9b88b58-99d3-4a18-88ec-577397c55184,1.0,1.0
1850.0,308277.0,13.0,14.0,51.0,40.0,150.0,400150.0,1.0,0.0,0.0,1.0,0.0,1.0,0.0,0.0,3.0,F,B,8df305d9-b1fe-48f9-8e13-afcd20d35091,a9b88b58-99d3-4a18-88ec-577397c55184,1.0,1.0
1850.0,308277.0,14.0,14.0,51.0,40.0,150.0,400150.0,1.0,0.0,0.0,1.0,0.0,1.0,0.0,0.0,0.0,F,B,6e9235fc-d74a-4dfe-bfc0-43fa0aaae3af,a9b88b58-99d3-4a18-88ec-577397c55184,1.0,1.0
1850.0,308278.0,1.0,8.0,51.0,40.0,150.0,400150.0,1.0,0.0,0.0,1.0,0.0,1.0,0.0,0.0,47.0,M,B,130e89a7-97e8-40d2-819e-55e67542966c,337b4c46-3fce-4ac6-8f85-c6e0270ec31d,1.0,1.0
1850.0,308278.0,2.0,8.0,51.0,40.0,150.0,400150.0,1.0,0.0,0.0,1.0,0.0,1.0,0.0,0.0,47.0,M,B,5101a542-c444-4418-847d-ff0d7f6d2988,337b4c46-3fce-4ac6-8f85-c6e0270ec31d,1.0,1.0
1850.0,308278.0,3.0,8.0,51.0,40.0,150.0,400150.0,1.0,0.0,0.0,1.0,0.0,1.0,0.0,0.0,23.0,F,B,f61cef42-952d-4949-8283-33187b9ddbe3,337b4c46-3fce-4ac6-8f85-c6e0270ec31d,1.0,1.0
1850.0,308278.0,4.0,8.0,51.0,40.0,150.0,400150.0,1.0,0.0,0.0,1.0,0.0,1.0,0.0,0.0,14.0,F,B,2aaed07a-705b-4e51-a162-c824e0ad6b8a,337b4c46-3fce-4ac6-8f85-c6e0270ec31d,1.0,1.0
1850.0,308278.0,5.0,8.0,51.0,40.0,150.0,400150.0,1.0,0.0,0.0,1.0,0.0,1.0,0.0,0.0,13.0,M,B,d813a7aa-de76-4852-9534-5d11f168c14d,337b4c46-3fce-4ac6-8f85-c6e0270ec31d,1.0,1.0
1850.0,308278.0,6.0,8.0,51.0,40.0,150.0,400150.0,1.0,0.0,0.0,1.0,0.0,1.0,0.0,0.0,10.0,M,B,bd034974-5d60-4fbb-8940-bc3972dcd871,337b4c46-3fce-4ac6-8f85-c6e0270ec31d,1.0,1.0
1850.0,308278.0,7.0,8.0,51.0,40.0,150.0,400150.0,1.0,0.0,0.0,1.0,0.0,1.0,0.0,0.0,8.0,M,B,478c4c68-1d16-418d-a807-8c4c22408144,337b4c46-3fce-4ac6-8f85-c6e0270ec31d,1.0,1.0
1850.0,308278.0,8.0,8.0,51.0,40.0,150.0,400150.0,1.0,0.0,0.0,1.0,0.0,1.0,0.0,0.0,6.0,M,B,33e6f637-1c6a-4a56-8f31-c8348c8a59c0,337b4c46-3fce-4ac6-8f85-c6e0270ec31d,1.0,1.0
1850.0,308279.0,1.0,2.0,51.0,40.0,150.0,400150.0,1.0,0.0,0.0,1.0,0.0,1.0,0.0,0.0,52.0,M,B,9116fcc9-c6c4-4e0f-9922-f2e34212db47,,0.0,1.0
1850.0,308279.0,2.0,2.0,51.0,40.0,150.0,400150.0,1.0,0.0,0.0,1.0,0.0,1.0,0.0,0.0,9.0,M,B,1ae6e7d1-8373-4fa6-9cc3-8387bc196c62,,0.0,1.0
1850.0,308280.0,1.0,1.0,51.0,40.0,150.0,400150.0,1.0,0.0,0.0,1.0,0.0,1.0,0.0,0.0,17.0,F,B,c571a6a5-fc50-41ea-b6eb-8ac27dd90651,2fb0e46e-baa9-405b-8474-c9d70d9d7726,1.0,1.0
1850.0,308281.0,1.0,10.0,51.0,40.0,150.0,400150.0,1.0,0.0,0.0,1.0,0.0,1.0,0.0,0.0,1.0,F,B,574c0609-731b-4061-adc7-67d3e6158bb0,,0.0,1.0
1850.0,308281.0,2.0,10.0,51.0,40.0,150.0,400150.0,1.0,0.0,0.0,1.0,0.0,1.0,0.0,0.0,12.0,M,B,bf81cda7-e43d-47ea-97bc-f7c7842c74af,,0.0,1.0
1850.0,308281.0,3.0,10.0,51.0,40.0,150.0,400150.0,1.0,0.0,0.0,1.0,0.0,1.0,0.0,0.0,70.0,M,B,86789ceb-36b2-4a08-bc79-94d08af5e429,,0.0,1.0
1850.0,308281.0,4.0,10.0,51.0,40.0,150.0,400150.0,1.0,0.0,0.0,1.0,0.0,1.0,0.0,0.0,60.0,F,B,64ad38bf-f791-4940-ad82-3854ac5386c7,,0.0,1.0
1850.0,308281.0,5.0,10.0,51.0,40.0,150.0,400150.0,1.0,0.0,0.0,1.0,0.0,1.0,0.0,0.0,24.0,F,B,ce42fba4-cd3b-4985-b7c8-295f5e086b92,,0.0,1.0
1850.0,308281.0,6.0,10.0,51.0,40.0,150.0,400150.0,1.0,0.0,0.0,1.0,0.0,1.0,0.0,0.0,23.0,M,B,1be61551-6a7b-488f-9bda-e02623079ded,,0.0,1.0
1850.0,308281.0,7.0,10.0,51.0,40.0,150.0,400150.0,1.0,0.0,0.0,1.0,0.0,1.0,0.0,0.0,9.0,M,B,ba170a7a-aad3-4fe7-85c0-3b3f8475b2cf,,0.0,1.0
1850.0,308281.0,8.0,10.0,51.0,40.0,150.0,400150.0,1.0,0.0,0.0,1.0,0.0,1.0,0.0,0.0,5.0,M,B,9b1f9a42-84ef-4110-b243-9cb90559ec77,,0.0,1.0
1850.0,308281.0,9.0,10.0,51.0,40.0,150.0,400150.0,1.0,0.0,0.0,1.0,0.0,1.0,0.0,0.0,4.0,F,B,850d0b0e-56e5-449c-9853-b663fe4ae975,,0.0,1.0
1850.0,308281.0,10.0,10.0,51.0,40.0,150.0,400150.0,1.0,0.0,0.0,1.0,0.0,1.0,0.0,0.0,3.0,M,B,dd6635d6-1efb-4429-acee-5f6d8558270d,,0.0,1.0
1850.0,308282.0,1.0,3.0,51.0,40.0,150.0,400150.0,1.0,0.0,0.0,1.0,0.0,1.0,0.0,0.0,55.0,M,B,4e881236-449e-4a5e-814a-890b7bc3376e,227c8f73-0c73-4ddb-87e0-f626faa087c1,1.0,1.0
1850.0,308282.0,2.0,3.0,51.0,40.0,150.0,400150.0,1.0,0.0,0.0,1.0,0.0,1.0,0.0,0.0,50.0,F,B,60fb1ea5-a3dc-4466-be71-afaccf8fdfd1,227c8f73-0c73-4ddb-87e0-f626faa087c1,1.0,1.0
1850.0,308282.0,3.0,3.0,51.0,40.0,150.0,400150.0,1.0,0.0,0.0,1.0,0.0,1.0,0.0,0.0,9.0,F,B,149fe687-6530-4d53-991b-324783eecc35,227c8f73-0c73-4ddb-87e0-f626faa087c1,1.0,1.0
1850.0,308283.0,1.0,1.0,51.0,40.0,150.0,400150.0,1.0,0.0,0.0,1.0,0.0,1.0,0.0,0.0,10.0,F,B,deb80707-03ce-457d-a0f5-3ee63b6d51a6,ff797dde-428f-4d6d-beaf-c06161c0585d,1.0,1.0
1850.0,308284.0,1.0,8.0,51.0,40.0,150.0,400150.0,1.0,0.0,0.0,1.0,0.0,1.0,0.0,0.0,35.0,M,B,2b7f7045-16eb-4d97-b3c1-410aa6a47b0a,00eb6970-9fdc-44d5-9c8a-6bb7dd4c44d8,1.0,1.0
1850.0,308284.0,2.0,8.0,51.0,40.0,150.0,400150.0,1.0,0.0,0.0,1.0,0.0,1.0,0.0,0.0,35.0,M,B,b7887071-2e81-46e5-8197-bf907be5a71f,00eb6970-9fdc-44d5-9c8a-6bb7dd4c44d8,1.0,1.0
1850.0,308284.0,3.0,8.0,51.0,40.0,150.0,400150.0,1.0,0.0,0.0,1.0,0.0,1.0,0.0,0.0,32.0,F,B,2fcf9239-967e-45cb-bdab-5593d3e45b77,00eb6970-9fdc-44d5-9c8a-6bb7dd4c44d8,1.0,1.0
1850.0,308284.0,4.0,8.0,51.0,40.0,150.0,400150.0,1.0,0.0,0.0,1.0,0.0,1.0,0.0,0.0,17.0,M,B,6e9a4335-d5b4-4cd3-81d5-295808b9c087,00eb6970-9fdc-44d5-9c8a-6bb7dd4c44d8,1.0,1.0
1850.0,308284.0,5.0,8.0,51.0,40.0,150.0,400150.0,1.0,0.0,0.0,1.0,0.0,1.0,0.0,0.0,10.0,M,B,96c446b8-5485-4118-8d49-2873cd9dd6b6,00eb6970-9fdc-44d5-9c8a-6bb7dd4c44d8,1.0,1.0
1850.0,308284.0,6.0,8.0,51.0,40.0,150.0,400150.0,1.0,0.0,0.0,1.0,0.0,1.0,0.0,0.0,8.0,F,B,c99ff2bc-b1ed-43f9-b1cb-b48a48214f6d,00eb6970-9fdc-44d5-9c8a-6bb7dd4c44d8,1.0,1.0
1850.0,308284.0,7.0,8.0,51.0,40.0,150.0,400150.0,1.0,0.0,0.0,1.0,0.0,1.0,0.0,0.0,5.0,M,B,69a7bb1f-deaa-401c-8214-cb8af08a436d,00eb6970-9fdc-44d5-9c8a-6bb7dd4c44d8,1.0,1.0
1850.0,308284.0,8.0,8.0,51.0,40.0,150.0,400150.0,1.0,0.0,0.0,1.0,0.0,1.0,0.0,0.0,1.0,F,B,6dd31ccb-ef23-4c92-a44a-87b7d5acdfa5,00eb6970-9fdc-44d5-9c8a-6bb7dd4c44d8,1.0,1.0
1850.0,308285.0,1.0,4.0,51.0,40.0,150.0,400150.0,1.0,0.0,0.0,1.0,0.0,1.0,0.0,0.0,35.0,F,B,5db5afe6-dd9a-435c-98d6-ea1b45bb4fc9,330c043b-6d9c-49f9-a6ee-ccee3b48be2e,1.0,1.0
1850.0,308285.0,2.0,4.0,51.0,40.0,150.0,400150.0,1.0,0.0,0.0,1.0,0.0,1.0,0.0,0.0,30.0,M,B,2a068d56-6bf0-49a7-ae86-b9c4991930fb,330c043b-6d9c-49f9-a6ee-ccee3b48be2e,1.0,1.0
1850.0,308285.0,3.0,4.0,51.0,40.0,150.0,400150.0,1.0,0.0,0.0,1.0,0.0,1.0,0.0,0.0,13.0,M,B,ff53287d-f97c-4866-b610-fd221fabdcd3,330c043b-6d9c-49f9-a6ee-ccee3b48be2e,1.0,1.0
1850.0,308285.0,4.0,4.0,51.0,40.0,150.0,400150.0,1.0,0.0,0.0,1.0,0.0,1.0,0.0,0.0,7.0,M,B,bbf117f3-3ea2-47d6-908b-474ee99ed1a6,330c043b-6d9c-49f9-a6ee-ccee3b48be2e,1.0,1.0
1850.0,308286.0,1.0,1.0,51.0,40.0,150.0,400150.0,1.0,0.0,0.0,1.0,0.0,1.0,0.0,0.0,43.0,M,B,0bbf121a-3360-40f3-88a2-a7f3a866b42c,92ad328d-6d66-47d8-a04d-3533acaea506,2.0,1.0
1850.0,308287.0,1.0,4.0,51.0,40.0,150.0,400150.0,1.0,0.0,0.0,1.0,0.0,1.0,0.0,0.0,32.0,M,B,62fc8fca-5055-40ee-9f96-a3eb27112005,e8ad8d9f-f7a2-4383-92d9-27e06c96e4e2,1.0,1.0
1850.0,308287.0,2.0,4.0,51.0,40.0,150.0,400150.0,1.0,0.0,0.0,1.0,0.0,1.0,0.0,0.0,21.0,F,B,2ebf8d88-bbd5-49dd-bb76-7374d28008ed,e8ad8d9f-f7a2-4383-92d9-27e06c96e4e2,1.0,1.0
1850.0,308287.0,3.0,4.0,51.0,40.0,150.0,400150.0,1.0,0.0,0.0,1.0,0.0,1.0,0.0,0.0,3.0,M,B,ced59255-5715-4cda-83c6-d1a9d9e38777,e8ad8d9f-f7a2-4383-92d9-27e06c96e4e2,1.0,1.0
1850.0,308287.0,4.0,4.0,51.0,40.0,150.0,400150.0,1.0,0.0,0.0,1.0,0.0,1.0,0.0,0.0,20.0,M,B,a5359bb8-4a75-4fbb-bb35-b327443cbdbd,e8ad8d9f-f7a2-4383-92d9-27e06c96e4e2,1.0,1.0
1850.0,308288.0,1.0,1.0,51.0,40.0,150.0,400150.0,1.0,0.0,0.0,1.0,0.0,1.0,0.0,0.0,13.0,F,B,8763b7b4-1beb-4c0b-90de-644d2bf26f9c,abdebe6f-5021-43e7-9d4a-0799751a866a,3.0,1.0
1850.0,308289.0,1.0,1.0,51.0,40.0,150.0,400150.0,1.0,0.0,0.0,1.0,0.0,1.0,0.0,0.0,28.0,M,B,c26e0efc-0777-4417-83fd-114b9b3f69a5,caa21a06-7f3d-4627-b754-7e8eb52ab1f2,1.0,1.0
1850.0,308290.0,1.0,1.0,51.0,40.0,150.0,400150.0,1.0,0.0,0.0,1.0,0.0,1.0,0.0,0.0,11.0,M,B,5e91bf3c-1ebc-4eeb-b15d-4d97553321cd,,0.0,1.0
1850.0,308291.0,1.0,3.0,51.0,40.0,150.0,400150.0,1.0,0.0,0.0,1.0,0.0,1.0,0.0,0.0,35.0,F,B,90ca8932-a2a9-4b03-aa7a-300adc728203,fa7d9f5d-2909-40fb-93d5-5a867cb202d7,1.0,1.0
1850.0,308291.0,2.0,3.0,51.0,40.0,150.0,400150.0,1.0,0.0,0.0,1.0,0.0,1.0,0.0,0.0,22.0,M,B,d059b3e0-c916-47d3-be1a-2dd7ee93379f,fa7d9f5d-2909-40fb-93d5-5a867cb202d7,1.0,1.0
1850.0,308291.0,3.0,3.0,51.0,40.0,150.0,400150.0,1.0,0.0,0.0,1.0,0.0,1.0,0.0,0.0,12.0,F,B,5cd2e201-ddae-48ab-bc08-1895005efab3,fa7d9f5d-2909-40fb-93d5-5a867cb202d7,1.0,1.0
1850.0,308292.0,1.0,7.0,51.0,40.0,150.0,400150.0,1.0,0.0,0.0,1.0,0.0,1.0,0.0,0.0,65.0,F,B,5377133d-1d14-49f5-82ee-6f798524481d,,0.0,1.0
1850.0,308292.0,2.0,7.0,51.0,40.0,150.0,400150.0,1.0,0.0,0.0,1.0,0.0,1.0,0.0,0.0,35.0,M,B,ac681014-5f56-4a5a-ab6f-464234f32d65,,0.0,1.0
1850.0,308292.0,3.0,7.0,51.0,40.0,150.0,400150.0,1.0,0.0,0.0,1.0,0.0,1.0,0.0,0.0,25.0,F,B,772a38ef-3c90-40f5-bd39-963e9b38b527,,0.0,1.0
1850.0,308292.0,4.0,7.0,51.0,40.0,150.0,400150.0,1.0,0.0,0.0,1.0,0.0,1.0,0.0,0.0,18.0,F,B,b8ff107e-d6a5-4cd9-a0c2-c9c6e5b413f2,,0.0,1.0
1850.0,308292.0,5.0,7.0,51.0,40.0,150.0,400150.0,1.0,0.0,0.0,1.0,0.0,1.0,0.0,0.0,5.0,F,B,b6fd90c2-f667-426e-85ff-eb2a67fb79fb,,0.0,1.0
1850.0,308292.0,6.0,7.0,51.0,40.0,150.0,400150.0,1.0,0.0,0.0,1.0,0.0,1.0,0.0,0.0,2.0,F,B,8cfc3022-9c2b-4969-8c43-9da7399d8855,,0.0,1.0
1850.0,308292.0,7.0,7.0,51.0,40.0,150.0,400150.0,1.0,0.0,0.0,1.0,0.0,1.0,0.0,0.0,17.0,M,B,09d41c58-1835-4204-99ee-a56ba6d69063,,0.0,1.0
1850.0,308294.0,1.0,7.0,51.0,40.0,150.0,400150.0,1.0,0.0,0.0,1.0,0.0,1.0,0.0,0.0,5.0,F,B,5f1d92f8-e1e8-4b0b-a10f-d17d6e1b7559,,0.0,1.0
1850.0,308294.0,2.0,7.0,51.0,40.0,150.0,400150.0,1.0,0.0,0.0,1.0,0.0,1.0,0.0,0.0,4.0,M,B,367d94bc-7566-4f35-b971-0098f3a06a00,,0.0,1.0
1850.0,308294.0,3.0,7.0,51.0,40.0,150.0,400150.0,1.0,0.0,0.0,1.0,0.0,1.0,0.0,0.0,0.0,M,B,a8437c68-768e-4d5b-b2a5-bb0f32746a12,,0.0,1.0
1850.0,308294.0,4.0,7.0,51.0,40.0,150.0,400150.0,1.0,0.0,0.0,1.0,0.0,1.0,0.0,0.0,60.0,M,B,1e12959b-739b-4600-bf5a-eb9a45025136,,0.0,1.0
1850.0,308294.0,5.0,7.0,51.0,40.0,150.0,400150.0,1.0,0.0,0.0,1.0,0.0,1.0,0.0,0.0,35.0,M,B,09bae13d-8c38-43c6-aa98-410d7d2c5786,,0.0,1.0
1850.0,308294.0,6.0,7.0,51.0,40.0,150.0,400150.0,1.0,0.0,0.0,1.0,0.0,1.0,0.0,0.0,33.0,F,B,181b23a5-ead0-4174-9b38-83a6448a6d4a,,0.0,1.0
1850.0,308294.0,7.0,7.0,51.0,40.0,150.0,400150.0,1.0,0.0,0.0,1.0,0.0,1.0,0.0,0.0,17.0,F,B,3012a73d-943f-4b7f-8fc4-5de25161bb57,,0.0,1.0
1850.0,308295.0,1.0,18.0,51.0,40.0,150.0,400150.0,1.0,0.0,0.0,1.0,0.0,1.0,0.0,0.0,56.0,M,B,e4dbbe68-1a93-48e8-8e01-73afd37e7ea4,5acd7ed9-a456-4323-b550-f57bb4fd119b,1.0,1.0
1850.0,308295.0,2.0,18.0,51.0,40.0,150.0,400150.0,1.0,0.0,0.0,1.0,0.0,1.0,0.0,0.0,35.0,M,B,8f122634-4de3-4122-9630-b969ee293577,5acd7ed9-a456-4323-b550-f57bb4fd119b,1.0,1.0
1850.0,308295.0,3.0,18.0,51.0,40.0,150.0,400150.0,1.0,0.0,0.0,1.0,0.0,1.0,0.0,0.0,35.0,F,B,2e575692-ed70-4bfb-abf2-a11b72b6dafa,5acd7ed9-a456-4323-b550-f57bb4fd119b,1.0,1.0
1850.0,308295.0,4.0,18.0,51.0,40.0,150.0,400150.0,1.0,0.0,0.0,1.0,0.0,1.0,0.0,0.0,30.0,F,B,e2bf7b92-afac-4691-b9c2-0bc14aa091b8,5acd7ed9-a456-4323-b550-f57bb4fd119b,1.0,1.0
1850.0,308295.0,5.0,18.0,51.0,40.0,150.0,400150.0,1.0,0.0,0.0,1.0,0.0,1.0,0.0,0.0,30.0,M,B,a6db4d92-a88f-48b5-bebd-a2ca17a0712c,5acd7ed9-a456-4323-b550-f57bb4fd119b,1.0,1.0
1850.0,308295.0,6.0,18.0,51.0,40.0,150.0,400150.0,1.0,0.0,0.0,1.0,0.0,1.0,0.0,0.0,18.0,F,B,c62f55ce-e145-497c-8418-09e5485cb72b,5acd7ed9-a456-4323-b550-f57bb4fd119b,1.0,1.0
1850.0,308295.0,7.0,18.0,51.0,40.0,150.0,400150.0,1.0,0.0,0.0,1.0,0.0,1.0,0.0,0.0,30.0,M,B,14c44684-213b-4d1f-a415-2537942c4a36,5acd7ed9-a456-4323-b550-f57bb4fd119b,1.0,1.0
1850.0,308295.0,8.0,18.0,51.0,40.0,150.0,400150.0,1.0,0.0,0.0,1.0,0.0,1.0,0.0,0.0,14.0,M,B,796d9c1b-fbdf-4906-9c2b-a5eb226e4c95,5acd7ed9-a456-4323-b550-f57bb4fd119b,1.0,1.0
1850.0,308295.0,9.0,18.0,51.0,40.0,150.0,400150.0,1.0,0.0,0.0,1.0,0.0,1.0,0.0,0.0,12.0,F,B,931fb76c-b903-422b-b474-3eb064044fdf,5acd7ed9-a456-4323-b550-f57bb4fd119b,1.0,1.0
1850.0,308295.0,10.0,18.0,51.0,40.0,150.0,400150.0,1.0,0.0,0.0,1.0,0.0,1.0,0.0,0.0,11.0,M,B,975f6362-b81c-450c-9ea8-ca630b04de08,5acd7ed9-a456-4323-b550-f57bb4fd119b,1.0,1.0
1850.0,308295.0,11.0,18.0,51.0,40.0,150.0,400150.0,1.0,0.0,0.0,1.0,0.0,1.0,0.0,0.0,8.0,F,B,402fe17e-c6ce-4c2d-957a-266be5131428,5acd7ed9-a456-4323-b550-f57bb4fd119b,1.0,1.0
1850.0,308295.0,12.0,18.0,51.0,40.0,150.0,400150.0,1.0,0.0,0.0,1.0,0.0,1.0,0.0,0.0,6.0,M,B,f01aee38-3db9-4fbc-9079-02f0783fa6e6,5acd7ed9-a456-4323-b550-f57bb4fd119b,1.0,1.0
1850.0,308295.0,13.0,18.0,51.0,40.0,150.0,400150.0,1.0,0.0,0.0,1.0,0.0,1.0,0.0,0.0,4.0,M,B,36516f7b-cd9b-47d1-8aec-8f6409039142,5acd7ed9-a456-4323-b550-f57bb4fd119b,1.0,1.0
1850.0,308295.0,14.0,18.0,51.0,40.0,150.0,400150.0,1.0,0.0,0.0,1.0,0.0,1.0,0.0,0.0,3.0,M,B,7d4078b8-1293-4da8-b516-315565ecd17b,5acd7ed9-a456-4323-b550-f57bb4fd119b,1.0,1.0
1850.0,308295.0,15.0,18.0,51.0,40.0,150.0,400150.0,1.0,0.0,0.0,1.0,0.0,1.0,0.0,0.0,0.0,M,B,8aefa269-adbb-4bf2-8520-ee21a5aa49bd,5acd7ed9-a456-4323-b550-f57bb4fd119b,1.0,1.0
1850.0,308295.0,16.0,18.0,51.0,40.0,150.0,400150.0,1.0,0.0,0.0,1.0,0.0,1.0,0.0,0.0,5.0,M,B,727e938f-1d3d-43a8-af2a-82659c4cbd8b,5acd7ed9-a456-4323-b550-f57bb4fd119b,1.0,1.0
1850.0,308295.0,17.0,18.0,51.0,40.0,150.0,400150.0,1.0,0.0,0.0,1.0,0.0,1.0,0.0,0.0,3.0,M,B,fe9fe84d-d539-4860-9ccb-df29e9aadd82,5acd7ed9-a456-4323-b550-f57bb4fd119b,1.0,1.0
1850.0,308295.0,18.0,18.0,51.0,40.0,150.0,400150.0,1.0,0.0,0.0,1.0,0.0,1.0,0.0,0.0,1.0,F,B,c1b7ecd9-59d3-49d2-b94b-75d54df31cc5,5acd7ed9-a456-4323-b550-f57bb4fd119b,1.0,1.0
1850.0,308296.0,1.0,2.0,51.0,40.0,150.0,400150.0,1.0,0.0,0.0,1.0,0.0,1.0,0.0,0.0,24.0,F,B,5576b799-5e53-4159-90aa-1cf3cf9b9038,137d3899-bf67-4797-ad2a-bb41217b7fc2,1.0,1.0
1850.0,308296.0,2.0,2.0,51.0,40.0,150.0,400150.0,1.0,0.0,0.0,1.0,0.0,1.0,0.0,0.0,4.0,M,B,571b7c8d-f7d4-4374-bda5-f1bc8e553b01,137d3899-bf67-4797-ad2a-bb41217b7fc2,1.0,1.0
1850.0,308297.0,1.0,11.0,51.0,40.0,150.0,400150.0,1.0,0.0,0.0,1.0,0.0,1.0,0.0,0.0,49.0,M,B,622a812b-fa7d-47a6-b5b8-53e30d28c529,f46bc879-9a47-406c-b0b6-fc2ca43f0b17,1.0,1.0
1850.0,308297.0,2.0,11.0,51.0,40.0,150.0,400150.0,1.0,0.0,0.0,1.0,0.0,1.0,0.0,0.0,25.0,M,B,4a82f286-cbdc-49ba-a745-ac7c9f35cc3c,f46bc879-9a47-406c-b0b6-fc2ca43f0b17,1.0,1.0
1850.0,308297.0,3.0,11.0,51.0,40.0,150.0,400150.0,1.0,0.0,0.0,1.0,0.0,1.0,0.0,0.0,25.0,M,B,16abc7ef-cb51-43a0-a039-4f91d456651a,f46bc879-9a47-406c-b0b6-fc2ca43f0b17,1.0,1.0
1850.0,308297.0,4.0,11.0,51.0,40.0,150.0,400150.0,1.0,0.0,0.0,1.0,0.0,1.0,0.0,0.0,15.0,M,B,f81a6b25-361e-4887-98ea-c39576c93c9a,f46bc879-9a47-406c-b0b6-fc2ca43f0b17,1.0,1.0
1850.0,308297.0,5.0,11.0,51.0,40.0,150.0,400150.0,1.0,0.0,0.0,1.0,0.0,1.0,0.0,0.0,27.0,F,B,b750d1f1-351c-4439-a71a-ab1345bd95a3,f46bc879-9a47-406c-b0b6-fc2ca43f0b17,1.0,1.0
1850.0,308297.0,6.0,11.0,51.0,40.0,150.0,400150.0,1.0,0.0,0.0,1.0,0.0,1.0,0.0,0.0,9.0,M,B,a5c4ebac-4e03-4931-ac12-5f93032a57f9,f46bc879-9a47-406c-b0b6-fc2ca43f0b17,1.0,1.0
1850.0,308297.0,7.0,11.0,51.0,40.0,150.0,400150.0,1.0,0.0,0.0,1.0,0.0,1.0,0.0,0.0,7.0,F,B,f7ef95cc-1224-4471-abde-b6a47702dccf,f46bc879-9a47-406c-b0b6-fc2ca43f0b17,1.0,1.0
1850.0,308297.0,8.0,11.0,51.0,40.0,150.0,400150.0,1.0,0.0,0.0,1.0,0.0,1.0,0.0,0.0,5.0,F,B,5139aaf3-e45d-4363-a98c-b07636996595,f46bc879-9a47-406c-b0b6-fc2ca43f0b17,1.0,1.0
1850.0,308297.0,9.0,11.0,51.0,40.0,150.0,400150.0,1.0,0.0,0.0,1.0,0.0,1.0,0.0,0.0,4.0,F,B,907e0031-dbef-44d5-bc1e-6db3f9197806,f46bc879-9a47-406c-b0b6-fc2ca43f0b17,1.0,1.0
1850.0,308297.0,10.0,11.0,51.0,40.0,150.0,400150.0,1.0,0.0,0.0,1.0,0.0,1.0,0.0,0.0,2.0,F,B,5d658dcd-5e65-4ef3-a7d5-26807fdbbae1,f46bc879-9a47-406c-b0b6-fc2ca43f0b17,1.0,1.0
1850.0,308297.0,11.0,11.0,51.0,40.0,150.0,400150.0,1.0,0.0,0.0,1.0,0.0,1.0,0.0,0.0,1.0,F,B,0c399037-7ece-4f9d-8010-38a081216d73,f46bc879-9a47-406c-b0b6-fc2ca43f0b17,1.0,1.0
1850.0,308293.0,1.0,2.0,51.0,40.0,150.0,400150.0,1.0,0.0,0.0,1.0,0.0,1.0,0.0,0.0,50.0,F,B,e48d628d-ba79-4927-99b7-64c3a3cb06f7,29c45d3c-b55f-4ad2-b72d-0e3d07f90c68,1.0,1.0
1850.0,308293.0,2.0,2.0,51.0,40.0,150.0,400150.0,1.0,0.0,0.0,1.0,0.0,1.0,0.0,0.0,14.0,M,B,e9dd197f-6230-4086-ab35-de701c37aec6,29c45d3c-b55f-4ad2-b72d-0e3d07f90c68,1.0,1.0
1850.0,308299.0,1.0,12.0,51.0,40.0,150.0,400150.0,1.0,0.0,0.0,1.0,0.0,1.0,0.0,0.0,16.0,F,B,9b91784d-7b40-4649-acd8-d6b1c192d949,,0.0,1.0
1850.0,308299.0,2.0,12.0,51.0,40.0,150.0,400150.0,1.0,0.0,0.0,1.0,0.0,1.0,0.0,0.0,15.0,F,B,a37d14b9-72e1-4935-b606-1b2c8256c30e,,0.0,1.0
1850.0,308299.0,3.0,12.0,51.0,40.0,150.0,400150.0,1.0,0.0,0.0,1.0,0.0,1.0,0.0,0.0,999.0,M,B,1c496159-66fa-470d-9b0e-24a4c498a39d,,0.0,1.0
1850.0,308299.0,4.0,12.0,51.0,40.0,150.0,400150.0,1.0,0.0,0.0,1.0,0.0,1.0,0.0,0.0,6.0,M,W,dfd105b4-a823-4eab-899e-41604b8605b0,,0.0,1.0
1850.0,308299.0,5.0,12.0,51.0,40.0,150.0,400150.0,1.0,0.0,0.0,1.0,0.0,1.0,0.0,0.0,999.0,M,B,29d3a799-cc20-4397-832a-f92f645578dd,,0.0,1.0
1850.0,308299.0,6.0,12.0,51.0,40.0,150.0,400150.0,1.0,0.0,0.0,1.0,0.0,1.0,0.0,0.0,68.0,M,B,d400af6f-2cc5-4dc7-ab37-cf4373fc6f64,,0.0,1.0
1850.0,308299.0,7.0,12.0,51.0,40.0,150.0,400150.0,1.0,0.0,0.0,1.0,0.0,1.0,0.0,0.0,68.0,F,B,80bac932-d233-4d3f-8afa-22bc53e41bef,,0.0,1.0
1850.0,308299.0,8.0,12.0,51.0,40.0,150.0,400150.0,1.0,0.0,0.0,1.0,0.0,1.0,0.0,0.0,60.0,M,B,fd4face0-f1a4-42f5-ad1c-80b022bcbb2e,,0.0,1.0
1850.0,308299.0,9.0,12.0,51.0,40.0,150.0,400150.0,1.0,0.0,0.0,1.0,0.0,1.0,0.0,0.0,50.0,F,B,4ec4ca79-696e-4695-b530-82657fd2ada1,,0.0,1.0
1850.0,308299.0,10.0,12.0,51.0,40.0,150.0,400150.0,1.0,0.0,0.0,1.0,0.0,1.0,0.0,0.0,25.0,M,B,c28919bd-9c57-4cc6-8cd4-a69a8cbf08db,,0.0,1.0
1850.0,308299.0,11.0,12.0,51.0,40.0,150.0,400150.0,1.0,0.0,0.0,1.0,0.0,1.0,0.0,0.0,23.0,M,B,882af861-9de9-48b2-9922-1516d8d815f3,,0.0,1.0
1850.0,308299.0,12.0,12.0,51.0,40.0,150.0,400150.0,1.0,0.0,0.0,1.0,0.0,1.0,0.0,0.0,14.0,F,B,7e405736-db0d-4c30-a17d-74e0971a7980,,0.0,1.0
1850.0,308300.0,1.0,4.0,51.0,40.0,150.0,400150.0,1.0,0.0,0.0,1.0,0.0,1.0,0.0,0.0,41.0,F,B,5d2fab4a-f1ba-4781-b835-5ab02fbd35a7,89b18c6e-24aa-4242-96dd-d59464e4554c,1.0,1.0
1850.0,308300.0,2.0,4.0,51.0,40.0,150.0,400150.0,1.0,0.0,0.0,1.0,0.0,1.0,0.0,0.0,14.0,F,B,012c0ac3-aa86-4559-a877-5bb7fca3f48c,89b18c6e-24aa-4242-96dd-d59464e4554c,1.0,1.0
1850.0,308300.0,3.0,4.0,51.0,40.0,150.0,400150.0,1.0,0.0,0.0,1.0,0.0,1.0,0.0,0.0,8.0,M,W,882d5339-b58d-4dc9-8179-46350c9f5d56,89b18c6e-24aa-4242-96dd-d59464e4554c,1.0,1.0
1850.0,308300.0,4.0,4.0,51.0,40.0,150.0,400150.0,1.0,0.0,0.0,1.0,0.0,1.0,0.0,0.0,999.0,M,W,dde83fb1-0f09-45d5-aa49-2c26d9c10237,89b18c6e-24aa-4242-96dd-d59464e4554c,1.0,1.0
1850.0,308301.0,1.0,8.0,51.0,40.0,150.0,400150.0,1.0,0.0,0.0,1.0,0.0,1.0,0.0,0.0,30.0,F,B,15e54a80-1c36-434c-8036-114514e21373,7c3c0007-e13e-4804-8ebd-ccd8a9bdc418,1.0,1.0
1850.0,308301.0,2.0,8.0,51.0,40.0,150.0,400150.0,1.0,0.0,0.0,1.0,0.0,1.0,0.0,0.0,25.0,F,B,f8b9bbff-8fd3-49ec-8dae-d89b62c1d4f6,7c3c0007-e13e-4804-8ebd-ccd8a9bdc418,1.0,1.0
1850.0,308301.0,3.0,8.0,51.0,40.0,150.0,400150.0,1.0,0.0,0.0,1.0,0.0,1.0,0.0,0.0,17.0,M,B,2f1254f7-417f-453f-9381-6c37d46934c9,7c3c0007-e13e-4804-8ebd-ccd8a9bdc418,1.0,1.0
1850.0,308301.0,4.0,8.0,51.0,40.0,150.0,400150.0,1.0,0.0,0.0,1.0,0.0,1.0,0.0,0.0,11.0,M,B,3d1f38a6-fed7-4c8f-b95d-b98c55e21a5a,7c3c0007-e13e-4804-8ebd-ccd8a9bdc418,1.0,1.0
1850.0,308301.0,5.0,8.0,51.0,40.0,150.0,400150.0,1.0,0.0,0.0,1.0,0.0,1.0,0.0,0.0,8.0,M,B,52450b93-a610-4e2d-a898-9afa0ea4d586,7c3c0007-e13e-4804-8ebd-ccd8a9bdc418,1.0,1.0
1850.0,308301.0,6.0,8.0,51.0,40.0,150.0,400150.0,1.0,0.0,0.0,1.0,0.0,1.0,0.0,0.0,5.0,M,B,f76ede51-92d0-487c-b53d-4deaf065a9d9,7c3c0007-e13e-4804-8ebd-ccd8a9bdc418,1.0,1.0
1850.0,308301.0,7.0,8.0,51.0,40.0,150.0,400150.0,1.0,0.0,0.0,1.0,0.0,1.0,0.0,0.0,2.0,F,B,44682d36-ac49-4d5f-aa06-6182d9e70da2,7c3c0007-e13e-4804-8ebd-ccd8a9bdc418,1.0,1.0
1850.0,308301.0,8.0,8.0,51.0,40.0,150.0,400150.0,1.0,0.0,0.0,1.0,0.0,1.0,0.0,0.0,0.0,M,B,0f2b76bc-eefc-4a58-acd5-609b4ddabeea,7c3c0007-e13e-4804-8ebd-ccd8a9bdc418,1.0,1.0
1850.0,308298.0,1.0,1.0,51.0,40.0,150.0,400150.0,1.0,0.0,0.0,1.0,0.0,1.0,0.0,0.0,19.0,F,B,0d080f6b-d021-4b96-b507-98e99c93c8b0,a8512320-cb42-422a-87da-4c6b628b39b7,1.0,1.0
1850.0,308302.0,1.0,1.0,51.0,40.0,150.0,400150.0,1.0,0.0,0.0,1.0,0.0,1.0,0.0,0.0,10.0,M,B,d63ecf3f-0b1a-4bed-9f1d-d6631afeb33b,e27a9a25-77e7-409e-9424-5e725e25271d,4.0,1.0
1850.0,308303.0,1.0,1.0,51.0,40.0,150.0,400150.0,1.0,0.0,0.0,1.0,0.0,1.0,0.0,0.0,32.0,F,B,f4a1a06c-07e7-460f-aa86-3983eabe34bd,9b47b0d4-eb96-42bb-a0eb-ceb3dba60d29,1.0,1.0
1850.0,308304.0,1.0,12.0,51.0,40.0,150.0,400150.0,1.0,0.0,0.0,1.0,0.0,1.0,0.0,0.0,25.0,F,B,4c6b6831-065c-4a09-9bb8-713bcc969abb,1f18d87c-e5ca-4524-a67d-f73c5d49cc41,1.0,1.0
1850.0,308304.0,2.0,12.0,51.0,40.0,150.0,400150.0,1.0,0.0,0.0,1.0,0.0,1.0,0.0,0.0,22.0,M,B,956eceb5-dce3-4162-885f-49e74820126a,1f18d87c-e5ca-4524-a67d-f73c5d49cc41,1.0,1.0
1850.0,308304.0,3.0,12.0,51.0,40.0,150.0,400150.0,1.0,0.0,0.0,1.0,0.0,1.0,0.0,0.0,18.0,F,B,bf2aa791-bbe3-401f-b84b-54842245c8d4,1f18d87c-e5ca-4524-a67d-f73c5d49cc41,1.0,1.0
1850.0,308304.0,4.0,12.0,51.0,40.0,150.0,400150.0,1.0,0.0,0.0,1.0,0.0,1.0,0.0,0.0,12.0,M,B,131a8abe-1137-4d97-be2b-89bb7b41dab8,1f18d87c-e5ca-4524-a67d-f73c5d49cc41,1.0,1.0
1850.0,308304.0,5.0,12.0,51.0,40.0,150.0,400150.0,1.0,0.0,0.0,1.0,0.0,1.0,0.0,0.0,9.0,M,B,87e9bb85-4209-4778-b7f7-cee4d8fbb548,1f18d87c-e5ca-4524-a67d-f73c5d49cc41,1.0,1.0
1850.0,308304.0,6.0,12.0,51.0,40.0,150.0,400150.0,1.0,0.0,0.0,1.0,0.0,1.0,0.0,0.0,5.0,M,B,cd13bb4f-12e4-4010-9315-33d8ae0f38fd,1f18d87c-e5ca-4524-a67d-f73c5d49cc41,1.0,1.0
1850.0,308304.0,7.0,12.0,51.0,40.0,150.0,400150.0,1.0,0.0,0.0,1.0,0.0,1.0,0.0,0.0,0.0,M,B,87b658c6-7cf1-4811-acf2-4dc09d741190,1f18d87c-e5ca-4524-a67d-f73c5d49cc41,1.0,1.0
1850.0,308304.0,8.0,12.0,51.0,40.0,150.0,400150.0,1.0,0.0,0.0,1.0,0.0,1.0,0.0,0.0,14.0,F,B,b50f9a5d-a3f4-4b85-8a17-4b56a1dde848,1f18d87c-e5ca-4524-a67d-f73c5d49cc41,1.0,1.0
1850.0,308304.0,9.0,12.0,51.0,40.0,150.0,400150.0,1.0,0.0,0.0,1.0,0.0,1.0,0.0,0.0,34.0,F,B,3a78f266-c724-4e4f-b1ca-da82a4e02ae9,1f18d87c-e5ca-4524-a67d-f73c5d49cc41,1.0,1.0
1850.0,308304.0,10.0,12.0,51.0,40.0,150.0,400150.0,1.0,0.0,0.0,1.0,0.0,1.0,0.0,0.0,5.0,M,B,90225af8-687b-457d-9c13-a8005403ca2a,1f18d87c-e5ca-4524-a67d-f73c5d49cc41,1.0,1.0
1850.0,308304.0,11.0,12.0,51.0,40.0,150.0,400150.0,1.0,0.0,0.0,1.0,0.0,1.0,0.0,0.0,4.0,M,B,e46c9dcc-6179-4a1d-97a5-d43f0a55b97e,1f18d87c-e5ca-4524-a67d-f73c5d49cc41,1.0,1.0
1850.0,308304.0,12.0,12.0,51.0,40.0,150.0,400150.0,1.0,0.0,0.0,1.0,0.0,1.0,0.0,0.0,2.0,F,B,f474260e-3388-4e24-96da-101b8ddf387c,1f18d87c-e5ca-4524-a67d-f73c5d49cc41,1.0,1.0
1850.0,308305.0,1.0,7.0,51.0,40.0,150.0,400150.0,1.0,0.0,0.0,1.0,0.0,1.0,0.0,0.0,53.0,F,B,8c086e70-f1b4-4fd4-887a-9ce7695c149e,63872c7a-8553-4526-8815-c3f4b6af805c,1.0,1.0
1850.0,308305.0,2.0,7.0,51.0,40.0,150.0,400150.0,1.0,0.0,0.0,1.0,0.0,1.0,0.0,0.0,34.0,M,B,02eb26b1-b780-4a3e-b990-dbdc2c2857f6,63872c7a-8553-4526-8815-c3f4b6af805c,1.0,1.0
1850.0,308305.0,3.0,7.0,51.0,40.0,150.0,400150.0,1.0,0.0,0.0,1.0,0.0,1.0,0.0,0.0,32.0,M,B,0bb4fae9-5506-4a88-9c68-684cc5d174a3,63872c7a-8553-4526-8815-c3f4b6af805c,1.0,1.0
1850.0,308305.0,4.0,7.0,51.0,40.0,150.0,400150.0,1.0,0.0,0.0,1.0,0.0,1.0,0.0,0.0,25.0,F,B,62fd6c18-430f-4dba-8885-d1ab6e3a017b,63872c7a-8553-4526-8815-c3f4b6af805c,1.0,1.0
1850.0,308305.0,5.0,7.0,51.0,40.0,150.0,400150.0,1.0,0.0,0.0,1.0,0.0,1.0,0.0,0.0,15.0,M,B,c532ea66-a5ef-4066-9865-00f277195f06,63872c7a-8553-4526-8815-c3f4b6af805c,1.0,1.0
1850.0,308305.0,6.0,7.0,51.0,40.0,150.0,400150.0,1.0,0.0,0.0,1.0,0.0,1.0,0.0,0.0,12.0,M,B,d1e67b28-f096-4cec-bce1-0d9d316560b7,63872c7a-8553-4526-8815-c3f4b6af805c,1.0,1.0
1850.0,308305.0,7.0,7.0,51.0,40.0,150.0,400150.0,1.0,0.0,0.0,1.0,0.0,1.0,0.0,0.0,9.0,F,B,fb5d671e-dce9-415a-96c1-a367fac62862,63872c7a-8553-4526-8815-c3f4b6af805c,1.0,1.0
1850.0,308307.0,1.0,8.0,51.0,40.0,150.0,400150.0,1.0,0.0,0.0,1.0,0.0,1.0,0.0,0.0,20.0,F,B,81f4a312-3861-4f1d-80ed-12a63b25bf5a,,0.0,1.0
1850.0,308307.0,2.0,8.0,51.0,40.0,150.0,400150.0,1.0,0.0,0.0,1.0,0.0,1.0,0.0,0.0,18.0,M,B,84343a32-6c45-48b6-8048-58ed8b57d8b5,,0.0,1.0
1850.0,308307.0,3.0,8.0,51.0,40.0,150.0,400150.0,1.0,0.0,0.0,1.0,0.0,1.0,0.0,0.0,8.0,F,B,c3c24a61-c9bb-4d33-ba0c-60995e8c51d8,,0.0,1.0
1850.0,308307.0,4.0,8.0,51.0,40.0,150.0,400150.0,1.0,0.0,0.0,1.0,0.0,1.0,0.0,0.0,3.0,M,B,c52f040e-c4fc-4ce7-9bc2-4afdfa992d50,,0.0,1.0
1850.0,308307.0,5.0,8.0,51.0,40.0,150.0,400150.0,1.0,0.0,0.0,1.0,0.0,1.0,0.0,0.0,2.0,M,B,6bb900f0-cb7b-44e4-a268-bf9792a42a1c,,0.0,1.0
1850.0,308307.0,6.0,8.0,51.0,40.0,150.0,400150.0,1.0,0.0,0.0,1.0,0.0,1.0,0.0,0.0,1.0,M,B,37a95dbf-c817-4228-81ca-1bc6b616d75d,,0.0,1.0
1850.0,308307.0,7.0,8.0,51.0,40.0,150.0,400150.0,1.0,0.0,0.0,1.0,0.0,1.0,0.0,0.0,60.0,M,B,1dbfeb7a-4570-43da-8765-93ccd19a776e,,0.0,1.0
1850.0,308307.0,8.0,8.0,51.0,40.0,150.0,400150.0,1.0,0.0,0.0,1.0,0.0,1.0,0.0,0.0,24.0,F,B,37a590b0-eff5-489c-b82f-dbdb37ef03c9,,0.0,1.0
1850.0,308308.0,1.0,6.0,51.0,40.0,150.0,400150.0,1.0,0.0,0.0,1.0,0.0,1.0,0.0,0.0,25.0,F,B,b4bf6894-267d-4c86-8961-90d5d43d3fac,25559d87-07e3-4608-80c6-ceee2b193b03,1.0,1.0
1850.0,308308.0,2.0,6.0,51.0,40.0,150.0,400150.0,1.0,0.0,0.0,1.0,0.0,1.0,0.0,0.0,20.0,M,B,8303e8f3-2db1-4c83-8cb5-8e75009b7e65,25559d87-07e3-4608-80c6-ceee2b193b03,1.0,1.0
1850.0,308308.0,3.0,6.0,51.0,40.0,150.0,400150.0,1.0,0.0,0.0,1.0,0.0,1.0,0.0,0.0,16.0,F,B,1ace8a03-48a1-4ab6-8a8a-e8b5f5c4c50b,25559d87-07e3-4608-80c6-ceee2b193b03,1.0,1.0
1850.0,308308.0,4.0,6.0,51.0,40.0,150.0,400150.0,1.0,0.0,0.0,1.0,0.0,1.0,0.0,0.0,8.0,M,B,f90d1682-aadc-4eae-9f7f-c2833b3c82a8,25559d87-07e3-4608-80c6-ceee2b193b03,1.0,1.0
1850.0,308308.0,5.0,6.0,51.0,40.0,150.0,400150.0,1.0,0.0,0.0,1.0,0.0,1.0,0.0,0.0,6.0,M,B,c112738b-a4d8-4d07-a100-fef66b1914f3,25559d87-07e3-4608-80c6-ceee2b193b03,1.0,1.0
1850.0,308308.0,6.0,6.0,51.0,40.0,150.0,400150.0,1.0,0.0,0.0,1.0,0.0,1.0,0.0,0.0,4.0,M,B,3ee85ada-d6b4-411f-bbb4-8abfedce9102,25559d87-07e3-4608-80c6-ceee2b193b03,1.0,1.0
1850.0,308309.0,1.0,2.0,51.0,40.0,150.0,400150.0,1.0,0.0,0.0,1.0,0.0,1.0,0.0,0.0,23.0,F,B,49210340-f203-4c79-8188-7f7e3b16bde0,39671165-aa5f-4a80-8ac6-d13de26a2ec2,1.0,1.0
1850.0,308309.0,2.0,2.0,51.0,40.0,150.0,400150.0,1.0,0.0,0.0,1.0,0.0,1.0,0.0,0.0,10.0,M,B,846696ee-f2f5-4d66-8e60-b5f578f29c23,39671165-aa5f-4a80-8ac6-d13de26a2ec2,1.0,1.0
1850.0,308310.0,1.0,4.0,51.0,40.0,150.0,400150.0,1.0,0.0,0.0,1.0,0.0,1.0,0.0,0.0,50.0,M,B,be63a903-5d14-4f63-8db7-6260a690fd11,143e4b07-dbd4-4687-87bd-762a940b49b4,1.0,1.0
1850.0,308310.0,2.0,4.0,51.0,40.0,150.0,400150.0,1.0,0.0,0.0,1.0,0.0,1.0,0.0,0.0,6.0,F,B,3af93463-6ed6-4b93-91e3-b9fe0f8864c9,143e4b07-dbd4-4687-87bd-762a940b49b4,1.0,1.0
1850.0,308310.0,3.0,4.0,51.0,40.0,150.0,400150.0,1.0,0.0,0.0,1.0,0.0,1.0,0.0,0.0,26.0,M,B,d7e1d5b1-a198-4165-b635-2ea4dfec225c,143e4b07-dbd4-4687-87bd-762a940b49b4,1.0,1.0
1850.0,308310.0,4.0,4.0,51.0,40.0,150.0,400150.0,1.0,0.0,0.0,1.0,0.0,1.0,0.0,0.0,7.0,F,B,e7ade63a-206f-4a4b-b78d-ba47a3aeba85,143e4b07-dbd4-4687-87bd-762a940b49b4,1.0,1.0
1850.0,308311.0,1.0,2.0,51.0,40.0,150.0,400150.0,1.0,0.0,0.0,1.0,0.0,1.0,0.0,0.0,16.0,F,B,ea35b2c0-3dc2-4ee8-8d4e-666fffeeb9e7,d4307b75-a2a7-481f-bced-768a5064486a,1.0,1.0
1850.0,308311.0,2.0,2.0,51.0,40.0,150.0,400150.0,1.0,0.0,0.0,1.0,0.0,1.0,0.0,0.0,14.0,M,B,09b760f2-4f24-4f6a-b8e8-9d851b9a2219,d4307b75-a2a7-481f-bced-768a5064486a,2.0,1.0
1850.0,308313.0,1.0,1.0,51.0,40.0,150.0,400150.0,1.0,0.0,0.0,1.0,0.0,1.0,0.0,0.0,23.0,M,B,80aba7b9-cf66-4c35-bb18-06ecbd43685b,fc6dd634-c6b9-4e9b-a4f4-90b0c3c46699,1.0,1.0
1850.0,308314.0,1.0,5.0,51.0,40.0,150.0,400150.0,1.0,0.0,0.0,1.0,0.0,1.0,0.0,0.0,18.0,M,B,df1801a2-77c8-4a02-b4a0-4835b9142203,2a18662a-8c21-4592-b5f9-6b3b74db3b48,1.0,1.0
1850.0,308314.0,2.0,5.0,51.0,40.0,150.0,400150.0,1.0,0.0,0.0,1.0,0.0,1.0,0.0,0.0,16.0,M,B,e656e92e-a01a-4262-93fa-f70460c41a31,2a18662a-8c21-4592-b5f9-6b3b74db3b48,1.0,1.0
1850.0,308314.0,3.0,5.0,51.0,40.0,150.0,400150.0,1.0,0.0,0.0,1.0,0.0,1.0,0.0,0.0,3.0,F,B,f11521a8-05f3-4b7b-a0cc-4c0439672ef5,2a18662a-8c21-4592-b5f9-6b3b74db3b48,1.0,1.0
1850.0,308314.0,4.0,5.0,51.0,40.0,150.0,400150.0,1.0,0.0,0.0,1.0,0.0,1.0,0.0,0.0,2.0,M,B,f7633f83-d8d0-4ca7-a297-fa9b8c0c7146,2a18662a-8c21-4592-b5f9-6b3b74db3b48,1.0,1.0
1850.0,308314.0,5.0,5.0,51.0,40.0,150.0,400150.0,1.0,0.0,0.0,1.0,0.0,1.0,0.0,0.0,999.0,M,B,2db2a859-0f9c-4bc9-90c5-4b133e785ed9,2a18662a-8c21-4592-b5f9-6b3b74db3b48,1.0,1.0
1850.0,308315.0,1.0,1.0,51.0,40.0,150.0,400150.0,1.0,0.0,0.0,1.0,0.0,1.0,0.0,0.0,22.0,M,B,c83d8904-986e-4a2e-95fe-c122a3a0a677,b83f544f-8da4-48d8-bfcb-98f769b27d0e,1.0,1.0
1850.0,308316.0,1.0,1.0,51.0,40.0,150.0,400150.0,1.0,0.0,0.0,1.0,0.0,1.0,0.0,0.0,20.0,M,B,67c444b6-fcdd-4c9d-a1f4-34edad329c05,3f0f0880-fed8-4068-8683-ddd128514ea5,1.0,1.0
1850.0,308317.0,1.0,1.0,51.0,40.0,150.0,400150.0,1.0,0.0,0.0,1.0,0.0,1.0,0.0,0.0,20.0,M,B,b848f3af-39ea-4ee3-bb3a-33917b901c89,b555292f-eb04-4335-bce2-c60fcb0537a1,1.0,1.0
1850.0,308318.0,1.0,11.0,51.0,40.0,150.0,400150.0,1.0,0.0,0.0,1.0,0.0,1.0,0.0,0.0,50.0,M,B,ff1f5aa4-b59c-4385-afdd-fc374ba485d0,59d3b5de-739b-4d89-b1c2-7d6ef1748a67,1.0,1.0
1850.0,308318.0,2.0,11.0,51.0,40.0,150.0,400150.0,1.0,0.0,0.0,1.0,0.0,1.0,0.0,0.0,50.0,M,B,b2c7c2b0-d88e-4778-8075-c7a274e34651,59d3b5de-739b-4d89-b1c2-7d6ef1748a67,1.0,1.0
1850.0,308318.0,3.0,11.0,51.0,40.0,150.0,400150.0,1.0,0.0,0.0,1.0,0.0,1.0,0.0,0.0,16.0,M,B,dfcaf5b8-fb2c-4b60-8a0a-0ec8f9f56e74,59d3b5de-739b-4d89-b1c2-7d6ef1748a67,1.0,1.0
1850.0,308318.0,4.0,11.0,51.0,40.0,150.0,400150.0,1.0,0.0,0.0,1.0,0.0,1.0,0.0,0.0,10.0,M,B,12ccb1a6-718c-4cd2-9bf0-4a55890ec72b,59d3b5de-739b-4d89-b1c2-7d6ef1748a67,1.0,1.0
1850.0,308318.0,5.0,11.0,51.0,40.0,150.0,400150.0,1.0,0.0,0.0,1.0,0.0,1.0,0.0,0.0,7.0,M,B,4b383bd9-9869-4574-92bf-f0fd515e5d07,59d3b5de-739b-4d89-b1c2-7d6ef1748a67,1.0,1.0
1850.0,308318.0,6.0,11.0,51.0,40.0,150.0,400150.0,1.0,0.0,0.0,1.0,0.0,1.0,0.0,0.0,35.0,F,B,e8c39c99-5649-4a67-883b-94d65ed86157,59d3b5de-739b-4d89-b1c2-7d6ef1748a67,1.0,1.0
1850.0,308318.0,7.0,11.0,51.0,40.0,150.0,400150.0,1.0,0.0,0.0,1.0,0.0,1.0,0.0,0.0,33.0,F,B,7f2fed8d-81ce-4de5-a837-03d92da4b825,59d3b5de-739b-4d89-b1c2-7d6ef1748a67,1.0,1.0
1850.0,308318.0,8.0,11.0,51.0,40.0,150.0,400150.0,1.0,0.0,0.0,1.0,0.0,1.0,0.0,0.0,11.0,F,B,21df239a-58fc-45ac-af21-6b65321d1c69,59d3b5de-739b-4d89-b1c2-7d6ef1748a67,1.0,1.0
1850.0,308318.0,9.0,11.0,51.0,40.0,150.0,400150.0,1.0,0.0,0.0,1.0,0.0,1.0,0.0,0.0,6.0,F,B,e73a87fe-7b96-451a-8f1f-390c35b0eb46,59d3b5de-739b-4d89-b1c2-7d6ef1748a67,1.0,1.0
1850.0,308318.0,10.0,11.0,51.0,40.0,150.0,400150.0,1.0,0.0,0.0,1.0,0.0,1.0,0.0,0.0,4.0,F,B,5959c3ba-7ddb-41f0-bd2b-e8366c242716,59d3b5de-739b-4d89-b1c2-7d6ef1748a67,1.0,1.0
1850.0,308318.0,11.0,11.0,51.0,40.0,150.0,400150.0,1.0,0.0,0.0,1.0,0.0,1.0,0.0,0.0,2.0,F,B,fa8f80aa-16f5-47cb-bac7-3d719fccaa1e,59d3b5de-739b-4d89-b1c2-7d6ef1748a67,1.0,1.0
1850.0,308306.0,1.0,2.0,51.0,40.0,150.0,400150.0,1.0,0.0,0.0,1.0,0.0,1.0,0.0,0.0,25.0,F,B,02d885f6-6731-4e54-a789-16e4848c68ac,01dfaa08-cd66-4a44-8beb-9aa17845c9dd,1.0,1.0
1850.0,308306.0,2.0,2.0,51.0,40.0,150.0,400150.0,1.0,0.0,0.0,1.0,0.0,1.0,0.0,0.0,0.0,F,B,b856a301-c6ef-48f2-bdb1-46824d4b6c78,01dfaa08-cd66-4a44-8beb-9aa17845c9dd,1.0,1.0
1850.0,308319.0,1.0,9.0,51.0,40.0,150.0,400150.0,1.0,0.0,0.0,1.0,0.0,1.0,0.0,0.0,25.0,F,B,87bd0274-00f7-4cb9-ac71-2e01ab4f2baa,,0.0,1.0
1850.0,308319.0,2.0,9.0,51.0,40.0,150.0,400150.0,1.0,0.0,0.0,1.0,0.0,1.0,0.0,0.0,30.0,M,B,a273dd86-59e1-4f95-aafa-e6b2049251fd,,0.0,1.0
1850.0,308319.0,3.0,9.0,51.0,40.0,150.0,400150.0,1.0,0.0,0.0,1.0,0.0,1.0,0.0,0.0,27.0,F,B,61d7eb0f-eb26-4946-af4a-ad0d515ce5a9,,0.0,1.0
1850.0,308319.0,4.0,9.0,51.0,40.0,150.0,400150.0,1.0,0.0,0.0,1.0,0.0,1.0,0.0,0.0,12.0,F,B,98f27845-52e2-40f7-8929-81588a3b97c4,,0.0,1.0
1850.0,308319.0,5.0,9.0,51.0,40.0,150.0,400150.0,1.0,0.0,0.0,1.0,0.0,1.0,0.0,0.0,9.0,M,B,43581bdc-6acc-48ea-9bd2-cda9f034a0a2,,0.0,1.0
1850.0,308319.0,6.0,9.0,51.0,40.0,150.0,400150.0,1.0,0.0,0.0,1.0,0.0,1.0,0.0,0.0,4.0,M,B,87a766a0-ccd2-451d-bf1d-14986ae77cd7,,0.0,1.0
1850.0,308319.0,7.0,9.0,51.0,40.0,150.0,400150.0,1.0,0.0,0.0,1.0,0.0,1.0,0.0,0.0,0.0,F,B,566b8fe2-a832-42b4-bdeb-bd2d15e550cb,,0.0,1.0
1850.0,308319.0,8.0,9.0,51.0,40.0,150.0,400150.0,1.0,0.0,0.0,1.0,0.0,1.0,0.0,0.0,65.0,M,B,f2355a26-d381-4c7a-be3d-82e3db773119,,0.0,1.0
1850.0,308319.0,9.0,9.0,51.0,40.0,150.0,400150.0,1.0,0.0,0.0,1.0,0.0,1.0,0.0,0.0,31.0,M,B,933cfd21-f53f-48c6-bd56-c2b326d11cd6,,0.0,1.0
1850.0,308320.0,1.0,1.0,51.0,40.0,150.0,400150.0,1.0,0.0,0.0,1.0,0.0,1.0,0.0,0.0,16.0,F,B,1d3af8e4-2dbb-4615-b306-b8203f75f2f1,646c80ae-0696-4181-8ead-1bdaf989308f,3.0,1.0
1850.0,308321.0,1.0,4.0,51.0,40.0,150.0,400150.0,1.0,0.0,0.0,1.0,0.0,1.0,0.0,0.0,75.0,M,B,e6f08f71-ab9c-44db-bd5a-3e0df466f13d,47853170-1baf-4bfb-9e39-fe15449aa164,1.0,1.0
1850.0,308321.0,2.0,4.0,51.0,40.0,150.0,400150.0,1.0,0.0,0.0,1.0,0.0,1.0,0.0,0.0,50.0,M,B,11928ada-945c-4605-acc2-420c7c6f64a0,47853170-1baf-4bfb-9e39-fe15449aa164,1.0,1.0
1850.0,308321.0,3.0,4.0,51.0,40.0,150.0,400150.0,1.0,0.0,0.0,1.0,0.0,1.0,0.0,0.0,15.0,F,B,463ccdff-5a11-4b5e-a91e-712546b6f155,47853170-1baf-4bfb-9e39-fe15449aa164,1.0,1.0
1850.0,308321.0,4.0,4.0,51.0,40.0,150.0,400150.0,1.0,0.0,0.0,1.0,0.0,1.0,0.0,0.0,13.0,M,B,20f5cc28-b606-4088-b387-68c434042b3e,47853170-1baf-4bfb-9e39-fe15449aa164,1.0,1.0
1850.0,308322.0,1.0,10.0,51.0,40.0,150.0,400150.0,1.0,0.0,0.0,1.0,0.0,1.0,0.0,0.0,74.0,M,B,88b25b00-493d-46be-96ad-47ea7b842e79,ef739f7c-7bf7-4fbf-9f09-5a452f09d01f,1.0,1.0
1850.0,308322.0,2.0,10.0,51.0,40.0,150.0,400150.0,1.0,0.0,0.0,1.0,0.0,1.0,0.0,0.0,45.0,F,B,e6f717c4-c432-4338-975a-050a020e1f03,ef739f7c-7bf7-4fbf-9f09-5a452f09d01f,1.0,1.0
1850.0,308322.0,3.0,10.0,51.0,40.0,150.0,400150.0,1.0,0.0,0.0,1.0,0.0,1.0,0.0,0.0,34.0,M,B,0cd99cd1-f15c-4d96-bf22-7a4a290de83d,ef739f7c-7bf7-4fbf-9f09-5a452f09d01f,1.0,1.0
1850.0,308322.0,4.0,10.0,51.0,40.0,150.0,400150.0,1.0,0.0,0.0,1.0,0.0,1.0,0.0,0.0,44.0,M,B,db81e0d1-5b6a-4fc6-a91f-9d05e6aea196,ef739f7c-7bf7-4fbf-9f09-5a452f09d01f,1.0,1.0
1850.0,308322.0,5.0,10.0,51.0,40.0,150.0,400150.0,1.0,0.0,0.0,1.0,0.0,1.0,0.0,0.0,20.0,F,B,629e085c-845c-4bbb-ae32-9a97757fdb73,ef739f7c-7bf7-4fbf-9f09-5a452f09d01f,1.0,1.0
1850.0,308322.0,6.0,10.0,51.0,40.0,150.0,400150.0,1.0,0.0,0.0,1.0,0.0,1.0,0.0,0.0,14.0,F,B,19d755d0-b4df-4908-aee9-73c2d071f9fa,ef739f7c-7bf7-4fbf-9f09-5a452f09d01f,1.0,1.0
1850.0,308322.0,7.0,10.0,51.0,40.0,150.0,400150.0,1.0,0.0,0.0,1.0,0.0,1.0,0.0,0.0,12.0,M,B,c4f83c68-6d17-47fc-80eb-071f1ea07931,ef739f7c-7bf7-4fbf-9f09-5a452f09d01f,1.0,1.0
1850.0,308322.0,8.0,10.0,51.0,40.0,150.0,400150.0,1.0,0.0,0.0,1.0,0.0,1.0,0.0,0.0,8.0,F,B,e9083662-3040-45dc-938a-a32299fd663c,ef739f7c-7bf7-4fbf-9f09-5a452f09d01f,1.0,1.0
1850.0,308322.0,9.0,10.0,51.0,40.0,150.0,400150.0,1.0,0.0,0.0,1.0,0.0,1.0,0.0,0.0,9.0,F,B,91faf345-5901-4c30-bac7-c6076a21b0b9,ef739f7c-7bf7-4fbf-9f09-5a452f09d01f,1.0,1.0
1850.0,308322.0,10.0,10.0,51.0,40.0,150.0,400150.0,1.0,0.0,0.0,1.0,0.0,1.0,0.0,0.0,7.0,F,B,8e1331a4-5d89-43d3-8662-32689d6dc745,ef739f7c-7bf7-4fbf-9f09-5a452f09d01f,1.0,1.0
1850.0,308323.0,1.0,3.0,51.0,40.0,150.0,400150.0,1.0,0.0,0.0,1.0,0.0,1.0,0.0,0.0,12.0,M,B,2e231cca-911f-461c-86ec-41ee3bd1b39a,c7dc405e-9552-4187-a649-ecf7c131f009,1.0,1.0
1850.0,308323.0,2.0,3.0,51.0,40.0,150.0,400150.0,1.0,0.0,0.0,1.0,0.0,1.0,0.0,0.0,23.0,M,B,7aa69042-7010-4f2f-9af6-9652ec3ba1c5,c7dc405e-9552-4187-a649-ecf7c131f009,1.0,1.0
1850.0,308323.0,3.0,3.0,51.0,40.0,150.0,400150.0,1.0,0.0,0.0,1.0,0.0,1.0,0.0,0.0,55.0,F,B,3a11f6a6-03a4-4915-b50a-49e3e03f9997,c7dc405e-9552-4187-a649-ecf7c131f009,1.0,1.0
1850.0,308324.0,1.0,1.0,51.0,40.0,150.0,400150.0,1.0,0.0,0.0,1.0,0.0,1.0,0.0,0.0,55.0,M,B,261baaae-ecea-4490-9ba7-4575596770de,b1c884fb-a8e7-4dbc-bf0e-0caaab937753,1.0,1.0
1850.0,308325.0,1.0,6.0,51.0,40.0,150.0,400150.0,1.0,0.0,0.0,1.0,0.0,1.0,0.0,0.0,55.0,M,B,e290a018-0188-47b7-b454-b9cd751be65b,8e274ee2-2b64-45c5-854d-5c0b9188df1b,1.0,1.0
1850.0,308325.0,2.0,6.0,51.0,40.0,150.0,400150.0,1.0,0.0,0.0,1.0,0.0,1.0,0.0,0.0,24.0,F,B,f72d6b10-5b01-4160-805e-a22fa4df6fab,8e274ee2-2b64-45c5-854d-5c0b9188df1b,1.0,1.0
1850.0,308325.0,3.0,6.0,51.0,40.0,150.0,400150.0,1.0,0.0,0.0,1.0,0.0,1.0,0.0,0.0,19.0,M,B,5de6abf8-d1ab-4e81-aab9-654fae66d58c,8e274ee2-2b64-45c5-854d-5c0b9188df1b,1.0,1.0
1850.0,308325.0,4.0,6.0,51.0,40.0,150.0,400150.0,1.0,0.0,0.0,1.0,0.0,1.0,0.0,0.0,11.0,F,B,08e84ac2-5b20-43da-a305-4992a01e3be3,8e274ee2-2b64-45c5-854d-5c0b9188df1b,1.0,1.0
1850.0,308325.0,5.0,6.0,51.0,40.0,150.0,400150.0,1.0,0.0,0.0,1.0,0.0,1.0,0.0,0.0,3.0,F,B,a55fefda-dc6a-4c63-84c2-daeb39c6b130,8e274ee2-2b64-45c5-854d-5c0b9188df1b,1.0,1.0
1850.0,308325.0,6.0,6.0,51.0,40.0,150.0,400150.0,1.0,0.0,0.0,1.0,0.0,1.0,0.0,0.0,1.0,M,B,adadda96-bfc8-430e-92ea-69abb1cd516f,8e274ee2-2b64-45c5-854d-5c0b9188df1b,1.0,1.0
1850.0,308326.0,1.0,9.0,51.0,40.0,150.0,400150.0,1.0,0.0,0.0,1.0,0.0,1.0,0.0,0.0,33.0,F,B,88813804-efa2-44ef-9af0-38a2c302bdb8,14948dad-fdf2-48ca-af60-b73598487d82,1.0,1.0
1850.0,308326.0,2.0,9.0,51.0,40.0,150.0,400150.0,1.0,0.0,0.0,1.0,0.0,1.0,0.0,0.0,28.0,M,B,9be02a3f-4cc2-471a-b5fd-86db9d0594bf,14948dad-fdf2-48ca-af60-b73598487d82,1.0,1.0
1850.0,308326.0,3.0,9.0,51.0,40.0,150.0,400150.0,1.0,0.0,0.0,1.0,0.0,1.0,0.0,0.0,24.0,F,B,391dab7f-51fb-4617-93c3-1315e85c09f3,14948dad-fdf2-48ca-af60-b73598487d82,1.0,1.0
1850.0,308326.0,4.0,9.0,51.0,40.0,150.0,400150.0,1.0,0.0,0.0,1.0,0.0,1.0,0.0,0.0,20.0,M,B,acbdf12b-abc6-4622-9069-f735e85fc199,14948dad-fdf2-48ca-af60-b73598487d82,1.0,1.0
1850.0,308326.0,5.0,9.0,51.0,40.0,150.0,400150.0,1.0,0.0,0.0,1.0,0.0,1.0,0.0,0.0,13.0,F,B,29a1d1fd-b24d-4292-9293-382a39d3c5a1,14948dad-fdf2-48ca-af60-b73598487d82,1.0,1.0
1850.0,308326.0,6.0,9.0,51.0,40.0,150.0,400150.0,1.0,0.0,0.0,1.0,0.0,1.0,0.0,0.0,12.0,M,B,667fb4eb-c1de-4115-b591-7e0ed4c9b270,14948dad-fdf2-48ca-af60-b73598487d82,1.0,1.0
1850.0,308326.0,7.0,9.0,51.0,40.0,150.0,400150.0,1.0,0.0,0.0,1.0,0.0,1.0,0.0,0.0,10.0,M,B,c9c59f7b-f152-40d7-8b76-fb66f1c4955a,14948dad-fdf2-48ca-af60-b73598487d82,1.0,1.0
1850.0,308326.0,8.0,9.0,51.0,40.0,150.0,400150.0,1.0,0.0,0.0,1.0,0.0,1.0,0.0,0.0,3.0,F,B,51099a32-3aed-48b7-9b68-ce44a8aee556,14948dad-fdf2-48ca-af60-b73598487d82,1.0,1.0
1850.0,308326.0,9.0,9.0,51.0,40.0,150.0,400150.0,1.0,0.0,0.0,1.0,0.0,1.0,0.0,0.0,0.0,F,B,34b50fb2-273a-41d1-9f81-f6a6ba9512ae,14948dad-fdf2-48ca-af60-b73598487d82,1.0,1.0
1850.0,308327.0,1.0,3.0,51.0,40.0,150.0,400150.0,1.0,0.0,0.0,1.0,0.0,1.0,0.0,0.0,15.0,F,B,f23fe7c7-1eab-4930-b8ba-780d71a19b33,,0.0,1.0
1850.0,308327.0,2.0,3.0,51.0,40.0,150.0,400150.0,1.0,0.0,0.0,1.0,0.0,1.0,0.0,0.0,11.0,F,B,15fd9ebf-f046-4475-8901-459e76a1fac3,,0.0,1.0
1850.0,308327.0,3.0,3.0,51.0,40.0,150.0,400150.0,1.0,0.0,0.0,1.0,0.0,1.0,0.0,0.0,22.0,M,B,cd6d5f23-dce1-4603-9413-4897519812ef,,0.0,1.0
1850.0,308328.0,1.0,8.0,51.0,40.0,150.0,400150.0,1.0,0.0,0.0,1.0,0.0,1.0,0.0,0.0,45.0,M,B,9eb6c9f9-99a3-461d-bcb8-977228314c86,12e15cc1-543e-4b6c-960a-de5d619df60f,1.0,1.0
1850.0,308328.0,2.0,8.0,51.0,40.0,150.0,400150.0,1.0,0.0,0.0,1.0,0.0,1.0,0.0,0.0,43.0,M,B,89711021-efff-4574-bdea-674c70bafc39,12e15cc1-543e-4b6c-960a-de5d619df60f,1.0,1.0
1850.0,308328.0,3.0,8.0,51.0,40.0,150.0,400150.0,1.0,0.0,0.0,1.0,0.0,1.0,0.0,0.0,21.0,M,B,850d8bd4-70a9-4021-984f-52827be60ab8,12e15cc1-543e-4b6c-960a-de5d619df60f,1.0,1.0
1850.0,308328.0,4.0,8.0,51.0,40.0,150.0,400150.0,1.0,0.0,0.0,1.0,0.0,1.0,0.0,0.0,12.0,M,B,501cf484-8f5e-4fc9-acad-8944f378fccc,12e15cc1-543e-4b6c-960a-de5d619df60f,1.0,1.0
1850.0,308328.0,5.0,8.0,51.0,40.0,150.0,400150.0,1.0,0.0,0.0,1.0,0.0,1.0,0.0,0.0,9.0,M,B,95a41b46-7de8-4d66-b2eb-056f9698d72a,12e15cc1-543e-4b6c-960a-de5d619df60f,1.0,1.0
1850.0,308328.0,6.0,8.0,51.0,40.0,150.0,400150.0,1.0,0.0,0.0,1.0,0.0,1.0,0.0,0.0,22.0,F,B,fa22fe80-86f7-4672-a615-54d520405c9b,12e15cc1-543e-4b6c-960a-de5d619df60f,1.0,1.0
1850.0,308328.0,7.0,8.0,51.0,40.0,150.0,400150.0,1.0,0.0,0.0,1.0,0.0,1.0,0.0,0.0,25.0,F,B,9b71c2e8-39e6-4c78-8b3e-c63a020ac6e5,12e15cc1-543e-4b6c-960a-de5d619df60f,1.0,1.0
1850.0,308328.0,8.0,8.0,51.0,40.0,150.0,400150.0,1.0,0.0,0.0,1.0,0.0,1.0,0.0,0.0,20.0,F,B,8ec7d976-16d9-4d33-839e-6c161bc5530b,12e15cc1-543e-4b6c-960a-de5d619df60f,1.0,1.0
1850.0,308329.0,1.0,7.0,51.0,40.0,150.0,400150.0,1.0,0.0,0.0,1.0,0.0,1.0,0.0,0.0,46.0,M,B,4f43d91e-cf95-4505-951e-53ecffb49d3f,b9e07bc1-13da-4110-a410-9c6ab463fc98,1.0,1.0
1850.0,308329.0,2.0,7.0,51.0,40.0,150.0,400150.0,1.0,0.0,0.0,1.0,0.0,1.0,0.0,0.0,36.0,F,B,a968ac91-c158-4a22-b294-2278017d3c1b,b9e07bc1-13da-4110-a410-9c6ab463fc98,1.0,1.0
1850.0,308329.0,3.0,7.0,51.0,40.0,150.0,400150.0,1.0,0.0,0.0,1.0,0.0,1.0,0.0,0.0,34.0,F,B,75b0f3d8-3435-4e14-8d8c-f52b5744d664,b9e07bc1-13da-4110-a410-9c6ab463fc98,1.0,1.0
1850.0,308329.0,4.0,7.0,51.0,40.0,150.0,400150.0,1.0,0.0,0.0,1.0,0.0,1.0,0.0,0.0,16.0,M,B,069e7f49-8d3e-46ce-a1b1-29bfe6fd5033,b9e07bc1-13da-4110-a410-9c6ab463fc98,1.0,1.0
1850.0,308329.0,5.0,7.0,51.0,40.0,150.0,400150.0,1.0,0.0,0.0,1.0,0.0,1.0,0.0,0.0,15.0,F,B,96b3dbec-352a-42f1-b3f3-a2d688045cdf,b9e07bc1-13da-4110-a410-9c6ab463fc98,1.0,1.0
1850.0,308329.0,6.0,7.0,51.0,40.0,150.0,400150.0,1.0,0.0,0.0,1.0,0.0,1.0,0.0,0.0,12.0,M,B,7289b2c3-cf19-4008-97f5-dc00c13aec11,b9e07bc1-13da-4110-a410-9c6ab463fc98,1.0,1.0
1850.0,308329.0,7.0,7.0,51.0,40.0,150.0,400150.0,1.0,0.0,0.0,1.0,0.0,1.0,0.0,0.0,4.0,F,B,dbf9fff0-82a6-4618-86b3-edd46f37c02d,b9e07bc1-13da-4110-a410-9c6ab463fc98,1.0,1.0
1850.0,308330.0,1.0,4.0,51.0,40.0,150.0,400150.0,1.0,0.0,0.0,1.0,0.0,1.0,0.0,0.0,18.0,M,B,bc9bc735-8326-44c5-ac6a-631e988d50f3,504a4cd4-1462-40f3-b69d-ee816df3fa23,1.0,1.0
1850.0,308330.0,2.0,4.0,51.0,40.0,150.0,400150.0,1.0,0.0,0.0,1.0,0.0,1.0,0.0,0.0,18.0,M,B,3372c3b6-21c2-484d-b065-f22208ba19b2,504a4cd4-1462-40f3-b69d-ee816df3fa23,1.0,1.0
1850.0,308330.0,3.0,4.0,51.0,40.0,150.0,400150.0,1.0,0.0,0.0,1.0,0.0,1.0,0.0,0.0,65.0,F,B,b86b7bd4-5e82-4021-a50a-b7c511647b88,504a4cd4-1462-40f3-b69d-ee816df3fa23,1.0,1.0
1850.0,308330.0,4.0,4.0,51.0,40.0,150.0,400150.0,1.0,0.0,0.0,1.0,0.0,1.0,0.0,0.0,7.0,M,B,d40eb349-cc62-4f8b-b70d-639dd892e3ef,504a4cd4-1462-40f3-b69d-ee816df3fa23,1.0,1.0
1850.0,308331.0,1.0,1.0,51.0,40.0,150.0,400150.0,1.0,0.0,0.0,1.0,0.0,1.0,0.0,0.0,4.0,M,B,2b56368d-92da-4fa3-9384-6f70cf328bc4,32fba403-70ef-4c3b-8e1e-e47588755887,1.0,1.0
1850.0,308332.0,1.0,1.0,51.0,40.0,150.0,400150.0,1.0,0.0,0.0,1.0,0.0,1.0,0.0,0.0,20.0,F,B,a4459791-5ce7-497f-8f49-205f443437ed,8233b8b4-a1c8-4e68-9b03-e8deea8d16b7,1.0,1.0
1850.0,308333.0,1.0,6.0,51.0,40.0,150.0,400150.0,1.0,0.0,0.0,1.0,0.0,1.0,0.0,0.0,40.0,M,B,da4081b4-6eb8-42ec-a2d7-83cb69553620,847137dc-9905-4d0c-b895-ee84f31d8dc2,2.0,1.0
1850.0,308333.0,2.0,6.0,51.0,40.0,150.0,400150.0,1.0,0.0,0.0,1.0,0.0,1.0,0.0,0.0,22.0,F,B,ba8cbad1-3fef-4805-9eca-4d54609b9867,847137dc-9905-4d0c-b895-ee84f31d8dc2,2.0,1.0
1850.0,308333.0,3.0,6.0,51.0,40.0,150.0,400150.0,1.0,0.0,0.0,1.0,0.0,1.0,0.0,0.0,18.0,F,B,f8246185-5091-4bd9-93b1-5f9d5839d280,847137dc-9905-4d0c-b895-ee84f31d8dc2,2.0,1.0
1850.0,308333.0,4.0,6.0,51.0,40.0,150.0,400150.0,1.0,0.0,0.0,1.0,0.0,1.0,0.0,0.0,6.0,M,B,8a51dc53-f971-4b7c-ae2b-11f139ddf866,847137dc-9905-4d0c-b895-ee84f31d8dc2,2.0,1.0
1850.0,308333.0,5.0,6.0,51.0,40.0,150.0,400150.0,1.0,0.0,0.0,1.0,0.0,1.0,0.0,0.0,4.0,M,B,dd35e2e8-0c23-4cb1-8dc8-6ac07ed3e700,847137dc-9905-4d0c-b895-ee84f31d8dc2,2.0,1.0
1850.0,308333.0,6.0,6.0,51.0,40.0,150.0,400150.0,1.0,0.0,0.0,1.0,0.0,1.0,0.0,0.0,6.0,M,B,23b8936e-020c-44fa-a289-d0d0d7ec20bf,847137dc-9905-4d0c-b895-ee84f31d8dc2,2.0,1.0
1850.0,308334.0,1.0,1.0,51.0,40.0,150.0,400150.0,1.0,0.0,0.0,1.0,0.0,1.0,0.0,0.0,15.0,F,B,8a7cbaa6-3edd-40b4-80c4-7b61a73be7e0,ec635be3-6b99-4dae-88c3-afcf2d6ea2bf,1.0,1.0
1850.0,308335.0,1.0,11.0,51.0,40.0,150.0,400150.0,1.0,0.0,0.0,1.0,0.0,1.0,0.0,0.0,60.0,M,B,a7b0806f-1c6d-4cf1-a6c6-345fd9bfd2a1,,0.0,1.0
1850.0,308335.0,2.0,11.0,51.0,40.0,150.0,400150.0,1.0,0.0,0.0,1.0,0.0,1.0,0.0,0.0,35.0,M,B,6950311d-8b72-4ddb-9498-9a94e28faceb,,0.0,1.0
1850.0,308335.0,3.0,11.0,51.0,40.0,150.0,400150.0,1.0,0.0,0.0,1.0,0.0,1.0,0.0,0.0,35.0,M,B,fe95a8a6-b119-4cb9-97d9-e4e48c8ae95c,,0.0,1.0
1850.0,308335.0,4.0,11.0,51.0,40.0,150.0,400150.0,1.0,0.0,0.0,1.0,0.0,1.0,0.0,0.0,18.0,M,B,f7ac695f-1107-4802-b44f-8be3348c8688,,0.0,1.0
1850.0,308335.0,5.0,11.0,51.0,40.0,150.0,400150.0,1.0,0.0,0.0,1.0,0.0,1.0,0.0,0.0,17.0,M,B,05e2396b-778c-41e7-a7e6-02ef74be826b,,0.0,1.0
1850.0,308335.0,6.0,11.0,51.0,40.0,150.0,400150.0,1.0,0.0,0.0,1.0,0.0,1.0,0.0,0.0,55.0,F,B,a1b33b38-bb9d-4942-b8d5-ec06b7c319df,,0.0,1.0
1850.0,308335.0,7.0,11.0,51.0,40.0,150.0,400150.0,1.0,0.0,0.0,1.0,0.0,1.0,0.0,0.0,50.0,F,B,421b4e82-5f96-4ace-8cd6-f267921032c6,,0.0,1.0
1850.0,308335.0,8.0,11.0,51.0,40.0,150.0,400150.0,1.0,0.0,0.0,1.0,0.0,1.0,0.0,0.0,20.0,F,B,8ddf2051-9a3d-4585-8000-2f92e733bb12,,0.0,1.0
1850.0,308335.0,9.0,11.0,51.0,40.0,150.0,400150.0,1.0,0.0,0.0,1.0,0.0,1.0,0.0,0.0,3.0,F,B,967991aa-41e9-488c-a6a5-31497f7c5a92,,0.0,1.0
1850.0,308335.0,10.0,11.0,51.0,40.0,150.0,400150.0,1.0,0.0,0.0,1.0,0.0,1.0,0.0,0.0,2.0,F,B,d4ed8b95-0bd2-48ed-b422-1d01945f5dbc,,0.0,1.0
1850.0,308335.0,11.0,11.0,51.0,40.0,150.0,400150.0,1.0,0.0,0.0,1.0,0.0,1.0,0.0,0.0,1.0,M,B,edd23bef-3648-43e3-bd51-418e636b3649,,0.0,1.0
1850.0,308336.0,1.0,8.0,51.0,40.0,150.0,400150.0,1.0,0.0,0.0,1.0,0.0,1.0,0.0,0.0,28.0,M,B,a71696bd-d4c9-4652-ae08-556d3535fa6d,,0.0,1.0
1850.0,308336.0,2.0,8.0,51.0,40.0,150.0,400150.0,1.0,0.0,0.0,1.0,0.0,1.0,0.0,0.0,19.0,M,B,a6b1b744-d386-4b74-baae-2a899266a6bf,,0.0,1.0
1850.0,308336.0,3.0,8.0,51.0,40.0,150.0,400150.0,1.0,0.0,0.0,1.0,0.0,1.0,0.0,0.0,14.0,F,B,6b9eac85-50a6-43ae-9a27-60b77ad5e18a,,0.0,1.0
1850.0,308336.0,4.0,8.0,51.0,40.0,150.0,400150.0,1.0,0.0,0.0,1.0,0.0,1.0,0.0,0.0,10.0,F,B,a4b0cf8c-5b8f-4e0e-b720-6c773ac8003e,,0.0,1.0
1850.0,308336.0,5.0,8.0,51.0,40.0,150.0,400150.0,1.0,0.0,0.0,1.0,0.0,1.0,0.0,0.0,6.0,M,B,acf7e990-2860-4f4b-8f4d-40e2a9f6b617,,0.0,1.0
1850.0,308336.0,6.0,8.0,51.0,40.0,150.0,400150.0,1.0,0.0,0.0,1.0,0.0,1.0,0.0,0.0,4.0,M,B,37df6230-14ac-409f-b997-42fc7da6de47,,0.0,1.0
1850.0,308336.0,7.0,8.0,51.0,40.0,150.0,400150.0,1.0,0.0,0.0,1.0,0.0,1.0,0.0,0.0,1.0,F,B,4eb00eb6-6ff7-4552-922e-1657a002e6ad,,0.0,1.0
1850.0,308336.0,8.0,8.0,51.0,40.0,150.0,400150.0,1.0,0.0,0.0,1.0,0.0,1.0,0.0,0.0,37.0,F,B,8e9ac3c9-9a73-4cd7-8991-c5a8558a1cb1,,0.0,1.0
1850.0,308337.0,1.0,4.0,51.0,40.0,150.0,400150.0,1.0,0.0,0.0,1.0,0.0,1.0,0.0,0.0,51.0,F,B,8ed653cf-9a7c-4556-9ea7-932fbb980285,aac24846-c746-4894-88ab-4e65375af66e,1.0,1.0
1850.0,308337.0,2.0,4.0,51.0,40.0,150.0,400150.0,1.0,0.0,0.0,1.0,0.0,1.0,0.0,0.0,12.0,F,B,76344767-d8c0-42a2-98e3-2544a4b4829d,aac24846-c746-4894-88ab-4e65375af66e,1.0,1.0
1850.0,308337.0,3.0,4.0,51.0,40.0,150.0,400150.0,1.0,0.0,0.0,1.0,0.0,1.0,0.0,0.0,11.0,M,B,0241fb6b-e9e9-416b-ad26-56da56f975ce,aac24846-c746-4894-88ab-4e65375af66e,1.0,1.0
1850.0,308337.0,4.0,4.0,51.0,40.0,150.0,400150.0,1.0,0.0,0.0,1.0,0.0,1.0,0.0,0.0,12.0,M,B,27a305c0-6fe7-4c4a-9bd6-5a4b7fe2ab92,aac24846-c746-4894-88ab-4e65375af66e,1.0,1.0
1850.0,308338.0,1.0,28.0,51.0,40.0,150.0,400150.0,1.0,0.0,0.0,1.0,0.0,1.0,0.0,0.0,75.0,M,B,c34b6c54-34a8-41e4-aa53-8cb1ad09e190,a5140e24-349e-4321-822e-2168df4ea20e,1.0,1.0
1850.0,308338.0,2.0,28.0,51.0,40.0,150.0,400150.0,1.0,0.0,0.0,1.0,0.0,1.0,0.0,0.0,55.0,M,B,a4a8f01a-ac11-4d96-852d-b4f65f6673f0,a5140e24-349e-4321-822e-2168df4ea20e,1.0,1.0
1850.0,308338.0,3.0,28.0,51.0,40.0,150.0,400150.0,1.0,0.0,0.0,1.0,0.0,1.0,0.0,0.0,999.0,M,B,4ddc967c-a91b-4936-be5f-ab470b112416,a5140e24-349e-4321-822e-2168df4ea20e,1.0,1.0
1850.0,308338.0,4.0,28.0,51.0,40.0,150.0,400150.0,1.0,0.0,0.0,1.0,0.0,1.0,0.0,0.0,52.0,M,B,62c842df-579b-40e2-89bf-69fdab3697dd,a5140e24-349e-4321-822e-2168df4ea20e,1.0,1.0
1850.0,308338.0,5.0,28.0,51.0,40.0,150.0,400150.0,1.0,0.0,0.0,1.0,0.0,1.0,0.0,0.0,40.0,M,B,e3f4aa91-db0f-47e7-bd0d-71495037b774,a5140e24-349e-4321-822e-2168df4ea20e,1.0,1.0
1850.0,308338.0,6.0,28.0,51.0,40.0,150.0,400150.0,1.0,0.0,0.0,1.0,0.0,1.0,0.0,0.0,28.0,M,B,02e1ef29-8afb-466f-9dc0-2787576158ca,a5140e24-349e-4321-822e-2168df4ea20e,1.0,1.0
1850.0,308338.0,7.0,28.0,51.0,40.0,150.0,400150.0,1.0,0.0,0.0,1.0,0.0,1.0,0.0,0.0,18.0,M,B,b52c174c-3b4d-409b-b6f6-cedc7f3235bf,a5140e24-349e-4321-822e-2168df4ea20e,1.0,1.0
1850.0,308338.0,8.0,28.0,51.0,40.0,150.0,400150.0,1.0,0.0,0.0,1.0,0.0,1.0,0.0,0.0,18.0,M,B,b9479f9c-3bbc-4f18-9745-2f69b385591c,a5140e24-349e-4321-822e-2168df4ea20e,1.0,1.0
1850.0,308338.0,9.0,28.0,51.0,40.0,150.0,400150.0,1.0,0.0,0.0,1.0,0.0,1.0,0.0,0.0,22.0,M,B,a1d96b7f-be78-4f67-9cfa-69536031b04d,a5140e24-349e-4321-822e-2168df4ea20e,1.0,1.0
1850.0,308338.0,10.0,28.0,51.0,40.0,150.0,400150.0,1.0,0.0,0.0,1.0,0.0,1.0,0.0,0.0,50.0,F,B,cf3a12c9-ff56-4077-b188-c2fb2572a843,a5140e24-349e-4321-822e-2168df4ea20e,1.0,1.0
1850.0,308338.0,11.0,28.0,51.0,40.0,150.0,400150.0,1.0,0.0,0.0,1.0,0.0,1.0,0.0,0.0,53.0,F,B,fe7876c9-d99a-4c76-bd51-7e17c86bde68,a5140e24-349e-4321-822e-2168df4ea20e,1.0,1.0
1850.0,308338.0,12.0,28.0,51.0,40.0,150.0,400150.0,1.0,0.0,0.0,1.0,0.0,1.0,0.0,0.0,34.0,F,B,0669a549-a185-42c7-89a1-f43474d2f047,a5140e24-349e-4321-822e-2168df4ea20e,1.0,1.0
1850.0,308338.0,13.0,28.0,51.0,40.0,150.0,400150.0,1.0,0.0,0.0,1.0,0.0,1.0,0.0,0.0,34.0,F,B,b628a37d-4ac0-4f59-a211-9a8ad26ce493,a5140e24-349e-4321-822e-2168df4ea20e,1.0,1.0
1850.0,308338.0,14.0,28.0,51.0,40.0,150.0,400150.0,1.0,0.0,0.0,1.0,0.0,1.0,0.0,0.0,26.0,F,B,ad3464be-71e3-43d9-8f71-9df93ca6370c,a5140e24-349e-4321-822e-2168df4ea20e,1.0,1.0
1850.0,308338.0,15.0,28.0,51.0,40.0,150.0,400150.0,1.0,0.0,0.0,1.0,0.0,1.0,0.0,0.0,20.0,F,B,5d5ff3cf-ad16-4d3a-8eeb-479f5163e64c,a5140e24-349e-4321-822e-2168df4ea20e,1.0,1.0
1850.0,308338.0,16.0,28.0,51.0,40.0,150.0,400150.0,1.0,0.0,0.0,1.0,0.0,1.0,0.0,0.0,13.0,F,B,d452dff0-adff-47be-8244-3eac3deda039,a5140e24-349e-4321-822e-2168df4ea20e,1.0,1.0
1850.0,308338.0,17.0,28.0,51.0,40.0,150.0,400150.0,1.0,0.0,0.0,1.0,0.0,1.0,0.0,0.0,12.0,F,B,5de0f9a2-4237-4000-aa6d-c42cb2c7e521,a5140e24-349e-4321-822e-2168df4ea20e,1.0,1.0
1850.0,308338.0,18.0,28.0,51.0,40.0,150.0,400150.0,1.0,0.0,0.0,1.0,0.0,1.0,0.0,0.0,11.0,F,B,a061b416-042b-4a92-80f1-05c897779fcc,a5140e24-349e-4321-822e-2168df4ea20e,1.0,1.0
1850.0,308338.0,19.0,28.0,51.0,40.0,150.0,400150.0,1.0,0.0,0.0,1.0,0.0,1.0,0.0,0.0,9.0,M,B,e3460477-cb52-484a-b1d2-ad41c80ac201,a5140e24-349e-4321-822e-2168df4ea20e,1.0,1.0
1850.0,308338.0,20.0,28.0,51.0,40.0,150.0,400150.0,1.0,0.0,0.0,1.0,0.0,1.0,0.0,0.0,7.0,M,B,f73df51c-3fcc-41c8-b5d3-8087e389259d,a5140e24-349e-4321-822e-2168df4ea20e,1.0,1.0
1850.0,308338.0,21.0,28.0,51.0,40.0,150.0,400150.0,1.0,0.0,0.0,1.0,0.0,1.0,0.0,0.0,6.0,M,B,3aeac889-3109-440c-9f6d-659f2b7d82bb,a5140e24-349e-4321-822e-2168df4ea20e,1.0,1.0
1850.0,308338.0,22.0,28.0,51.0,40.0,150.0,400150.0,1.0,0.0,0.0,1.0,0.0,1.0,0.0,0.0,6.0,M,B,641e8476-7a75-467f-bccd-9f6d49743182,a5140e24-349e-4321-822e-2168df4ea20e,1.0,1.0
1850.0,308338.0,23.0,28.0,51.0,40.0,150.0,400150.0,1.0,0.0,0.0,1.0,0.0,1.0,0.0,0.0,3.0,M,B,298e1520-5fde-4905-9a32-bdbc3676046b,a5140e24-349e-4321-822e-2168df4ea20e,1.0,1.0
1850.0,308338.0,24.0,28.0,51.0,40.0,150.0,400150.0,1.0,0.0,0.0,1.0,0.0,1.0,0.0,0.0,3.0,M,B,e9f2dd9d-c4e0-4849-ab67-22c156f8ab39,a5140e24-349e-4321-822e-2168df4ea20e,1.0,1.0
1850.0,308338.0,25.0,28.0,51.0,40.0,150.0,400150.0,1.0,0.0,0.0,1.0,0.0,1.0,0.0,0.0,1.0,M,B,81c92399-cd69-4404-8673-100ea9532bb8,a5140e24-349e-4321-822e-2168df4ea20e,1.0,1.0
1850.0,308338.0,26.0,28.0,51.0,40.0,150.0,400150.0,1.0,0.0,0.0,1.0,0.0,1.0,0.0,0.0,1.0,F,B,e162cbe4-e313-4cd8-a1a4-1e50e39f2627,a5140e24-349e-4321-822e-2168df4ea20e,1.0,1.0
1850.0,308338.0,27.0,28.0,51.0,40.0,150.0,400150.0,1.0,0.0,0.0,1.0,0.0,1.0,0.0,0.0,0.0,F,B,d6cf720d-0655-422a-9441-e8a5ea03100c,a5140e24-349e-4321-822e-2168df4ea20e,1.0,1.0
1850.0,308338.0,28.0,28.0,51.0,40.0,150.0,400150.0,1.0,0.0,0.0,1.0,0.0,1.0,0.0,0.0,3.0,F,B,137c2feb-d247-4756-b715-2c2fe7e3b93b,a5140e24-349e-4321-822e-2168df4ea20e,1.0,1.0
1850.0,308339.0,1.0,1.0,51.0,40.0,150.0,400150.0,1.0,0.0,0.0,1.0,0.0,1.0,0.0,0.0,15.0,M,B,1e2df12e-f697-4957-b9be-33581b9eef59,acba2a39-d231-4b0c-9eaf-dc8443b66ff9,1.0,1.0
1850.0,308340.0,1.0,4.0,51.0,40.0,150.0,400150.0,1.0,0.0,0.0,1.0,0.0,1.0,0.0,0.0,23.0,M,B,93ebd7a0-c9ea-41b8-9685-5476df92769c,f25de095-c83a-4aff-acd9-935f9c62ee4a,1.0,1.0
1850.0,308340.0,2.0,4.0,51.0,40.0,150.0,400150.0,1.0,0.0,0.0,1.0,0.0,1.0,0.0,0.0,21.0,F,B,1dcc0014-bd28-4764-906c-2a10a032fe6f,f25de095-c83a-4aff-acd9-935f9c62ee4a,1.0,1.0
1850.0,308340.0,3.0,4.0,51.0,40.0,150.0,400150.0,1.0,0.0,0.0,1.0,0.0,1.0,0.0,0.0,3.0,F,B,da48ddf9-499f-4ee8-8067-355da6f08eec,f25de095-c83a-4aff-acd9-935f9c62ee4a,1.0,1.0
1850.0,308340.0,4.0,4.0,51.0,40.0,150.0,400150.0,1.0,0.0,0.0,1.0,0.0,1.0,0.0,0.0,1.0,M,B,a7b8fbc3-f5c7-4a8c-81d7-52a2d4229afc,f25de095-c83a-4aff-acd9-935f9c62ee4a,1.0,1.0
1850.0,308341.0,1.0,2.0,51.0,40.0,150.0,400150.0,1.0,0.0,0.0,1.0,0.0,1.0,0.0,0.0,20.0,M,B,ef4ce301-9905-4f7e-ac4f-393f38b8e9da,b6b3480a-9e04-4fb0-9ffa-5831dddca354,1.0,1.0
1850.0,308341.0,2.0,2.0,51.0,40.0,150.0,400150.0,1.0,0.0,0.0,1.0,0.0,1.0,0.0,0.0,20.0,M,B,7ac0684f-166c-4f8a-8e26-ad493c89cf4d,b6b3480a-9e04-4fb0-9ffa-5831dddca354,1.0,1.0
1850.0,308342.0,1.0,5.0,51.0,40.0,150.0,400150.0,1.0,0.0,0.0,1.0,0.0,1.0,0.0,0.0,36.0,M,B,0eac21e4-158d-4a7e-9791-96cefe732454,2f548fc2-7fdf-45bf-a654-a9402962d3ff,1.0,1.0
1850.0,308342.0,2.0,5.0,51.0,40.0,150.0,400150.0,1.0,0.0,0.0,1.0,0.0,1.0,0.0,0.0,27.0,F,B,cf5d0705-93d7-49b4-8b23-4ef3af06e2ba,2f548fc2-7fdf-45bf-a654-a9402962d3ff,1.0,1.0
1850.0,308342.0,3.0,5.0,51.0,40.0,150.0,400150.0,1.0,0.0,0.0,1.0,0.0,1.0,0.0,0.0,10.0,F,B,96ccf54e-eceb-4813-8170-32b8adb533df,2f548fc2-7fdf-45bf-a654-a9402962d3ff,1.0,1.0
1850.0,308342.0,4.0,5.0,51.0,40.0,150.0,400150.0,1.0,0.0,0.0,1.0,0.0,1.0,0.0,0.0,5.0,M,B,e33949ca-ead5-4e3e-9ea5-7a8ddf518909,2f548fc2-7fdf-45bf-a654-a9402962d3ff,1.0,1.0
1850.0,308342.0,5.0,5.0,51.0,40.0,150.0,400150.0,1.0,0.0,0.0,1.0,0.0,1.0,0.0,0.0,1.0,M,B,239cd200-53b7-4ed0-8ca9-b48991477976,2f548fc2-7fdf-45bf-a654-a9402962d3ff,1.0,1.0
1850.0,308343.0,1.0,3.0,51.0,40.0,150.0,400150.0,1.0,0.0,0.0,1.0,0.0,1.0,0.0,0.0,21.0,F,B,8ea286a5-2715-4aaa-aef8-df5426aa3f35,7336ce3a-f824-4e58-9ce1-3a3fbfa2f60d,1.0,1.0
1850.0,308343.0,2.0,3.0,51.0,40.0,150.0,400150.0,1.0,0.0,0.0,1.0,0.0,1.0,0.0,0.0,16.0,F,B,d8ac3114-564f-4ac7-abb5-30f429f3a30e,7336ce3a-f824-4e58-9ce1-3a3fbfa2f60d,1.0,1.0
1850.0,308343.0,3.0,3.0,51.0,40.0,150.0,400150.0,1.0,0.0,0.0,1.0,0.0,1.0,0.0,0.0,18.0,M,B,ac58e298-b9e9-4372-92de-9075dbd6889a,7336ce3a-f824-4e58-9ce1-3a3fbfa2f60d,1.0,1.0
1850.0,308344.0,1.0,3.0,51.0,40.0,150.0,400150.0,1.0,0.0,0.0,1.0,0.0,1.0,0.0,0.0,30.0,M,B,5135dc83-9930-414a-b9e9-286513eff667,78235d0d-7145-429c-9b7b-1a46b69853da,1.0,1.0
1850.0,308344.0,2.0,3.0,51.0,40.0,150.0,400150.0,1.0,0.0,0.0,1.0,0.0,1.0,0.0,0.0,12.0,F,B,441dbed3-9596-4b2f-aa97-4f104a153518,78235d0d-7145-429c-9b7b-1a46b69853da,1.0,1.0
1850.0,308344.0,3.0,3.0,51.0,40.0,150.0,400150.0,1.0,0.0,0.0,1.0,0.0,1.0,0.0,0.0,10.0,F,B,bcb792b4-7995-468e-94e8-ed0156b0ef41,78235d0d-7145-429c-9b7b-1a46b69853da,1.0,1.0
1850.0,308345.0,1.0,3.0,51.0,40.0,150.0,400150.0,1.0,0.0,0.0,1.0,0.0,1.0,0.0,0.0,28.0,F,B,e81685cb-4302-4e49-81be-8bc4ba3a2732,763fbd10-9a5b-43c9-a655-0bad2d17142e,1.0,1.0
1850.0,308345.0,2.0,3.0,51.0,40.0,150.0,400150.0,1.0,0.0,0.0,1.0,0.0,1.0,0.0,0.0,7.0,M,B,7775f680-1e69-41cc-b51d-e0218f9f6d90,763fbd10-9a5b-43c9-a655-0bad2d17142e,1.0,1.0
1850.0,308345.0,3.0,3.0,51.0,40.0,150.0,400150.0,1.0,0.0,0.0,1.0,0.0,1.0,0.0,0.0,2.0,M,B,33e6819a-7b02-4cdc-81c2-b6b12f368704,763fbd10-9a5b-43c9-a655-0bad2d17142e,1.0,1.0
1850.0,308346.0,1.0,10.0,51.0,40.0,150.0,400150.0,1.0,0.0,0.0,1.0,0.0,1.0,0.0,0.0,58.0,F,B,e651534c-42ca-4fb3-a453-a6d34daa3f39,104a981a-24ff-42e2-ab8b-85f12e199d9b,2.0,1.0
1850.0,308346.0,2.0,10.0,51.0,40.0,150.0,400150.0,1.0,0.0,0.0,1.0,0.0,1.0,0.0,0.0,39.0,F,B,cfda309a-a2db-46e7-8a78-80f54814832c,104a981a-24ff-42e2-ab8b-85f12e199d9b,2.0,1.0
1850.0,308346.0,3.0,10.0,51.0,40.0,150.0,400150.0,1.0,0.0,0.0,1.0,0.0,1.0,0.0,0.0,25.0,M,B,8d346631-ff84-4054-bdf0-c93f73254e8f,104a981a-24ff-42e2-ab8b-85f12e199d9b,2.0,1.0
1850.0,308346.0,4.0,10.0,51.0,40.0,150.0,400150.0,1.0,0.0,0.0,1.0,0.0,1.0,0.0,0.0,14.0,F,B,d7d5d1b6-b982-49b1-b9f1-bccf25a6de41,104a981a-24ff-42e2-ab8b-85f12e199d9b,2.0,1.0
1850.0,308346.0,5.0,10.0,51.0,40.0,150.0,400150.0,1.0,0.0,0.0,1.0,0.0,1.0,0.0,0.0,9.0,F,B,985f811c-5aac-449b-8441-5bbbb7ab8b15,104a981a-24ff-42e2-ab8b-85f12e199d9b,2.0,1.0
1850.0,308346.0,6.0,10.0,51.0,40.0,150.0,400150.0,1.0,0.0,0.0,1.0,0.0,1.0,0.0,0.0,7.0,F,B,9922e2be-ec40-49a1-a1eb-0dcb7c08cc3b,104a981a-24ff-42e2-ab8b-85f12e199d9b,2.0,1.0
1850.0,308346.0,7.0,10.0,51.0,40.0,150.0,400150.0,1.0,0.0,0.0,1.0,0.0,1.0,0.0,0.0,5.0,F,B,36d705ca-98c6-4f4d-8cb3-e49945436e17,104a981a-24ff-42e2-ab8b-85f12e199d9b,2.0,1.0
1850.0,308346.0,8.0,10.0,51.0,40.0,150.0,400150.0,1.0,0.0,0.0,1.0,0.0,1.0,0.0,0.0,3.0,F,B,e42c802c-24f3-4eb6-9e1f-5cc0d6bd87a2,104a981a-24ff-42e2-ab8b-85f12e199d9b,2.0,1.0
1850.0,308346.0,9.0,10.0,51.0,40.0,150.0,400150.0,1.0,0.0,0.0,1.0,0.0,1.0,0.0,0.0,3.0,M,B,f2520d5e-29b9-4500-9b59-e86b8fa44eae,104a981a-24ff-42e2-ab8b-85f12e199d9b,2.0,1.0
1850.0,308346.0,10.0,10.0,51.0,40.0,150.0,400150.0,1.0,0.0,0.0,1.0,0.0,1.0,0.0,0.0,0.0,F,B,c7f2bc30-f655-407c-a205-441c5fdf5a6b,104a981a-24ff-42e2-ab8b-85f12e199d9b,2.0,1.0
1850.0,308347.0,1.0,1.0,51.0,40.0,150.0,400150.0,1.0,0.0,0.0,1.0,0.0,1.0,0.0,0.0,0.0,F,B,6872ecb3-ce35-4d38-aa7b-c62327d7563c,,0.0,1.0
1850.0,308348.0,1.0,4.0,51.0,40.0,150.0,400150.0,1.0,0.0,0.0,1.0,0.0,1.0,0.0,0.0,60.0,F,B,117310c2-9af3-4ae9-aaba-9a2b7ad258b4,ad826f81-c186-4efe-bf7f-10e88ebe20ca,1.0,1.0
1850.0,308348.0,2.0,4.0,51.0,40.0,150.0,400150.0,1.0,0.0,0.0,1.0,0.0,1.0,0.0,0.0,57.0,M,B,9b09a8ed-f9da-4f53-9fbd-97f6564e70a4,ad826f81-c186-4efe-bf7f-10e88ebe20ca,1.0,1.0
1850.0,308348.0,3.0,4.0,51.0,40.0,150.0,400150.0,1.0,0.0,0.0,1.0,0.0,1.0,0.0,0.0,23.0,F,B,41be161e-1be4-405a-80dd-13801dc9c0b6,ad826f81-c186-4efe-bf7f-10e88ebe20ca,1.0,1.0
1850.0,308348.0,4.0,4.0,51.0,40.0,150.0,400150.0,1.0,0.0,0.0,1.0,0.0,1.0,0.0,0.0,1.0,M,B,06c0f396-274d-4b90-be18-1fac0ccbfe33,ad826f81-c186-4efe-bf7f-10e88ebe20ca,1.0,1.0
1850.0,308349.0,1.0,2.0,51.0,40.0,150.0,400150.0,1.0,0.0,0.0,1.0,0.0,1.0,0.0,0.0,24.0,M,B,667e84f4-3dc2-4f84-96b6-6c9992d6e033,10663496-b121-4860-a67d-739296a79da9,1.0,1.0
1850.0,308349.0,2.0,2.0,51.0,40.0,150.0,400150.0,1.0,0.0,0.0,1.0,0.0,1.0,0.0,0.0,10.0,M,B,fc3a570e-529e-4e46-85b7-ccce302cbcd1,10663496-b121-4860-a67d-739296a79da9,1.0,1.0
1850.0,308354.0,1.0,2.0,51.0,40.0,150.0,400150.0,1.0,0.0,0.0,1.0,0.0,1.0,0.0,0.0,55.0,M,B,277ee6af-cdbc-488d-9ad7-1377dcd0a095,3154cb81-e529-417e-8003-72a516a722fc,1.0,1.0
1850.0,308354.0,2.0,2.0,51.0,40.0,150.0,400150.0,1.0,0.0,0.0,1.0,0.0,1.0,0.0,0.0,55.0,F,B,5f142af5-57d6-4c5b-9e51-bd46c6880e8b,3154cb81-e529-417e-8003-72a516a722fc,1.0,1.0
1850.0,308355.0,1.0,1.0,51.0,40.0,150.0,400150.0,1.0,0.0,0.0,1.0,0.0,1.0,0.0,0.0,13.0,F,B,7b311517-8e82-46d7-8bed-be4ac7c231de,a3fb6b01-2de9-4417-9f0f-3e5dc1564504,1.0,1.0
1850.0,308356.0,1.0,4.0,51.0,40.0,150.0,400150.0,1.0,0.0,0.0,1.0,0.0,1.0,0.0,0.0,36.0,M,B,4897a87a-40e4-4a7e-80fc-3b2e36bee383,e49eab29-717e-4c77-8865-51ce78e7fd26,1.0,1.0
1850.0,308356.0,2.0,4.0,51.0,40.0,150.0,400150.0,1.0,0.0,0.0,1.0,0.0,1.0,0.0,0.0,20.0,M,B,41a5c614-2f1b-44ca-9e67-03e1889d3ba2,e49eab29-717e-4c77-8865-51ce78e7fd26,1.0,1.0
1850.0,308356.0,3.0,4.0,51.0,40.0,150.0,400150.0,1.0,0.0,0.0,1.0,0.0,1.0,0.0,0.0,7.0,M,B,6904980f-028e-45bc-8df6-d5cebb31c8fc,e49eab29-717e-4c77-8865-51ce78e7fd26,1.0,1.0
1850.0,308356.0,4.0,4.0,51.0,40.0,150.0,400150.0,1.0,0.0,0.0,1.0,0.0,1.0,0.0,0.0,5.0,M,B,348f8d13-dce3-441a-897d-29929dcb8d79,e49eab29-717e-4c77-8865-51ce78e7fd26,1.0,1.0
1850.0,308357.0,1.0,3.0,51.0,40.0,150.0,400150.0,1.0,0.0,0.0,1.0,0.0,1.0,0.0,0.0,18.0,F,B,f7154f35-b4ff-42e6-8dd4-313c767e404d,c0cdcbe9-acf1-492c-aabc-0c086329310b,1.0,1.0
1850.0,308357.0,2.0,3.0,51.0,40.0,150.0,400150.0,1.0,0.0,0.0,1.0,0.0,1.0,0.0,0.0,12.0,F,B,57ad85a4-01fe-494b-ba3a-f253a6716df4,c0cdcbe9-acf1-492c-aabc-0c086329310b,1.0,1.0
1850.0,308357.0,3.0,3.0,51.0,40.0,150.0,400150.0,1.0,0.0,0.0,1.0,0.0,1.0,0.0,0.0,0.0,F,B,77619315-5cfb-46d3-8432-faed7892cf73,c0cdcbe9-acf1-492c-aabc-0c086329310b,1.0,1.0
1850.0,308358.0,1.0,8.0,51.0,40.0,150.0,400150.0,1.0,0.0,0.0,1.0,0.0,1.0,0.0,0.0,80.0,F,B,bc42d6ac-69e4-499f-94c3-61b632ebad46,c4cc6395-7e99-46d1-8a7a-429c8fb6c730,2.0,1.0
1850.0,308358.0,2.0,8.0,51.0,40.0,150.0,400150.0,1.0,0.0,0.0,1.0,0.0,1.0,0.0,0.0,38.0,M,B,99d61e25-83a2-42ff-bd26-f47f03ea1712,c4cc6395-7e99-46d1-8a7a-429c8fb6c730,2.0,1.0
1850.0,308358.0,3.0,8.0,51.0,40.0,150.0,400150.0,1.0,0.0,0.0,1.0,0.0,1.0,0.0,0.0,21.0,M,B,498ece1f-8d22-49c4-b867-eeac704f86e5,c4cc6395-7e99-46d1-8a7a-429c8fb6c730,2.0,1.0
1850.0,308358.0,4.0,8.0,51.0,40.0,150.0,400150.0,1.0,0.0,0.0,1.0,0.0,1.0,0.0,0.0,29.0,F,B,dc8bc4e0-344e-46bd-a519-1f9974832911,c4cc6395-7e99-46d1-8a7a-429c8fb6c730,2.0,1.0
1850.0,308358.0,5.0,8.0,51.0,40.0,150.0,400150.0,1.0,0.0,0.0,1.0,0.0,1.0,0.0,0.0,14.0,F,B,d9228037-f556-4087-8ef6-9994bdaf4705,c4cc6395-7e99-46d1-8a7a-429c8fb6c730,2.0,1.0
1850.0,308358.0,6.0,8.0,51.0,40.0,150.0,400150.0,1.0,0.0,0.0,1.0,0.0,1.0,0.0,0.0,10.0,F,B,ffc8b73a-b78c-4631-ad2b-01a6f80db388,c4cc6395-7e99-46d1-8a7a-429c8fb6c730,2.0,1.0
1850.0,308358.0,7.0,8.0,51.0,40.0,150.0,400150.0,1.0,0.0,0.0,1.0,0.0,1.0,0.0,0.0,4.0,M,B,b469eb2d-9c80-43c0-aeb2-ba8f1d425a3a,c4cc6395-7e99-46d1-8a7a-429c8fb6c730,2.0,1.0
1850.0,308358.0,8.0,8.0,51.0,40.0,150.0,400150.0,1.0,0.0,0.0,1.0,0.0,1.0,0.0,0.0,2.0,M,B,91b3d635-eb15-4b41-b092-4d3b3d4b3c04,c4cc6395-7e99-46d1-8a7a-429c8fb6c730,2.0,1.0
1850.0,308359.0,1.0,2.0,51.0,40.0,150.0,400150.0,1.0,0.0,0.0,1.0,0.0,1.0,0.0,0.0,46.0,M,B,d6a66611-e16f-4b6c-a9d0-f1949f0b08e7,,0.0,1.0
1850.0,308359.0,2.0,2.0,51.0,40.0,150.0,400150.0,1.0,0.0,0.0,1.0,0.0,1.0,0.0,0.0,20.0,M,B,01de214d-c041-4a37-a889-98f837274346,,0.0,1.0
1850.0,308350.0,1.0,1.0,51.0,40.0,150.0,400150.0,1.0,0.0,0.0,1.0,0.0,1.0,0.0,0.0,16.0,F,B,606d3819-1051-4fac-9c0a-01cb9adc9955,58db88f0-7411-443e-a5f9-229e34d509dc,1.0,1.0
1850.0,308360.0,1.0,14.0,51.0,40.0,150.0,400150.0,1.0,0.0,0.0,1.0,0.0,1.0,0.0,0.0,81.0,M,B,16f0adfb-0e64-4bbb-99fb-592bd2b19963,497ef418-8621-4261-9a25-15093087914b,2.0,1.0
1850.0,308360.0,2.0,14.0,51.0,40.0,150.0,400150.0,1.0,0.0,0.0,1.0,0.0,1.0,0.0,0.0,78.0,F,B,5192d785-ef09-4d7e-9515-5d78a4bc7c4d,497ef418-8621-4261-9a25-15093087914b,2.0,1.0
1850.0,308360.0,3.0,14.0,51.0,40.0,150.0,400150.0,1.0,0.0,0.0,1.0,0.0,1.0,0.0,0.0,42.0,F,B,2888fd1c-7e2f-419c-803a-4604917321c8,497ef418-8621-4261-9a25-15093087914b,2.0,1.0
1850.0,308360.0,4.0,14.0,51.0,40.0,150.0,400150.0,1.0,0.0,0.0,1.0,0.0,1.0,0.0,0.0,41.0,F,B,aac42e8d-7f1f-45da-8230-009563542e77,497ef418-8621-4261-9a25-15093087914b,2.0,1.0
1850.0,308360.0,5.0,14.0,51.0,40.0,150.0,400150.0,1.0,0.0,0.0,1.0,0.0,1.0,0.0,0.0,28.0,M,B,ddf995b4-64f1-4cae-98c2-ccd0d2dae230,497ef418-8621-4261-9a25-15093087914b,2.0,1.0
1850.0,308360.0,6.0,14.0,51.0,40.0,150.0,400150.0,1.0,0.0,0.0,1.0,0.0,1.0,0.0,0.0,24.0,M,B,4b6e512b-eb6f-4580-a93b-07567e238af2,497ef418-8621-4261-9a25-15093087914b,2.0,1.0
1850.0,308360.0,7.0,14.0,51.0,40.0,150.0,400150.0,1.0,0.0,0.0,1.0,0.0,1.0,0.0,0.0,18.0,F,B,7370e5c3-55bd-4510-8dd3-14db2c2ad1cf,497ef418-8621-4261-9a25-15093087914b,2.0,1.0
1850.0,308360.0,8.0,14.0,51.0,40.0,150.0,400150.0,1.0,0.0,0.0,1.0,0.0,1.0,0.0,0.0,999.0,M,B,e458d3bc-f9e1-4014-bc3f-8d9f79d3a63d,497ef418-8621-4261-9a25-15093087914b,2.0,1.0
1850.0,308360.0,9.0,14.0,51.0,40.0,150.0,400150.0,1.0,0.0,0.0,1.0,0.0,1.0,0.0,0.0,13.0,F,B,2d851fdb-b7dc-491e-803a-f5c1e6eafa5f,497ef418-8621-4261-9a25-15093087914b,2.0,1.0
1850.0,308360.0,10.0,14.0,51.0,40.0,150.0,400150.0,1.0,0.0,0.0,1.0,0.0,1.0,0.0,0.0,10.0,M,B,8c16e9a8-03bf-40c9-90b1-b7602448562a,497ef418-8621-4261-9a25-15093087914b,2.0,1.0
1850.0,308360.0,11.0,14.0,51.0,40.0,150.0,400150.0,1.0,0.0,0.0,1.0,0.0,1.0,0.0,0.0,8.0,M,B,8cdd2aff-2c6b-4927-bdf5-dac5032f7e92,497ef418-8621-4261-9a25-15093087914b,2.0,1.0
1850.0,308360.0,12.0,14.0,51.0,40.0,150.0,400150.0,1.0,0.0,0.0,1.0,0.0,1.0,0.0,0.0,5.0,M,B,87424310-4c06-4330-8a40-9f456bc28570,497ef418-8621-4261-9a25-15093087914b,2.0,1.0
1850.0,308360.0,13.0,14.0,51.0,40.0,150.0,400150.0,1.0,0.0,0.0,1.0,0.0,1.0,0.0,0.0,3.0,M,B,10e5d060-6fdb-4348-8fcd-de55e63a6b16,497ef418-8621-4261-9a25-15093087914b,2.0,1.0
1850.0,308360.0,14.0,14.0,51.0,40.0,150.0,400150.0,1.0,0.0,0.0,1.0,0.0,1.0,0.0,0.0,2.0,F,B,f0888a23-8165-4469-ba66-1cf73f463853,497ef418-8621-4261-9a25-15093087914b,2.0,1.0
1850.0,308351.0,1.0,1.0,51.0,40.0,150.0,400150.0,1.0,0.0,0.0,1.0,0.0,1.0,0.0,0.0,16.0,F,B,2dad4ff4-ebd3-4e95-a8d1-afdee3f78d33,f17ed3a4-56dd-4519-b318-4c359821a89c,1.0,1.0
1850.0,308352.0,1.0,3.0,51.0,40.0,150.0,400150.0,1.0,0.0,0.0,1.0,0.0,1.0,0.0,0.0,47.0,M,B,a2716141-6051-4492-94e6-25b1f7521a47,057089bc-9202-4598-9ca9-f6b51ebbec68,1.0,1.0
1850.0,308352.0,2.0,3.0,51.0,40.0,150.0,400150.0,1.0,0.0,0.0,1.0,0.0,1.0,0.0,0.0,41.0,F,B,c23d28d5-56f1-4562-985b-43b7f8eef20d,057089bc-9202-4598-9ca9-f6b51ebbec68,1.0,1.0
1850.0,308352.0,3.0,3.0,51.0,40.0,150.0,400150.0,1.0,0.0,0.0,1.0,0.0,1.0,0.0,0.0,28.0,M,B,2cce419c-141f-4374-b121-41a1ada46ef3,057089bc-9202-4598-9ca9-f6b51ebbec68,1.0,1.0
1850.0,308353.0,1.0,2.0,51.0,40.0,150.0,400150.0,1.0,0.0,0.0,1.0,0.0,1.0,0.0,0.0,26.0,F,B,f2c369cc-4a13-4426-8754-f238b03a27c2,443b348e-3c28-4a9b-84ea-646d3b73f69c,1.0,1.0
1850.0,308353.0,2.0,2.0,51.0,40.0,150.0,400150.0,1.0,0.0,0.0,1.0,0.0,1.0,0.0,0.0,3.0,M,B,1c193d3c-d387-4f47-a6bb-6e8e30467b33,443b348e-3c28-4a9b-84ea-646d3b73f69c,1.0,1.0
1850.0,308362.0,1.0,3.0,51.0,40.0,150.0,400150.0,1.0,0.0,0.0,1.0,0.0,1.0,0.0,0.0,3.0,F,B,6a904dfc-60f8-44dd-a2d5-89fe56e29e7f,,0.0,1.0
1850.0,308362.0,2.0,3.0,51.0,40.0,150.0,400150.0,1.0,0.0,0.0,1.0,0.0,1.0,0.0,0.0,35.0,F,B,9240817c-e690-4839-994f-9f2ec66e2695,,0.0,1.0
1850.0,308362.0,3.0,3.0,51.0,40.0,150.0,400150.0,1.0,0.0,0.0,1.0,0.0,1.0,0.0,0.0,12.0,M,B,c7d350f8-ebf6-4e3c-82e0-7458914d87a2,,0.0,1.0
1850.0,308363.0,1.0,3.0,51.0,40.0,150.0,400150.0,1.0,0.0,0.0,1.0,0.0,1.0,0.0,0.0,32.0,F,B,e0ebe78e-ac2e-4fa3-a33d-00cc8c872574,c3aca13d-6455-428f-898b-7109aa8417b6,1.0,1.0
1850.0,308363.0,2.0,3.0,51.0,40.0,150.0,400150.0,1.0,0.0,0.0,1.0,0.0,1.0,0.0,0.0,15.0,F,B,41397c5e-a36b-4b69-b640-b9cc30b74378,c3aca13d-6455-428f-898b-7109aa8417b6,1.0,1.0
1850.0,308363.0,3.0,3.0,51.0,40.0,150.0,400150.0,1.0,0.0,0.0,1.0,0.0,1.0,0.0,0.0,14.0,M,B,4dbc2c7d-e1d5-4cbd-99ef-5d7a4ec79586,c3aca13d-6455-428f-898b-7109aa8417b6,1.0,1.0
1850.0,308364.0,1.0,14.0,51.0,40.0,150.0,400150.0,1.0,0.0,0.0,1.0,0.0,1.0,0.0,0.0,50.0,M,B,e4472bb9-2ed3-4bea-9a8c-0fa5a39635dc,e08ca0df-d94a-45ca-82e2-a9d73b5764e1,1.0,1.0
1850.0,308364.0,2.0,14.0,51.0,40.0,150.0,400150.0,1.0,0.0,0.0,1.0,0.0,1.0,0.0,0.0,40.0,M,B,cb4efb8d-2049-465a-94f3-95d93996e473,e08ca0df-d94a-45ca-82e2-a9d73b5764e1,1.0,1.0
1850.0,308364.0,3.0,14.0,51.0,40.0,150.0,400150.0,1.0,0.0,0.0,1.0,0.0,1.0,0.0,0.0,38.0,F,B,a8f13328-6520-481f-a0fd-9f5a99701976,e08ca0df-d94a-45ca-82e2-a9d73b5764e1,1.0,1.0
1850.0,308364.0,4.0,14.0,51.0,40.0,150.0,400150.0,1.0,0.0,0.0,1.0,0.0,1.0,0.0,0.0,35.0,F,B,c0506a0e-570a-4933-85c6-64b7a1b7c93f,e08ca0df-d94a-45ca-82e2-a9d73b5764e1,1.0,1.0
1850.0,308364.0,5.0,14.0,51.0,40.0,150.0,400150.0,1.0,0.0,0.0,1.0,0.0,1.0,0.0,0.0,30.0,M,B,7e180169-76f4-497e-8b41-0a0c5bef1f51,e08ca0df-d94a-45ca-82e2-a9d73b5764e1,1.0,1.0
1850.0,308364.0,6.0,14.0,51.0,40.0,150.0,400150.0,1.0,0.0,0.0,1.0,0.0,1.0,0.0,0.0,32.0,F,B,460cfd93-cce1-4e36-8f3c-95aa69a50597,e08ca0df-d94a-45ca-82e2-a9d73b5764e1,1.0,1.0
1850.0,308364.0,7.0,14.0,51.0,40.0,150.0,400150.0,1.0,0.0,0.0,1.0,0.0,1.0,0.0,0.0,18.0,M,B,2f5d0767-eb30-4802-ba6e-83367791498a,e08ca0df-d94a-45ca-82e2-a9d73b5764e1,1.0,1.0
1850.0,308364.0,8.0,14.0,51.0,40.0,150.0,400150.0,1.0,0.0,0.0,1.0,0.0,1.0,0.0,0.0,18.0,M,B,6ade7d84-a123-4dae-b489-8249417d0064,e08ca0df-d94a-45ca-82e2-a9d73b5764e1,1.0,1.0
1850.0,308364.0,9.0,14.0,51.0,40.0,150.0,400150.0,1.0,0.0,0.0,1.0,0.0,1.0,0.0,0.0,14.0,F,B,680aa447-82e7-473d-9b83-e7a5f8f66d2f,e08ca0df-d94a-45ca-82e2-a9d73b5764e1,1.0,1.0
1850.0,308364.0,10.0,14.0,51.0,40.0,150.0,400150.0,1.0,0.0,0.0,1.0,0.0,1.0,0.0,0.0,10.0,F,B,2e260be6-f3d9-4457-9321-300f9ec405b3,e08ca0df-d94a-45ca-82e2-a9d73b5764e1,1.0,1.0
1850.0,308364.0,11.0,14.0,51.0,40.0,150.0,400150.0,1.0,0.0,0.0,1.0,0.0,1.0,0.0,0.0,7.0,M,B,7c649255-9fbd-45a4-82eb-a55e125a3ef9,e08ca0df-d94a-45ca-82e2-a9d73b5764e1,1.0,1.0
1850.0,308364.0,12.0,14.0,51.0,40.0,150.0,400150.0,1.0,0.0,0.0,1.0,0.0,1.0,0.0,0.0,6.0,M,B,5ed93781-89b8-4b5c-b1ff-ec75fda333a0,e08ca0df-d94a-45ca-82e2-a9d73b5764e1,1.0,1.0
1850.0,308364.0,13.0,14.0,51.0,40.0,150.0,400150.0,1.0,0.0,0.0,1.0,0.0,1.0,0.0,0.0,2.0,F,B,2da94363-54df-43f7-954d-cce563941844,e08ca0df-d94a-45ca-82e2-a9d73b5764e1,1.0,1.0
1850.0,308364.0,14.0,14.0,51.0,40.0,150.0,400150.0,1.0,0.0,0.0,1.0,0.0,1.0,0.0,0.0,1.0,M,B,ceef62df-bcf9-426f-a883-ae65d500eb1d,e08ca0df-d94a-45ca-82e2-a9d73b5764e1,1.0,1.0
1850.0,308361.0,1.0,6.0,51.0,40.0,150.0,400150.0,1.0,0.0,0.0,1.0,0.0,1.0,0.0,0.0,75.0,M,B,0371a586-3047-46bd-bcc8-0612684026e2,b8872192-e214-486f-8818-61aa8f4cc5f2,1.0,1.0
1850.0,308361.0,2.0,6.0,51.0,40.0,150.0,400150.0,1.0,0.0,0.0,1.0,0.0,1.0,0.0,0.0,75.0,M,B,a43741e6-8745-4cdf-ae04-ae285cfcfc94,b8872192-e214-486f-8818-61aa8f4cc5f2,1.0,1.0
1850.0,308361.0,3.0,6.0,51.0,40.0,150.0,400150.0,1.0,0.0,0.0,1.0,0.0,1.0,0.0,0.0,35.0,F,B,02aed0f2-a58e-4107-919b-cf058d5043a7,b8872192-e214-486f-8818-61aa8f4cc5f2,1.0,1.0
1850.0,308361.0,4.0,6.0,51.0,40.0,150.0,400150.0,1.0,0.0,0.0,1.0,0.0,1.0,0.0,0.0,14.0,M,B,87cf686b-7ea5-4c90-a09f-42c0b2adbf12,b8872192-e214-486f-8818-61aa8f4cc5f2,1.0,1.0
1850.0,308361.0,5.0,6.0,51.0,40.0,150.0,400150.0,1.0,0.0,0.0,1.0,0.0,1.0,0.0,0.0,20.0,M,B,69b10488-df1b-453a-bfee-66e3b7d6bf96,b8872192-e214-486f-8818-61aa8f4cc5f2,1.0,1.0
1850.0,308361.0,6.0,6.0,51.0,40.0,150.0,400150.0,1.0,0.0,0.0,1.0,0.0,1.0,0.0,0.0,12.0,F,B,16c92f7a-1a8a-40dc-b732-8ac21ae784b8,b8872192-e214-486f-8818-61aa8f4cc5f2,1.0,1.0
1850.0,308365.0,1.0,4.0,51.0,40.0,150.0,400150.0,1.0,0.0,0.0,1.0,0.0,1.0,0.0,0.0,35.0,M,B,e72e0a52-fd14-4fed-9938-1b7bc8105740,cc66d2c8-c7ef-4f73-9ac0-2e79240d9294,1.0,1.0
1850.0,308365.0,2.0,4.0,51.0,40.0,150.0,400150.0,1.0,0.0,0.0,1.0,0.0,1.0,0.0,0.0,19.0,F,B,213a8b8b-76f1-4d89-8ec5-1a05feb89771,cc66d2c8-c7ef-4f73-9ac0-2e79240d9294,1.0,1.0
1850.0,308365.0,3.0,4.0,51.0,40.0,150.0,400150.0,1.0,0.0,0.0,1.0,0.0,1.0,0.0,0.0,13.0,F,B,f17d48c3-f24e-4d30-a891-ed86feec3480,cc66d2c8-c7ef-4f73-9ac0-2e79240d9294,1.0,1.0
1850.0,308365.0,4.0,4.0,51.0,40.0,150.0,400150.0,1.0,0.0,0.0,1.0,0.0,1.0,0.0,0.0,1.0,M,B,68b58316-50dd-4e7f-9113-c7f7ca3792c9,cc66d2c8-c7ef-4f73-9ac0-2e79240d9294,1.0,1.0
1850.0,308366.0,1.0,9.0,51.0,40.0,150.0,400150.0,1.0,0.0,0.0,1.0,0.0,1.0,0.0,0.0,48.0,F,B,2b8ee294-16d7-47ba-8d5c-212d719e1075,7caa756a-a036-4a40-bfc7-2cd6832cc401,4.0,1.0
1850.0,308366.0,2.0,9.0,51.0,40.0,150.0,400150.0,1.0,0.0,0.0,1.0,0.0,1.0,0.0,0.0,40.0,M,B,0a2d28ba-5c73-4d15-8920-25204d019434,7caa756a-a036-4a40-bfc7-2cd6832cc401,4.0,1.0
1850.0,308366.0,3.0,9.0,51.0,40.0,150.0,400150.0,1.0,0.0,0.0,1.0,0.0,1.0,0.0,0.0,25.0,M,B,05a47622-e979-46cb-824b-7b83689d2710,7caa756a-a036-4a40-bfc7-2cd6832cc401,4.0,1.0
1850.0,308366.0,4.0,9.0,51.0,40.0,150.0,400150.0,1.0,0.0,0.0,1.0,0.0,1.0,0.0,0.0,17.0,F,B,385dd366-2a21-43f0-b1c9-358babe1ffa5,7caa756a-a036-4a40-bfc7-2cd6832cc401,4.0,1.0
1850.0,308366.0,5.0,9.0,51.0,40.0,150.0,400150.0,1.0,0.0,0.0,1.0,0.0,1.0,0.0,0.0,12.0,F,B,0c3cc21d-cce2-4481-b78f-07922e396463,7caa756a-a036-4a40-bfc7-2cd6832cc401,4.0,1.0
1850.0,308366.0,6.0,9.0,51.0,40.0,150.0,400150.0,1.0,0.0,0.0,1.0,0.0,1.0,0.0,0.0,10.0,F,B,94f6591c-8079-4791-a143-dec3c1dc8024,7caa756a-a036-4a40-bfc7-2cd6832cc401,4.0,1.0
1850.0,308366.0,7.0,9.0,51.0,40.0,150.0,400150.0,1.0,0.0,0.0,1.0,0.0,1.0,0.0,0.0,8.0,M,B,5cc7b609-701b-48fc-9a78-5de74c490324,7caa756a-a036-4a40-bfc7-2cd6832cc401,4.0,1.0
1850.0,308366.0,8.0,9.0,51.0,40.0,150.0,400150.0,1.0,0.0,0.0,1.0,0.0,1.0,0.0,0.0,5.0,M,B,b72b69fc-0d7d-4873-ba98-db9f6202cd6f,7caa756a-a036-4a40-bfc7-2cd6832cc401,4.0,1.0
1850.0,308366.0,9.0,9.0,51.0,40.0,150.0,400150.0,1.0,0.0,0.0,1.0,0.0,1.0,0.0,0.0,1.0,F,B,61e8bfd1-6964-4ea6-92e7-6dfd52716209,7caa756a-a036-4a40-bfc7-2cd6832cc401,4.0,1.0
1850.0,308367.0,1.0,1.0,51.0,40.0,150.0,400150.0,1.0,0.0,0.0,1.0,0.0,1.0,0.0,0.0,11.0,F,B,adfdd27a-235d-46ee-8edf-2c386b75abcc,,0.0,1.0
1850.0,308368.0,1.0,7.0,51.0,40.0,150.0,400150.0,1.0,0.0,0.0,1.0,0.0,1.0,0.0,0.0,75.0,F,B,61c82d69-ed5e-47e8-8fc0-79eaa8947cd1,2ec8d148-bfc2-4daf-a378-0efda59964b5,2.0,1.0
1850.0,308368.0,2.0,7.0,51.0,40.0,150.0,400150.0,1.0,0.0,0.0,1.0,0.0,1.0,0.0,0.0,22.0,M,B,906c92ac-a2b5-4498-a409-4a40b01ff4a4,2ec8d148-bfc2-4daf-a378-0efda59964b5,2.0,1.0
1850.0,308368.0,3.0,7.0,51.0,40.0,150.0,400150.0,1.0,0.0,0.0,1.0,0.0,1.0,0.0,0.0,35.0,F,B,bb8feb25-9d2f-4f66-8a1a-5f6cd5e0a388,2ec8d148-bfc2-4daf-a378-0efda59964b5,2.0,1.0
1850.0,308368.0,4.0,7.0,51.0,40.0,150.0,400150.0,1.0,0.0,0.0,1.0,0.0,1.0,0.0,0.0,32.0,M,B,e10b9c9f-7d01-4511-9e95-48f10221aeb7,2ec8d148-bfc2-4daf-a378-0efda59964b5,2.0,1.0
1850.0,308368.0,5.0,7.0,51.0,40.0,150.0,400150.0,1.0,0.0,0.0,1.0,0.0,1.0,0.0,0.0,20.0,F,B,3fceed6b-983f-431b-a77f-335619671796,2ec8d148-bfc2-4daf-a378-0efda59964b5,2.0,1.0
1850.0,308368.0,6.0,7.0,51.0,40.0,150.0,400150.0,1.0,0.0,0.0,1.0,0.0,1.0,0.0,0.0,11.0,F,B,3cd08c72-c26b-4347-b4bc-cc4b24e2ba9e,2ec8d148-bfc2-4daf-a378-0efda59964b5,2.0,1.0
1850.0,308368.0,7.0,7.0,51.0,40.0,150.0,400150.0,1.0,0.0,0.0,1.0,0.0,1.0,0.0,0.0,11.0,M,B,3da3adfe-9d05-48e8-90bc-dd5cc47e01ac,2ec8d148-bfc2-4daf-a378-0efda59964b5,2.0,1.0
1850.0,308370.0,1.0,4.0,51.0,40.0,150.0,400150.0,1.0,0.0,0.0,1.0,0.0,1.0,0.0,0.0,21.0,F,B,4f50f0e0-c4e2-43f2-a0c9-b7ab3a492602,,0.0,1.0
1850.0,308370.0,2.0,4.0,51.0,40.0,150.0,400150.0,1.0,0.0,0.0,1.0,0.0,1.0,0.0,0.0,15.0,M,B,8d754780-1772-4d93-af94-4ad862d5c844,,0.0,1.0
1850.0,308370.0,3.0,4.0,51.0,40.0,150.0,400150.0,1.0,0.0,0.0,1.0,0.0,1.0,0.0,0.0,9.0,M,B,a50a7c86-d132-4f63-9607-8774e41c5662,,0.0,1.0
1850.0,308370.0,4.0,4.0,51.0,40.0,150.0,400150.0,1.0,0.0,0.0,1.0,0.0,1.0,0.0,0.0,53.0,F,B,80e42e8f-aa1d-4c6b-8de0-f5a0a4a117bb,,0.0,1.0
1850.0,308371.0,1.0,5.0,51.0,40.0,150.0,400150.0,1.0,0.0,0.0,1.0,0.0,1.0,0.0,0.0,68.0,F,B,acff622f-2218-4ad1-b4bd-f5626823b1f1,0e7b79d7-a491-40e4-a7ad-503b257fbebe,1.0,1.0
1850.0,308371.0,2.0,5.0,51.0,40.0,150.0,400150.0,1.0,0.0,0.0,1.0,0.0,1.0,0.0,0.0,28.0,M,B,547a5687-2f8c-49ce-b790-8a4335cb374d,0e7b79d7-a491-40e4-a7ad-503b257fbebe,1.0,1.0
1850.0,308371.0,3.0,5.0,51.0,40.0,150.0,400150.0,1.0,0.0,0.0,1.0,0.0,1.0,0.0,0.0,19.0,F,B,700590f7-6a10-4ba1-9e1f-1e8a346f6546,0e7b79d7-a491-40e4-a7ad-503b257fbebe,1.0,1.0
1850.0,308371.0,4.0,5.0,51.0,40.0,150.0,400150.0,1.0,0.0,0.0,1.0,0.0,1.0,0.0,0.0,15.0,M,B,a2485b38-a076-416f-be0f-b3940602c333,0e7b79d7-a491-40e4-a7ad-503b257fbebe,1.0,1.0
1850.0,308371.0,5.0,5.0,51.0,40.0,150.0,400150.0,1.0,0.0,0.0,1.0,0.0,1.0,0.0,0.0,10.0,F,B,14559a80-523d-4935-b817-59f4d6a6bbf6,0e7b79d7-a491-40e4-a7ad-503b257fbebe,1.0,1.0
1850.0,308372.0,1.0,2.0,51.0,40.0,150.0,400150.0,1.0,0.0,0.0,1.0,0.0,1.0,0.0,0.0,78.0,F,B,8a1f594c-364d-48fb-ab01-2d9c132a7bb5,7b04bbc8-c058-4387-aa2f-b175a51355a8,2.0,1.0
1850.0,308372.0,2.0,2.0,51.0,40.0,150.0,400150.0,1.0,0.0,0.0,1.0,0.0,1.0,0.0,0.0,999.0,F,B,4c09ecb3-3b20-454c-bc91-040e3e471442,7b04bbc8-c058-4387-aa2f-b175a51355a8,2.0,1.0
1850.0,308373.0,1.0,1.0,51.0,40.0,150.0,400150.0,1.0,0.0,0.0,1.0,0.0,1.0,0.0,0.0,65.0,F,B,e35df214-138a-493a-89da-e8a1a823d78a,b638ba2a-eebb-4ce5-837d-f2dc20cf26b2,4.0,1.0
1850.0,308374.0,1.0,18.0,51.0,40.0,150.0,400150.0,1.0,0.0,0.0,1.0,0.0,1.0,0.0,0.0,68.0,M,B,b62ed397-ace3-4dec-9385-a52d0309304d,61ffe6a7-f6db-4695-8c1e-91ba0e5cc826,1.0,1.0
1850.0,308374.0,2.0,18.0,51.0,40.0,150.0,400150.0,1.0,0.0,0.0,1.0,0.0,1.0,0.0,0.0,40.0,M,B,251bed09-ad26-4c27-8feb-d874f5baaeb8,61ffe6a7-f6db-4695-8c1e-91ba0e5cc826,1.0,1.0
1850.0,308374.0,3.0,18.0,51.0,40.0,150.0,400150.0,1.0,0.0,0.0,1.0,0.0,1.0,0.0,0.0,37.0,M,B,82fc91ff-64ce-4f4b-9e8f-cdb041d50485,61ffe6a7-f6db-4695-8c1e-91ba0e5cc826,1.0,1.0
1850.0,308374.0,4.0,18.0,51.0,40.0,150.0,400150.0,1.0,0.0,0.0,1.0,0.0,1.0,0.0,0.0,19.0,M,B,1c4b070a-4c95-41cf-8f86-d285f1f7ac86,61ffe6a7-f6db-4695-8c1e-91ba0e5cc826,1.0,1.0
1850.0,308374.0,5.0,18.0,51.0,40.0,150.0,400150.0,1.0,0.0,0.0,1.0,0.0,1.0,0.0,0.0,18.0,M,B,d0b1a47c-39e1-4dd5-be45-2b52d28e25aa,61ffe6a7-f6db-4695-8c1e-91ba0e5cc826,1.0,1.0
1850.0,308374.0,6.0,18.0,51.0,40.0,150.0,400150.0,1.0,0.0,0.0,1.0,0.0,1.0,0.0,0.0,29.0,F,B,0d7a9f5d-15ae-4de6-97ce-b00f4af53332,61ffe6a7-f6db-4695-8c1e-91ba0e5cc826,1.0,1.0
1850.0,308374.0,7.0,18.0,51.0,40.0,150.0,400150.0,1.0,0.0,0.0,1.0,0.0,1.0,0.0,0.0,50.0,F,B,7a310615-8251-4873-b014-202693c9bcb3,61ffe6a7-f6db-4695-8c1e-91ba0e5cc826,1.0,1.0
1850.0,308374.0,8.0,18.0,51.0,40.0,150.0,400150.0,1.0,0.0,0.0,1.0,0.0,1.0,0.0,0.0,21.0,F,B,f95d5ba2-4eff-445f-b524-61741d048e5d,61ffe6a7-f6db-4695-8c1e-91ba0e5cc826,1.0,1.0
1850.0,308374.0,9.0,18.0,51.0,40.0,150.0,400150.0,1.0,0.0,0.0,1.0,0.0,1.0,0.0,0.0,18.0,F,B,602440b0-a898-47b7-ba60-73ed56c4e3c2,61ffe6a7-f6db-4695-8c1e-91ba0e5cc826,1.0,1.0
1850.0,308374.0,10.0,18.0,51.0,40.0,150.0,400150.0,1.0,0.0,0.0,1.0,0.0,1.0,0.0,0.0,16.0,F,B,ed59746e-221f-425f-abc7-10598404ec54,61ffe6a7-f6db-4695-8c1e-91ba0e5cc826,1.0,1.0
1850.0,308374.0,11.0,18.0,51.0,40.0,150.0,400150.0,1.0,0.0,0.0,1.0,0.0,1.0,0.0,0.0,15.0,F,B,21e16b1f-b9ae-4c29-9c60-01fac2e00d79,61ffe6a7-f6db-4695-8c1e-91ba0e5cc826,1.0,1.0
1850.0,308374.0,12.0,18.0,51.0,40.0,150.0,400150.0,1.0,0.0,0.0,1.0,0.0,1.0,0.0,0.0,7.0,F,B,f7529401-ede5-4401-82d0-d3af8acb0357,61ffe6a7-f6db-4695-8c1e-91ba0e5cc826,1.0,1.0
1850.0,308374.0,13.0,18.0,51.0,40.0,150.0,400150.0,1.0,0.0,0.0,1.0,0.0,1.0,0.0,0.0,5.0,M,B,b62d3dae-fae8-45f2-a7d0-a0787e29a82a,61ffe6a7-f6db-4695-8c1e-91ba0e5cc826,1.0,1.0
1850.0,308374.0,14.0,18.0,51.0,40.0,150.0,400150.0,1.0,0.0,0.0,1.0,0.0,1.0,0.0,0.0,3.0,F,B,81bed123-9106-4166-ae84-4e201e7e4411,61ffe6a7-f6db-4695-8c1e-91ba0e5cc826,1.0,1.0
1850.0,308374.0,15.0,18.0,51.0,40.0,150.0,400150.0,1.0,0.0,0.0,1.0,0.0,1.0,0.0,0.0,3.0,M,B,92ee646a-e053-4179-9e14-b2976be0347b,61ffe6a7-f6db-4695-8c1e-91ba0e5cc826,1.0,1.0
1850.0,308374.0,16.0,18.0,51.0,40.0,150.0,400150.0,1.0,0.0,0.0,1.0,0.0,1.0,0.0,0.0,2.0,F,B,645d8694-9e6b-42f2-9337-c79b01b30bbe,61ffe6a7-f6db-4695-8c1e-91ba0e5cc826,1.0,1.0
1850.0,308374.0,17.0,18.0,51.0,40.0,150.0,400150.0,1.0,0.0,0.0,1.0,0.0,1.0,0.0,0.0,1.0,F,B,ba9e1db7-8075-4e7d-852e-0d53899d5c07,61ffe6a7-f6db-4695-8c1e-91ba0e5cc826,1.0,1.0
1850.0,308374.0,18.0,18.0,51.0,40.0,150.0,400150.0,1.0,0.0,0.0,1.0,0.0,1.0,0.0,0.0,0.0,M,B,342af752-624f-4427-8637-1d057ada3d16,61ffe6a7-f6db-4695-8c1e-91ba0e5cc826,1.0,1.0
1850.0,308375.0,1.0,9.0,51.0,40.0,150.0,400150.0,1.0,0.0,0.0,1.0,0.0,1.0,0.0,0.0,70.0,M,B,9dd284f2-2dee-4b18-a177-4635d8ee57e0,973d96a1-7ac2-4935-b526-0f8c12f3b783,1.0,1.0
1850.0,308375.0,2.0,9.0,51.0,40.0,150.0,400150.0,1.0,0.0,0.0,1.0,0.0,1.0,0.0,0.0,47.0,F,B,23ba5e76-5cad-432a-85a8-1c32bb605297,973d96a1-7ac2-4935-b526-0f8c12f3b783,1.0,1.0
1850.0,308375.0,3.0,9.0,51.0,40.0,150.0,400150.0,1.0,0.0,0.0,1.0,0.0,1.0,0.0,0.0,30.0,M,B,da8c0c80-46d7-43fa-91c7-d36ce5208447,973d96a1-7ac2-4935-b526-0f8c12f3b783,1.0,1.0
1850.0,308375.0,4.0,9.0,51.0,40.0,150.0,400150.0,1.0,0.0,0.0,1.0,0.0,1.0,0.0,0.0,25.0,F,B,765bb184-e30c-4092-9ca1-abc4a2cd203e,973d96a1-7ac2-4935-b526-0f8c12f3b783,1.0,1.0
1850.0,308375.0,5.0,9.0,51.0,40.0,150.0,400150.0,1.0,0.0,0.0,1.0,0.0,1.0,0.0,0.0,34.0,M,B,22ed675c-a460-4245-b13e-9d1987b360ce,973d96a1-7ac2-4935-b526-0f8c12f3b783,1.0,1.0
1850.0,308375.0,6.0,9.0,51.0,40.0,150.0,400150.0,1.0,0.0,0.0,1.0,0.0,1.0,0.0,0.0,20.0,M,B,d2850fb6-c6d7-43ef-9c6c-69f5636d0644,973d96a1-7ac2-4935-b526-0f8c12f3b783,1.0,1.0
1850.0,308375.0,7.0,9.0,51.0,40.0,150.0,400150.0,1.0,0.0,0.0,1.0,0.0,1.0,0.0,0.0,11.0,M,B,e0a5f9b7-27ad-4d6e-9a6e-5eb10ff75c99,973d96a1-7ac2-4935-b526-0f8c12f3b783,1.0,1.0
1850.0,308375.0,8.0,9.0,51.0,40.0,150.0,400150.0,1.0,0.0,0.0,1.0,0.0,1.0,0.0,0.0,9.0,M,B,27f30191-7c1f-4daa-beb0-ad61d5b5d8c9,973d96a1-7ac2-4935-b526-0f8c12f3b783,1.0,1.0
1850.0,308375.0,9.0,9.0,51.0,40.0,150.0,400150.0,1.0,0.0,0.0,1.0,0.0,1.0,0.0,0.0,7.0,F,B,553ec14b-b8dc-4641-8c5e-ef64a525b089,973d96a1-7ac2-4935-b526-0f8c12f3b783,1.0,1.0
1850.0,308369.0,1.0,2.0,51.0,40.0,150.0,400150.0,1.0,0.0,0.0,1.0,0.0,1.0,0.0,0.0,30.0,F,B,5520daa5-df84-4d7a-a198-a3b22c0afe81,,0.0,1.0
1850.0,308369.0,2.0,2.0,51.0,40.0,150.0,400150.0,1.0,0.0,0.0,1.0,0.0,1.0,0.0,0.0,4.0,M,B,623ae982-341c-416b-a29a-e7ece1404cc4,,0.0,1.0
1850.0,308376.0,1.0,11.0,51.0,40.0,150.0,400150.0,1.0,0.0,0.0,1.0,0.0,1.0,0.0,0.0,16.0,M,B,4a3b4295-6e08-469a-9235-1b30b56ec2f6,,0.0,1.0
1850.0,308376.0,2.0,11.0,51.0,40.0,150.0,400150.0,1.0,0.0,0.0,1.0,0.0,1.0,0.0,0.0,14.0,F,B,46368aa0-dd60-4fae-b307-f3141c3e031c,,0.0,1.0
1850.0,308376.0,3.0,11.0,51.0,40.0,150.0,400150.0,1.0,0.0,0.0,1.0,0.0,1.0,0.0,0.0,10.0,M,B,8b76256d-b639-4122-948d-f740b2892bc3,,0.0,1.0
1850.0,308376.0,4.0,11.0,51.0,40.0,150.0,400150.0,1.0,0.0,0.0,1.0,0.0,1.0,0.0,0.0,6.0,M,B,9adeb58c-e935-4d05-aefe-1317722f5de8,,0.0,1.0
1850.0,308376.0,5.0,11.0,51.0,40.0,150.0,400150.0,1.0,0.0,0.0,1.0,0.0,1.0,0.0,0.0,4.0,F,B,aeb1f84e-fca0-4437-9c20-e51417e524f2,,0.0,1.0
1850.0,308376.0,6.0,11.0,51.0,40.0,150.0,400150.0,1.0,0.0,0.0,1.0,0.0,1.0,0.0,0.0,1.0,M,B,ddfb0fed-eca8-4fa7-9eee-c679b1193460,,0.0,1.0
1850.0,308376.0,7.0,11.0,51.0,40.0,150.0,400150.0,1.0,0.0,0.0,1.0,0.0,1.0,0.0,0.0,0.0,M,B,eab224ca-9d5c-47a3-81a8-a4f49b284e65,,0.0,1.0
1850.0,308376.0,8.0,11.0,51.0,40.0,150.0,400150.0,1.0,0.0,0.0,1.0,0.0,1.0,0.0,0.0,30.0,F,B,10901b69-212a-45bd-9a6a-5b1791daf649,,0.0,1.0
1850.0,308376.0,9.0,11.0,51.0,40.0,150.0,400150.0,1.0,0.0,0.0,1.0,0.0,1.0,0.0,0.0,30.0,M,B,3882cf53-5b38-4210-8e43-f0b930730cde,,0.0,1.0
1850.0,308376.0,10.0,11.0,51.0,40.0,150.0,400150.0,1.0,0.0,0.0,1.0,0.0,1.0,0.0,0.0,25.0,F,B,709fc0ab-4182-40cc-b84b-d231a1b0c8e1,,0.0,1.0
1850.0,308376.0,11.0,11.0,51.0,40.0,150.0,400150.0,1.0,0.0,0.0,1.0,0.0,1.0,0.0,0.0,25.0,F,B,5627a217-e26e-4427-aa17-a708401c605d,,0.0,1.0
1850.0,308377.0,1.0,9.0,51.0,40.0,150.0,400150.0,1.0,0.0,0.0,1.0,0.0,1.0,0.0,0.0,65.0,M,B,c463b985-c051-4978-93e8-f5653578996b,1b65b0ec-1aaf-43e8-9f78-0b3497da4b38,1.0,1.0
1850.0,308377.0,2.0,9.0,51.0,40.0,150.0,400150.0,1.0,0.0,0.0,1.0,0.0,1.0,0.0,0.0,63.0,F,B,e405249e-19c8-460c-926d-c99cb8ca6c0e,1b65b0ec-1aaf-43e8-9f78-0b3497da4b38,1.0,1.0
1850.0,308377.0,3.0,9.0,51.0,40.0,150.0,400150.0,1.0,0.0,0.0,1.0,0.0,1.0,0.0,0.0,50.0,F,B,e0697c5c-328a-4e2e-bf55-568f9195c3fa,1b65b0ec-1aaf-43e8-9f78-0b3497da4b38,1.0,1.0
1850.0,308377.0,4.0,9.0,51.0,40.0,150.0,400150.0,1.0,0.0,0.0,1.0,0.0,1.0,0.0,0.0,44.0,M,B,194a19c6-2078-4dad-ac01-aea16a4ba8c0,1b65b0ec-1aaf-43e8-9f78-0b3497da4b38,1.0,1.0
1850.0,308377.0,5.0,9.0,51.0,40.0,150.0,400150.0,1.0,0.0,0.0,1.0,0.0,1.0,0.0,0.0,35.0,F,B,62077ec9-d761-4e5c-8e4a-3baf5cf8c052,1b65b0ec-1aaf-43e8-9f78-0b3497da4b38,1.0,1.0
1850.0,308377.0,6.0,9.0,51.0,40.0,150.0,400150.0,1.0,0.0,0.0,1.0,0.0,1.0,0.0,0.0,30.0,M,B,feddf612-4192-4dfe-970a-0c601efed48a,1b65b0ec-1aaf-43e8-9f78-0b3497da4b38,1.0,1.0
1850.0,308377.0,7.0,9.0,51.0,40.0,150.0,400150.0,1.0,0.0,0.0,1.0,0.0,1.0,0.0,0.0,30.0,M,B,f1aa1074-e204-4379-bbe2-92f3166b9f71,1b65b0ec-1aaf-43e8-9f78-0b3497da4b38,1.0,1.0
1850.0,308377.0,8.0,9.0,51.0,40.0,150.0,400150.0,1.0,0.0,0.0,1.0,0.0,1.0,0.0,0.0,20.0,M,B,239df424-30c6-435e-bb0d-3c6d1cf9ad15,1b65b0ec-1aaf-43e8-9f78-0b3497da4b38,1.0,1.0
1850.0,308377.0,9.0,9.0,51.0,40.0,150.0,400150.0,1.0,0.0,0.0,1.0,0.0,1.0,0.0,0.0,11.0,M,B,e5deb144-f948-4a87-9832-137d5518690d,1b65b0ec-1aaf-43e8-9f78-0b3497da4b38,1.0,1.0
1850.0,308378.0,1.0,7.0,51.0,40.0,150.0,400150.0,1.0,0.0,0.0,1.0,0.0,1.0,0.0,0.0,25.0,F,B,da114e22-af56-409a-bba2-b1f56a0425b5,bfc401c8-a9e7-4b96-8f50-e1a2c4a3d377,1.0,1.0
1850.0,308378.0,2.0,7.0,51.0,40.0,150.0,400150.0,1.0,0.0,0.0,1.0,0.0,1.0,0.0,0.0,35.0,F,B,0ae7b378-2e0c-48f0-9532-39af4e54f0da,bfc401c8-a9e7-4b96-8f50-e1a2c4a3d377,1.0,1.0
1850.0,308378.0,3.0,7.0,51.0,40.0,150.0,400150.0,1.0,0.0,0.0,1.0,0.0,1.0,0.0,0.0,16.0,M,B,6ae1a8d6-31b0-4f6c-b861-c4c409721e70,bfc401c8-a9e7-4b96-8f50-e1a2c4a3d377,1.0,1.0
1850.0,308378.0,4.0,7.0,51.0,40.0,150.0,400150.0,1.0,0.0,0.0,1.0,0.0,1.0,0.0,0.0,14.0,M,B,05fb6cd0-f6b5-47fd-8700-6c1595d93f3f,bfc401c8-a9e7-4b96-8f50-e1a2c4a3d377,1.0,1.0
1850.0,308378.0,5.0,7.0,51.0,40.0,150.0,400150.0,1.0,0.0,0.0,1.0,0.0,1.0,0.0,0.0,6.0,F,B,86eabce7-0fb6-443e-a0e5-f16b947cecd7,bfc401c8-a9e7-4b96-8f50-e1a2c4a3d377,1.0,1.0
1850.0,308378.0,6.0,7.0,51.0,40.0,150.0,400150.0,1.0,0.0,0.0,1.0,0.0,1.0,0.0,0.0,5.0,F,B,165737c2-b809-4d8a-ba28-38a3631b2464,bfc401c8-a9e7-4b96-8f50-e1a2c4a3d377,1.0,1.0
1850.0,308378.0,7.0,7.0,51.0,40.0,150.0,400150.0,1.0,0.0,0.0,1.0,0.0,1.0,0.0,0.0,0.0,F,B,80c66df4-5b1d-4fba-84a9-55e5ce114c0c,bfc401c8-a9e7-4b96-8f50-e1a2c4a3d377,1.0,1.0
1850.0,308379.0,1.0,6.0,51.0,40.0,150.0,400150.0,1.0,0.0,0.0,1.0,0.0,1.0,0.0,0.0,25.0,M,B,80cb767d-126f-46f7-aad9-e4724009b4f4,d2d0be44-6e27-40f7-88fe-85ed7fb25f59,1.0,1.0
1850.0,308379.0,2.0,6.0,51.0,40.0,150.0,400150.0,1.0,0.0,0.0,1.0,0.0,1.0,0.0,0.0,25.0,M,B,38212aeb-411b-44b8-b656-aa99c6fe53cc,d2d0be44-6e27-40f7-88fe-85ed7fb25f59,1.0,1.0
1850.0,308379.0,3.0,6.0,51.0,40.0,150.0,400150.0,1.0,0.0,0.0,1.0,0.0,1.0,0.0,0.0,25.0,F,B,b7579745-492d-4417-9865-4923f2fbe7b5,d2d0be44-6e27-40f7-88fe-85ed7fb25f59,1.0,1.0
1850.0,308379.0,4.0,6.0,51.0,40.0,150.0,400150.0,1.0,0.0,0.0,1.0,0.0,1.0,0.0,0.0,16.0,F,B,c2934e2d-c7e0-422f-9088-039c1f5f27c0,d2d0be44-6e27-40f7-88fe-85ed7fb25f59,1.0,1.0
1850.0,308379.0,5.0,6.0,51.0,40.0,150.0,400150.0,1.0,0.0,0.0,1.0,0.0,1.0,0.0,0.0,10.0,F,B,a41b8f75-c842-449a-bc23-55b037ddc513,d2d0be44-6e27-40f7-88fe-85ed7fb25f59,1.0,1.0
1850.0,308379.0,6.0,6.0,51.0,40.0,150.0,400150.0,1.0,0.0,0.0,1.0,0.0,1.0,0.0,0.0,8.0,M,B,4bc1f9ae-bf4a-44e3-95e0-06c2ddaf926a,d2d0be44-6e27-40f7-88fe-85ed7fb25f59,1.0,1.0
1850.0,308380.0,1.0,5.0,51.0,40.0,150.0,400150.0,1.0,0.0,0.0,1.0,0.0,1.0,0.0,0.0,30.0,M,B,81ed7a00-a189-475f-a110-61245dada2dc,d5855e60-ea83-411a-9b5e-bfaf64fddc54,1.0,1.0
1850.0,308380.0,2.0,5.0,51.0,40.0,150.0,400150.0,1.0,0.0,0.0,1.0,0.0,1.0,0.0,0.0,26.0,F,B,5e94a09a-14bb-4bd4-8312-55efe3f7e12d,d5855e60-ea83-411a-9b5e-bfaf64fddc54,1.0,1.0
1850.0,308380.0,3.0,5.0,51.0,40.0,150.0,400150.0,1.0,0.0,0.0,1.0,0.0,1.0,0.0,0.0,11.0,F,B,18a7bb35-7d67-4b64-8439-6c76187294f5,d5855e60-ea83-411a-9b5e-bfaf64fddc54,1.0,1.0
1850.0,308380.0,4.0,5.0,51.0,40.0,150.0,400150.0,1.0,0.0,0.0,1.0,0.0,1.0,0.0,0.0,7.0,F,B,fd16307d-4ab4-4763-91d2-86dfdae5498b,d5855e60-ea83-411a-9b5e-bfaf64fddc54,1.0,1.0
1850.0,308380.0,5.0,5.0,51.0,40.0,150.0,400150.0,1.0,0.0,0.0,1.0,0.0,1.0,0.0,0.0,1.0,M,B,bd74c2da-8cdf-4c87-9fe1-d34bc7d10ffe,d5855e60-ea83-411a-9b5e-bfaf64fddc54,1.0,1.0
1850.0,308385.0,1.0,9.0,51.0,40.0,150.0,400150.0,1.0,0.0,0.0,1.0,0.0,1.0,0.0,0.0,12.0,F,B,fb15dd0e-f0ac-478b-8d92-26f4fc59cbb7,,0.0,1.0
1850.0,308385.0,2.0,9.0,51.0,40.0,150.0,400150.0,1.0,0.0,0.0,1.0,0.0,1.0,0.0,0.0,8.0,M,B,a5e5dd56-e990-450e-8857-1a711ee27046,,0.0,1.0
1850.0,308385.0,3.0,9.0,51.0,40.0,150.0,400150.0,1.0,0.0,0.0,1.0,0.0,1.0,0.0,0.0,7.0,M,B,b322cd5d-5e7c-4c22-8195-1144d10bf67d,,0.0,1.0
1850.0,308385.0,4.0,9.0,51.0,40.0,150.0,400150.0,1.0,0.0,0.0,1.0,0.0,1.0,0.0,0.0,5.0,F,B,6cdb46c8-7bf9-4601-959b-d9775f444927,,0.0,1.0
1850.0,308385.0,5.0,9.0,51.0,40.0,150.0,400150.0,1.0,0.0,0.0,1.0,0.0,1.0,0.0,0.0,2.0,F,B,8ca3a284-e6f0-4cc7-8c3b-a952f4d2e7b3,,0.0,1.0
1850.0,308385.0,6.0,9.0,51.0,40.0,150.0,400150.0,1.0,0.0,0.0,1.0,0.0,1.0,0.0,0.0,0.0,F,B,5fbda2d8-10a5-43b2-9aef-c11f8a4916a8,,0.0,1.0
1850.0,308385.0,7.0,9.0,51.0,40.0,150.0,400150.0,1.0,0.0,0.0,1.0,0.0,1.0,0.0,0.0,35.0,M,B,6c968554-a785-45ad-8911-5c901f668c6c,,0.0,1.0
1850.0,308385.0,8.0,9.0,51.0,40.0,150.0,400150.0,1.0,0.0,0.0,1.0,0.0,1.0,0.0,0.0,34.0,F,B,f0d69726-5a11-4ddd-a801-d6a11648899e,,0.0,1.0
1850.0,308385.0,9.0,9.0,51.0,40.0,150.0,400150.0,1.0,0.0,0.0,1.0,0.0,1.0,0.0,0.0,14.0,F,B,c17b406e-211e-448f-be43-cfd20f2c3624,,0.0,1.0
1850.0,308386.0,1.0,1.0,51.0,40.0,150.0,400150.0,1.0,0.0,0.0,1.0,0.0,1.0,0.0,0.0,31.0,M,B,c34d1ad3-8945-4189-a607-9aba61fc280d,4c169197-684b-4fe4-bc06-4be96a1e5610,1.0,1.0
1850.0,308387.0,1.0,2.0,51.0,40.0,150.0,400150.0,1.0,0.0,0.0,1.0,0.0,1.0,0.0,0.0,30.0,M,B,09bf6f9d-7695-4488-8282-6b6227c4356a,3dbef132-338b-4ea8-972d-9c31fbd656bb,1.0,1.0
1850.0,308387.0,2.0,2.0,51.0,40.0,150.0,400150.0,1.0,0.0,0.0,1.0,0.0,1.0,0.0,0.0,55.0,F,B,72bc585b-49b3-4215-8cdd-0f2e3ab0fa30,3dbef132-338b-4ea8-972d-9c31fbd656bb,1.0,1.0
1850.0,308388.0,1.0,11.0,51.0,40.0,150.0,400150.0,1.0,0.0,0.0,1.0,0.0,1.0,0.0,0.0,35.0,M,B,f631a983-46ca-4735-af5c-8cba92500e03,fbcec7fa-a60c-4900-bc0b-a3075ffd90b0,1.0,1.0
1850.0,308388.0,2.0,11.0,51.0,40.0,150.0,400150.0,1.0,0.0,0.0,1.0,0.0,1.0,0.0,0.0,32.0,F,B,46be3848-7e35-407e-b56e-c05d80ba1878,fbcec7fa-a60c-4900-bc0b-a3075ffd90b0,1.0,1.0
1850.0,308388.0,3.0,11.0,51.0,40.0,150.0,400150.0,1.0,0.0,0.0,1.0,0.0,1.0,0.0,0.0,26.0,F,B,37bf18b8-e7c6-45d6-8488-db26200b6b76,fbcec7fa-a60c-4900-bc0b-a3075ffd90b0,1.0,1.0
1850.0,308388.0,4.0,11.0,51.0,40.0,150.0,400150.0,1.0,0.0,0.0,1.0,0.0,1.0,0.0,0.0,18.0,M,B,7b52b793-0fab-430a-98b1-589854ae3982,fbcec7fa-a60c-4900-bc0b-a3075ffd90b0,1.0,1.0
1850.0,308388.0,5.0,11.0,51.0,40.0,150.0,400150.0,1.0,0.0,0.0,1.0,0.0,1.0,0.0,0.0,9.0,M,B,74ca14e5-360d-4793-9ed0-48ddd23cd3df,fbcec7fa-a60c-4900-bc0b-a3075ffd90b0,1.0,1.0
1850.0,308388.0,6.0,11.0,51.0,40.0,150.0,400150.0,1.0,0.0,0.0,1.0,0.0,1.0,0.0,0.0,8.0,M,B,a849fd07-2c2b-4902-be7f-923850653528,fbcec7fa-a60c-4900-bc0b-a3075ffd90b0,1.0,1.0
1850.0,308388.0,7.0,11.0,51.0,40.0,150.0,400150.0,1.0,0.0,0.0,1.0,0.0,1.0,0.0,0.0,6.0,F,B,8c429cc3-08ed-4327-a410-fe8f4a0870ed,fbcec7fa-a60c-4900-bc0b-a3075ffd90b0,1.0,1.0
1850.0,308388.0,8.0,11.0,51.0,40.0,150.0,400150.0,1.0,0.0,0.0,1.0,0.0,1.0,0.0,0.0,8.0,M,B,af0a2718-b1c5-4e87-95e2-5d8c0b1612d2,fbcec7fa-a60c-4900-bc0b-a3075ffd90b0,1.0,1.0
1850.0,308388.0,9.0,11.0,51.0,40.0,150.0,400150.0,1.0,0.0,0.0,1.0,0.0,1.0,0.0,0.0,5.0,M,B,4edd5a73-520c-431b-bb1d-609ec8473850,fbcec7fa-a60c-4900-bc0b-a3075ffd90b0,1.0,1.0
1850.0,308388.0,10.0,11.0,51.0,40.0,150.0,400150.0,1.0,0.0,0.0,1.0,0.0,1.0,0.0,0.0,4.0,F,B,30539120-1b3b-4f6d-bc93-5bf1141f64dd,fbcec7fa-a60c-4900-bc0b-a3075ffd90b0,1.0,1.0
1850.0,308388.0,11.0,11.0,51.0,40.0,150.0,400150.0,1.0,0.0,0.0,1.0,0.0,1.0,0.0,0.0,0.0,F,B,7094aca8-136a-4c9c-82a4-8879fb442809,fbcec7fa-a60c-4900-bc0b-a3075ffd90b0,1.0,1.0
1850.0,308381.0,1.0,1.0,51.0,40.0,150.0,400150.0,1.0,0.0,0.0,1.0,0.0,1.0,0.0,0.0,60.0,M,B,f55ce9e5-9604-4771-aa71-0e1ceac4d20f,f9499cca-d19a-4ada-ae2c-7ca7e4642cd3,1.0,1.0
1850.0,308382.0,1.0,1.0,51.0,40.0,150.0,400150.0,1.0,0.0,0.0,1.0,0.0,1.0,0.0,0.0,22.0,M,B,6c323a06-7dd5-4166-aa70-0c68e38afc75,d7b4a10b-54c2-4a5b-9480-a1f3148b3647,1.0,1.0
1850.0,308389.0,1.0,1.0,51.0,40.0,150.0,400150.0,1.0,0.0,0.0,1.0,0.0,1.0,0.0,0.0,14.0,F,B,724ef764-9d24-466d-b09e-8741a83a6107,af8cc737-4923-4a7a-a696-0831897ee540,1.0,1.0
1850.0,308390.0,1.0,1.0,51.0,40.0,150.0,400150.0,1.0,0.0,0.0,1.0,0.0,1.0,0.0,0.0,999.0,F,B,9518bb80-11c8-4472-a1f5-dbc9e8fbddee,7e243562-c1fb-4443-b001-619019b114b4,1.0,1.0
1850.0,308391.0,1.0,10.0,51.0,40.0,150.0,400150.0,1.0,0.0,0.0,1.0,0.0,1.0,0.0,0.0,50.0,M,B,c4d9a0f7-9be7-4788-9c97-6b7a63e62dca,3a00a361-8fe2-4038-8813-f8ecf1000c8c,1.0,1.0
1850.0,308391.0,2.0,10.0,51.0,40.0,150.0,400150.0,1.0,0.0,0.0,1.0,0.0,1.0,0.0,0.0,999.0,M,B,ed1d9932-7f95-4dad-9655-ca0b1edda885,3a00a361-8fe2-4038-8813-f8ecf1000c8c,1.0,1.0
1850.0,308391.0,3.0,10.0,51.0,40.0,150.0,400150.0,1.0,0.0,0.0,1.0,0.0,1.0,0.0,0.0,41.0,M,B,2bce38b2-7608-454e-ac96-066876ce3be7,3a00a361-8fe2-4038-8813-f8ecf1000c8c,1.0,1.0
1850.0,308391.0,4.0,10.0,51.0,40.0,150.0,400150.0,1.0,0.0,0.0,1.0,0.0,1.0,0.0,0.0,33.0,F,B,eb96f1c9-2fbc-4c27-aa12-5cd147d0f5d4,3a00a361-8fe2-4038-8813-f8ecf1000c8c,1.0,1.0
1850.0,308391.0,5.0,10.0,51.0,40.0,150.0,400150.0,1.0,0.0,0.0,1.0,0.0,1.0,0.0,0.0,20.0,F,B,90e7846b-87a2-45bf-8268-68ce35b77d90,3a00a361-8fe2-4038-8813-f8ecf1000c8c,1.0,1.0
1850.0,308391.0,6.0,10.0,51.0,40.0,150.0,400150.0,1.0,0.0,0.0,1.0,0.0,1.0,0.0,0.0,17.0,M,B,5468f92d-1e6b-431b-a65a-ef988ea920aa,3a00a361-8fe2-4038-8813-f8ecf1000c8c,1.0,1.0
1850.0,308391.0,7.0,10.0,51.0,40.0,150.0,400150.0,1.0,0.0,0.0,1.0,0.0,1.0,0.0,0.0,11.0,F,B,a008ddc2-3556-44e9-9565-c71859bf95a5,3a00a361-8fe2-4038-8813-f8ecf1000c8c,1.0,1.0
1850.0,308391.0,8.0,10.0,51.0,40.0,150.0,400150.0,1.0,0.0,0.0,1.0,0.0,1.0,0.0,0.0,13.0,M,B,239b14b1-e70f-4717-9788-3987d79866cd,3a00a361-8fe2-4038-8813-f8ecf1000c8c,1.0,1.0
1850.0,308391.0,9.0,10.0,51.0,40.0,150.0,400150.0,1.0,0.0,0.0,1.0,0.0,1.0,0.0,0.0,8.0,M,B,dfbae0b0-b79e-488f-a515-7ea6e6272a8c,3a00a361-8fe2-4038-8813-f8ecf1000c8c,1.0,1.0
1850.0,308391.0,10.0,10.0,51.0,40.0,150.0,400150.0,1.0,0.0,0.0,1.0,0.0,1.0,0.0,0.0,6.0,F,B,c0980d81-eae6-4c0b-a0f2-e1ae7f345f14,3a00a361-8fe2-4038-8813-f8ecf1000c8c,1.0,1.0
1850.0,308383.0,1.0,2.0,51.0,40.0,150.0,400150.0,1.0,0.0,0.0,1.0,0.0,1.0,0.0,0.0,58.0,F,B,6c769aa3-817e-483a-b5ff-ef804e8ba2c6,f66cbfb6-e23d-4e10-8e1d-89362dfa381d,1.0,1.0
1850.0,308383.0,2.0,2.0,51.0,40.0,150.0,400150.0,1.0,0.0,0.0,1.0,0.0,1.0,0.0,0.0,38.0,M,B,47b79a45-aeca-4f7b-9e1d-eb5f56af5c8f,f66cbfb6-e23d-4e10-8e1d-89362dfa381d,1.0,1.0
1850.0,308392.0,1.0,3.0,51.0,40.0,150.0,400150.0,1.0,0.0,0.0,1.0,0.0,1.0,0.0,0.0,40.0,M,B,9a9f8cdb-db61-47c3-bee2-93cbaf8b0840,f7d23bba-5814-4db5-9efb-fe5ff1549ce8,1.0,1.0
1850.0,308392.0,2.0,3.0,51.0,40.0,150.0,400150.0,1.0,0.0,0.0,1.0,0.0,1.0,0.0,0.0,25.0,F,B,08fed6c4-1df7-4932-b771-8a9efb591e77,f7d23bba-5814-4db5-9efb-fe5ff1549ce8,1.0,1.0
1850.0,308392.0,3.0,3.0,51.0,40.0,150.0,400150.0,1.0,0.0,0.0,1.0,0.0,1.0,0.0,0.0,10.0,M,B,bd833224-ff5b-4b6a-b78b-22c9a3bb114d,f7d23bba-5814-4db5-9efb-fe5ff1549ce8,1.0,1.0
1850.0,308384.0,1.0,1.0,51.0,40.0,150.0,400150.0,1.0,0.0,0.0,1.0,0.0,1.0,0.0,0.0,34.0,M,B,4aefdb97-e0d2-4104-99b7-f23521315db0,805e8da8-cda7-4be4-9305-0c13a0b33b8f,1.0,1.0
1850.0,308393.0,1.0,18.0,51.0,40.0,150.0,400150.0,1.0,0.0,0.0,1.0,0.0,1.0,0.0,0.0,8.0,M,B,24a5a93f-5ede-4a6e-87e5-8568eb589b44,,0.0,1.0
1850.0,308393.0,2.0,18.0,51.0,40.0,150.0,400150.0,1.0,0.0,0.0,1.0,0.0,1.0,0.0,0.0,6.0,M,B,48066619-3c43-43ef-89eb-3ac89c946596,,0.0,1.0
1850.0,308393.0,3.0,18.0,51.0,40.0,150.0,400150.0,1.0,0.0,0.0,1.0,0.0,1.0,0.0,0.0,4.0,F,B,1d674c30-7c6d-4334-ada7-ea948046043b,,0.0,1.0
1850.0,308393.0,4.0,18.0,51.0,40.0,150.0,400150.0,1.0,0.0,0.0,1.0,0.0,1.0,0.0,0.0,2.0,F,B,0d7c9941-445a-41b6-9585-80075be1f395,,0.0,1.0
1850.0,308393.0,5.0,18.0,51.0,40.0,150.0,400150.0,1.0,0.0,0.0,1.0,0.0,1.0,0.0,0.0,0.0,F,B,632154c7-8cb3-4281-8045-c039ad1140e0,,0.0,1.0
1850.0,308393.0,6.0,18.0,51.0,40.0,150.0,400150.0,1.0,0.0,0.0,1.0,0.0,1.0,0.0,0.0,27.0,F,B,01e7335d-e5f4-4627-a11d-4e96766fa68d,,0.0,1.0
1850.0,308393.0,7.0,18.0,51.0,40.0,150.0,400150.0,1.0,0.0,0.0,1.0,0.0,1.0,0.0,0.0,24.0,M,B,43a7d793-578e-4765-ae9d-3a39a3447dfc,,0.0,1.0
1850.0,308393.0,8.0,18.0,51.0,40.0,150.0,400150.0,1.0,0.0,0.0,1.0,0.0,1.0,0.0,0.0,21.0,M,B,c8e0c9a1-4820-4018-8021-e006f1d2f417,,0.0,1.0
1850.0,308393.0,9.0,18.0,51.0,40.0,150.0,400150.0,1.0,0.0,0.0,1.0,0.0,1.0,0.0,0.0,18.0,M,B,a780ab2e-8366-400f-8a65-690905b4232a,,0.0,1.0
1850.0,308393.0,10.0,18.0,51.0,40.0,150.0,400150.0,1.0,0.0,0.0,1.0,0.0,1.0,0.0,0.0,8.0,F,B,865bcc41-161c-4455-aeca-34a94daae351,,0.0,1.0
1850.0,308393.0,11.0,18.0,51.0,40.0,150.0,400150.0,1.0,0.0,0.0,1.0,0.0,1.0,0.0,0.0,2.0,F,B,cf9470e5-56af-4d0d-8d6f-d821b44a7144,,0.0,1.0
1850.0,308393.0,12.0,18.0,51.0,40.0,150.0,400150.0,1.0,0.0,0.0,1.0,0.0,1.0,0.0,0.0,80.0,M,B,d0fa6ce2-6692-4b4b-8e85-757e47ec4515,,0.0,1.0
1850.0,308393.0,13.0,18.0,51.0,40.0,150.0,400150.0,1.0,0.0,0.0,1.0,0.0,1.0,0.0,0.0,50.0,F,B,543c768b-4e73-409d-a5e2-ea08231ffdca,,0.0,1.0
1850.0,308393.0,14.0,18.0,51.0,40.0,150.0,400150.0,1.0,0.0,0.0,1.0,0.0,1.0,0.0,0.0,48.0,M,B,dc570a3b-275c-49a3-9630-5aae1a5df1fd,,0.0,1.0
1850.0,308393.0,15.0,18.0,51.0,40.0,150.0,400150.0,1.0,0.0,0.0,1.0,0.0,1.0,0.0,0.0,24.0,M,B,c1581eb1-8aab-4859-99c9-44455acc3005,,0.0,1.0
1850.0,308393.0,16.0,18.0,51.0,40.0,150.0,400150.0,1.0,0.0,0.0,1.0,0.0,1.0,0.0,0.0,18.0,M,B,eabac07c-5107-4b50-bc7a-fa30f2e8d485,,0.0,1.0
1850.0,308393.0,17.0,18.0,51.0,40.0,150.0,400150.0,1.0,0.0,0.0,1.0,0.0,1.0,0.0,0.0,14.0,M,B,24505f00-e9b4-41c0-974a-2362e0b52488,,0.0,1.0
1850.0,308393.0,18.0,18.0,51.0,40.0,150.0,400150.0,1.0,0.0,0.0,1.0,0.0,1.0,0.0,0.0,14.0,F,B,24318775-b183-4877-a574-c68e2970ffd5,,0.0,1.0
1850.0,308394.0,1.0,15.0,51.0,40.0,150.0,400150.0,1.0,0.0,0.0,1.0,0.0,1.0,0.0,0.0,80.0,F,B,dfef8c86-dd93-45a6-877b-2af2d974f14a,eb33a504-506a-4128-ae33-6b198ed6f820,1.0,1.0
1850.0,308394.0,2.0,15.0,51.0,40.0,150.0,400150.0,1.0,0.0,0.0,1.0,0.0,1.0,0.0,0.0,45.0,M,B,213690a9-6f30-4ab5-988c-69f0f707c535,eb33a504-506a-4128-ae33-6b198ed6f820,1.0,1.0
1850.0,308394.0,3.0,15.0,51.0,40.0,150.0,400150.0,1.0,0.0,0.0,1.0,0.0,1.0,0.0,0.0,38.0,F,B,2f020c66-1516-4fa3-93d4-51a8d0ad8057,eb33a504-506a-4128-ae33-6b198ed6f820,1.0,1.0
1850.0,308394.0,4.0,15.0,51.0,40.0,150.0,400150.0,1.0,0.0,0.0,1.0,0.0,1.0,0.0,0.0,35.0,F,B,b715d042-69ab-454f-82f2-195e7d5cd4d5,eb33a504-506a-4128-ae33-6b198ed6f820,1.0,1.0
1850.0,308394.0,5.0,15.0,51.0,40.0,150.0,400150.0,1.0,0.0,0.0,1.0,0.0,1.0,0.0,0.0,27.0,M,B,51095a86-6e22-4b01-ac7f-9aa768525f3c,eb33a504-506a-4128-ae33-6b198ed6f820,1.0,1.0
1850.0,308394.0,6.0,15.0,51.0,40.0,150.0,400150.0,1.0,0.0,0.0,1.0,0.0,1.0,0.0,0.0,25.0,M,B,5c6ccd7c-2e1f-4579-99fd-ea44738e6d45,eb33a504-506a-4128-ae33-6b198ed6f820,1.0,1.0
1850.0,308394.0,7.0,15.0,51.0,40.0,150.0,400150.0,1.0,0.0,0.0,1.0,0.0,1.0,0.0,0.0,24.0,M,B,8a03d84a-4a1c-47ff-9f2d-f8ddd6cfb392,eb33a504-506a-4128-ae33-6b198ed6f820,1.0,1.0
1850.0,308394.0,8.0,15.0,51.0,40.0,150.0,400150.0,1.0,0.0,0.0,1.0,0.0,1.0,0.0,0.0,23.0,M,B,1b11cf48-0f62-4a7c-8c31-355d4b5bdc6e,eb33a504-506a-4128-ae33-6b198ed6f820,1.0,1.0
1850.0,308394.0,9.0,15.0,51.0,40.0,150.0,400150.0,1.0,0.0,0.0,1.0,0.0,1.0,0.0,0.0,18.0,M,B,482dfefc-4f49-439b-879f-351491c88418,eb33a504-506a-4128-ae33-6b198ed6f820,1.0,1.0
1850.0,308394.0,10.0,15.0,51.0,40.0,150.0,400150.0,1.0,0.0,0.0,1.0,0.0,1.0,0.0,0.0,17.0,F,B,27d97516-4626-429f-82e1-4090a0d27465,eb33a504-506a-4128-ae33-6b198ed6f820,1.0,1.0
1850.0,308394.0,11.0,15.0,51.0,40.0,150.0,400150.0,1.0,0.0,0.0,1.0,0.0,1.0,0.0,0.0,12.0,M,B,b4104879-aa7d-4699-a77c-0d290c817132,eb33a504-506a-4128-ae33-6b198ed6f820,1.0,1.0
1850.0,308394.0,12.0,15.0,51.0,40.0,150.0,400150.0,1.0,0.0,0.0,1.0,0.0,1.0,0.0,0.0,11.0,F,B,905fdd9d-6d36-4e97-a6b6-0bd88de9090c,eb33a504-506a-4128-ae33-6b198ed6f820,1.0,1.0
1850.0,308394.0,13.0,15.0,51.0,40.0,150.0,400150.0,1.0,0.0,0.0,1.0,0.0,1.0,0.0,0.0,9.0,M,B,8e9db792-f9e2-45ed-8993-b497b40a2328,eb33a504-506a-4128-ae33-6b198ed6f820,1.0,1.0
1850.0,308394.0,14.0,15.0,51.0,40.0,150.0,400150.0,1.0,0.0,0.0,1.0,0.0,1.0,0.0,0.0,2.0,F,B,cc6a423d-1a4f-4a66-8c48-1e68019f864b,eb33a504-506a-4128-ae33-6b198ed6f820,1.0,1.0
1850.0,308394.0,15.0,15.0,51.0,40.0,150.0,400150.0,1.0,0.0,0.0,1.0,0.0,1.0,0.0,0.0,1.0,F,B,500f5d81-c256-4d57-8a45-0c8682d8cf11,eb33a504-506a-4128-ae33-6b198ed6f820,1.0,1.0
1850.0,308395.0,1.0,16.0,51.0,40.0,150.0,400150.0,1.0,0.0,0.0,1.0,0.0,1.0,0.0,0.0,65.0,M,B,777c4a83-8bc7-4679-9364-3c055e8429a7,7bfbb687-39fd-4acc-8fdc-e250331e6ee1,1.0,1.0
1850.0,308395.0,2.0,16.0,51.0,40.0,150.0,400150.0,1.0,0.0,0.0,1.0,0.0,1.0,0.0,0.0,45.0,M,B,27370f9c-9098-402a-bb90-6e64b9f1073f,7bfbb687-39fd-4acc-8fdc-e250331e6ee1,1.0,1.0
1850.0,308395.0,3.0,16.0,51.0,40.0,150.0,400150.0,1.0,0.0,0.0,1.0,0.0,1.0,0.0,0.0,44.0,F,B,a3c36787-f3d7-437d-a2a6-091e783461c7,7bfbb687-39fd-4acc-8fdc-e250331e6ee1,1.0,1.0
1850.0,308395.0,4.0,16.0,51.0,40.0,150.0,400150.0,1.0,0.0,0.0,1.0,0.0,1.0,0.0,0.0,38.0,F,B,ce72d332-b734-4d32-9b3f-f62863b8eb89,7bfbb687-39fd-4acc-8fdc-e250331e6ee1,1.0,1.0
1850.0,308395.0,5.0,16.0,51.0,40.0,150.0,400150.0,1.0,0.0,0.0,1.0,0.0,1.0,0.0,0.0,38.0,F,B,735ca7a2-38ce-413a-93bc-9c4377ba1a9a,7bfbb687-39fd-4acc-8fdc-e250331e6ee1,1.0,1.0
1850.0,308395.0,6.0,16.0,51.0,40.0,150.0,400150.0,1.0,0.0,0.0,1.0,0.0,1.0,0.0,0.0,23.0,M,B,c6a82478-6825-412b-aa99-83dffaa96a51,7bfbb687-39fd-4acc-8fdc-e250331e6ee1,1.0,1.0
1850.0,308395.0,7.0,16.0,51.0,40.0,150.0,400150.0,1.0,0.0,0.0,1.0,0.0,1.0,0.0,0.0,20.0,F,B,a8263034-66a6-481a-bd10-e9bca6c4844c,7bfbb687-39fd-4acc-8fdc-e250331e6ee1,1.0,1.0
1850.0,308395.0,8.0,16.0,51.0,40.0,150.0,400150.0,1.0,0.0,0.0,1.0,0.0,1.0,0.0,0.0,15.0,M,B,2ecac506-9c1d-471b-930d-d7c00775ea3d,7bfbb687-39fd-4acc-8fdc-e250331e6ee1,1.0,1.0
1850.0,308395.0,9.0,16.0,51.0,40.0,150.0,400150.0,1.0,0.0,0.0,1.0,0.0,1.0,0.0,0.0,14.0,F,B,07204fd1-a724-4f81-8437-e4671c29eb7e,7bfbb687-39fd-4acc-8fdc-e250331e6ee1,1.0,1.0
1850.0,308395.0,10.0,16.0,51.0,40.0,150.0,400150.0,1.0,0.0,0.0,1.0,0.0,1.0,0.0,0.0,17.0,F,B,08363e79-4f14-4e42-bf09-6817c01f1ab8,7bfbb687-39fd-4acc-8fdc-e250331e6ee1,1.0,1.0
1850.0,308395.0,11.0,16.0,51.0,40.0,150.0,400150.0,1.0,0.0,0.0,1.0,0.0,1.0,0.0,0.0,13.0,M,B,4c418f97-41ff-4288-8672-10f2f72dcd5c,7bfbb687-39fd-4acc-8fdc-e250331e6ee1,1.0,1.0
1850.0,308395.0,12.0,16.0,51.0,40.0,150.0,400150.0,1.0,0.0,0.0,1.0,0.0,1.0,0.0,0.0,12.0,M,B,326a7512-58b0-46ea-aec0-553ff8e6ed46,7bfbb687-39fd-4acc-8fdc-e250331e6ee1,1.0,1.0
1850.0,308395.0,13.0,16.0,51.0,40.0,150.0,400150.0,1.0,0.0,0.0,1.0,0.0,1.0,0.0,0.0,11.0,M,B,301a5467-46a0-4b42-9c10-e9ba93f8c04f,7bfbb687-39fd-4acc-8fdc-e250331e6ee1,1.0,1.0
1850.0,308395.0,14.0,16.0,51.0,40.0,150.0,400150.0,1.0,0.0,0.0,1.0,0.0,1.0,0.0,0.0,3.0,M,B,0bc27913-119e-4d31-a45d-9b621a716369,7bfbb687-39fd-4acc-8fdc-e250331e6ee1,1.0,1.0
1850.0,308395.0,15.0,16.0,51.0,40.0,150.0,400150.0,1.0,0.0,0.0,1.0,0.0,1.0,0.0,0.0,1.0,M,B,9cc5698c-a557-4cf8-a806-c0436d850380,7bfbb687-39fd-4acc-8fdc-e250331e6ee1,1.0,1.0
1850.0,308395.0,16.0,16.0,51.0,40.0,150.0,400150.0,1.0,0.0,0.0,1.0,0.0,1.0,0.0,0.0,0.0,F,B,d0d883ec-a215-4382-8822-b94f8cf2b4ae,7bfbb687-39fd-4acc-8fdc-e250331e6ee1,1.0,1.0
1850.0,308396.0,1.0,2.0,51.0,40.0,150.0,400150.0,1.0,0.0,0.0,1.0,0.0,1.0,0.0,0.0,26.0,F,B,db7273d7-e88c-4237-a918-dc473fd407f8,df32f8bc-a7f4-40b8-a97c-a8ec829abaf5,1.0,1.0
1850.0,308396.0,2.0,2.0,51.0,40.0,150.0,400150.0,1.0,0.0,0.0,1.0,0.0,1.0,0.0,0.0,6.0,M,B,6e929e46-5684-40ff-94cf-418233e33940,df32f8bc-a7f4-40b8-a97c-a8ec829abaf5,1.0,1.0
1850.0,308397.0,1.0,1.0,51.0,40.0,150.0,400150.0,1.0,0.0,0.0,1.0,0.0,1.0,0.0,0.0,50.0,F,B,42a87639-0b69-41e9-be8e-dab8dd30560b,98b94285-0396-4421-aba8-dac3e2ae62d0,1.0,1.0
1850.0,308398.0,1.0,2.0,51.0,40.0,150.0,400150.0,1.0,0.0,0.0,1.0,0.0,1.0,0.0,0.0,25.0,M,B,5409da79-70dd-4f62-9c32-c1aa53d8e455,88aa4079-c84e-4293-baf3-b0dc03d18da4,1.0,1.0
1850.0,308398.0,2.0,2.0,51.0,40.0,150.0,400150.0,1.0,0.0,0.0,1.0,0.0,1.0,0.0,0.0,15.0,M,B,94cdd183-8271-4de2-b950-af7fd0389184,88aa4079-c84e-4293-baf3-b0dc03d18da4,1.0,1.0
1850.0,308399.0,1.0,3.0,51.0,40.0,150.0,400150.0,1.0,0.0,0.0,1.0,0.0,1.0,0.0,0.0,20.0,F,B,731aa837-1f4c-4962-84fc-583b467e6e2b,d10a99d7-27a3-4a26-b7fa-486d71e73ced,1.0,1.0
1850.0,308399.0,2.0,3.0,51.0,40.0,150.0,400150.0,1.0,0.0,0.0,1.0,0.0,1.0,0.0,0.0,12.0,F,B,4efb6832-0141-49eb-a42e-7e31b407cfc0,d10a99d7-27a3-4a26-b7fa-486d71e73ced,1.0,1.0
1850.0,308399.0,3.0,3.0,51.0,40.0,150.0,400150.0,1.0,0.0,0.0,1.0,0.0,1.0,0.0,0.0,0.0,M,B,3b5bebb8-47ea-4a6c-8df8-c601f99ce167,d10a99d7-27a3-4a26-b7fa-486d71e73ced,1.0,1.0
1850.0,308400.0,1.0,2.0,51.0,40.0,150.0,400150.0,1.0,0.0,0.0,1.0,0.0,1.0,0.0,0.0,12.0,F,B,5846234d-6d37-4f38-8bce-59b7b60c033e,699eef92-4600-4de3-9015-ba12129afc78,2.0,1.0
1850.0,308400.0,2.0,2.0,51.0,40.0,150.0,400150.0,1.0,0.0,0.0,1.0,0.0,1.0,0.0,0.0,4.0,M,B,902094ba-08d3-4ced-8c22-661cbd6b2467,699eef92-4600-4de3-9015-ba12129afc78,2.0,1.0
1850.0,308401.0,1.0,1.0,51.0,40.0,150.0,400150.0,1.0,0.0,0.0,1.0,0.0,1.0,0.0,0.0,8.0,F,B,81e7e74e-cadb-46bb-8d8a-3f3d316c5498,94d30e4b-4970-4bf0-9782-dc3ed4580122,1.0,1.0
1850.0,308402.0,1.0,5.0,51.0,40.0,150.0,400150.0,1.0,0.0,0.0,1.0,0.0,1.0,0.0,0.0,65.0,M,B,5b9d294d-92c8-43f5-89f0-d98763e92df5,7db9b05e-7b8a-47b2-b682-f150690256b9,1.0,1.0
1850.0,308402.0,2.0,5.0,51.0,40.0,150.0,400150.0,1.0,0.0,0.0,1.0,0.0,1.0,0.0,0.0,65.0,F,B,1d8735f5-c8e7-4a8c-86d0-f7d92698c4d5,7db9b05e-7b8a-47b2-b682-f150690256b9,1.0,1.0
1850.0,308402.0,3.0,5.0,51.0,40.0,150.0,400150.0,1.0,0.0,0.0,1.0,0.0,1.0,0.0,0.0,25.0,F,B,fb1923a9-7058-48f8-9b83-bb0e7b4cebce,7db9b05e-7b8a-47b2-b682-f150690256b9,1.0,1.0
1850.0,308402.0,4.0,5.0,51.0,40.0,150.0,400150.0,1.0,0.0,0.0,1.0,0.0,1.0,0.0,0.0,20.0,F,B,994e05d8-a4c0-481d-995a-6b4d182d02ab,7db9b05e-7b8a-47b2-b682-f150690256b9,1.0,1.0
1850.0,308402.0,5.0,5.0,51.0,40.0,150.0,400150.0,1.0,0.0,0.0,1.0,0.0,1.0,0.0,0.0,16.0,M,B,a661da25-284f-4cea-bf55-4212dc1fb0c1,7db9b05e-7b8a-47b2-b682-f150690256b9,1.0,1.0
1850.0,308403.0,1.0,13.0,51.0,40.0,150.0,400150.0,1.0,0.0,0.0,1.0,0.0,1.0,0.0,0.0,35.0,F,B,c782f70c-4c48-4da8-95fd-3972dd818e7a,f19a289a-9c59-4950-b5a2-e86c67ac912a,1.0,1.0
1850.0,308403.0,2.0,13.0,51.0,40.0,150.0,400150.0,1.0,0.0,0.0,1.0,0.0,1.0,0.0,0.0,14.0,M,B,300759f5-4e41-4c0b-b57a-7aed4ef1a175,f19a289a-9c59-4950-b5a2-e86c67ac912a,1.0,1.0
1850.0,308403.0,3.0,13.0,51.0,40.0,150.0,400150.0,1.0,0.0,0.0,1.0,0.0,1.0,0.0,0.0,6.0,M,B,3e82f5b2-f1ab-46d9-99e5-2481aa4eeb2b,f19a289a-9c59-4950-b5a2-e86c67ac912a,1.0,1.0
1850.0,308403.0,4.0,13.0,51.0,40.0,150.0,400150.0,1.0,0.0,0.0,1.0,0.0,1.0,0.0,0.0,0.0,F,B,568df6e9-75f4-4266-b494-f7becc013980,f19a289a-9c59-4950-b5a2-e86c67ac912a,1.0,1.0
1850.0,308403.0,5.0,13.0,51.0,40.0,150.0,400150.0,1.0,0.0,0.0,1.0,0.0,1.0,0.0,0.0,53.0,M,B,22034c8e-adb7-4ac0-8602-cbe30379d8fd,f19a289a-9c59-4950-b5a2-e86c67ac912a,1.0,1.0
1850.0,308403.0,6.0,13.0,51.0,40.0,150.0,400150.0,1.0,0.0,0.0,1.0,0.0,1.0,0.0,0.0,45.0,F,B,062c1099-951d-44bd-8bdb-780fe45c5dba,f19a289a-9c59-4950-b5a2-e86c67ac912a,1.0,1.0
1850.0,308403.0,7.0,13.0,51.0,40.0,150.0,400150.0,1.0,0.0,0.0,1.0,0.0,1.0,0.0,0.0,21.0,M,B,d2fae5ac-85c4-4b3f-ad08-d2b9713edbd6,f19a289a-9c59-4950-b5a2-e86c67ac912a,1.0,1.0
1850.0,308403.0,8.0,13.0,51.0,40.0,150.0,400150.0,1.0,0.0,0.0,1.0,0.0,1.0,0.0,0.0,17.0,F,B,41e2a97d-cc98-439f-9ae6-b29f1fa1fc4e,f19a289a-9c59-4950-b5a2-e86c67ac912a,1.0,1.0
1850.0,308403.0,9.0,13.0,51.0,40.0,150.0,400150.0,1.0,0.0,0.0,1.0,0.0,1.0,0.0,0.0,13.0,M,B,e31cf6bd-781e-4fd5-b93f-e1b08829b376,f19a289a-9c59-4950-b5a2-e86c67ac912a,1.0,1.0
1850.0,308403.0,10.0,13.0,51.0,40.0,150.0,400150.0,1.0,0.0,0.0,1.0,0.0,1.0,0.0,0.0,7.0,M,B,b22233af-19b4-4a5a-9152-7b06212ec2cc,f19a289a-9c59-4950-b5a2-e86c67ac912a,1.0,1.0
1850.0,308403.0,11.0,13.0,51.0,40.0,150.0,400150.0,1.0,0.0,0.0,1.0,0.0,1.0,0.0,0.0,4.0,M,B,270f8399-5d22-4655-a487-b8b59798be1b,f19a289a-9c59-4950-b5a2-e86c67ac912a,1.0,1.0
1850.0,308403.0,12.0,13.0,51.0,40.0,150.0,400150.0,1.0,0.0,0.0,1.0,0.0,1.0,0.0,0.0,1.0,F,B,de520977-8506-4874-b4cd-a7d26ec0ed86,f19a289a-9c59-4950-b5a2-e86c67ac912a,1.0,1.0
1850.0,308403.0,13.0,13.0,51.0,40.0,150.0,400150.0,1.0,0.0,0.0,1.0,0.0,1.0,0.0,0.0,1.0,F,B,81a5e6fd-7af7-4ad8-a6ba-71ebb9bc7126,f19a289a-9c59-4950-b5a2-e86c67ac912a,1.0,1.0
1850.0,308404.0,1.0,9.0,51.0,40.0,150.0,400150.0,1.0,0.0,0.0,1.0,0.0,1.0,0.0,0.0,35.0,M,B,39ffae71-ff01-45ae-9372-5bd054a25fcb,a7cebfef-577a-485c-9939-3062709ce4b1,1.0,1.0
1850.0,308404.0,2.0,9.0,51.0,40.0,150.0,400150.0,1.0,0.0,0.0,1.0,0.0,1.0,0.0,0.0,30.0,F,B,9411b138-c463-4961-b961-d570b8780a99,a7cebfef-577a-485c-9939-3062709ce4b1,1.0,1.0
1850.0,308404.0,3.0,9.0,51.0,40.0,150.0,400150.0,1.0,0.0,0.0,1.0,0.0,1.0,0.0,0.0,17.0,M,B,81d705b2-6632-432c-8a22-fff1ed6148a9,a7cebfef-577a-485c-9939-3062709ce4b1,1.0,1.0
1850.0,308404.0,4.0,9.0,51.0,40.0,150.0,400150.0,1.0,0.0,0.0,1.0,0.0,1.0,0.0,0.0,14.0,M,B,2abcda28-15ba-415d-bc23-fe9a8cef3936,a7cebfef-577a-485c-9939-3062709ce4b1,1.0,1.0
1850.0,308404.0,5.0,9.0,51.0,40.0,150.0,400150.0,1.0,0.0,0.0,1.0,0.0,1.0,0.0,0.0,12.0,M,B,8a7014a7-253d-4cde-9706-d68057f3e98f,a7cebfef-577a-485c-9939-3062709ce4b1,1.0,1.0
1850.0,308404.0,6.0,9.0,51.0,40.0,150.0,400150.0,1.0,0.0,0.0,1.0,0.0,1.0,0.0,0.0,10.0,F,B,0247865c-1977-4f99-8580-fe5a67bc6264,a7cebfef-577a-485c-9939-3062709ce4b1,1.0,1.0
1850.0,308404.0,7.0,9.0,51.0,40.0,150.0,400150.0,1.0,0.0,0.0,1.0,0.0,1.0,0.0,0.0,7.0,M,B,be48cbea-2518-4438-8ff9-7b88e7133d04,a7cebfef-577a-485c-9939-3062709ce4b1,1.0,1.0
1850.0,308404.0,8.0,9.0,51.0,40.0,150.0,400150.0,1.0,0.0,0.0,1.0,0.0,1.0,0.0,0.0,3.0,F,B,19044928-f0b0-45ae-8861-606b9539e2b7,a7cebfef-577a-485c-9939-3062709ce4b1,1.0,1.0
1850.0,308404.0,9.0,9.0,51.0,40.0,150.0,400150.0,1.0,0.0,0.0,1.0,0.0,1.0,0.0,0.0,1.0,M,B,4d8d74e3-09f3-40b1-bd69-333485e05603,a7cebfef-577a-485c-9939-3062709ce4b1,1.0,1.0
1850.0,308408.0,1.0,3.0,51.0,40.0,150.0,400150.0,1.0,0.0,0.0,1.0,0.0,1.0,0.0,0.0,35.0,F,B,11e664e6-8a3e-410b-af97-7e06a516cd3c,b510557a-fb2d-4b87-89f9-ea3125dac117,1.0,1.0
1850.0,308408.0,2.0,3.0,51.0,40.0,150.0,400150.0,1.0,0.0,0.0,1.0,0.0,1.0,0.0,0.0,15.0,F,B,6a4a5e1c-66c4-4ad7-83a1-99aca467367c,b510557a-fb2d-4b87-89f9-ea3125dac117,1.0,1.0
1850.0,308408.0,3.0,3.0,51.0,40.0,150.0,400150.0,1.0,0.0,0.0,1.0,0.0,1.0,0.0,0.0,11.0,M,B,59eac6a9-a87d-4883-9ffa-3b8d54661e78,b510557a-fb2d-4b87-89f9-ea3125dac117,1.0,1.0
1850.0,308409.0,1.0,5.0,51.0,40.0,150.0,400150.0,1.0,0.0,0.0,1.0,0.0,1.0,0.0,0.0,37.0,F,B,75caa1fa-5fbb-4720-87e0-b2f94fe5647c,9bcb7f8e-42e3-4e64-9b77-7723789d2f5b,1.0,1.0
1850.0,308409.0,2.0,5.0,51.0,40.0,150.0,400150.0,1.0,0.0,0.0,1.0,0.0,1.0,0.0,0.0,25.0,F,B,320e906f-3fc8-4052-9fcd-d8a2aa8e2b03,9bcb7f8e-42e3-4e64-9b77-7723789d2f5b,1.0,1.0
1850.0,308409.0,3.0,5.0,51.0,40.0,150.0,400150.0,1.0,0.0,0.0,1.0,0.0,1.0,0.0,0.0,17.0,M,B,2e5be438-13db-4249-b93e-38d02c5f47e9,9bcb7f8e-42e3-4e64-9b77-7723789d2f5b,1.0,1.0
1850.0,308409.0,4.0,5.0,51.0,40.0,150.0,400150.0,1.0,0.0,0.0,1.0,0.0,1.0,0.0,0.0,5.0,F,B,1895e5d4-553b-4f88-925f-0b3d3b8e8c3f,9bcb7f8e-42e3-4e64-9b77-7723789d2f5b,1.0,1.0
1850.0,308409.0,5.0,5.0,51.0,40.0,150.0,400150.0,1.0,0.0,0.0,1.0,0.0,1.0,0.0,0.0,1.0,M,B,42e6078f-4067-43c0-947d-06cccbe8c163,9bcb7f8e-42e3-4e64-9b77-7723789d2f5b,1.0,1.0
1850.0,308410.0,1.0,7.0,51.0,40.0,150.0,400150.0,1.0,0.0,0.0,1.0,0.0,1.0,0.0,0.0,35.0,F,B,26320d9a-44ff-49fa-a490-7b47970d3369,f8476416-47c2-47de-af86-bce062d47adb,1.0,1.0
1850.0,308410.0,2.0,7.0,51.0,40.0,150.0,400150.0,1.0,0.0,0.0,1.0,0.0,1.0,0.0,0.0,25.0,M,B,ba1b82d5-5730-47a9-b5e1-3803880c0ed4,f8476416-47c2-47de-af86-bce062d47adb,1.0,1.0
1850.0,308410.0,3.0,7.0,51.0,40.0,150.0,400150.0,1.0,0.0,0.0,1.0,0.0,1.0,0.0,0.0,21.0,M,B,09837a71-8d40-4434-b93e-ba23010e4bc7,f8476416-47c2-47de-af86-bce062d47adb,1.0,1.0
1850.0,308410.0,4.0,7.0,51.0,40.0,150.0,400150.0,1.0,0.0,0.0,1.0,0.0,1.0,0.0,0.0,17.0,F,B,2514ba1e-206c-442a-a846-8f9563278737,f8476416-47c2-47de-af86-bce062d47adb,1.0,1.0
1850.0,308410.0,5.0,7.0,51.0,40.0,150.0,400150.0,1.0,0.0,0.0,1.0,0.0,1.0,0.0,0.0,14.0,M,B,31d8c358-bc94-44f1-8018-bb2aadb3196d,f8476416-47c2-47de-af86-bce062d47adb,1.0,1.0
1850.0,308410.0,6.0,7.0,51.0,40.0,150.0,400150.0,1.0,0.0,0.0,1.0,0.0,1.0,0.0,0.0,11.0,M,B,1da64e6f-2a7b-4bb0-b95a-e46031a8895b,f8476416-47c2-47de-af86-bce062d47adb,1.0,1.0
1850.0,308410.0,7.0,7.0,51.0,40.0,150.0,400150.0,1.0,0.0,0.0,1.0,0.0,1.0,0.0,0.0,2.0,F,B,5f604d1b-a6cd-4b9b-a335-81a9e68038f1,f8476416-47c2-47de-af86-bce062d47adb,1.0,1.0
1850.0,308411.0,1.0,4.0,51.0,40.0,150.0,400150.0,1.0,0.0,0.0,1.0,0.0,1.0,0.0,0.0,30.0,M,B,7ccbb716-bc14-4dc6-b1b5-f323eb044597,1fa3e9d2-4c49-4921-be14-3c58864a530e,1.0,1.0
1850.0,308411.0,2.0,4.0,51.0,40.0,150.0,400150.0,1.0,0.0,0.0,1.0,0.0,1.0,0.0,0.0,27.0,M,B,23113a77-c5d9-4d15-bc0a-68816bccd85d,1fa3e9d2-4c49-4921-be14-3c58864a530e,1.0,1.0
1850.0,308411.0,3.0,4.0,51.0,40.0,150.0,400150.0,1.0,0.0,0.0,1.0,0.0,1.0,0.0,0.0,22.0,F,B,31d8e793-926d-4a78-8839-49b5c9063c0f,1fa3e9d2-4c49-4921-be14-3c58864a530e,1.0,1.0
1850.0,308411.0,4.0,4.0,51.0,40.0,150.0,400150.0,1.0,0.0,0.0,1.0,0.0,1.0,0.0,0.0,22.0,F,B,d127ac30-0962-4aad-ade7-cc43f7893611,1fa3e9d2-4c49-4921-be14-3c58864a530e,1.0,1.0
1850.0,308412.0,1.0,12.0,51.0,40.0,150.0,400150.0,1.0,0.0,0.0,1.0,0.0,1.0,0.0,0.0,56.0,M,B,2b1db6d5-584b-4e26-946b-1bbd5fe0ed5c,f8cc1793-8955-4ea6-8a4c-6de73b7bfc76,1.0,1.0
1850.0,308412.0,2.0,12.0,51.0,40.0,150.0,400150.0,1.0,0.0,0.0,1.0,0.0,1.0,0.0,0.0,45.0,M,B,ad6aa4e2-cecb-46ac-892a-0830167630e0,f8cc1793-8955-4ea6-8a4c-6de73b7bfc76,1.0,1.0
1850.0,308412.0,3.0,12.0,51.0,40.0,150.0,400150.0,1.0,0.0,0.0,1.0,0.0,1.0,0.0,0.0,43.0,F,B,5ffa2183-6066-4b72-8d4e-a6ddb3571cb3,f8cc1793-8955-4ea6-8a4c-6de73b7bfc76,1.0,1.0
1850.0,308412.0,4.0,12.0,51.0,40.0,150.0,400150.0,1.0,0.0,0.0,1.0,0.0,1.0,0.0,0.0,20.0,F,B,306c73ea-f8b2-481a-b063-0e9e47a66cff,f8cc1793-8955-4ea6-8a4c-6de73b7bfc76,1.0,1.0
1850.0,308412.0,5.0,12.0,51.0,40.0,150.0,400150.0,1.0,0.0,0.0,1.0,0.0,1.0,0.0,0.0,17.0,M,B,be9c4549-1750-491f-835f-a7c6c2506522,f8cc1793-8955-4ea6-8a4c-6de73b7bfc76,1.0,1.0
1850.0,308412.0,6.0,12.0,51.0,40.0,150.0,400150.0,1.0,0.0,0.0,1.0,0.0,1.0,0.0,0.0,14.0,F,B,13cf85a6-c84e-4557-8a49-163e71ef9cf6,f8cc1793-8955-4ea6-8a4c-6de73b7bfc76,1.0,1.0
1850.0,308412.0,7.0,12.0,51.0,40.0,150.0,400150.0,1.0,0.0,0.0,1.0,0.0,1.0,0.0,0.0,13.0,M,B,7379674f-9dff-449e-bc99-dfc69d3d6ced,f8cc1793-8955-4ea6-8a4c-6de73b7bfc76,1.0,1.0
1850.0,308412.0,8.0,12.0,51.0,40.0,150.0,400150.0,1.0,0.0,0.0,1.0,0.0,1.0,0.0,0.0,11.0,F,B,b7d9450f-9f51-4226-b672-8efd7a37113d,f8cc1793-8955-4ea6-8a4c-6de73b7bfc76,1.0,1.0
1850.0,308412.0,9.0,12.0,51.0,40.0,150.0,400150.0,1.0,0.0,0.0,1.0,0.0,1.0,0.0,0.0,9.0,M,B,f43ff7f4-7bb5-4450-ae08-6ddbcfb27920,f8cc1793-8955-4ea6-8a4c-6de73b7bfc76,1.0,1.0
1850.0,308412.0,10.0,12.0,51.0,40.0,150.0,400150.0,1.0,0.0,0.0,1.0,0.0,1.0,0.0,0.0,8.0,M,B,dfd26ba2-375d-4d4a-8208-3fe01aea1808,f8cc1793-8955-4ea6-8a4c-6de73b7bfc76,1.0,1.0
1850.0,308412.0,11.0,12.0,51.0,40.0,150.0,400150.0,1.0,0.0,0.0,1.0,0.0,1.0,0.0,0.0,6.0,M,B,8ad718fe-4408-45d0-8fa2-6f80cd832081,f8cc1793-8955-4ea6-8a4c-6de73b7bfc76,1.0,1.0
1850.0,308412.0,12.0,12.0,51.0,40.0,150.0,400150.0,1.0,0.0,0.0,1.0,0.0,1.0,0.0,0.0,3.0,F,B,24f080d5-c331-4b50-a4fc-89a8da63fdd2,f8cc1793-8955-4ea6-8a4c-6de73b7bfc76,1.0,1.0
1850.0,308413.0,1.0,5.0,51.0,40.0,150.0,400150.0,1.0,0.0,0.0,1.0,0.0,1.0,0.0,0.0,29.0,F,B,e6bf5da5-b1bf-4201-8805-d9c6a5f20549,11000859-0934-4dec-866a-c910e60961f2,1.0,1.0
1850.0,308413.0,2.0,5.0,51.0,40.0,150.0,400150.0,1.0,0.0,0.0,1.0,0.0,1.0,0.0,0.0,25.0,M,B,091ddb56-30fb-44fa-88be-477d8d5cc4d2,11000859-0934-4dec-866a-c910e60961f2,1.0,1.0
1850.0,308413.0,3.0,5.0,51.0,40.0,150.0,400150.0,1.0,0.0,0.0,1.0,0.0,1.0,0.0,0.0,12.0,M,B,a1445b39-1a97-4efa-ac15-ba3442f2b1c0,11000859-0934-4dec-866a-c910e60961f2,1.0,1.0
1850.0,308413.0,4.0,5.0,51.0,40.0,150.0,400150.0,1.0,0.0,0.0,1.0,0.0,1.0,0.0,0.0,10.0,M,B,de4bd13c-1539-4722-904c-9d447b1b318e,11000859-0934-4dec-866a-c910e60961f2,1.0,1.0
1850.0,308413.0,5.0,5.0,51.0,40.0,150.0,400150.0,1.0,0.0,0.0,1.0,0.0,1.0,0.0,0.0,6.0,F,B,8e58602d-8d2f-43ae-8ee5-32cc59672ae0,11000859-0934-4dec-866a-c910e60961f2,1.0,1.0
1850.0,308405.0,1.0,2.0,51.0,40.0,150.0,400150.0,1.0,0.0,0.0,1.0,0.0,1.0,0.0,0.0,17.0,F,B,1f62f2b1-1f40-4340-8164-b6e668d88977,32e0791d-65ad-437e-a5de-aa2b7aca94cb,1.0,1.0
1850.0,308405.0,2.0,2.0,51.0,40.0,150.0,400150.0,1.0,0.0,0.0,1.0,0.0,1.0,0.0,0.0,1.0,F,B,a3248c6a-4c1a-4bb5-9723-e2bbb7afca05,32e0791d-65ad-437e-a5de-aa2b7aca94cb,1.0,1.0
1850.0,308406.0,1.0,1.0,51.0,40.0,150.0,400150.0,1.0,0.0,0.0,1.0,0.0,1.0,0.0,0.0,9.0,F,B,55c9f219-dfa9-4fbb-b9c6-24d6c49662df,fd06bb78-4984-4273-9060-328da5259c03,2.0,1.0
1850.0,308407.0,1.0,1.0,51.0,40.0,150.0,400150.0,1.0,0.0,0.0,1.0,0.0,1.0,0.0,0.0,40.0,M,B,0fe4b1f1-020c-4331-9a49-b71666ae10a2,a67efb88-3d54-4fdc-8202-e55240e953a3,1.0,1.0
1850.0,308415.0,1.0,8.0,51.0,40.0,150.0,400150.0,1.0,0.0,0.0,1.0,0.0,1.0,0.0,0.0,20.0,F,B,19b2dd05-4959-4185-b67e-7d51e4cf6e61,,0.0,1.0
1850.0,308415.0,2.0,8.0,51.0,40.0,150.0,400150.0,1.0,0.0,0.0,1.0,0.0,1.0,0.0,0.0,13.0,M,B,bc82b678-5b4c-4b44-a78b-6cec94b7d5d0,,0.0,1.0
1850.0,308415.0,3.0,8.0,51.0,40.0,150.0,400150.0,1.0,0.0,0.0,1.0,0.0,1.0,0.0,0.0,11.0,M,B,dbc3575d-e965-47f6-8c4f-bd243c1f7ca7,,0.0,1.0
1850.0,308415.0,4.0,8.0,51.0,40.0,150.0,400150.0,1.0,0.0,0.0,1.0,0.0,1.0,0.0,0.0,5.0,M,B,b613bc33-bb4c-445d-813f-01486ba4b762,,0.0,1.0
1850.0,308415.0,5.0,8.0,51.0,40.0,150.0,400150.0,1.0,0.0,0.0,1.0,0.0,1.0,0.0,0.0,3.0,M,B,e02d8951-9c2f-4545-afe5-954b84e5c080,,0.0,1.0
1850.0,308415.0,6.0,8.0,51.0,40.0,150.0,400150.0,1.0,0.0,0.0,1.0,0.0,1.0,0.0,0.0,45.0,F,B,00b23680-687d-479e-9eaa-7d8d6471a0d8,,0.0,1.0
1850.0,308415.0,7.0,8.0,51.0,40.0,150.0,400150.0,1.0,0.0,0.0,1.0,0.0,1.0,0.0,0.0,21.0,M,B,1c7d4230-0cd6-48dc-bdcd-0cbd5521830b,,0.0,1.0
1850.0,308415.0,8.0,8.0,51.0,40.0,150.0,400150.0,1.0,0.0,0.0,1.0,0.0,1.0,0.0,0.0,21.0,F,B,584900b0-93f9-4b1e-a237-e6f7ab54f459,,0.0,1.0
1850.0,308416.0,1.0,12.0,51.0,40.0,150.0,400150.0,1.0,0.0,0.0,1.0,0.0,1.0,0.0,0.0,58.0,M,B,b88532ac-9024-4325-9911-957357791ee9,e03e53f4-230e-44bd-96e5-780184b068a6,1.0,1.0
1850.0,308416.0,2.0,12.0,51.0,40.0,150.0,400150.0,1.0,0.0,0.0,1.0,0.0,1.0,0.0,0.0,54.0,M,B,7cd127cc-2697-4bec-b7f8-a19d8337a19d,e03e53f4-230e-44bd-96e5-780184b068a6,1.0,1.0
1850.0,308416.0,3.0,12.0,51.0,40.0,150.0,400150.0,1.0,0.0,0.0,1.0,0.0,1.0,0.0,0.0,25.0,M,B,87b092c3-f9ea-4667-a317-0c9bf83451f6,e03e53f4-230e-44bd-96e5-780184b068a6,1.0,1.0
1850.0,308416.0,4.0,12.0,51.0,40.0,150.0,400150.0,1.0,0.0,0.0,1.0,0.0,1.0,0.0,0.0,28.0,M,B,4d11f193-da94-4cde-bca8-8350762542b5,e03e53f4-230e-44bd-96e5-780184b068a6,1.0,1.0
1850.0,308416.0,5.0,12.0,51.0,40.0,150.0,400150.0,1.0,0.0,0.0,1.0,0.0,1.0,0.0,0.0,10.0,M,B,02ad595e-13bd-4898-a191-40476ccad0b0,e03e53f4-230e-44bd-96e5-780184b068a6,1.0,1.0
1850.0,308416.0,6.0,12.0,51.0,40.0,150.0,400150.0,1.0,0.0,0.0,1.0,0.0,1.0,0.0,0.0,10.0,M,B,fa51d8e5-c279-4a69-8841-9d9d012f57ba,e03e53f4-230e-44bd-96e5-780184b068a6,1.0,1.0
1850.0,308416.0,7.0,12.0,51.0,40.0,150.0,400150.0,1.0,0.0,0.0,1.0,0.0,1.0,0.0,0.0,2.0,M,B,054b7ac3-790c-48c6-8c88-5abf1e7bf692,e03e53f4-230e-44bd-96e5-780184b068a6,1.0,1.0
1850.0,308416.0,8.0,12.0,51.0,40.0,150.0,400150.0,1.0,0.0,0.0,1.0,0.0,1.0,0.0,0.0,2.0,M,B,e1e5f785-939e-4745-bb2a-93dfc13d9509,e03e53f4-230e-44bd-96e5-780184b068a6,1.0,1.0
1850.0,308416.0,9.0,12.0,51.0,40.0,150.0,400150.0,1.0,0.0,0.0,1.0,0.0,1.0,0.0,0.0,52.0,F,B,594f4143-b387-4533-8ee1-89590c7563d0,e03e53f4-230e-44bd-96e5-780184b068a6,1.0,1.0
1850.0,308416.0,10.0,12.0,51.0,40.0,150.0,400150.0,1.0,0.0,0.0,1.0,0.0,1.0,0.0,0.0,53.0,F,B,871f1539-5008-4aab-8281-59acd99eac53,e03e53f4-230e-44bd-96e5-780184b068a6,1.0,1.0
1850.0,308416.0,11.0,12.0,51.0,40.0,150.0,400150.0,1.0,0.0,0.0,1.0,0.0,1.0,0.0,0.0,24.0,F,B,1363ca15-a974-404c-ad77-9ae294ee98e6,e03e53f4-230e-44bd-96e5-780184b068a6,1.0,1.0
1850.0,308416.0,12.0,12.0,51.0,40.0,150.0,400150.0,1.0,0.0,0.0,1.0,0.0,1.0,0.0,0.0,6.0,F,B,d5e37d9c-dae7-4b4d-9ffc-272e7173c3b0,e03e53f4-230e-44bd-96e5-780184b068a6,1.0,1.0
1850.0,308417.0,1.0,11.0,51.0,40.0,150.0,400150.0,1.0,0.0,0.0,1.0,0.0,1.0,0.0,0.0,90.0,M,B,f11e6ad9-fb9b-4174-8e6b-754402b17946,c1109cdd-2c78-40b4-94e7-6c253c9841b8,1.0,1.0
1850.0,308417.0,2.0,11.0,51.0,40.0,150.0,400150.0,1.0,0.0,0.0,1.0,0.0,1.0,0.0,0.0,40.0,F,B,7141dd8f-e2c8-497e-b25a-01fc7568dfd4,c1109cdd-2c78-40b4-94e7-6c253c9841b8,1.0,1.0
1850.0,308417.0,3.0,11.0,51.0,40.0,150.0,400150.0,1.0,0.0,0.0,1.0,0.0,1.0,0.0,0.0,55.0,M,B,bdf37163-3d81-49ab-96f5-7d7f6a64c678,c1109cdd-2c78-40b4-94e7-6c253c9841b8,1.0,1.0
1850.0,308417.0,4.0,11.0,51.0,40.0,150.0,400150.0,1.0,0.0,0.0,1.0,0.0,1.0,0.0,0.0,22.0,M,B,f9dc47a9-a4c3-48ad-9e81-f0f1796b0de1,c1109cdd-2c78-40b4-94e7-6c253c9841b8,1.0,1.0
1850.0,308417.0,5.0,11.0,51.0,40.0,150.0,400150.0,1.0,0.0,0.0,1.0,0.0,1.0,0.0,0.0,16.0,F,B,35a4bcd4-cb24-4f8c-bdfa-93106df69be4,c1109cdd-2c78-40b4-94e7-6c253c9841b8,1.0,1.0
1850.0,308417.0,6.0,11.0,51.0,40.0,150.0,400150.0,1.0,0.0,0.0,1.0,0.0,1.0,0.0,0.0,13.0,M,B,81e7a0df-4f5d-4c9a-88b0-08dc843951c3,c1109cdd-2c78-40b4-94e7-6c253c9841b8,1.0,1.0
1850.0,308417.0,7.0,11.0,51.0,40.0,150.0,400150.0,1.0,0.0,0.0,1.0,0.0,1.0,0.0,0.0,12.0,F,B,3510bb91-1a76-439d-a778-53368c23334c,c1109cdd-2c78-40b4-94e7-6c253c9841b8,1.0,1.0
1850.0,308417.0,8.0,11.0,51.0,40.0,150.0,400150.0,1.0,0.0,0.0,1.0,0.0,1.0,0.0,0.0,9.0,F,B,8ded5d78-e88d-4ea3-8cb5-27479967ba25,c1109cdd-2c78-40b4-94e7-6c253c9841b8,1.0,1.0
1850.0,308417.0,9.0,11.0,51.0,40.0,150.0,400150.0,1.0,0.0,0.0,1.0,0.0,1.0,0.0,0.0,8.0,M,B,bc864e0a-69ff-4607-a6c1-ec8b0abe552b,c1109cdd-2c78-40b4-94e7-6c253c9841b8,1.0,1.0
1850.0,308417.0,10.0,11.0,51.0,40.0,150.0,400150.0,1.0,0.0,0.0,1.0,0.0,1.0,0.0,0.0,6.0,F,B,ed029db4-3d7e-4d11-99ce-532c291fd2b4,c1109cdd-2c78-40b4-94e7-6c253c9841b8,1.0,1.0
1850.0,308417.0,11.0,11.0,51.0,40.0,150.0,400150.0,1.0,0.0,0.0,1.0,0.0,1.0,0.0,0.0,4.0,F,B,be99d7d3-5055-4e7c-b131-8be061098605,c1109cdd-2c78-40b4-94e7-6c253c9841b8,1.0,1.0
1850.0,308418.0,1.0,7.0,51.0,40.0,150.0,400150.0,1.0,0.0,0.0,1.0,0.0,1.0,0.0,0.0,40.0,M,B,b3abfb57-6041-4f29-8ae0-3deb5ec36b1f,9b2e5e4d-537c-4827-9524-1b04397ff083,1.0,1.0
1850.0,308418.0,2.0,7.0,51.0,40.0,150.0,400150.0,1.0,0.0,0.0,1.0,0.0,1.0,0.0,0.0,40.0,F,B,c646b9d7-dd34-4496-8890-a76838936284,9b2e5e4d-537c-4827-9524-1b04397ff083,1.0,1.0
1850.0,308418.0,3.0,7.0,51.0,40.0,150.0,400150.0,1.0,0.0,0.0,1.0,0.0,1.0,0.0,0.0,16.0,M,B,c4d86e56-b040-47c8-951e-8d874a9c651b,9b2e5e4d-537c-4827-9524-1b04397ff083,1.0,1.0
1850.0,308418.0,4.0,7.0,51.0,40.0,150.0,400150.0,1.0,0.0,0.0,1.0,0.0,1.0,0.0,0.0,16.0,F,B,8dcf09d0-5ee2-4115-bc77-ba2b98b45000,9b2e5e4d-537c-4827-9524-1b04397ff083,1.0,1.0
1850.0,308418.0,5.0,7.0,51.0,40.0,150.0,400150.0,1.0,0.0,0.0,1.0,0.0,1.0,0.0,0.0,9.0,M,B,64d69466-8291-4022-bfa6-32c657036e3e,9b2e5e4d-537c-4827-9524-1b04397ff083,1.0,1.0
1850.0,308418.0,6.0,7.0,51.0,40.0,150.0,400150.0,1.0,0.0,0.0,1.0,0.0,1.0,0.0,0.0,5.0,M,B,b4a8a7a6-48fa-4eba-aec3-0a5ccfc74464,9b2e5e4d-537c-4827-9524-1b04397ff083,1.0,1.0
1850.0,308418.0,7.0,7.0,51.0,40.0,150.0,400150.0,1.0,0.0,0.0,1.0,0.0,1.0,0.0,0.0,2.0,F,B,d8b57b7e-412f-49f4-a2ea-54128dc723d9,9b2e5e4d-537c-4827-9524-1b04397ff083,1.0,1.0
1850.0,308414.0,1.0,3.0,51.0,40.0,150.0,400150.0,1.0,0.0,0.0,1.0,0.0,1.0,0.0,0.0,55.0,M,B,73ef3c9c-34f5-42cc-9b84-6c843a100907,34edac8c-2006-4379-8a98-73913bd03e29,1.0,1.0
1850.0,308414.0,2.0,3.0,51.0,40.0,150.0,400150.0,1.0,0.0,0.0,1.0,0.0,1.0,0.0,0.0,14.0,F,B,4350a80f-52a8-4ff7-b6eb-aa635c4317ce,34edac8c-2006-4379-8a98-73913bd03e29,1.0,1.0
1850.0,308414.0,3.0,3.0,51.0,40.0,150.0,400150.0,1.0,0.0,0.0,1.0,0.0,1.0,0.0,0.0,1.0,F,B,79867641-359e-47d5-869f-3787f403f4f3,34edac8c-2006-4379-8a98-73913bd03e29,1.0,1.0
1850.0,308419.0,1.0,13.0,51.0,40.0,150.0,400150.0,1.0,0.0,0.0,1.0,0.0,1.0,0.0,0.0,16.0,M,B,d23ca21b-6191-435c-aa5b-130f9caceb53,,0.0,1.0
1850.0,308419.0,2.0,13.0,51.0,40.0,150.0,400150.0,1.0,0.0,0.0,1.0,0.0,1.0,0.0,0.0,16.0,M,B,62400918-e2af-4196-b14d-4b27d4784af9,,0.0,1.0
1850.0,308419.0,3.0,13.0,51.0,40.0,150.0,400150.0,1.0,0.0,0.0,1.0,0.0,1.0,0.0,0.0,14.0,M,B,958ac07c-87ab-44ab-a7a0-d9304d574ec0,,0.0,1.0
1850.0,308419.0,4.0,13.0,51.0,40.0,150.0,400150.0,1.0,0.0,0.0,1.0,0.0,1.0,0.0,0.0,12.0,M,B,5199bb76-827d-43e6-8cc4-0dac2a1b69d3,,0.0,1.0
1850.0,308419.0,5.0,13.0,51.0,40.0,150.0,400150.0,1.0,0.0,0.0,1.0,0.0,1.0,0.0,0.0,1.0,M,B,2a651304-4543-423b-8759-da3e59890027,,0.0,1.0
1850.0,308419.0,6.0,13.0,51.0,40.0,150.0,400150.0,1.0,0.0,0.0,1.0,0.0,1.0,0.0,0.0,20.0,F,B,dafa12f8-dd6d-4b2d-9b18-1ba35da51d44,,0.0,1.0
1850.0,308419.0,7.0,13.0,51.0,40.0,150.0,400150.0,1.0,0.0,0.0,1.0,0.0,1.0,0.0,0.0,42.0,F,B,a5178d9b-00f2-4eea-ae2f-6638fe1149b6,,0.0,1.0
1850.0,308419.0,8.0,13.0,51.0,40.0,150.0,400150.0,1.0,0.0,0.0,1.0,0.0,1.0,0.0,0.0,40.0,M,B,4c2a70a5-d41a-4885-b541-ecdda17544cd,,0.0,1.0
1850.0,308419.0,9.0,13.0,51.0,40.0,150.0,400150.0,1.0,0.0,0.0,1.0,0.0,1.0,0.0,0.0,38.0,F,B,3b3fd7e4-221e-48d7-967c-3f1061bfa4c0,,0.0,1.0
1850.0,308419.0,10.0,13.0,51.0,40.0,150.0,400150.0,1.0,0.0,0.0,1.0,0.0,1.0,0.0,0.0,35.0,F,B,dfb35620-5a06-4c57-be4e-d11d3853ad5e,,0.0,1.0
1850.0,308419.0,11.0,13.0,51.0,40.0,150.0,400150.0,1.0,0.0,0.0,1.0,0.0,1.0,0.0,0.0,25.0,M,B,8572ad9e-005a-41d4-85e3-89e0b5073ec6,,0.0,1.0
1850.0,308419.0,12.0,13.0,51.0,40.0,150.0,400150.0,1.0,0.0,0.0,1.0,0.0,1.0,0.0,0.0,20.0,M,B,c7ca7c79-6693-4bd4-a817-b92f668e5152,,0.0,1.0
1850.0,308419.0,13.0,13.0,51.0,40.0,150.0,400150.0,1.0,0.0,0.0,1.0,0.0,1.0,0.0,0.0,18.0,F,B,b923430f-2751-48d6-b2fc-a9361fde2bd8,,0.0,1.0
1850.0,308420.0,1.0,1.0,51.0,40.0,150.0,400150.0,1.0,0.0,0.0,1.0,0.0,1.0,0.0,0.0,15.0,M,B,c124fbf5-c661-400a-9d85-92cefde1bdf0,,0.0,1.0
1850.0,308421.0,1.0,1.0,51.0,40.0,150.0,400150.0,1.0,0.0,0.0,1.0,0.0,1.0,0.0,0.0,999.0,M,B,aaabe2ca-3db4-45a8-a578-ccac19af5b64,,0.0,1.0
1850.0,308422.0,1.0,4.0,51.0,40.0,150.0,400150.0,1.0,0.0,0.0,1.0,0.0,1.0,0.0,0.0,31.0,M,B,10e2ff5b-7670-4528-a55c-084e22493947,,0.0,1.0
1850.0,308422.0,2.0,4.0,51.0,40.0,150.0,400150.0,1.0,0.0,0.0,1.0,0.0,1.0,0.0,0.0,29.0,F,B,8c54f166-fee4-47cc-bf5e-e0351755a180,,0.0,1.0
1850.0,308422.0,3.0,4.0,51.0,40.0,150.0,400150.0,1.0,0.0,0.0,1.0,0.0,1.0,0.0,0.0,24.0,M,B,f5e373ff-dd04-4955-a4bc-22ece167df18,,0.0,1.0
1850.0,308422.0,4.0,4.0,51.0,40.0,150.0,400150.0,1.0,0.0,0.0,1.0,0.0,1.0,0.0,0.0,22.0,F,B,ca061eab-a808-4c66-8afa-7e6d76036bd1,,0.0,1.0
1850.0,308423.0,1.0,3.0,51.0,40.0,150.0,400150.0,1.0,0.0,0.0,1.0,0.0,1.0,0.0,0.0,32.0,F,B,8bc7ecf7-90ff-4c05-9f52-6918b33af2e5,,0.0,1.0
1850.0,308423.0,2.0,3.0,51.0,40.0,150.0,400150.0,1.0,0.0,0.0,1.0,0.0,1.0,0.0,0.0,40.0,M,B,8f3d9fed-e109-4c20-9b71-59e6b36c15c1,,0.0,1.0
1850.0,308423.0,3.0,3.0,51.0,40.0,150.0,400150.0,1.0,0.0,0.0,1.0,0.0,1.0,0.0,0.0,2.0,M,B,d4bf4216-d623-49d8-b716-304bd56d028a,,0.0,1.0
1850.0,308424.0,1.0,3.0,51.0,40.0,150.0,400150.0,1.0,0.0,0.0,1.0,0.0,1.0,0.0,0.0,32.0,F,B,999b041a-baf2-49d1-90e7-9b7ade54f73d,,0.0,1.0
1850.0,308424.0,2.0,3.0,51.0,40.0,150.0,400150.0,1.0,0.0,0.0,1.0,0.0,1.0,0.0,0.0,8.0,F,B,69778e49-7d0a-4e53-9830-e25b9d6488b2,,0.0,1.0
1850.0,308424.0,3.0,3.0,51.0,40.0,150.0,400150.0,1.0,0.0,0.0,1.0,0.0,1.0,0.0,0.0,12.0,M,B,ec72e48e-d932-4329-bac0-5daa93d81e5d,,0.0,1.0
1850.0,308425.0,1.0,10.0,51.0,40.0,150.0,400150.0,1.0,0.0,0.0,1.0,0.0,1.0,0.0,0.0,48.0,M,B,17b83e15-85bc-444b-acc1-6dedff405d70,,0.0,1.0
1850.0,308425.0,2.0,10.0,51.0,40.0,150.0,400150.0,1.0,0.0,0.0,1.0,0.0,1.0,0.0,0.0,40.0,M,B,72dbc9f8-8fe1-4662-97f2-6e9753c85f84,,0.0,1.0
1850.0,308425.0,3.0,10.0,51.0,40.0,150.0,400150.0,1.0,0.0,0.0,1.0,0.0,1.0,0.0,0.0,32.0,M,B,1324b2a0-470d-4022-b640-cf7546bd7108,,0.0,1.0
1850.0,308425.0,4.0,10.0,51.0,40.0,150.0,400150.0,1.0,0.0,0.0,1.0,0.0,1.0,0.0,0.0,25.0,F,B,faf484ab-7cef-4d4b-ab96-f0854a146c39,,0.0,1.0
1850.0,308425.0,5.0,10.0,51.0,40.0,150.0,400150.0,1.0,0.0,0.0,1.0,0.0,1.0,0.0,0.0,20.0,F,B,f07b2372-8608-4932-a92b-ef771e0f6d89,,0.0,1.0
1850.0,308425.0,6.0,10.0,51.0,40.0,150.0,400150.0,1.0,0.0,0.0,1.0,0.0,1.0,0.0,0.0,14.0,M,B,ee81f2f5-8255-439e-9a89-ef55e90cd316,,0.0,1.0
1850.0,308425.0,7.0,10.0,51.0,40.0,150.0,400150.0,1.0,0.0,0.0,1.0,0.0,1.0,0.0,0.0,11.0,M,B,35526ad0-8289-4709-a236-339a9715f0ef,,0.0,1.0
1850.0,308425.0,8.0,10.0,51.0,40.0,150.0,400150.0,1.0,0.0,0.0,1.0,0.0,1.0,0.0,0.0,6.0,F,B,bcc211b0-706d-431b-99c8-6b9103418fe8,,0.0,1.0
1850.0,308425.0,9.0,10.0,51.0,40.0,150.0,400150.0,1.0,0.0,0.0,1.0,0.0,1.0,0.0,0.0,3.0,M,B,a6a16aba-cc4e-4d23-8425-3cee1ce95a14,,0.0,1.0
1850.0,308425.0,10.0,10.0,51.0,40.0,150.0,400150.0,1.0,0.0,0.0,1.0,0.0,1.0,0.0,0.0,0.0,M,B,26f1f685-918a-4658-aa7c-9070920f6ed6,,0.0,1.0
1850.0,308426.0,1.0,16.0,51.0,40.0,150.0,400150.0,1.0,0.0,0.0,1.0,0.0,1.0,0.0,0.0,50.0,M,B,71a36bd2-3761-4e25-b07e-0bde86d4cab3,,0.0,1.0
1850.0,308426.0,2.0,16.0,51.0,40.0,150.0,400150.0,1.0,0.0,0.0,1.0,0.0,1.0,0.0,0.0,40.0,F,B,6b5f341d-cae0-4dbc-bf41-333c547ed090,,0.0,1.0
1850.0,308426.0,3.0,16.0,51.0,40.0,150.0,400150.0,1.0,0.0,0.0,1.0,0.0,1.0,0.0,0.0,30.0,M,B,20524e30-0471-4cb4-9557-ee8169b922b5,,0.0,1.0
1850.0,308426.0,4.0,16.0,51.0,40.0,150.0,400150.0,1.0,0.0,0.0,1.0,0.0,1.0,0.0,0.0,26.0,F,B,21e39906-f637-4173-a3a2-c6fbb7e821ad,,0.0,1.0
1850.0,308426.0,5.0,16.0,51.0,40.0,150.0,400150.0,1.0,0.0,0.0,1.0,0.0,1.0,0.0,0.0,24.0,F,B,023e9531-673d-4f94-a704-18bfba6afc39,,0.0,1.0
1850.0,308426.0,6.0,16.0,51.0,40.0,150.0,400150.0,1.0,0.0,0.0,1.0,0.0,1.0,0.0,0.0,23.0,M,B,1bc658ff-b106-4f47-8de3-bc579c273297,,0.0,1.0
1850.0,308426.0,7.0,16.0,51.0,40.0,150.0,400150.0,1.0,0.0,0.0,1.0,0.0,1.0,0.0,0.0,2.0,F,B,6fc84778-4824-4774-bc08-f11dc3d1d64c,,0.0,1.0
1850.0,308426.0,8.0,16.0,51.0,40.0,150.0,400150.0,1.0,0.0,0.0,1.0,0.0,1.0,0.0,0.0,2.0,F,B,d5e0c195-773a-41ff-b1a4-42721dbdbcbf,,0.0,1.0
1850.0,308426.0,9.0,16.0,51.0,40.0,150.0,400150.0,1.0,0.0,0.0,1.0,0.0,1.0,0.0,0.0,10.0,F,B,1fdd2a74-b05c-44ee-9278-365c4b696223,,0.0,1.0
1850.0,308426.0,10.0,16.0,51.0,40.0,150.0,400150.0,1.0,0.0,0.0,1.0,0.0,1.0,0.0,0.0,10.0,M,B,8f456101-4f1d-45b9-895c-e9eec6ea5a64,,0.0,1.0
1850.0,308426.0,11.0,16.0,51.0,40.0,150.0,400150.0,1.0,0.0,0.0,1.0,0.0,1.0,0.0,0.0,9.0,M,B,06efe333-9bb6-457f-984a-5a9465ec8acd,,0.0,1.0
1850.0,308426.0,12.0,16.0,51.0,40.0,150.0,400150.0,1.0,0.0,0.0,1.0,0.0,1.0,0.0,0.0,7.0,M,B,1342dc34-287d-43ef-b2ef-b425d1759cf7,,0.0,1.0
1850.0,308426.0,13.0,16.0,51.0,40.0,150.0,400150.0,1.0,0.0,0.0,1.0,0.0,1.0,0.0,0.0,5.0,M,B,6a458c8a-eb07-4b52-9e80-1bdf7739f234,,0.0,1.0
1850.0,308426.0,14.0,16.0,51.0,40.0,150.0,400150.0,1.0,0.0,0.0,1.0,0.0,1.0,0.0,0.0,5.0,M,B,be4f7210-e12d-4203-83e5-d00f292352af,,0.0,1.0
1850.0,308426.0,15.0,16.0,51.0,40.0,150.0,400150.0,1.0,0.0,0.0,1.0,0.0,1.0,0.0,0.0,7.0,F,B,a13e3bde-a677-487d-82a7-b90907b6662d,,0.0,1.0
1850.0,308426.0,16.0,16.0,51.0,40.0,150.0,400150.0,1.0,0.0,0.0,1.0,0.0,1.0,0.0,0.0,3.0,F,B,e312ea8d-bafc-43c3-9fd1-841a39df4735,,0.0,1.0
1850.0,308427.0,1.0,4.0,51.0,40.0,150.0,400150.0,1.0,0.0,0.0,1.0,0.0,1.0,0.0,0.0,23.0,M,B,41c12f1c-6698-4799-a426-d5ef33552a71,,0.0,1.0
1850.0,308427.0,2.0,4.0,51.0,40.0,150.0,400150.0,1.0,0.0,0.0,1.0,0.0,1.0,0.0,0.0,21.0,F,B,83912db7-a718-477c-a476-133c4f7cd176,,0.0,1.0
1850.0,308427.0,3.0,4.0,51.0,40.0,150.0,400150.0,1.0,0.0,0.0,1.0,0.0,1.0,0.0,0.0,19.0,F,B,35b7a26e-126a-4437-8396-90132b850f2b,,0.0,1.0
1850.0,308427.0,4.0,4.0,51.0,40.0,150.0,400150.0,1.0,0.0,0.0,1.0,0.0,1.0,0.0,0.0,17.0,F,B,ed2f7642-a116-46ed-9480-9c4abc535c69,,0.0,1.0
1850.0,308428.0,1.0,3.0,51.0,40.0,150.0,400150.0,1.0,0.0,0.0,1.0,0.0,1.0,0.0,0.0,35.0,F,B,0538c460-efbd-49d1-9d1f-41628e04bc07,,0.0,1.0
1850.0,308428.0,2.0,3.0,51.0,40.0,150.0,400150.0,1.0,0.0,0.0,1.0,0.0,1.0,0.0,0.0,5.0,F,B,045ce5d7-962d-4dc3-876c-d2ec9e002575,,0.0,1.0
1850.0,308428.0,3.0,3.0,51.0,40.0,150.0,400150.0,1.0,0.0,0.0,1.0,0.0,1.0,0.0,0.0,999.0,M,B,7539d868-6fbf-4041-9f18-cf6d0baaf259,,0.0,1.0
1850.0,308429.0,1.0,8.0,51.0,40.0,150.0,400150.0,1.0,0.0,0.0,1.0,0.0,1.0,0.0,0.0,32.0,M,B,9fea4cbe-a4bf-44d9-b5f8-1250973b974a,c2491873-4120-431d-9537-a534e9e180fa,2.0,1.0
1850.0,308429.0,2.0,8.0,51.0,40.0,150.0,400150.0,1.0,0.0,0.0,1.0,0.0,1.0,0.0,0.0,32.0,M,B,dc176beb-f420-4119-8c53-d06022f16c75,c2491873-4120-431d-9537-a534e9e180fa,2.0,1.0
1850.0,308429.0,3.0,8.0,51.0,40.0,150.0,400150.0,1.0,0.0,0.0,1.0,0.0,1.0,0.0,0.0,31.0,M,B,a5e330d3-1140-4311-b49f-b9ff62524ab4,c2491873-4120-431d-9537-a534e9e180fa,2.0,1.0
1850.0,308429.0,4.0,8.0,51.0,40.0,150.0,400150.0,1.0,0.0,0.0,1.0,0.0,1.0,0.0,0.0,999.0,M,B,3ed7905e-06cf-4ffb-99ec-0a0f1c19ae2d,c2491873-4120-431d-9537-a534e9e180fa,2.0,1.0
1850.0,308429.0,5.0,8.0,51.0,40.0,150.0,400150.0,1.0,0.0,0.0,1.0,0.0,1.0,0.0,0.0,15.0,M,B,f573e9f2-0db5-42a1-929c-d5354516564b,c2491873-4120-431d-9537-a534e9e180fa,2.0,1.0
1850.0,308429.0,6.0,8.0,51.0,40.0,150.0,400150.0,1.0,0.0,0.0,1.0,0.0,1.0,0.0,0.0,10.0,M,B,1f164a53-94fb-4bb5-952a-3c121adc07d1,c2491873-4120-431d-9537-a534e9e180fa,2.0,1.0
1850.0,308429.0,7.0,8.0,51.0,40.0,150.0,400150.0,1.0,0.0,0.0,1.0,0.0,1.0,0.0,0.0,6.0,M,B,011fe022-2c5d-43c2-88a4-1be47a0223a2,c2491873-4120-431d-9537-a534e9e180fa,2.0,1.0
1850.0,308429.0,8.0,8.0,51.0,40.0,150.0,400150.0,1.0,0.0,0.0,1.0,0.0,1.0,0.0,0.0,8.0,M,B,47312319-c9a0-464a-88e5-deb7dc20a84d,c2491873-4120-431d-9537-a534e9e180fa,2.0,1.0
1850.0,308430.0,1.0,9.0,51.0,40.0,150.0,400150.0,1.0,0.0,0.0,1.0,0.0,1.0,0.0,0.0,55.0,F,B,cd350a94-5a73-466a-b908-04f37668ea38,15fcf637-9fc3-4daa-9eb4-f7c0b9c3128f,2.0,1.0
1850.0,308430.0,2.0,9.0,51.0,40.0,150.0,400150.0,1.0,0.0,0.0,1.0,0.0,1.0,0.0,0.0,50.0,M,B,c6c2bcaa-fdae-4f0a-af88-7b6588e0e489,15fcf637-9fc3-4daa-9eb4-f7c0b9c3128f,2.0,1.0
1850.0,308430.0,3.0,9.0,51.0,40.0,150.0,400150.0,1.0,0.0,0.0,1.0,0.0,1.0,0.0,0.0,22.0,F,B,daf2f577-ed5e-467a-b2d2-25dc76ba38cd,15fcf637-9fc3-4daa-9eb4-f7c0b9c3128f,2.0,1.0
1850.0,308430.0,4.0,9.0,51.0,40.0,150.0,400150.0,1.0,0.0,0.0,1.0,0.0,1.0,0.0,0.0,19.0,F,B,e672fcb0-bcb3-42da-9f7c-b78930c05099,15fcf637-9fc3-4daa-9eb4-f7c0b9c3128f,2.0,1.0
1850.0,308430.0,5.0,9.0,51.0,40.0,150.0,400150.0,1.0,0.0,0.0,1.0,0.0,1.0,0.0,0.0,14.0,M,B,6072e5d2-60df-4106-a1de-9c6f41f52347,15fcf637-9fc3-4daa-9eb4-f7c0b9c3128f,2.0,1.0
1850.0,308430.0,6.0,9.0,51.0,40.0,150.0,400150.0,1.0,0.0,0.0,1.0,0.0,1.0,0.0,0.0,10.0,F,B,b9e2575b-b146-4ecf-9476-9e6aba1f2f22,15fcf637-9fc3-4daa-9eb4-f7c0b9c3128f,2.0,1.0
1850.0,308430.0,7.0,9.0,51.0,40.0,150.0,400150.0,1.0,0.0,0.0,1.0,0.0,1.0,0.0,0.0,8.0,F,B,5627e8af-7747-4d96-8909-1bc9af6c1caa,15fcf637-9fc3-4daa-9eb4-f7c0b9c3128f,2.0,1.0
1850.0,308430.0,8.0,9.0,51.0,40.0,150.0,400150.0,1.0,0.0,0.0,1.0,0.0,1.0,0.0,0.0,24.0,M,B,5d6b55f4-9a00-48b1-9370-40c9db59ac8b,15fcf637-9fc3-4daa-9eb4-f7c0b9c3128f,2.0,1.0
1850.0,308430.0,9.0,9.0,51.0,40.0,150.0,400150.0,1.0,0.0,0.0,1.0,0.0,1.0,0.0,0.0,1.0,M,B,a294febf-0f5d-48d8-a5e1-9c056b48f215,15fcf637-9fc3-4daa-9eb4-f7c0b9c3128f,2.0,1.0
1850.0,308431.0,1.0,7.0,51.0,40.0,150.0,400150.0,1.0,0.0,0.0,1.0,0.0,1.0,0.0,0.0,50.0,F,B,7777a838-4b6b-4cb9-8705-40d6b2f99554,,0.0,1.0
1850.0,308431.0,2.0,7.0,51.0,40.0,150.0,400150.0,1.0,0.0,0.0,1.0,0.0,1.0,0.0,0.0,30.0,F,B,968cb509-8d1d-46d9-98fa-4f22e148811d,,0.0,1.0
1850.0,308431.0,3.0,7.0,51.0,40.0,150.0,400150.0,1.0,0.0,0.0,1.0,0.0,1.0,0.0,0.0,22.0,F,B,c6f0cbe5-2972-41cc-b432-6c63d12a6dad,,0.0,1.0
1850.0,308431.0,4.0,7.0,51.0,40.0,150.0,400150.0,1.0,0.0,0.0,1.0,0.0,1.0,0.0,0.0,15.0,M,B,dd0deebf-dad3-497b-b21c-adff909ab25b,,0.0,1.0
1850.0,308431.0,5.0,7.0,51.0,40.0,150.0,400150.0,1.0,0.0,0.0,1.0,0.0,1.0,0.0,0.0,15.0,M,B,53bc58cd-9b66-40d1-9267-d1b71f781726,,0.0,1.0
1850.0,308431.0,6.0,7.0,51.0,40.0,150.0,400150.0,1.0,0.0,0.0,1.0,0.0,1.0,0.0,0.0,5.0,M,B,c6fe09b3-da74-418f-b0ee-f3d3993f169e,,0.0,1.0
1850.0,308431.0,7.0,7.0,51.0,40.0,150.0,400150.0,1.0,0.0,0.0,1.0,0.0,1.0,0.0,0.0,0.0,F,B,e9ee1003-e89f-4288-b941-0d39190d2e15,,0.0,1.0
1850.0,308432.0,1.0,2.0,51.0,40.0,150.0,400150.0,1.0,0.0,0.0,1.0,0.0,1.0,0.0,0.0,23.0,F,B,863ea2cf-1e02-47db-b85d-86d3400be1d3,a1afac63-87a4-44fe-af16-0210d9e43828,1.0,1.0
1850.0,308432.0,2.0,2.0,51.0,40.0,150.0,400150.0,1.0,0.0,0.0,1.0,0.0,1.0,0.0,0.0,6.0,F,B,0a1a95af-40c9-4696-b4de-c7bb4449458b,a1afac63-87a4-44fe-af16-0210d9e43828,1.0,1.0
1850.0,308433.0,1.0,13.0,51.0,40.0,150.0,400150.0,1.0,0.0,0.0,1.0,0.0,1.0,0.0,0.0,20.0,F,B,c377cedb-cef9-45bd-a0f7-28c8d0da72f9,,0.0,1.0
1850.0,308433.0,2.0,13.0,51.0,40.0,150.0,400150.0,1.0,0.0,0.0,1.0,0.0,1.0,0.0,0.0,12.0,M,B,c7dd38d3-e86b-41bb-8c23-d9fabe69a29b,,0.0,1.0
1850.0,308433.0,3.0,13.0,51.0,40.0,150.0,400150.0,1.0,0.0,0.0,1.0,0.0,1.0,0.0,0.0,12.0,M,B,6769a30f-001b-4260-a430-a52f2cec26af,,0.0,1.0
1850.0,308433.0,4.0,13.0,51.0,40.0,150.0,400150.0,1.0,0.0,0.0,1.0,0.0,1.0,0.0,0.0,10.0,F,B,603679e0-5666-4abf-9345-09f3811951e1,,0.0,1.0
1850.0,308433.0,5.0,13.0,51.0,40.0,150.0,400150.0,1.0,0.0,0.0,1.0,0.0,1.0,0.0,0.0,10.0,F,B,89b144f8-d1e1-4a11-9872-180a8807a49d,,0.0,1.0
1850.0,308433.0,6.0,13.0,51.0,40.0,150.0,400150.0,1.0,0.0,0.0,1.0,0.0,1.0,0.0,0.0,0.0,M,B,2f356be7-a1dd-4c33-8693-712983a4f02a,,0.0,1.0
1850.0,308433.0,7.0,13.0,51.0,40.0,150.0,400150.0,1.0,0.0,0.0,1.0,0.0,1.0,0.0,0.0,60.0,F,W,530dfdeb-418f-4587-9db5-abbdbb3ff2e8,,0.0,1.0
1850.0,308433.0,8.0,13.0,51.0,40.0,150.0,400150.0,1.0,0.0,0.0,1.0,0.0,1.0,0.0,0.0,60.0,M,B,7b87e692-5fb1-4527-ad97-78a4c3c0a577,,0.0,1.0
1850.0,308433.0,9.0,13.0,51.0,40.0,150.0,400150.0,1.0,0.0,0.0,1.0,0.0,1.0,0.0,0.0,57.0,F,B,fe653a5c-13a8-4d18-9d6c-3a8b4ee60d5e,,0.0,1.0
1850.0,308433.0,10.0,13.0,51.0,40.0,150.0,400150.0,1.0,0.0,0.0,1.0,0.0,1.0,0.0,0.0,49.0,M,B,f8ba4f3d-f9d7-4809-9761-1676ef89c9d8,,0.0,1.0
1850.0,308433.0,11.0,13.0,51.0,40.0,150.0,400150.0,1.0,0.0,0.0,1.0,0.0,1.0,0.0,0.0,45.0,M,B,eebbd449-1cfb-48e0-a958-9e209aed4bfc,,0.0,1.0
1850.0,308433.0,12.0,13.0,51.0,40.0,150.0,400150.0,1.0,0.0,0.0,1.0,0.0,1.0,0.0,0.0,24.0,M,B,69e59f29-d3f9-4e96-9f85-b317b9bfe751,,0.0,1.0
1850.0,308433.0,13.0,13.0,51.0,40.0,150.0,400150.0,1.0,0.0,0.0,1.0,0.0,1.0,0.0,0.0,22.0,M,B,47ef7a19-548f-43ea-98a6-94d1d39c7848,,0.0,1.0
1850.0,308434.0,1.0,8.0,51.0,40.0,150.0,400150.0,1.0,0.0,0.0,1.0,0.0,1.0,0.0,0.0,60.0,F,B,03c9c12d-5c5c-42bb-b367-0e70fb9fb0b9,b5293717-1972-4a05-a470-47be53ab98cd,1.0,1.0
1850.0,308434.0,2.0,8.0,51.0,40.0,150.0,400150.0,1.0,0.0,0.0,1.0,0.0,1.0,0.0,0.0,29.0,F,B,0b436b8d-e1ee-4c42-a652-0b91f9913fb9,b5293717-1972-4a05-a470-47be53ab98cd,1.0,1.0
1850.0,308434.0,3.0,8.0,51.0,40.0,150.0,400150.0,1.0,0.0,0.0,1.0,0.0,1.0,0.0,0.0,27.0,M,B,3908eecd-1fe0-40c9-82e2-2b96caa794b5,b5293717-1972-4a05-a470-47be53ab98cd,1.0,1.0
1850.0,308434.0,4.0,8.0,51.0,40.0,150.0,400150.0,1.0,0.0,0.0,1.0,0.0,1.0,0.0,0.0,30.0,M,B,c4be2f02-1945-4049-ba38-11cfc7a4552e,b5293717-1972-4a05-a470-47be53ab98cd,1.0,1.0
1850.0,308434.0,5.0,8.0,51.0,40.0,150.0,400150.0,1.0,0.0,0.0,1.0,0.0,1.0,0.0,0.0,15.0,M,B,7f8d1c40-750f-4d30-87ca-8e98821cbff6,b5293717-1972-4a05-a470-47be53ab98cd,1.0,1.0
1850.0,308434.0,6.0,8.0,51.0,40.0,150.0,400150.0,1.0,0.0,0.0,1.0,0.0,1.0,0.0,0.0,10.0,M,B,c31a6db4-b751-49ab-b9ca-272ba0919d53,b5293717-1972-4a05-a470-47be53ab98cd,1.0,1.0
1850.0,308434.0,7.0,8.0,51.0,40.0,150.0,400150.0,1.0,0.0,0.0,1.0,0.0,1.0,0.0,0.0,7.0,F,B,c07ba11d-0abf-4e46-8551-3918dd8703d1,b5293717-1972-4a05-a470-47be53ab98cd,1.0,1.0
1850.0,308434.0,8.0,8.0,51.0,40.0,150.0,400150.0,1.0,0.0,0.0,1.0,0.0,1.0,0.0,0.0,4.0,F,B,ea880283-6ab9-4a54-a028-5aa8d35cf689,b5293717-1972-4a05-a470-47be53ab98cd,1.0,1.0
1850.0,308435.0,1.0,6.0,51.0,40.0,150.0,400150.0,1.0,0.0,0.0,1.0,0.0,1.0,0.0,0.0,45.0,M,B,ade17fca-df0a-4fe5-bf4f-a5a360d896ca,9a94ae33-7b40-41b8-ba30-f058884cdd56,1.0,1.0
1850.0,308435.0,2.0,6.0,51.0,40.0,150.0,400150.0,1.0,0.0,0.0,1.0,0.0,1.0,0.0,0.0,38.0,F,B,0b48ccdc-4018-460d-8654-e2e769d9be55,9a94ae33-7b40-41b8-ba30-f058884cdd56,1.0,1.0
1850.0,308435.0,3.0,6.0,51.0,40.0,150.0,400150.0,1.0,0.0,0.0,1.0,0.0,1.0,0.0,0.0,20.0,F,B,618e00b8-8d10-486a-9ec2-4a22e36f5a83,9a94ae33-7b40-41b8-ba30-f058884cdd56,1.0,1.0
1850.0,308435.0,4.0,6.0,51.0,40.0,150.0,400150.0,1.0,0.0,0.0,1.0,0.0,1.0,0.0,0.0,13.0,M,B,260687a2-44d2-416a-939a-f85bc0b9521a,9a94ae33-7b40-41b8-ba30-f058884cdd56,1.0,1.0
1850.0,308435.0,5.0,6.0,51.0,40.0,150.0,400150.0,1.0,0.0,0.0,1.0,0.0,1.0,0.0,0.0,10.0,M,B,4d01af35-ab7f-4cfc-9422-78ac20cac5cf,9a94ae33-7b40-41b8-ba30-f058884cdd56,1.0,1.0
1850.0,308435.0,6.0,6.0,51.0,40.0,150.0,400150.0,1.0,0.0,0.0,1.0,0.0,1.0,0.0,0.0,6.0,M,B,be319b2f-67e6-4e4d-80a8-f0345ace4fef,9a94ae33-7b40-41b8-ba30-f058884cdd56,1.0,1.0
1850.0,308436.0,1.0,7.0,51.0,40.0,150.0,400150.0,1.0,0.0,0.0,1.0,0.0,1.0,0.0,0.0,32.0,M,B,a40fb418-0f82-482f-956d-b597772c49b1,6a72a019-5c57-4df0-a28d-0dc9bc8d339d,1.0,1.0
1850.0,308436.0,2.0,7.0,51.0,40.0,150.0,400150.0,1.0,0.0,0.0,1.0,0.0,1.0,0.0,0.0,22.0,F,B,728f784f-4ea1-4e9e-aab9-41652a63834b,6a72a019-5c57-4df0-a28d-0dc9bc8d339d,1.0,1.0
1850.0,308436.0,3.0,7.0,51.0,40.0,150.0,400150.0,1.0,0.0,0.0,1.0,0.0,1.0,0.0,0.0,12.0,M,B,a7998fce-2cf6-4190-a06c-4c33f5a2b12a,6a72a019-5c57-4df0-a28d-0dc9bc8d339d,1.0,1.0
1850.0,308436.0,4.0,7.0,51.0,40.0,150.0,400150.0,1.0,0.0,0.0,1.0,0.0,1.0,0.0,0.0,9.0,F,B,7cbe21c3-1ce6-4172-b80f-96f6dd4ea27c,6a72a019-5c57-4df0-a28d-0dc9bc8d339d,1.0,1.0
1850.0,308436.0,5.0,7.0,51.0,40.0,150.0,400150.0,1.0,0.0,0.0,1.0,0.0,1.0,0.0,0.0,8.0,M,B,efc32b09-163f-456d-a209-ef3500550981,6a72a019-5c57-4df0-a28d-0dc9bc8d339d,1.0,1.0
1850.0,308436.0,6.0,7.0,51.0,40.0,150.0,400150.0,1.0,0.0,0.0,1.0,0.0,1.0,0.0,0.0,5.0,M,B,2e92cc87-0117-4ba6-ba09-8bd6ece9e799,6a72a019-5c57-4df0-a28d-0dc9bc8d339d,1.0,1.0
1850.0,308436.0,7.0,7.0,51.0,40.0,150.0,400150.0,1.0,0.0,0.0,1.0,0.0,1.0,0.0,0.0,2.0,F,B,784e5ff3-ca8c-4457-9ec3-f2f57049cdf3,6a72a019-5c57-4df0-a28d-0dc9bc8d339d,1.0,1.0
1850.0,308437.0,1.0,9.0,51.0,40.0,150.0,400150.0,1.0,0.0,0.0,1.0,0.0,1.0,0.0,0.0,55.0,M,B,43542845-6bc8-4490-9950-61c330ded6b8,a797b057-5034-4bc5-beea-caa1ccb391fe,2.0,1.0
1850.0,308437.0,2.0,9.0,51.0,40.0,150.0,400150.0,1.0,0.0,0.0,1.0,0.0,1.0,0.0,0.0,49.0,M,B,7143c4a2-ea72-462a-820d-a077423c5a1c,a797b057-5034-4bc5-beea-caa1ccb391fe,2.0,1.0
1850.0,308437.0,3.0,9.0,51.0,40.0,150.0,400150.0,1.0,0.0,0.0,1.0,0.0,1.0,0.0,0.0,38.0,M,B,ca195580-fba0-4af8-b711-34a53474bebe,a797b057-5034-4bc5-beea-caa1ccb391fe,2.0,1.0
1850.0,308437.0,4.0,9.0,51.0,40.0,150.0,400150.0,1.0,0.0,0.0,1.0,0.0,1.0,0.0,0.0,18.0,M,B,968c521a-2c5b-4063-ab66-5318bbbe1d0a,a797b057-5034-4bc5-beea-caa1ccb391fe,2.0,1.0
1850.0,308437.0,5.0,9.0,51.0,40.0,150.0,400150.0,1.0,0.0,0.0,1.0,0.0,1.0,0.0,0.0,12.0,M,B,4c80d54e-6176-4d5f-bc4a-afd6f7c6372d,a797b057-5034-4bc5-beea-caa1ccb391fe,2.0,1.0
1850.0,308437.0,6.0,9.0,51.0,40.0,150.0,400150.0,1.0,0.0,0.0,1.0,0.0,1.0,0.0,0.0,8.0,M,B,0cc5c118-e7a5-4fa0-85b1-13a3a6195c6b,a797b057-5034-4bc5-beea-caa1ccb391fe,2.0,1.0
1850.0,308437.0,7.0,9.0,51.0,40.0,150.0,400150.0,1.0,0.0,0.0,1.0,0.0,1.0,0.0,0.0,55.0,F,B,88f46eb7-7e32-48da-b2e1-1a1e4605d4a1,a797b057-5034-4bc5-beea-caa1ccb391fe,2.0,1.0
1850.0,308437.0,8.0,9.0,51.0,40.0,150.0,400150.0,1.0,0.0,0.0,1.0,0.0,1.0,0.0,0.0,16.0,F,B,83b23a70-42af-42d0-b6ec-b42db86c2239,a797b057-5034-4bc5-beea-caa1ccb391fe,2.0,1.0
1850.0,308437.0,9.0,9.0,51.0,40.0,150.0,400150.0,1.0,0.0,0.0,1.0,0.0,1.0,0.0,0.0,12.0,F,B,f9233431-e62f-4d89-9365-8921942f73ba,a797b057-5034-4bc5-beea-caa1ccb391fe,2.0,1.0
1850.0,308438.0,1.0,10.0,51.0,40.0,150.0,400150.0,1.0,0.0,0.0,1.0,0.0,1.0,0.0,0.0,3.0,F,B,db77f6bf-06d7-4eb0-a2ba-7a095da682c7,,0.0,1.0
1850.0,308438.0,2.0,10.0,51.0,40.0,150.0,400150.0,1.0,0.0,0.0,1.0,0.0,1.0,0.0,0.0,3.0,F,B,de3bfb18-6fe1-46d7-a0bb-c1c7da629859,,0.0,1.0
1850.0,308438.0,3.0,10.0,51.0,40.0,150.0,400150.0,1.0,0.0,0.0,1.0,0.0,1.0,0.0,0.0,1.0,M,B,9a208a1d-a9a8-4835-93c6-3be48d6ded43,,0.0,1.0
1850.0,308438.0,4.0,10.0,51.0,40.0,150.0,400150.0,1.0,0.0,0.0,1.0,0.0,1.0,0.0,0.0,0.0,M,B,51820ad2-b21f-4d84-a6e2-5b5e976888e3,,0.0,1.0
1850.0,308438.0,5.0,10.0,51.0,40.0,150.0,400150.0,1.0,0.0,0.0,1.0,0.0,1.0,0.0,0.0,36.0,F,B,a158a57e-8c42-4b7c-a032-4914956a2b14,,0.0,1.0
1850.0,308438.0,6.0,10.0,51.0,40.0,150.0,400150.0,1.0,0.0,0.0,1.0,0.0,1.0,0.0,0.0,23.0,F,B,9b171487-78d2-4786-bdc5-c428e17b3575,,0.0,1.0
1850.0,308438.0,7.0,10.0,51.0,40.0,150.0,400150.0,1.0,0.0,0.0,1.0,0.0,1.0,0.0,0.0,13.0,M,B,ec6aa06c-649b-4501-8ab5-1d1f13e83e28,,0.0,1.0
1850.0,308438.0,8.0,10.0,51.0,40.0,150.0,400150.0,1.0,0.0,0.0,1.0,0.0,1.0,0.0,0.0,9.0,M,B,34224e7b-f051-4623-a639-652e1567443d,,0.0,1.0
1850.0,308438.0,9.0,10.0,51.0,40.0,150.0,400150.0,1.0,0.0,0.0,1.0,0.0,1.0,0.0,0.0,9.0,M,B,6459c220-9074-4145-afff-951e648b8ee1,,0.0,1.0
1850.0,308438.0,10.0,10.0,51.0,40.0,150.0,400150.0,1.0,0.0,0.0,1.0,0.0,1.0,0.0,0.0,3.0,F,B,853444d8-069c-41eb-be5f-7d251956546d,,0.0,1.0
1850.0,308439.0,1.0,17.0,51.0,40.0,150.0,400150.0,1.0,0.0,0.0,1.0,0.0,1.0,0.0,0.0,60.0,M,B,b016465c-9397-4ff5-b40c-ad7465ce6c62,a96dc6bf-aa1e-4f18-998b-eb7f8d279736,1.0,1.0
1850.0,308439.0,2.0,17.0,51.0,40.0,150.0,400150.0,1.0,0.0,0.0,1.0,0.0,1.0,0.0,0.0,60.0,M,B,d912991e-9d2a-4669-8664-235865c7bcb8,a96dc6bf-aa1e-4f18-998b-eb7f8d279736,1.0,1.0
1850.0,308439.0,3.0,17.0,51.0,40.0,150.0,400150.0,1.0,0.0,0.0,1.0,0.0,1.0,0.0,0.0,60.0,F,B,0f3ab9c8-093a-48fc-a837-2708876bf5a7,a96dc6bf-aa1e-4f18-998b-eb7f8d279736,1.0,1.0
1850.0,308439.0,4.0,17.0,51.0,40.0,150.0,400150.0,1.0,0.0,0.0,1.0,0.0,1.0,0.0,0.0,40.0,M,B,64332cd6-7e0c-40e8-bba8-470e0e18a350,a96dc6bf-aa1e-4f18-998b-eb7f8d279736,1.0,1.0
1850.0,308439.0,5.0,17.0,51.0,40.0,150.0,400150.0,1.0,0.0,0.0,1.0,0.0,1.0,0.0,0.0,55.0,M,B,cdf187f1-0049-4d84-92d1-e5e91d5028b1,a96dc6bf-aa1e-4f18-998b-eb7f8d279736,1.0,1.0
1850.0,308439.0,6.0,17.0,51.0,40.0,150.0,400150.0,1.0,0.0,0.0,1.0,0.0,1.0,0.0,0.0,55.0,M,B,8c4dfabd-7b72-4ea3-85b9-cf9b06af4d7d,a96dc6bf-aa1e-4f18-998b-eb7f8d279736,1.0,1.0
1850.0,308439.0,7.0,17.0,51.0,40.0,150.0,400150.0,1.0,0.0,0.0,1.0,0.0,1.0,0.0,0.0,25.0,M,B,809000d0-a09f-42a2-8010-0bb111b28890,a96dc6bf-aa1e-4f18-998b-eb7f8d279736,1.0,1.0
1850.0,308439.0,8.0,17.0,51.0,40.0,150.0,400150.0,1.0,0.0,0.0,1.0,0.0,1.0,0.0,0.0,23.0,M,B,c525a76e-d391-4d49-bb54-2580ceafbda2,a96dc6bf-aa1e-4f18-998b-eb7f8d279736,1.0,1.0
1850.0,308439.0,9.0,17.0,51.0,40.0,150.0,400150.0,1.0,0.0,0.0,1.0,0.0,1.0,0.0,0.0,25.0,M,B,baf3eba4-7d0d-4fa6-a1c2-1470c5b8573f,a96dc6bf-aa1e-4f18-998b-eb7f8d279736,1.0,1.0
1850.0,308439.0,10.0,17.0,51.0,40.0,150.0,400150.0,1.0,0.0,0.0,1.0,0.0,1.0,0.0,0.0,25.0,M,B,a92fc830-7a46-4960-b60a-698d92e4d542,a96dc6bf-aa1e-4f18-998b-eb7f8d279736,1.0,1.0
1850.0,308439.0,11.0,17.0,51.0,40.0,150.0,400150.0,1.0,0.0,0.0,1.0,0.0,1.0,0.0,0.0,22.0,M,B,8e64c074-7474-4b3c-a7ee-66deffc55e14,a96dc6bf-aa1e-4f18-998b-eb7f8d279736,1.0,1.0
1850.0,308439.0,12.0,17.0,51.0,40.0,150.0,400150.0,1.0,0.0,0.0,1.0,0.0,1.0,0.0,0.0,22.0,M,B,febf69ed-19c8-4d43-a2ce-cec5590df17d,a96dc6bf-aa1e-4f18-998b-eb7f8d279736,1.0,1.0
1850.0,308439.0,13.0,17.0,51.0,40.0,150.0,400150.0,1.0,0.0,0.0,1.0,0.0,1.0,0.0,0.0,25.0,M,B,86422f53-c213-4dd6-8dd1-a6f9b3461f2f,a96dc6bf-aa1e-4f18-998b-eb7f8d279736,1.0,1.0
1850.0,308439.0,14.0,17.0,51.0,40.0,150.0,400150.0,1.0,0.0,0.0,1.0,0.0,1.0,0.0,0.0,20.0,M,B,60105d8f-f34b-4b24-8108-9c1046f35df3,a96dc6bf-aa1e-4f18-998b-eb7f8d279736,1.0,1.0
1850.0,308439.0,15.0,17.0,51.0,40.0,150.0,400150.0,1.0,0.0,0.0,1.0,0.0,1.0,0.0,0.0,18.0,M,B,054ec63f-4d18-4b17-b409-74ae89802f6c,a96dc6bf-aa1e-4f18-998b-eb7f8d279736,1.0,1.0
1850.0,308439.0,16.0,17.0,51.0,40.0,150.0,400150.0,1.0,0.0,0.0,1.0,0.0,1.0,0.0,0.0,24.0,F,B,3a462ecb-af2e-46da-9823-0801d3eca478,a96dc6bf-aa1e-4f18-998b-eb7f8d279736,1.0,1.0
1850.0,308439.0,17.0,17.0,51.0,40.0,150.0,400150.0,1.0,0.0,0.0,1.0,0.0,1.0,0.0,0.0,2.0,M,B,e247ba5f-42ec-4846-854a-93ce170f7b89,a96dc6bf-aa1e-4f18-998b-eb7f8d279736,1.0,1.0
1850.0,308440.0,1.0,1.0,51.0,40.0,150.0,400150.0,1.0,0.0,0.0,1.0,0.0,1.0,0.0,0.0,18.0,F,B,bc7ca72d-9490-4055-baf8-6abebcef1248,37926288-e157-4997-bd5d-e5139ca75acc,2.0,1.0
1850.0,308441.0,1.0,1.0,51.0,40.0,150.0,400150.0,1.0,0.0,0.0,1.0,0.0,1.0,0.0,0.0,4.0,M,B,e55eda42-1c40-4703-950c-110decebec2b,,0.0,1.0
1850.0,308442.0,1.0,8.0,51.0,40.0,150.0,400150.0,1.0,0.0,0.0,1.0,0.0,1.0,0.0,0.0,35.0,M,B,f4e7541c-c8db-4661-8883-fbbf72e351bc,,0.0,1.0
1850.0,308442.0,2.0,8.0,51.0,40.0,150.0,400150.0,1.0,0.0,0.0,1.0,0.0,1.0,0.0,0.0,30.0,M,B,adcae1ad-b7fc-4918-9109-89fa42e313a6,,0.0,1.0
1850.0,308442.0,3.0,8.0,51.0,40.0,150.0,400150.0,1.0,0.0,0.0,1.0,0.0,1.0,0.0,0.0,27.0,M,B,0de91f87-eb2a-420f-8dfa-7208079ea051,,0.0,1.0
1850.0,308442.0,4.0,8.0,51.0,40.0,150.0,400150.0,1.0,0.0,0.0,1.0,0.0,1.0,0.0,0.0,25.0,F,B,b68f0c1b-dff9-4dc1-97ab-ea03f863c8c1,,0.0,1.0
1850.0,308442.0,5.0,8.0,51.0,40.0,150.0,400150.0,1.0,0.0,0.0,1.0,0.0,1.0,0.0,0.0,8.0,M,B,280b6e65-cc09-46f7-9f76-bc48ceb72ab8,,0.0,1.0
1850.0,308442.0,6.0,8.0,51.0,40.0,150.0,400150.0,1.0,0.0,0.0,1.0,0.0,1.0,0.0,0.0,4.0,M,B,82ba53ce-dc09-4a93-bd16-59abf765c821,,0.0,1.0
1850.0,308442.0,7.0,8.0,51.0,40.0,150.0,400150.0,1.0,0.0,0.0,1.0,0.0,1.0,0.0,0.0,2.0,F,B,2ec0f3c9-c36c-4eb5-828c-1707a0d5846c,,0.0,1.0
1850.0,308442.0,8.0,8.0,51.0,40.0,150.0,400150.0,1.0,0.0,0.0,1.0,0.0,1.0,0.0,0.0,1.0,F,B,1f1991be-33cb-42eb-9514-31a82a7dd001,,0.0,1.0
1850.0,308443.0,1.0,6.0,51.0,40.0,150.0,400150.0,1.0,0.0,0.0,1.0,0.0,1.0,0.0,0.0,65.0,M,B,c9706794-c34f-400a-b67a-e844401c7e0c,3b844bac-077c-4b13-b066-6f2ebe1e3562,1.0,1.0
1850.0,308443.0,2.0,6.0,51.0,40.0,150.0,400150.0,1.0,0.0,0.0,1.0,0.0,1.0,0.0,0.0,32.0,F,B,426605f9-e28d-45a8-abaf-b4f14f4d4970,3b844bac-077c-4b13-b066-6f2ebe1e3562,1.0,1.0
1850.0,308443.0,3.0,6.0,51.0,40.0,150.0,400150.0,1.0,0.0,0.0,1.0,0.0,1.0,0.0,0.0,60.0,M,B,d42ee0af-b8b6-4859-8f4d-55efac017290,3b844bac-077c-4b13-b066-6f2ebe1e3562,1.0,1.0
1850.0,308443.0,4.0,6.0,51.0,40.0,150.0,400150.0,1.0,0.0,0.0,1.0,0.0,1.0,0.0,0.0,13.0,F,B,6e266fae-bd8d-497c-a4f4-2aaf8f9d4ee2,3b844bac-077c-4b13-b066-6f2ebe1e3562,1.0,1.0
1850.0,308443.0,5.0,6.0,51.0,40.0,150.0,400150.0,1.0,0.0,0.0,1.0,0.0,1.0,0.0,0.0,11.0,F,B,1d32e4ca-24cb-4d0c-8b51-9f55e5489fea,3b844bac-077c-4b13-b066-6f2ebe1e3562,1.0,1.0
1850.0,308443.0,6.0,6.0,51.0,40.0,150.0,400150.0,1.0,0.0,0.0,1.0,0.0,1.0,0.0,0.0,6.0,M,B,f6d8e192-fbbf-4a25-ad1b-82772ab2bce5,3b844bac-077c-4b13-b066-6f2ebe1e3562,1.0,1.0
1850.0,308444.0,1.0,7.0,51.0,40.0,150.0,400150.0,1.0,0.0,0.0,1.0,0.0,1.0,0.0,0.0,5.0,F,B,81502421-97a2-45a2-bb28-2d1ef0f06924,,0.0,1.0
1850.0,308444.0,2.0,7.0,51.0,40.0,150.0,400150.0,1.0,0.0,0.0,1.0,0.0,1.0,0.0,0.0,1.0,F,B,3cf21997-f7cd-4006-82a7-c7d2bd87a7b1,,0.0,1.0
1850.0,308444.0,3.0,7.0,51.0,40.0,150.0,400150.0,1.0,0.0,0.0,1.0,0.0,1.0,0.0,0.0,40.0,F,B,57ed4bd6-4dda-4c79-ba3e-718a0a89b71b,,0.0,1.0
1850.0,308444.0,4.0,7.0,51.0,40.0,150.0,400150.0,1.0,0.0,0.0,1.0,0.0,1.0,0.0,0.0,28.0,M,B,245c97cb-aef9-4cf7-b8db-b4769fb787d3,,0.0,1.0
1850.0,308444.0,5.0,7.0,51.0,40.0,150.0,400150.0,1.0,0.0,0.0,1.0,0.0,1.0,0.0,0.0,21.0,F,B,de329519-9cdd-46c9-aa9c-cc4740bc90a6,,0.0,1.0
1850.0,308444.0,6.0,7.0,51.0,40.0,150.0,400150.0,1.0,0.0,0.0,1.0,0.0,1.0,0.0,0.0,20.0,M,B,96620f0b-34dd-4f03-9920-297ac1f67094,,0.0,1.0
1850.0,308444.0,7.0,7.0,51.0,40.0,150.0,400150.0,1.0,0.0,0.0,1.0,0.0,1.0,0.0,0.0,11.0,M,B,ba9c09a6-49ff-4597-8a51-ae222a1d8971,,0.0,1.0
1850.0,308445.0,1.0,4.0,51.0,40.0,150.0,400150.0,1.0,0.0,0.0,1.0,0.0,1.0,0.0,0.0,30.0,M,B,dc0bd911-5e60-4609-b752-9f95bf3efeee,b4b0dde7-82e1-46a6-9b77-0e40f4d0f1ee,1.0,1.0
1850.0,308445.0,2.0,4.0,51.0,40.0,150.0,400150.0,1.0,0.0,0.0,1.0,0.0,1.0,0.0,0.0,24.0,F,B,f75c3d09-15f9-452d-8905-38917d8ea460,b4b0dde7-82e1-46a6-9b77-0e40f4d0f1ee,1.0,1.0
1850.0,308445.0,3.0,4.0,51.0,40.0,150.0,400150.0,1.0,0.0,0.0,1.0,0.0,1.0,0.0,0.0,12.0,F,B,3df29200-b3b1-41ab-8fa9-818db95d7a40,b4b0dde7-82e1-46a6-9b77-0e40f4d0f1ee,1.0,1.0
1850.0,308445.0,4.0,4.0,51.0,40.0,150.0,400150.0,1.0,0.0,0.0,1.0,0.0,1.0,0.0,0.0,6.0,M,B,08edf7bf-908c-4c6b-a58b-43c51627fe82,b4b0dde7-82e1-46a6-9b77-0e40f4d0f1ee,1.0,1.0
1850.0,308446.0,1.0,3.0,51.0,40.0,150.0,400150.0,1.0,0.0,0.0,1.0,0.0,1.0,0.0,0.0,52.0,M,B,1607bc23-d621-4db1-aab8-c6bbf3bc78f7,89b0b306-e799-4cab-bb46-e722eb7b78a2,1.0,1.0
1850.0,308446.0,2.0,3.0,51.0,40.0,150.0,400150.0,1.0,0.0,0.0,1.0,0.0,1.0,0.0,0.0,21.0,F,B,f1c6511e-0d44-4930-9419-192d69af5a11,89b0b306-e799-4cab-bb46-e722eb7b78a2,1.0,1.0
1850.0,308446.0,3.0,3.0,51.0,40.0,150.0,400150.0,1.0,0.0,0.0,1.0,0.0,1.0,0.0,0.0,14.0,F,B,8d775274-781c-40f2-842a-1bf4813ba78a,89b0b306-e799-4cab-bb46-e722eb7b78a2,1.0,1.0
1850.0,308447.0,1.0,10.0,51.0,40.0,150.0,400150.0,1.0,0.0,0.0,1.0,0.0,1.0,0.0,0.0,43.0,F,B,38eebaad-65b4-492f-acbd-70346a262dad,b5f50bca-a332-45d9-88a1-83d2aa0d9e76,1.0,1.0
1850.0,308447.0,2.0,10.0,51.0,40.0,150.0,400150.0,1.0,0.0,0.0,1.0,0.0,1.0,0.0,0.0,24.0,M,B,df1a229c-926b-4d52-bdd1-925f5acb7f44,b5f50bca-a332-45d9-88a1-83d2aa0d9e76,1.0,1.0
1850.0,308447.0,3.0,10.0,51.0,40.0,150.0,400150.0,1.0,0.0,0.0,1.0,0.0,1.0,0.0,0.0,22.0,M,B,845bf104-c4ca-400b-bf85-6ae03fb4423d,b5f50bca-a332-45d9-88a1-83d2aa0d9e76,1.0,1.0
1850.0,308447.0,4.0,10.0,51.0,40.0,150.0,400150.0,1.0,0.0,0.0,1.0,0.0,1.0,0.0,0.0,17.0,F,B,7992c81a-d0c7-43b3-9296-80e25350d6b7,b5f50bca-a332-45d9-88a1-83d2aa0d9e76,1.0,1.0
1850.0,308447.0,5.0,10.0,51.0,40.0,150.0,400150.0,1.0,0.0,0.0,1.0,0.0,1.0,0.0,0.0,15.0,M,B,d4138e9d-1a81-4153-a2dd-095e0e932c87,b5f50bca-a332-45d9-88a1-83d2aa0d9e76,1.0,1.0
1850.0,308447.0,6.0,10.0,51.0,40.0,150.0,400150.0,1.0,0.0,0.0,1.0,0.0,1.0,0.0,0.0,13.0,M,B,1551572d-1c93-4ed9-a328-00ff57c25a67,b5f50bca-a332-45d9-88a1-83d2aa0d9e76,1.0,1.0
1850.0,308447.0,7.0,10.0,51.0,40.0,150.0,400150.0,1.0,0.0,0.0,1.0,0.0,1.0,0.0,0.0,11.0,M,B,4f92b63c-f439-47c8-8361-95dd930ab8c2,b5f50bca-a332-45d9-88a1-83d2aa0d9e76,1.0,1.0
1850.0,308447.0,8.0,10.0,51.0,40.0,150.0,400150.0,1.0,0.0,0.0,1.0,0.0,1.0,0.0,0.0,24.0,M,B,47f79e8d-b50e-4889-8744-0fc0a5c8ddf3,b5f50bca-a332-45d9-88a1-83d2aa0d9e76,1.0,1.0
1850.0,308447.0,9.0,10.0,51.0,40.0,150.0,400150.0,1.0,0.0,0.0,1.0,0.0,1.0,0.0,0.0,1.0,M,B,50bff46f-782e-43ec-8abb-7154c0a117ee,b5f50bca-a332-45d9-88a1-83d2aa0d9e76,1.0,1.0
1850.0,308447.0,10.0,10.0,51.0,40.0,150.0,400150.0,1.0,0.0,0.0,1.0,0.0,1.0,0.0,0.0,0.0,M,B,164b6482-227f-468e-8a52-f6ae4fb00dc2,b5f50bca-a332-45d9-88a1-83d2aa0d9e76,1.0,1.0
1850.0,308448.0,1.0,4.0,51.0,40.0,150.0,400150.0,1.0,0.0,0.0,1.0,0.0,1.0,0.0,0.0,25.0,F,B,cd340979-b2ce-40d1-aa10-1a1e7b31849b,7894a9b9-13a9-42d5-919f-cada4ae0f047,1.0,1.0
1850.0,308448.0,2.0,4.0,51.0,40.0,150.0,400150.0,1.0,0.0,0.0,1.0,0.0,1.0,0.0,0.0,9.0,M,B,0c04b4d0-fa5a-4e85-ba69-24898389730e,7894a9b9-13a9-42d5-919f-cada4ae0f047,1.0,1.0
1850.0,308448.0,3.0,4.0,51.0,40.0,150.0,400150.0,1.0,0.0,0.0,1.0,0.0,1.0,0.0,0.0,5.0,F,B,17163c0d-06a3-489b-a5c3-1e14002cddf0,7894a9b9-13a9-42d5-919f-cada4ae0f047,1.0,1.0
1850.0,308448.0,4.0,4.0,51.0,40.0,150.0,400150.0,1.0,0.0,0.0,1.0,0.0,1.0,0.0,0.0,0.0,F,B,498ee58d-09d0-410c-a58d-c09c1ae629fd,7894a9b9-13a9-42d5-919f-cada4ae0f047,1.0,1.0
1850.0,308449.0,1.0,2.0,51.0,40.0,150.0,400150.0,1.0,0.0,0.0,1.0,0.0,1.0,0.0,0.0,22.0,M,B,57d63355-a4c4-4875-b5a5-28d561aef50e,9713eafd-22bb-4ddf-b1ec-502823976be7,1.0,1.0
1850.0,308449.0,2.0,2.0,51.0,40.0,150.0,400150.0,1.0,0.0,0.0,1.0,0.0,1.0,0.0,0.0,18.0,F,B,806c3014-0295-46cb-a61c-b819a0750b38,9713eafd-22bb-4ddf-b1ec-502823976be7,1.0,1.0
1850.0,308450.0,1.0,1.0,51.0,40.0,150.0,400150.0,1.0,0.0,0.0,1.0,0.0,1.0,0.0,0.0,16.0,F,B,d34f922a-f503-4e98-a56a-b0f945cc93b0,,0.0,1.0
1850.0,308451.0,1.0,1.0,51.0,40.0,150.0,400150.0,1.0,0.0,0.0,1.0,0.0,1.0,0.0,0.0,12.0,M,B,a4fd962c-9e4c-459d-8b75-6e338ce7be62,316910a8-2aea-4441-9a73-f8ac32334fa2,1.0,1.0
1850.0,308452.0,1.0,1.0,51.0,40.0,150.0,400150.0,1.0,0.0,0.0,1.0,0.0,1.0,0.0,0.0,50.0,F,B,6a3445fd-024b-40a6-97e8-ca7f0316289c,85168e59-4dbf-461e-8d5c-173814c7cd2b,1.0,1.0
1850.0,308453.0,1.0,8.0,51.0,40.0,150.0,400150.0,1.0,0.0,0.0,1.0,0.0,1.0,0.0,0.0,36.0,M,B,7b76a02f-686a-4456-9319-bd4011f8de3b,d6cfe6af-b71e-454a-ae99-5d3c0d791c30,1.0,1.0
1850.0,308453.0,2.0,8.0,51.0,40.0,150.0,400150.0,1.0,0.0,0.0,1.0,0.0,1.0,0.0,0.0,22.0,M,B,0c641b1c-bbaa-4a53-8ede-8c1342b724ee,d6cfe6af-b71e-454a-ae99-5d3c0d791c30,1.0,1.0
1850.0,308453.0,3.0,8.0,51.0,40.0,150.0,400150.0,1.0,0.0,0.0,1.0,0.0,1.0,0.0,0.0,21.0,F,B,628ba910-5460-409b-8959-0e76a2a80c9f,d6cfe6af-b71e-454a-ae99-5d3c0d791c30,1.0,1.0
1850.0,308453.0,4.0,8.0,51.0,40.0,150.0,400150.0,1.0,0.0,0.0,1.0,0.0,1.0,0.0,0.0,18.0,M,B,8613154e-2023-4ace-b786-b2aa6513fc88,d6cfe6af-b71e-454a-ae99-5d3c0d791c30,1.0,1.0
1850.0,308453.0,5.0,8.0,51.0,40.0,150.0,400150.0,1.0,0.0,0.0,1.0,0.0,1.0,0.0,0.0,14.0,F,B,d7151c11-f279-4be2-8289-c5d2f4ac6ea9,d6cfe6af-b71e-454a-ae99-5d3c0d791c30,1.0,1.0
1850.0,308453.0,6.0,8.0,51.0,40.0,150.0,400150.0,1.0,0.0,0.0,1.0,0.0,1.0,0.0,0.0,7.0,M,B,5be03621-782d-4a3a-b1a1-e39370e335ca,d6cfe6af-b71e-454a-ae99-5d3c0d791c30,1.0,1.0
1850.0,308453.0,7.0,8.0,51.0,40.0,150.0,400150.0,1.0,0.0,0.0,1.0,0.0,1.0,0.0,0.0,2.0,F,B,f73d34ea-8e12-4ed6-84c6-0017d1602654,d6cfe6af-b71e-454a-ae99-5d3c0d791c30,1.0,1.0
1850.0,308453.0,8.0,8.0,51.0,40.0,150.0,400150.0,1.0,0.0,0.0,1.0,0.0,1.0,0.0,0.0,1.0,M,B,392f155a-054b-4a6c-8f25-153bdf363fb2,d6cfe6af-b71e-454a-ae99-5d3c0d791c30,1.0,1.0
1850.0,308454.0,1.0,9.0,51.0,40.0,150.0,400150.0,1.0,0.0,0.0,1.0,0.0,1.0,0.0,0.0,11.0,M,B,dcf42859-49c2-4d5f-b052-ee879f5cb790,,0.0,1.0
1850.0,308454.0,2.0,9.0,51.0,40.0,150.0,400150.0,1.0,0.0,0.0,1.0,0.0,1.0,0.0,0.0,4.0,M,B,0beafaa3-0ee9-4382-be3b-c111a4f8703c,,0.0,1.0
1850.0,308454.0,3.0,9.0,51.0,40.0,150.0,400150.0,1.0,0.0,0.0,1.0,0.0,1.0,0.0,0.0,0.0,M,B,19dd0d82-9694-4c06-8e9d-f31d706d76ed,,0.0,1.0
1850.0,308454.0,4.0,9.0,51.0,40.0,150.0,400150.0,1.0,0.0,0.0,1.0,0.0,1.0,0.0,0.0,50.0,F,B,f5c9c480-63aa-4aac-b165-ab0fb8f31aa2,,0.0,1.0
1850.0,308454.0,5.0,9.0,51.0,40.0,150.0,400150.0,1.0,0.0,0.0,1.0,0.0,1.0,0.0,0.0,40.0,M,B,e4883fda-d5b2-458e-8e4f-b0112a389487,,0.0,1.0
1850.0,308454.0,6.0,9.0,51.0,40.0,150.0,400150.0,1.0,0.0,0.0,1.0,0.0,1.0,0.0,0.0,33.0,F,B,a7bd474d-b378-4895-92f7-ea6a14e260db,,0.0,1.0
1850.0,308454.0,7.0,9.0,51.0,40.0,150.0,400150.0,1.0,0.0,0.0,1.0,0.0,1.0,0.0,0.0,20.0,M,B,1dd26fc2-b6c5-4387-8a3d-869cb3ad4739,,0.0,1.0
1850.0,308454.0,8.0,9.0,51.0,40.0,150.0,400150.0,1.0,0.0,0.0,1.0,0.0,1.0,0.0,0.0,18.0,M,B,b9f23bfb-c1a8-428c-b7a4-4ef575ca84cf,,0.0,1.0
1850.0,308454.0,9.0,9.0,51.0,40.0,150.0,400150.0,1.0,0.0,0.0,1.0,0.0,1.0,0.0,0.0,13.0,M,B,cd2d4006-bd85-4e91-9dd9-899788ae4566,,0.0,1.0
1850.0,308455.0,1.0,8.0,51.0,40.0,150.0,400150.0,1.0,0.0,0.0,1.0,0.0,1.0,0.0,0.0,37.0,M,B,3e5c2f44-a8ba-442c-a83d-846f527241b5,9f43fe23-1ee6-4ad6-8196-ca514bbcbcc4,1.0,1.0
1850.0,308455.0,2.0,8.0,51.0,40.0,150.0,400150.0,1.0,0.0,0.0,1.0,0.0,1.0,0.0,0.0,44.0,F,B,dbdfae2f-7c95-4185-9d8f-7148abf30703,9f43fe23-1ee6-4ad6-8196-ca514bbcbcc4,1.0,1.0
1850.0,308455.0,3.0,8.0,51.0,40.0,150.0,400150.0,1.0,0.0,0.0,1.0,0.0,1.0,0.0,0.0,16.0,M,B,e76ad7a9-fae6-40e2-b396-bab04696389b,9f43fe23-1ee6-4ad6-8196-ca514bbcbcc4,1.0,1.0
1850.0,308455.0,4.0,8.0,51.0,40.0,150.0,400150.0,1.0,0.0,0.0,1.0,0.0,1.0,0.0,0.0,13.0,F,B,682c5745-ee0c-4f6c-b231-31585b7aa051,9f43fe23-1ee6-4ad6-8196-ca514bbcbcc4,1.0,1.0
1850.0,308455.0,5.0,8.0,51.0,40.0,150.0,400150.0,1.0,0.0,0.0,1.0,0.0,1.0,0.0,0.0,11.0,F,B,d901ca95-3563-4e34-bb8c-17c9c24c4a66,9f43fe23-1ee6-4ad6-8196-ca514bbcbcc4,1.0,1.0
1850.0,308455.0,6.0,8.0,51.0,40.0,150.0,400150.0,1.0,0.0,0.0,1.0,0.0,1.0,0.0,0.0,6.0,M,B,03b42ed0-08bf-4b13-b41e-c6465870f919,9f43fe23-1ee6-4ad6-8196-ca514bbcbcc4,1.0,1.0
1850.0,308455.0,7.0,8.0,51.0,40.0,150.0,400150.0,1.0,0.0,0.0,1.0,0.0,1.0,0.0,0.0,4.0,M,B,28cca703-783f-42ba-9d9f-b9df2cbeeae6,9f43fe23-1ee6-4ad6-8196-ca514bbcbcc4,1.0,1.0
1850.0,308455.0,8.0,8.0,51.0,40.0,150.0,400150.0,1.0,0.0,0.0,1.0,0.0,1.0,0.0,0.0,0.0,M,B,1acb09da-67b9-4794-88d2-8680e0c0bccd,9f43fe23-1ee6-4ad6-8196-ca514bbcbcc4,1.0,1.0
1850.0,308456.0,1.0,3.0,51.0,40.0,150.0,400150.0,1.0,0.0,0.0,1.0,0.0,1.0,0.0,0.0,26.0,M,B,02cd6aa6-38a6-4359-9904-ba42a36198a6,abc5a2b3-e566-45bb-b4de-2f70b3a18598,1.0,1.0
1850.0,308456.0,2.0,3.0,51.0,40.0,150.0,400150.0,1.0,0.0,0.0,1.0,0.0,1.0,0.0,0.0,5.0,F,B,610cfaf6-c922-4e68-8e8e-e5561b003aa7,abc5a2b3-e566-45bb-b4de-2f70b3a18598,1.0,1.0
1850.0,308456.0,3.0,3.0,51.0,40.0,150.0,400150.0,1.0,0.0,0.0,1.0,0.0,1.0,0.0,0.0,1.0,M,B,38156c95-df3b-46b2-9700-2d324a1c3980,abc5a2b3-e566-45bb-b4de-2f70b3a18598,1.0,1.0
1850.0,308457.0,1.0,2.0,51.0,40.0,150.0,400150.0,1.0,0.0,0.0,1.0,0.0,1.0,0.0,0.0,16.0,M,B,b336e7d1-e0f0-45d0-b805-e297f40d0c6f,2d7d0fb3-72f0-40eb-a9e2-8670710f0d6e,1.0,1.0
1850.0,308457.0,2.0,2.0,51.0,40.0,150.0,400150.0,1.0,0.0,0.0,1.0,0.0,1.0,0.0,0.0,12.0,M,B,e6f51e0e-2d3f-455f-a732-841720e15684,2d7d0fb3-72f0-40eb-a9e2-8670710f0d6e,1.0,1.0
1850.0,308458.0,1.0,2.0,51.0,40.0,150.0,400150.0,1.0,0.0,0.0,1.0,0.0,1.0,0.0,0.0,57.0,M,B,a62e218b-bc97-45ee-a7aa-fbd615fc3a89,15fe1ecc-3b0f-4f40-8c38-c863f32b63ce,1.0,1.0
1850.0,308458.0,2.0,2.0,51.0,40.0,150.0,400150.0,1.0,0.0,0.0,1.0,0.0,1.0,0.0,0.0,15.0,F,B,879c2cc1-bca6-45e6-b823-d7b1797e9235,15fe1ecc-3b0f-4f40-8c38-c863f32b63ce,1.0,1.0
1850.0,308459.0,1.0,6.0,51.0,40.0,150.0,400150.0,1.0,0.0,0.0,1.0,0.0,1.0,0.0,0.0,25.0,F,B,ede25998-6cae-4214-ba95-4e777f3bfd13,7902bfab-94a1-4eb4-a3dd-7f0fcbf0dc0a,1.0,1.0
1850.0,308459.0,2.0,6.0,51.0,40.0,150.0,400150.0,1.0,0.0,0.0,1.0,0.0,1.0,0.0,0.0,10.0,F,B,f7f77716-e479-4b0c-871d-071b9bbbe448,7902bfab-94a1-4eb4-a3dd-7f0fcbf0dc0a,1.0,1.0
1850.0,308459.0,3.0,6.0,51.0,40.0,150.0,400150.0,1.0,0.0,0.0,1.0,0.0,1.0,0.0,0.0,8.0,M,B,ff2c232c-b092-4143-85d2-0d685072ae8e,7902bfab-94a1-4eb4-a3dd-7f0fcbf0dc0a,1.0,1.0
1850.0,308459.0,4.0,6.0,51.0,40.0,150.0,400150.0,1.0,0.0,0.0,1.0,0.0,1.0,0.0,0.0,6.0,F,B,3f9b3157-886e-44f6-b550-fad8fd89ee7e,7902bfab-94a1-4eb4-a3dd-7f0fcbf0dc0a,1.0,1.0
1850.0,308459.0,5.0,6.0,51.0,40.0,150.0,400150.0,1.0,0.0,0.0,1.0,0.0,1.0,0.0,0.0,4.0,M,B,fc561732-377c-4e43-8399-fcef8e7dfe17,7902bfab-94a1-4eb4-a3dd-7f0fcbf0dc0a,1.0,1.0
1850.0,308459.0,6.0,6.0,51.0,40.0,150.0,400150.0,1.0,0.0,0.0,1.0,0.0,1.0,0.0,0.0,1.0,F,B,750dfa05-848c-41a6-9e2d-0f525ddeac70,7902bfab-94a1-4eb4-a3dd-7f0fcbf0dc0a,1.0,1.0
1850.0,308460.0,1.0,1.0,51.0,40.0,150.0,400150.0,1.0,0.0,0.0,1.0,0.0,1.0,0.0,0.0,20.0,F,B,eed0b7d1-3d3d-4db7-82bd-cdfd2efd0a1b,0d4bbff6-6571-45f3-bbd5-9269927ee46b,1.0,1.0
1850.0,308461.0,1.0,11.0,51.0,40.0,150.0,400150.0,1.0,0.0,0.0,1.0,0.0,1.0,0.0,0.0,70.0,M,B,ad0ccb12-44d1-43cc-acad-59bd4f31dcc6,1bba022d-cb08-4418-9160-3fa8fb367420,1.0,1.0
1850.0,308461.0,2.0,11.0,51.0,40.0,150.0,400150.0,1.0,0.0,0.0,1.0,0.0,1.0,0.0,0.0,32.0,M,B,bb2ff106-0ace-40d6-9f52-fcba07390342,1bba022d-cb08-4418-9160-3fa8fb367420,1.0,1.0
1850.0,308461.0,3.0,11.0,51.0,40.0,150.0,400150.0,1.0,0.0,0.0,1.0,0.0,1.0,0.0,0.0,27.0,M,B,7c724054-dd5d-4d42-a12c-02a9914d6793,1bba022d-cb08-4418-9160-3fa8fb367420,1.0,1.0
1850.0,308461.0,4.0,11.0,51.0,40.0,150.0,400150.0,1.0,0.0,0.0,1.0,0.0,1.0,0.0,0.0,28.0,F,B,6a2e8c4a-ead5-400a-bf92-fa5d9497e491,1bba022d-cb08-4418-9160-3fa8fb367420,1.0,1.0
1850.0,308461.0,5.0,11.0,51.0,40.0,150.0,400150.0,1.0,0.0,0.0,1.0,0.0,1.0,0.0,0.0,14.0,F,B,1e852710-b755-44cf-9e45-1999074fb1ab,1bba022d-cb08-4418-9160-3fa8fb367420,1.0,1.0
1850.0,308461.0,6.0,11.0,51.0,40.0,150.0,400150.0,1.0,0.0,0.0,1.0,0.0,1.0,0.0,0.0,12.0,F,B,cf15687c-deaf-4072-a522-994f228b0193,1bba022d-cb08-4418-9160-3fa8fb367420,1.0,1.0
1850.0,308461.0,7.0,11.0,51.0,40.0,150.0,400150.0,1.0,0.0,0.0,1.0,0.0,1.0,0.0,0.0,10.0,M,B,70902d49-0dd3-42a0-af26-8d37fed322b0,1bba022d-cb08-4418-9160-3fa8fb367420,1.0,1.0
1850.0,308461.0,8.0,11.0,51.0,40.0,150.0,400150.0,1.0,0.0,0.0,1.0,0.0,1.0,0.0,0.0,8.0,M,B,554b804d-2c6c-4bb5-a6b3-4492f636cb29,1bba022d-cb08-4418-9160-3fa8fb367420,1.0,1.0
1850.0,308461.0,9.0,11.0,51.0,40.0,150.0,400150.0,1.0,0.0,0.0,1.0,0.0,1.0,0.0,0.0,6.0,M,B,27a31fa6-bfaf-44a1-860b-580b719be908,1bba022d-cb08-4418-9160-3fa8fb367420,1.0,1.0
1850.0,308461.0,10.0,11.0,51.0,40.0,150.0,400150.0,1.0,0.0,0.0,1.0,0.0,1.0,0.0,0.0,4.0,F,B,52442972-80d9-4587-b605-110244b89cc2,1bba022d-cb08-4418-9160-3fa8fb367420,1.0,1.0
1850.0,308461.0,11.0,11.0,51.0,40.0,150.0,400150.0,1.0,0.0,0.0,1.0,0.0,1.0,0.0,0.0,2.0,M,B,b5bf1abd-f936-4ce0-905c-4b1eb1537601,1bba022d-cb08-4418-9160-3fa8fb367420,1.0,1.0
1850.0,308463.0,1.0,4.0,51.0,40.0,150.0,400150.0,1.0,0.0,0.0,1.0,0.0,1.0,0.0,0.0,11.0,F,B,ade58784-9d6c-4dd4-beb3-dd655cc5fd1c,,0.0,1.0
1850.0,308463.0,2.0,4.0,51.0,40.0,150.0,400150.0,1.0,0.0,0.0,1.0,0.0,1.0,0.0,0.0,5.0,M,B,44404f6a-ffa6-492f-af04-c46a277d7379,,0.0,1.0
1850.0,308463.0,3.0,4.0,51.0,40.0,150.0,400150.0,1.0,0.0,0.0,1.0,0.0,1.0,0.0,0.0,4.0,F,B,3f72f2e1-b209-4f77-b11b-b2d5dddf7943,,0.0,1.0
1850.0,308463.0,4.0,4.0,51.0,40.0,150.0,400150.0,1.0,0.0,0.0,1.0,0.0,1.0,0.0,0.0,25.0,M,B,69ff5402-2b1e-4b87-9e67-21dd8d5a182d,,0.0,1.0
1850.0,308464.0,1.0,1.0,51.0,40.0,150.0,400150.0,1.0,0.0,0.0,1.0,0.0,1.0,0.0,0.0,11.0,F,B,794a2a29-4674-48a2-9693-c846b232c1a5,e05548e8-1cde-41b3-89de-20dabc0400f7,1.0,1.0
1850.0,308465.0,1.0,19.0,51.0,40.0,150.0,400150.0,1.0,0.0,0.0,1.0,0.0,1.0,0.0,0.0,52.0,M,B,f33a39b8-58a6-4272-bbeb-0ddc566c5716,803d3b59-591f-414a-8832-072847346f0f,1.0,1.0
1850.0,308465.0,2.0,19.0,51.0,40.0,150.0,400150.0,1.0,0.0,0.0,1.0,0.0,1.0,0.0,0.0,50.0,M,B,e190f7ea-21fa-4172-ac4d-605125fb665f,803d3b59-591f-414a-8832-072847346f0f,1.0,1.0
1850.0,308465.0,3.0,19.0,51.0,40.0,150.0,400150.0,1.0,0.0,0.0,1.0,0.0,1.0,0.0,0.0,36.0,M,B,9fcfe311-e160-430f-9852-a585cdc7cb1d,803d3b59-591f-414a-8832-072847346f0f,1.0,1.0
1850.0,308465.0,4.0,19.0,51.0,40.0,150.0,400150.0,1.0,0.0,0.0,1.0,0.0,1.0,0.0,0.0,33.0,M,B,f487b2d5-a49c-44d8-95ae-44cbf12c9d47,803d3b59-591f-414a-8832-072847346f0f,1.0,1.0
1850.0,308465.0,5.0,19.0,51.0,40.0,150.0,400150.0,1.0,0.0,0.0,1.0,0.0,1.0,0.0,0.0,45.0,M,B,d663d0b7-32a2-4226-9b6a-2523fba658a6,803d3b59-591f-414a-8832-072847346f0f,1.0,1.0
1850.0,308465.0,6.0,19.0,51.0,40.0,150.0,400150.0,1.0,0.0,0.0,1.0,0.0,1.0,0.0,0.0,42.0,F,B,8e044b4d-02e4-4d96-9d22-67c9ef5c6d5f,803d3b59-591f-414a-8832-072847346f0f,1.0,1.0
1850.0,308465.0,7.0,19.0,51.0,40.0,150.0,400150.0,1.0,0.0,0.0,1.0,0.0,1.0,0.0,0.0,14.0,F,B,25b2d15e-c314-486e-96ab-2967dd775a3a,803d3b59-591f-414a-8832-072847346f0f,1.0,1.0
1850.0,308465.0,8.0,19.0,51.0,40.0,150.0,400150.0,1.0,0.0,0.0,1.0,0.0,1.0,0.0,0.0,12.0,M,B,5f2c5bca-873e-4c9c-b6bd-afe31ecf2ab9,803d3b59-591f-414a-8832-072847346f0f,1.0,1.0
1850.0,308465.0,9.0,19.0,51.0,40.0,150.0,400150.0,1.0,0.0,0.0,1.0,0.0,1.0,0.0,0.0,7.0,M,B,7e38bea5-9afd-4e80-a867-1cc8f1270076,803d3b59-591f-414a-8832-072847346f0f,1.0,1.0
1850.0,308465.0,10.0,19.0,51.0,40.0,150.0,400150.0,1.0,0.0,0.0,1.0,0.0,1.0,0.0,0.0,4.0,F,B,f533dcd0-5b9a-4f0d-84e2-e74f8be42fbf,803d3b59-591f-414a-8832-072847346f0f,1.0,1.0
1850.0,308465.0,11.0,19.0,51.0,40.0,150.0,400150.0,1.0,0.0,0.0,1.0,0.0,1.0,0.0,0.0,70.0,M,B,d2cf281c-f50a-435b-b7c4-90309dbbee8f,803d3b59-591f-414a-8832-072847346f0f,1.0,1.0
1850.0,308465.0,12.0,19.0,51.0,40.0,150.0,400150.0,1.0,0.0,0.0,1.0,0.0,1.0,0.0,0.0,27.0,F,B,a0f12154-4a4f-4958-a4b6-17ffe1e575e6,803d3b59-591f-414a-8832-072847346f0f,1.0,1.0
1850.0,308465.0,13.0,19.0,51.0,40.0,150.0,400150.0,1.0,0.0,0.0,1.0,0.0,1.0,0.0,0.0,43.0,F,B,3066a2d5-e739-4f8c-bc57-ff4c9f434779,803d3b59-591f-414a-8832-072847346f0f,1.0,1.0
1850.0,308465.0,14.0,19.0,51.0,40.0,150.0,400150.0,1.0,0.0,0.0,1.0,0.0,1.0,0.0,0.0,34.0,M,B,25757298-343d-4156-a795-963ce45c3fa6,803d3b59-591f-414a-8832-072847346f0f,1.0,1.0
1850.0,308465.0,15.0,19.0,51.0,40.0,150.0,400150.0,1.0,0.0,0.0,1.0,0.0,1.0,0.0,0.0,11.0,M,B,4ffcd2aa-b350-4c21-b8b2-a182786b079a,803d3b59-591f-414a-8832-072847346f0f,1.0,1.0
1850.0,308465.0,16.0,19.0,51.0,40.0,150.0,400150.0,1.0,0.0,0.0,1.0,0.0,1.0,0.0,0.0,47.0,M,B,b62fb928-d93b-434b-ad2e-8e419192b752,803d3b59-591f-414a-8832-072847346f0f,1.0,1.0
1850.0,308465.0,17.0,19.0,51.0,40.0,150.0,400150.0,1.0,0.0,0.0,1.0,0.0,1.0,0.0,0.0,5.0,M,B,5075e759-96fb-41a4-a9d8-da919371caf1,803d3b59-591f-414a-8832-072847346f0f,1.0,1.0
1850.0,308465.0,18.0,19.0,51.0,40.0,150.0,400150.0,1.0,0.0,0.0,1.0,0.0,1.0,0.0,0.0,2.0,M,B,298dc9f3-dcb3-47fc-92cf-aa4fc61e6d3e,803d3b59-591f-414a-8832-072847346f0f,1.0,1.0
1850.0,308465.0,19.0,19.0,51.0,40.0,150.0,400150.0,1.0,0.0,0.0,1.0,0.0,1.0,0.0,0.0,0.0,F,B,48e31762-a1c0-4201-96f7-5ed049de780e,803d3b59-591f-414a-8832-072847346f0f,1.0,1.0
1850.0,308466.0,1.0,3.0,51.0,40.0,150.0,400150.0,1.0,0.0,0.0,1.0,0.0,1.0,0.0,0.0,17.0,M,B,7ee1983b-7595-4fc5-9d4b-05e69f92b85c,,0.0,1.0
1850.0,308466.0,2.0,3.0,51.0,40.0,150.0,400150.0,1.0,0.0,0.0,1.0,0.0,1.0,0.0,0.0,7.0,F,B,bee10417-2757-4b57-8cfc-92ad5c9af864,,0.0,1.0
1850.0,308466.0,3.0,3.0,51.0,40.0,150.0,400150.0,1.0,0.0,0.0,1.0,0.0,1.0,0.0,0.0,6.0,F,B,e78a541c-7da4-49eb-86f8-da026c5dbb15,,0.0,1.0
1850.0,308467.0,1.0,4.0,51.0,40.0,150.0,400150.0,1.0,0.0,0.0,1.0,0.0,1.0,0.0,0.0,21.0,F,W,5aad5749-0707-4b33-898d-8683663e1bfd,c49df46b-e1c7-4206-8bc2-bcc6c1d71a62,1.0,1.0
1850.0,308467.0,2.0,4.0,51.0,40.0,150.0,400150.0,1.0,0.0,0.0,1.0,0.0,1.0,0.0,0.0,14.0,M,B,1c7e8007-6d4e-463b-979c-964b61afe7b9,c49df46b-e1c7-4206-8bc2-bcc6c1d71a62,1.0,1.0
1850.0,308467.0,3.0,4.0,51.0,40.0,150.0,400150.0,1.0,0.0,0.0,1.0,0.0,1.0,0.0,0.0,2.0,M,B,96c976ac-cf0d-45d4-85f7-3635c308cea8,c49df46b-e1c7-4206-8bc2-bcc6c1d71a62,1.0,1.0
1850.0,308467.0,4.0,4.0,51.0,40.0,150.0,400150.0,1.0,0.0,0.0,1.0,0.0,1.0,0.0,0.0,0.0,F,B,4ff8d448-0aba-43fe-ba94-9f8d9e97b219,c49df46b-e1c7-4206-8bc2-bcc6c1d71a62,1.0,1.0
1850.0,308462.0,1.0,5.0,51.0,40.0,150.0,400150.0,1.0,0.0,0.0,1.0,0.0,1.0,0.0,0.0,38.0,F,B,8f67897b-be70-44dd-a452-5f7dea3da481,1d500f21-7ab5-43bf-84eb-af88d6cd9ee3,1.0,1.0
1850.0,308462.0,2.0,5.0,51.0,40.0,150.0,400150.0,1.0,0.0,0.0,1.0,0.0,1.0,0.0,0.0,22.0,M,B,8118b921-06cf-45d7-a325-83dd374a9568,1d500f21-7ab5-43bf-84eb-af88d6cd9ee3,1.0,1.0
1850.0,308462.0,3.0,5.0,51.0,40.0,150.0,400150.0,1.0,0.0,0.0,1.0,0.0,1.0,0.0,0.0,22.0,F,B,5c29c590-9092-44c9-a394-a0bd4475f9d9,1d500f21-7ab5-43bf-84eb-af88d6cd9ee3,1.0,1.0
1850.0,308462.0,4.0,5.0,51.0,40.0,150.0,400150.0,1.0,0.0,0.0,1.0,0.0,1.0,0.0,0.0,6.0,M,B,8933e2bc-e65f-40d0-afe8-ffb4bd922914,1d500f21-7ab5-43bf-84eb-af88d6cd9ee3,1.0,1.0
1850.0,308462.0,5.0,5.0,51.0,40.0,150.0,400150.0,1.0,0.0,0.0,1.0,0.0,1.0,0.0,0.0,42.0,M,B,9c167b09-72fd-4c2b-abc4-72f52efd7ee4,1d500f21-7ab5-43bf-84eb-af88d6cd9ee3,1.0,1.0
1850.0,308468.0,1.0,1.0,51.0,40.0,150.0,400150.0,1.0,0.0,0.0,1.0,0.0,1.0,0.0,0.0,55.0,F,B,fee3ccc8-62e6-4d4f-8093-8c5dd5e112e6,af69dee5-1953-43f1-8f7d-6c26c55f4e75,1.0,1.0
1850.0,308469.0,1.0,13.0,51.0,40.0,150.0,400150.0,1.0,0.0,0.0,1.0,0.0,1.0,0.0,0.0,30.0,F,B,99e4e79b-9dfc-4662-b0ab-6656ef7b5c68,14ba7315-23a2-4638-8234-87b01289a621,1.0,1.0
1850.0,308469.0,2.0,13.0,51.0,40.0,150.0,400150.0,1.0,0.0,0.0,1.0,0.0,1.0,0.0,0.0,30.0,M,B,34cf68e6-21a6-4c89-ad52-181fb0373436,14ba7315-23a2-4638-8234-87b01289a621,1.0,1.0
1850.0,308469.0,3.0,13.0,51.0,40.0,150.0,400150.0,1.0,0.0,0.0,1.0,0.0,1.0,0.0,0.0,25.0,M,B,079a52f8-2817-45a8-938d-2c223a0d7893,14ba7315-23a2-4638-8234-87b01289a621,1.0,1.0
1850.0,308469.0,4.0,13.0,51.0,40.0,150.0,400150.0,1.0,0.0,0.0,1.0,0.0,1.0,0.0,0.0,1.0,F,B,365083b5-66e6-42ae-b573-56e0d56620c3,14ba7315-23a2-4638-8234-87b01289a621,1.0,1.0
1850.0,308469.0,5.0,13.0,51.0,40.0,150.0,400150.0,1.0,0.0,0.0,1.0,0.0,1.0,0.0,0.0,999.0,M,W,677974e5-c9cd-4011-8df2-f20db8a983d4,14ba7315-23a2-4638-8234-87b01289a621,1.0,1.0
1850.0,308469.0,6.0,13.0,51.0,40.0,150.0,400150.0,1.0,0.0,0.0,1.0,0.0,1.0,0.0,0.0,20.0,F,B,51c6f7e9-31b0-4eb1-b4a3-9f0d6c586efe,14ba7315-23a2-4638-8234-87b01289a621,1.0,1.0
1850.0,308469.0,7.0,13.0,51.0,40.0,150.0,400150.0,1.0,0.0,0.0,1.0,0.0,1.0,0.0,0.0,15.0,M,B,31eff1b0-7e7b-4808-8bb5-9a2c80a961ef,14ba7315-23a2-4638-8234-87b01289a621,1.0,1.0
1850.0,308469.0,8.0,13.0,51.0,40.0,150.0,400150.0,1.0,0.0,0.0,1.0,0.0,1.0,0.0,0.0,12.0,M,B,ccee174a-043e-41c9-995e-1bdbbf34bac2,14ba7315-23a2-4638-8234-87b01289a621,1.0,1.0
1850.0,308469.0,9.0,13.0,51.0,40.0,150.0,400150.0,1.0,0.0,0.0,1.0,0.0,1.0,0.0,0.0,10.0,M,B,a3984431-494e-4592-8ce3-785266ea116d,14ba7315-23a2-4638-8234-87b01289a621,1.0,1.0
1850.0,308469.0,10.0,13.0,51.0,40.0,150.0,400150.0,1.0,0.0,0.0,1.0,0.0,1.0,0.0,0.0,8.0,M,B,ed309c3c-f47b-4954-9304-f7cbb98d0107,14ba7315-23a2-4638-8234-87b01289a621,1.0,1.0
1850.0,308469.0,11.0,13.0,51.0,40.0,150.0,400150.0,1.0,0.0,0.0,1.0,0.0,1.0,0.0,0.0,7.0,M,B,cc097b24-72bf-48b0-b218-f61145eefe0b,14ba7315-23a2-4638-8234-87b01289a621,1.0,1.0
1850.0,308469.0,12.0,13.0,51.0,40.0,150.0,400150.0,1.0,0.0,0.0,1.0,0.0,1.0,0.0,0.0,5.0,F,B,a3529274-cabb-4af6-ae9b-33fcdc300a93,14ba7315-23a2-4638-8234-87b01289a621,1.0,1.0
1850.0,308469.0,13.0,13.0,51.0,40.0,150.0,400150.0,1.0,0.0,0.0,1.0,0.0,1.0,0.0,0.0,2.0,M,B,890c8f22-d368-4644-a8b8-36a2bf6df771,14ba7315-23a2-4638-8234-87b01289a621,1.0,1.0
1850.0,308470.0,1.0,6.0,51.0,40.0,150.0,400150.0,1.0,0.0,0.0,1.0,0.0,1.0,0.0,0.0,31.0,M,B,f4ad8e14-6eb7-4c53-a406-29166de5fc6e,ac3c0e0c-f9b0-43d1-98b7-38e5f1e70bab,1.0,1.0
1850.0,308470.0,2.0,6.0,51.0,40.0,150.0,400150.0,1.0,0.0,0.0,1.0,0.0,1.0,0.0,0.0,25.0,M,B,97e05f27-1ab2-4edd-9d4a-9c84c1360fdd,ac3c0e0c-f9b0-43d1-98b7-38e5f1e70bab,1.0,1.0
1850.0,308470.0,3.0,6.0,51.0,40.0,150.0,400150.0,1.0,0.0,0.0,1.0,0.0,1.0,0.0,0.0,25.0,F,B,d0cb2002-fc5f-420c-b8ec-57de8706244e,ac3c0e0c-f9b0-43d1-98b7-38e5f1e70bab,1.0,1.0
1850.0,308470.0,4.0,6.0,51.0,40.0,150.0,400150.0,1.0,0.0,0.0,1.0,0.0,1.0,0.0,0.0,6.0,F,B,7f61eba6-b7b2-4d14-9856-54686860bd67,ac3c0e0c-f9b0-43d1-98b7-38e5f1e70bab,1.0,1.0
1850.0,308470.0,5.0,6.0,51.0,40.0,150.0,400150.0,1.0,0.0,0.0,1.0,0.0,1.0,0.0,0.0,4.0,M,B,e6247a7e-22c6-41ab-8ed0-9efe6f415a73,ac3c0e0c-f9b0-43d1-98b7-38e5f1e70bab,1.0,1.0
1850.0,308470.0,6.0,6.0,51.0,40.0,150.0,400150.0,1.0,0.0,0.0,1.0,0.0,1.0,0.0,0.0,2.0,F,B,692a481c-972b-4df2-bc67-51b383b1dd2f,ac3c0e0c-f9b0-43d1-98b7-38e5f1e70bab,1.0,1.0
1850.0,308471.0,1.0,2.0,51.0,40.0,150.0,400150.0,1.0,0.0,0.0,1.0,0.0,1.0,0.0,0.0,40.0,F,B,8318ad6a-141c-408f-a096-6cb515873cd7,944f1f63-840b-4a3a-b969-0ccdac9f13c8,1.0,1.0
1850.0,308471.0,2.0,2.0,51.0,40.0,150.0,400150.0,1.0,0.0,0.0,1.0,0.0,1.0,0.0,0.0,15.0,M,B,4018db0c-d969-4ba1-bd04-3cdf3a23c5b0,944f1f63-840b-4a3a-b969-0ccdac9f13c8,1.0,1.0
1850.0,308472.0,1.0,10.0,51.0,40.0,150.0,400150.0,1.0,0.0,0.0,1.0,0.0,1.0,0.0,0.0,65.0,F,B,1f00a079-7be9-4fa0-87c2-e564e442762c,c9c3ade6-d937-4390-9c4c-be0e8b8489c3,1.0,1.0
1850.0,308472.0,2.0,10.0,51.0,40.0,150.0,400150.0,1.0,0.0,0.0,1.0,0.0,1.0,0.0,0.0,40.0,F,B,2bbe96d8-0214-4782-9caf-3e15b441d911,c9c3ade6-d937-4390-9c4c-be0e8b8489c3,1.0,1.0
1850.0,308472.0,3.0,10.0,51.0,40.0,150.0,400150.0,1.0,0.0,0.0,1.0,0.0,1.0,0.0,0.0,34.0,M,B,94871d03-e336-4ea6-8e2f-c575633f80c0,c9c3ade6-d937-4390-9c4c-be0e8b8489c3,1.0,1.0
1850.0,308472.0,4.0,10.0,51.0,40.0,150.0,400150.0,1.0,0.0,0.0,1.0,0.0,1.0,0.0,0.0,34.0,F,B,5caebc83-a0be-4286-9af5-efda638e2366,c9c3ade6-d937-4390-9c4c-be0e8b8489c3,1.0,1.0
1850.0,308472.0,5.0,10.0,51.0,40.0,150.0,400150.0,1.0,0.0,0.0,1.0,0.0,1.0,0.0,0.0,17.0,M,B,314c7d87-c20d-43ff-93ae-4563bad90d1e,c9c3ade6-d937-4390-9c4c-be0e8b8489c3,1.0,1.0
1850.0,308472.0,6.0,10.0,51.0,40.0,150.0,400150.0,1.0,0.0,0.0,1.0,0.0,1.0,0.0,0.0,15.0,F,B,6c1972b4-bc2d-4d8e-bedb-b8eb36919dee,c9c3ade6-d937-4390-9c4c-be0e8b8489c3,1.0,1.0
1850.0,308472.0,7.0,10.0,51.0,40.0,150.0,400150.0,1.0,0.0,0.0,1.0,0.0,1.0,0.0,0.0,7.0,F,B,f6aed993-869b-4667-8712-d9339d77ee8b,c9c3ade6-d937-4390-9c4c-be0e8b8489c3,1.0,1.0
1850.0,308472.0,8.0,10.0,51.0,40.0,150.0,400150.0,1.0,0.0,0.0,1.0,0.0,1.0,0.0,0.0,5.0,F,B,ec7a4cc2-6f72-4d0d-a5d9-3ee11a82a372,c9c3ade6-d937-4390-9c4c-be0e8b8489c3,1.0,1.0
1850.0,308472.0,9.0,10.0,51.0,40.0,150.0,400150.0,1.0,0.0,0.0,1.0,0.0,1.0,0.0,0.0,4.0,F,B,d2257ac5-7900-4807-b1aa-f1642b624b00,c9c3ade6-d937-4390-9c4c-be0e8b8489c3,1.0,1.0
1850.0,308472.0,10.0,10.0,51.0,40.0,150.0,400150.0,1.0,0.0,0.0,1.0,0.0,1.0,0.0,0.0,2.0,M,B,55d10262-71d7-4d1b-9bfe-7ccc945675d5,c9c3ade6-d937-4390-9c4c-be0e8b8489c3,1.0,1.0
1850.0,308473.0,1.0,1.0,51.0,40.0,150.0,400150.0,1.0,0.0,0.0,1.0,0.0,1.0,0.0,0.0,8.0,F,B,0d379282-9180-42e5-87cc-70463003ed30,7f1bbc60-2bc6-4002-8ab7-4ab65ff50fda,1.0,1.0
1850.0,308474.0,1.0,3.0,51.0,40.0,150.0,400150.0,1.0,0.0,0.0,1.0,0.0,1.0,0.0,0.0,999.0,M,W,ccbae897-4f16-4c35-a0c3-6dd1ec74127a,,0.0,1.0
1850.0,308474.0,2.0,3.0,51.0,40.0,150.0,400150.0,1.0,0.0,0.0,1.0,0.0,1.0,0.0,0.0,17.0,M,W,12355cef-c8dc-4b91-bff1-2ed412018269,,0.0,1.0
1850.0,308474.0,3.0,3.0,51.0,40.0,150.0,400150.0,1.0,0.0,0.0,1.0,0.0,1.0,0.0,0.0,999.0,M,W,700008f6-69c6-4be7-ae75-bee79eb1863a,,0.0,1.0
1850.0,308475.0,1.0,2.0,51.0,40.0,150.0,400150.0,1.0,0.0,0.0,1.0,0.0,1.0,0.0,0.0,999.0,M,W,0a3dff08-b6d8-43c3-8e90-4bb1ed50b38f,,0.0,1.0
1850.0,308475.0,2.0,2.0,51.0,40.0,150.0,400150.0,1.0,0.0,0.0,1.0,0.0,1.0,0.0,0.0,999.0,M,W,1c8497ed-3e0f-4a27-ae8d-175ef3403706,,0.0,1.0
1850.0,308476.0,1.0,2.0,51.0,40.0,150.0,400150.0,1.0,0.0,0.0,1.0,0.0,1.0,0.0,0.0,999.0,M,W,92b28076-6482-483b-b3af-22227669c031,,0.0,1.0
1850.0,308476.0,2.0,2.0,51.0,40.0,150.0,400150.0,1.0,0.0,0.0,1.0,0.0,1.0,0.0,0.0,999.0,F,W,837bad3c-17f3-449c-80d1-cdc01aae6b5f,,0.0,1.0
1850.0,308477.0,1.0,6.0,51.0,40.0,150.0,400150.0,1.0,0.0,0.0,1.0,0.0,1.0,0.0,0.0,15.0,M,W,2d3d7240-2a42-477b-bcde-c81be57abe63,,0.0,1.0
1850.0,308477.0,2.0,6.0,51.0,40.0,150.0,400150.0,1.0,0.0,0.0,1.0,0.0,1.0,0.0,0.0,999.0,M,W,55fa1c2e-93f5-4664-848b-d71fa985ffea,,0.0,1.0
1850.0,308477.0,3.0,6.0,51.0,40.0,150.0,400150.0,1.0,0.0,0.0,1.0,0.0,1.0,0.0,0.0,999.0,M,W,2ab2529c-18c2-4627-9632-1d92c5d88b67,,0.0,1.0
1850.0,308477.0,4.0,6.0,51.0,40.0,150.0,400150.0,1.0,0.0,0.0,1.0,0.0,1.0,0.0,0.0,999.0,M,W,db6e3e7c-11f4-4459-b38d-920e1815d301,,0.0,1.0
1850.0,308477.0,5.0,6.0,51.0,40.0,150.0,400150.0,1.0,0.0,0.0,1.0,0.0,1.0,0.0,0.0,999.0,M,W,7aa3559f-93c0-4a13-99d5-84da1adbc633,,0.0,1.0
1850.0,308477.0,6.0,6.0,51.0,40.0,150.0,400150.0,1.0,0.0,0.0,1.0,0.0,1.0,0.0,0.0,0.0,F,B,fd7f6969-0154-46c7-82f2-ce49a6ffd8d9,,0.0,1.0
1850.0,308479.0,1.0,11.0,51.0,40.0,150.0,400150.0,1.0,0.0,0.0,1.0,0.0,1.0,0.0,0.0,30.0,F,B,5fed8df1-000a-4dac-92f2-62e98738f697,266cd918-f23e-4f01-944b-7158c05e3cf5,2.0,1.0
1850.0,308479.0,2.0,11.0,51.0,40.0,150.0,400150.0,1.0,0.0,0.0,1.0,0.0,1.0,0.0,0.0,999.0,M,B,4d977ca1-cae7-4cfb-bcc7-0729a24692ee,266cd918-f23e-4f01-944b-7158c05e3cf5,2.0,1.0
1850.0,308479.0,3.0,11.0,51.0,40.0,150.0,400150.0,1.0,0.0,0.0,1.0,0.0,1.0,0.0,0.0,23.0,M,B,39535b6f-565c-4303-997b-5fb3869eaba6,266cd918-f23e-4f01-944b-7158c05e3cf5,2.0,1.0
1850.0,308479.0,4.0,11.0,51.0,40.0,150.0,400150.0,1.0,0.0,0.0,1.0,0.0,1.0,0.0,0.0,999.0,M,B,04575e21-9ddb-43e1-beca-87d30e9832f3,266cd918-f23e-4f01-944b-7158c05e3cf5,2.0,1.0
1850.0,308479.0,5.0,11.0,51.0,40.0,150.0,400150.0,1.0,0.0,0.0,1.0,0.0,1.0,0.0,0.0,999.0,M,B,31b9ab6f-9569-4ca1-b5f4-e3119d8cc52d,266cd918-f23e-4f01-944b-7158c05e3cf5,2.0,1.0
1850.0,308479.0,6.0,11.0,51.0,40.0,150.0,400150.0,1.0,0.0,0.0,1.0,0.0,1.0,0.0,0.0,999.0,M,B,6a5b953a-50c3-4a0f-a93d-f63bb23d5f3c,266cd918-f23e-4f01-944b-7158c05e3cf5,2.0,1.0
1850.0,308479.0,7.0,11.0,51.0,40.0,150.0,400150.0,1.0,0.0,0.0,1.0,0.0,1.0,0.0,0.0,9.0,F,B,228b82c1-8801-4a4f-a996-78467ccd0b41,266cd918-f23e-4f01-944b-7158c05e3cf5,2.0,1.0
1850.0,308479.0,8.0,11.0,51.0,40.0,150.0,400150.0,1.0,0.0,0.0,1.0,0.0,1.0,0.0,0.0,7.0,M,W,49584b2e-491a-430d-b37b-5b1ea8cc6700,266cd918-f23e-4f01-944b-7158c05e3cf5,2.0,1.0
1850.0,308479.0,9.0,11.0,51.0,40.0,150.0,400150.0,1.0,0.0,0.0,1.0,0.0,1.0,0.0,0.0,999.0,M,W,5e0f4922-0b36-40a4-96bd-77cc5aa8cf9f,266cd918-f23e-4f01-944b-7158c05e3cf5,2.0,1.0
1850.0,308479.0,10.0,11.0,51.0,40.0,150.0,400150.0,1.0,0.0,0.0,1.0,0.0,1.0,0.0,0.0,999.0,M,W,2d3b1008-0d61-4c34-9196-dae506da6310,266cd918-f23e-4f01-944b-7158c05e3cf5,2.0,1.0
1850.0,308479.0,11.0,11.0,51.0,40.0,150.0,400150.0,1.0,0.0,0.0,1.0,0.0,1.0,0.0,0.0,999.0,M,W,bc712f93-5864-47b7-b581-9c6c50eee6d0,266cd918-f23e-4f01-944b-7158c05e3cf5,2.0,1.0
1850.0,308478.0,1.0,8.0,51.0,40.0,150.0,400150.0,1.0,0.0,0.0,1.0,0.0,1.0,0.0,0.0,65.0,F,B,d6a52dfe-187e-4065-a93d-2384e708ab8c,5c837d10-af3a-490f-86d0-2d31def0904d,1.0,1.0
1850.0,308478.0,2.0,8.0,51.0,40.0,150.0,400150.0,1.0,0.0,0.0,1.0,0.0,1.0,0.0,0.0,35.0,F,B,a438c20f-63af-4e90-ade1-e3b91ef3040e,5c837d10-af3a-490f-86d0-2d31def0904d,1.0,1.0
1850.0,308478.0,3.0,8.0,51.0,40.0,150.0,400150.0,1.0,0.0,0.0,1.0,0.0,1.0,0.0,0.0,21.0,M,B,bf31e5a7-1d85-4c2a-a57c-b1b9c5f6c7e5,5c837d10-af3a-490f-86d0-2d31def0904d,1.0,1.0
1850.0,308478.0,4.0,8.0,51.0,40.0,150.0,400150.0,1.0,0.0,0.0,1.0,0.0,1.0,0.0,0.0,13.0,F,B,8258c78d-a06e-4ce3-b7e2-b81834846d94,5c837d10-af3a-490f-86d0-2d31def0904d,1.0,1.0
1850.0,308478.0,5.0,8.0,51.0,40.0,150.0,400150.0,1.0,0.0,0.0,1.0,0.0,1.0,0.0,0.0,9.0,M,B,6ed4c566-b728-4b3d-b279-12c53d63af55,5c837d10-af3a-490f-86d0-2d31def0904d,1.0,1.0
1850.0,308478.0,6.0,8.0,51.0,40.0,150.0,400150.0,1.0,0.0,0.0,1.0,0.0,1.0,0.0,0.0,6.0,F,B,626b4b4b-c508-4248-83b3-581c611325c3,5c837d10-af3a-490f-86d0-2d31def0904d,1.0,1.0
1850.0,308478.0,7.0,8.0,51.0,40.0,150.0,400150.0,1.0,0.0,0.0,1.0,0.0,1.0,0.0,0.0,3.0,F,B,769cadea-4bab-43c1-b6b5-bb1b2a6fcc04,5c837d10-af3a-490f-86d0-2d31def0904d,1.0,1.0
1850.0,308478.0,8.0,8.0,51.0,40.0,150.0,400150.0,1.0,0.0,0.0,1.0,0.0,1.0,0.0,0.0,6.0,F,B,f3d60263-e279-4137-94e4-d1c852c21e1c,5c837d10-af3a-490f-86d0-2d31def0904d,1.0,1.0
1850.0,308480.0,1.0,10.0,51.0,40.0,150.0,400150.0,1.0,0.0,0.0,1.0,0.0,1.0,0.0,0.0,999.0,M,W,432f3154-117b-40e0-bc29-9573eea529a4,ed0ac502-b553-426f-bc49-0dea27dc2484,1.0,1.0
1850.0,308480.0,2.0,10.0,51.0,40.0,150.0,400150.0,1.0,0.0,0.0,1.0,0.0,1.0,0.0,0.0,999.0,M,W,ed1bedfc-1bd4-4392-87cb-542583a47f4c,ed0ac502-b553-426f-bc49-0dea27dc2484,1.0,1.0
1850.0,308480.0,3.0,10.0,51.0,40.0,150.0,400150.0,1.0,0.0,0.0,1.0,0.0,1.0,0.0,0.0,999.0,M,W,7f221a38-f1c4-493a-892b-386a55d10183,ed0ac502-b553-426f-bc49-0dea27dc2484,1.0,1.0
1850.0,308480.0,4.0,10.0,51.0,40.0,150.0,400150.0,1.0,0.0,0.0,1.0,0.0,1.0,0.0,0.0,999.0,M,W,b4be2b99-618e-4e13-85d3-c31b9a5d8d56,ed0ac502-b553-426f-bc49-0dea27dc2484,1.0,1.0
1850.0,308480.0,5.0,10.0,51.0,40.0,150.0,400150.0,1.0,0.0,0.0,1.0,0.0,1.0,0.0,0.0,999.0,M,W,6154839c-1472-424e-9532-845d9e629d0c,ed0ac502-b553-426f-bc49-0dea27dc2484,1.0,1.0
1850.0,308480.0,6.0,10.0,51.0,40.0,150.0,400150.0,1.0,0.0,0.0,1.0,0.0,1.0,0.0,0.0,999.0,M,W,98dd0f8d-8729-4cc7-8769-eb1f853d6540,ed0ac502-b553-426f-bc49-0dea27dc2484,1.0,1.0
1850.0,308480.0,7.0,10.0,51.0,40.0,150.0,400150.0,1.0,0.0,0.0,1.0,0.0,1.0,0.0,0.0,999.0,M,W,b35f22c9-7912-48dc-9d7e-be90e7359adf,ed0ac502-b553-426f-bc49-0dea27dc2484,1.0,1.0
1850.0,308480.0,8.0,10.0,51.0,40.0,150.0,400150.0,1.0,0.0,0.0,1.0,0.0,1.0,0.0,0.0,999.0,M,W,b332bfe2-1a88-4936-a322-dc23b03f926b,ed0ac502-b553-426f-bc49-0dea27dc2484,1.0,1.0
1850.0,308480.0,9.0,10.0,51.0,40.0,150.0,400150.0,1.0,0.0,0.0,1.0,0.0,1.0,0.0,0.0,999.0,M,W,af6c7893-f3cc-4457-abb3-2c3f83322491,ed0ac502-b553-426f-bc49-0dea27dc2484,1.0,1.0
1850.0,308480.0,10.0,10.0,51.0,40.0,150.0,400150.0,1.0,0.0,0.0,1.0,0.0,1.0,0.0,0.0,999.0,M,W,39a6a0f9-ba55-4f69-a05f-85a094309473,ed0ac502-b553-426f-bc49-0dea27dc2484,1.0,1.0
1850.0,308481.0,1.0,5.0,51.0,40.0,150.0,400150.0,1.0,0.0,0.0,1.0,0.0,1.0,0.0,0.0,49.0,M,W,a90f647a-af46-4c2a-b100-af546c7a5d70,,0.0,1.0
1850.0,308481.0,2.0,5.0,51.0,40.0,150.0,400150.0,1.0,0.0,0.0,1.0,0.0,1.0,0.0,0.0,999.0,F,W,51362c21-c8d1-4841-bb19-63319dbee573,,0.0,1.0
1850.0,308481.0,3.0,5.0,51.0,40.0,150.0,400150.0,1.0,0.0,0.0,1.0,0.0,1.0,0.0,0.0,999.0,M,W,4d4dc0b6-c71c-4281-ad3d-d4db1ad3b3ab,,0.0,1.0
1850.0,308481.0,4.0,5.0,51.0,40.0,150.0,400150.0,1.0,0.0,0.0,1.0,0.0,1.0,0.0,0.0,10.0,M,B,d9682fc8-18f7-4f71-a2f7-88c2b82f5350,,0.0,1.0
1850.0,308481.0,5.0,5.0,51.0,40.0,150.0,400150.0,1.0,0.0,0.0,1.0,0.0,1.0,0.0,0.0,14.0,F,B,a381235d-c875-42aa-b330-950853e713a0,,0.0,1.0
1850.0,308482.0,1.0,14.0,51.0,40.0,150.0,400150.0,1.0,0.0,0.0,1.0,0.0,1.0,0.0,0.0,56.0,M,B,57c6db9a-7f60-4f3d-98d8-6bff096f2d38,,0.0,1.0
1850.0,308482.0,2.0,14.0,51.0,40.0,150.0,400150.0,1.0,0.0,0.0,1.0,0.0,1.0,0.0,0.0,47.0,F,B,92195c1a-c770-40ea-a96f-4109103a9d1a,,0.0,1.0
1850.0,308482.0,3.0,14.0,51.0,40.0,150.0,400150.0,1.0,0.0,0.0,1.0,0.0,1.0,0.0,0.0,37.0,F,B,f1cae5f7-9abf-4c42-9805-6f54b6c088b6,,0.0,1.0
1850.0,308482.0,4.0,14.0,51.0,40.0,150.0,400150.0,1.0,0.0,0.0,1.0,0.0,1.0,0.0,0.0,21.0,M,B,34590f55-4902-4479-84b0-d1794298e294,,0.0,1.0
1850.0,308482.0,5.0,14.0,51.0,40.0,150.0,400150.0,1.0,0.0,0.0,1.0,0.0,1.0,0.0,0.0,16.0,M,B,4f6d2f29-ac40-4ffe-94eb-11ea485071fe,,0.0,1.0
1850.0,308482.0,6.0,14.0,51.0,40.0,150.0,400150.0,1.0,0.0,0.0,1.0,0.0,1.0,0.0,0.0,26.0,F,B,2d5df26b-4b2d-4a8b-a0b3-154f09994a91,,0.0,1.0
1850.0,308482.0,7.0,14.0,51.0,40.0,150.0,400150.0,1.0,0.0,0.0,1.0,0.0,1.0,0.0,0.0,15.0,M,B,f29da7a5-798b-4bd6-b6dd-954751dbebba,,0.0,1.0
1850.0,308482.0,8.0,14.0,51.0,40.0,150.0,400150.0,1.0,0.0,0.0,1.0,0.0,1.0,0.0,0.0,10.0,F,B,3c6c0f62-9b8b-48ba-9f45-17c1661ec864,,0.0,1.0
1850.0,308482.0,9.0,14.0,51.0,40.0,150.0,400150.0,1.0,0.0,0.0,1.0,0.0,1.0,0.0,0.0,8.0,M,B,8116f8c6-7706-40ce-a382-8885c4f7e71b,,0.0,1.0
1850.0,308482.0,10.0,14.0,51.0,40.0,150.0,400150.0,1.0,0.0,0.0,1.0,0.0,1.0,0.0,0.0,6.0,M,B,c57bf680-5d06-470f-8cc2-0d6800ee105a,,0.0,1.0
1850.0,308482.0,11.0,14.0,51.0,40.0,150.0,400150.0,1.0,0.0,0.0,1.0,0.0,1.0,0.0,0.0,4.0,F,B,e3888ab8-88c7-48b0-893a-e4943a2aeef5,,0.0,1.0
1850.0,308482.0,12.0,14.0,51.0,40.0,150.0,400150.0,1.0,0.0,0.0,1.0,0.0,1.0,0.0,0.0,0.0,F,B,de691940-1af6-4ad5-90d0-9bf70a7f305d,,0.0,1.0
1850.0,308482.0,13.0,14.0,51.0,40.0,150.0,400150.0,1.0,0.0,0.0,1.0,0.0,1.0,0.0,0.0,10.0,M,B,75757d8a-2856-4c75-bdb2-4d78813de3ce,,0.0,1.0
1850.0,308482.0,14.0,14.0,51.0,40.0,150.0,400150.0,1.0,0.0,0.0,1.0,0.0,1.0,0.0,0.0,3.0,M,B,1f91aa03-6d03-40fb-b25d-e1a15d5ef165,,0.0,1.0
1850.0,308483.0,1.0,8.0,51.0,40.0,150.0,400150.0,1.0,0.0,0.0,1.0,0.0,1.0,0.0,0.0,28.0,F,B,7792315a-d25b-4f27-8284-92ba739df7ee,,0.0,1.0
1850.0,308483.0,2.0,8.0,51.0,40.0,150.0,400150.0,1.0,0.0,0.0,1.0,0.0,1.0,0.0,0.0,25.0,F,B,d75feada-a93a-4e3f-afd2-248af5c6b149,,0.0,1.0
1850.0,308483.0,3.0,8.0,51.0,40.0,150.0,400150.0,1.0,0.0,0.0,1.0,0.0,1.0,0.0,0.0,18.0,F,B,c2ce48a1-1e21-4b4d-b238-4a2fa249220b,,0.0,1.0
1850.0,308483.0,4.0,8.0,51.0,40.0,150.0,400150.0,1.0,0.0,0.0,1.0,0.0,1.0,0.0,0.0,18.0,F,B,2a1a591c-c75a-470c-8fc5-adb1d7a1bcdd,,0.0,1.0
1850.0,308483.0,5.0,8.0,51.0,40.0,150.0,400150.0,1.0,0.0,0.0,1.0,0.0,1.0,0.0,0.0,13.0,M,B,1a961ad0-ee0e-47b8-8f83-f2fd6c0b16cb,,0.0,1.0
1850.0,308483.0,6.0,8.0,51.0,40.0,150.0,400150.0,1.0,0.0,0.0,1.0,0.0,1.0,0.0,0.0,13.0,F,B,a7871f0d-9fe7-4694-ab84-737b47320dd8,,0.0,1.0
1850.0,308483.0,7.0,8.0,51.0,40.0,150.0,400150.0,1.0,0.0,0.0,1.0,0.0,1.0,0.0,0.0,36.0,M,B,463ae5fa-b444-42b7-9691-1aaa1401191e,,0.0,1.0
1850.0,308483.0,8.0,8.0,51.0,40.0,150.0,400150.0,1.0,0.0,0.0,1.0,0.0,1.0,0.0,0.0,23.0,M,B,1bc7d290-f137-44be-80e6-63fc967998f8,,0.0,1.0
1850.0,308484.0,1.0,4.0,51.0,40.0,150.0,400150.0,1.0,0.0,0.0,1.0,0.0,1.0,0.0,0.0,14.0,F,B,15177c33-f942-43f9-a34f-3d176003743f,b97347e7-f87a-464a-bf6f-8c94bf929e4f,1.0,1.0
1850.0,308484.0,2.0,4.0,51.0,40.0,150.0,400150.0,1.0,0.0,0.0,1.0,0.0,1.0,0.0,0.0,999.0,M,W,c5852045-96b8-4b27-9e06-7799f728c343,b97347e7-f87a-464a-bf6f-8c94bf929e4f,1.0,1.0
1850.0,308484.0,3.0,4.0,51.0,40.0,150.0,400150.0,1.0,0.0,0.0,1.0,0.0,1.0,0.0,0.0,999.0,M,W,7a8b098e-7c97-4492-8d73-4f7fb6a24e91,b97347e7-f87a-464a-bf6f-8c94bf929e4f,1.0,1.0
1850.0,308484.0,4.0,4.0,51.0,40.0,150.0,400150.0,1.0,0.0,0.0,1.0,0.0,1.0,0.0,0.0,2.0,F,B,4949536c-c4ce-4ded-a9d2-6b790ec2c5e5,b97347e7-f87a-464a-bf6f-8c94bf929e4f,1.0,1.0
1850.0,308485.0,1.0,3.0,51.0,40.0,150.0,400150.0,1.0,0.0,0.0,1.0,0.0,1.0,0.0,0.0,999.0,F,B,894bc30b-fe21-485c-997a-fcaf02ce63dd,,0.0,1.0
1850.0,308485.0,2.0,3.0,51.0,40.0,150.0,400150.0,1.0,0.0,0.0,1.0,0.0,1.0,0.0,0.0,999.0,F,W,f550061d-e7aa-4d47-bd67-326a19a30e17,,0.0,1.0
1850.0,308485.0,3.0,3.0,51.0,40.0,150.0,400150.0,1.0,0.0,0.0,1.0,0.0,1.0,0.0,0.0,999.0,F,B,c1dbeb03-fa99-47be-bdcf-a9467ec8cd25,,0.0,1.0
1850.0,308486.0,1.0,22.0,51.0,40.0,150.0,400150.0,1.0,0.0,0.0,1.0,0.0,1.0,0.0,0.0,61.0,F,B,5103793b-bc1d-419e-8ecd-3ed81f9f2ed0,,0.0,1.0
1850.0,308486.0,2.0,22.0,51.0,40.0,150.0,400150.0,1.0,0.0,0.0,1.0,0.0,1.0,0.0,0.0,16.0,F,B,227e1a7f-e963-4510-ab5e-c36044b33b28,,0.0,1.0
1850.0,308486.0,3.0,22.0,51.0,40.0,150.0,400150.0,1.0,0.0,0.0,1.0,0.0,1.0,0.0,0.0,999.0,F,B,ee740d7e-1ef5-4f57-92ae-535d954cce63,,0.0,1.0
1850.0,308486.0,4.0,22.0,51.0,40.0,150.0,400150.0,1.0,0.0,0.0,1.0,0.0,1.0,0.0,0.0,999.0,F,W,84d30b55-d61d-4dfa-9cc7-dba6d127c675,,0.0,1.0
1850.0,308486.0,5.0,22.0,51.0,40.0,150.0,400150.0,1.0,0.0,0.0,1.0,0.0,1.0,0.0,0.0,55.0,F,B,a1dc7f5a-aef2-42f0-a656-fcad21a9bacf,,0.0,1.0
1850.0,308486.0,6.0,22.0,51.0,40.0,150.0,400150.0,1.0,0.0,0.0,1.0,0.0,1.0,0.0,0.0,999.0,M,B,43f59f1a-48d3-471b-8a2e-f6996bafb6c7,,0.0,1.0
1850.0,308486.0,7.0,22.0,51.0,40.0,150.0,400150.0,1.0,0.0,0.0,1.0,0.0,1.0,0.0,0.0,32.0,M,B,2bd700a7-1597-4de5-8812-d79ad47540fe,,0.0,1.0
1850.0,308486.0,8.0,22.0,51.0,40.0,150.0,400150.0,1.0,0.0,0.0,1.0,0.0,1.0,0.0,0.0,23.0,M,B,82db2db9-55fb-4507-ac5d-bd04a0c5d7f1,,0.0,1.0
1850.0,308486.0,9.0,22.0,51.0,40.0,150.0,400150.0,1.0,0.0,0.0,1.0,0.0,1.0,0.0,0.0,32.0,F,B,f3368174-6c88-4821-977f-8c530f9be1b7,,0.0,1.0
1850.0,308486.0,10.0,22.0,51.0,40.0,150.0,400150.0,1.0,0.0,0.0,1.0,0.0,1.0,0.0,0.0,999.0,M,B,73af4c3d-4013-4105-a187-8e49a1bac832,,0.0,1.0
1850.0,308486.0,11.0,22.0,51.0,40.0,150.0,400150.0,1.0,0.0,0.0,1.0,0.0,1.0,0.0,0.0,16.0,M,B,04f2a373-6f19-4bba-8ab1-1c61b0562b49,,0.0,1.0
1850.0,308486.0,12.0,22.0,51.0,40.0,150.0,400150.0,1.0,0.0,0.0,1.0,0.0,1.0,0.0,0.0,15.0,M,B,c71ee691-e010-46f8-a399-4bfdac46ec70,,0.0,1.0
1850.0,308486.0,13.0,22.0,51.0,40.0,150.0,400150.0,1.0,0.0,0.0,1.0,0.0,1.0,0.0,0.0,13.0,F,B,f582f8d2-cd02-4855-8e02-259d0c0da7f1,,0.0,1.0
1850.0,308486.0,14.0,22.0,51.0,40.0,150.0,400150.0,1.0,0.0,0.0,1.0,0.0,1.0,0.0,0.0,12.0,F,B,3014825f-80d2-4f54-85b7-d5d8310859b2,,0.0,1.0
1850.0,308486.0,15.0,22.0,51.0,40.0,150.0,400150.0,1.0,0.0,0.0,1.0,0.0,1.0,0.0,0.0,12.0,M,B,f6b3f4da-369a-4e74-af85-0d70f0763528,,0.0,1.0
1850.0,308486.0,16.0,22.0,51.0,40.0,150.0,400150.0,1.0,0.0,0.0,1.0,0.0,1.0,0.0,0.0,12.0,M,B,23548c14-b732-4dc7-997f-503ae669f99d,,0.0,1.0
1850.0,308486.0,17.0,22.0,51.0,40.0,150.0,400150.0,1.0,0.0,0.0,1.0,0.0,1.0,0.0,0.0,10.0,M,B,ef329306-8abf-4afd-8b4d-c10185ab1ffa,,0.0,1.0
1850.0,308486.0,18.0,22.0,51.0,40.0,150.0,400150.0,1.0,0.0,0.0,1.0,0.0,1.0,0.0,0.0,8.0,M,B,bc6b8c2f-a530-4601-bfc8-9ea33851a439,,0.0,1.0
1850.0,308486.0,19.0,22.0,51.0,40.0,150.0,400150.0,1.0,0.0,0.0,1.0,0.0,1.0,0.0,0.0,5.0,F,B,cf14f78d-7107-4ea1-89a1-8a5e84a7bdcb,,0.0,1.0
1850.0,308486.0,20.0,22.0,51.0,40.0,150.0,400150.0,1.0,0.0,0.0,1.0,0.0,1.0,0.0,0.0,2.0,M,B,abc12e1b-946f-4023-b683-36c8613a5b3b,,0.0,1.0
1850.0,308486.0,21.0,22.0,51.0,40.0,150.0,400150.0,1.0,0.0,0.0,1.0,0.0,1.0,0.0,0.0,0.0,M,B,2a117f1b-771f-498d-9f7b-c3ccdf2a88bb,,0.0,1.0
1850.0,308486.0,22.0,22.0,51.0,40.0,150.0,400150.0,1.0,0.0,0.0,1.0,0.0,1.0,0.0,0.0,4.0,F,B,87c72e9e-d373-4cd3-a647-e31b00afcf7d,,0.0,1.0
1850.0,308488.0,1.0,5.0,51.0,40.0,150.0,400150.0,1.0,0.0,0.0,1.0,0.0,1.0,0.0,0.0,12.0,F,B,529e731d-f1c3-4994-9680-4b3ff23085e7,,0.0,1.0
1850.0,308488.0,2.0,5.0,51.0,40.0,150.0,400150.0,1.0,0.0,0.0,1.0,0.0,1.0,0.0,0.0,25.0,F,B,c7cf14ee-8ead-4877-8f3f-859044004c30,,0.0,1.0
1850.0,308488.0,3.0,5.0,51.0,40.0,150.0,400150.0,1.0,0.0,0.0,1.0,0.0,1.0,0.0,0.0,22.0,M,B,1591dad8-7375-4fb1-87d1-685bee30e660,,0.0,1.0
1850.0,308488.0,4.0,5.0,51.0,40.0,150.0,400150.0,1.0,0.0,0.0,1.0,0.0,1.0,0.0,0.0,16.0,M,B,5069d45b-d574-48f6-84ce-931a2830db19,,0.0,1.0
1850.0,308488.0,5.0,5.0,51.0,40.0,150.0,400150.0,1.0,0.0,0.0,1.0,0.0,1.0,0.0,0.0,14.0,M,B,f67c2db9-0f4c-4d53-9ab0-f7e849181b0f,,0.0,1.0
1850.0,308489.0,1.0,8.0,51.0,40.0,150.0,400150.0,1.0,0.0,0.0,1.0,0.0,1.0,0.0,0.0,43.0,F,B,80b04bef-717b-40c2-b008-b77f2b205df8,f10e6324-7938-4ac6-8576-d0e04e205d2c,1.0,1.0
1850.0,308489.0,2.0,8.0,51.0,40.0,150.0,400150.0,1.0,0.0,0.0,1.0,0.0,1.0,0.0,0.0,27.0,F,B,5cda45d8-699b-41af-8d15-73506a1d5e66,f10e6324-7938-4ac6-8576-d0e04e205d2c,1.0,1.0
1850.0,308489.0,3.0,8.0,51.0,40.0,150.0,400150.0,1.0,0.0,0.0,1.0,0.0,1.0,0.0,0.0,25.0,F,B,206984eb-a95c-4fec-9ceb-c163318a3991,f10e6324-7938-4ac6-8576-d0e04e205d2c,1.0,1.0
1850.0,308489.0,4.0,8.0,51.0,40.0,150.0,400150.0,1.0,0.0,0.0,1.0,0.0,1.0,0.0,0.0,16.0,F,B,0fce3853-5c05-4638-ad34-7610aa330608,f10e6324-7938-4ac6-8576-d0e04e205d2c,1.0,1.0
1850.0,308489.0,5.0,8.0,51.0,40.0,150.0,400150.0,1.0,0.0,0.0,1.0,0.0,1.0,0.0,0.0,12.0,F,B,7bf2f89c-fed9-4cea-82a1-4accf50b094b,f10e6324-7938-4ac6-8576-d0e04e205d2c,1.0,1.0
1850.0,308489.0,6.0,8.0,51.0,40.0,150.0,400150.0,1.0,0.0,0.0,1.0,0.0,1.0,0.0,0.0,10.0,M,B,306b7c38-a010-429d-9c0d-c868fcad1b1f,f10e6324-7938-4ac6-8576-d0e04e205d2c,1.0,1.0
1850.0,308489.0,7.0,8.0,51.0,40.0,150.0,400150.0,1.0,0.0,0.0,1.0,0.0,1.0,0.0,0.0,10.0,M,B,3c8f8d0f-35e6-4ba0-9809-8ce413f3878b,f10e6324-7938-4ac6-8576-d0e04e205d2c,1.0,1.0
1850.0,308489.0,8.0,8.0,51.0,40.0,150.0,400150.0,1.0,0.0,0.0,1.0,0.0,1.0,0.0,0.0,1.0,F,B,5a152898-0fec-4294-bc3e-fc2ac61f6fac,f10e6324-7938-4ac6-8576-d0e04e205d2c,1.0,1.0
1850.0,308490.0,1.0,2.0,51.0,40.0,150.0,400150.0,1.0,0.0,0.0,1.0,0.0,1.0,0.0,0.0,999.0,M,B,b65a8d73-0e6b-4c37-9e34-99912fe529d0,c90259f6-57f9-4a5c-921b-fe295e3df45e,1.0,1.0
1850.0,308490.0,2.0,2.0,51.0,40.0,150.0,400150.0,1.0,0.0,0.0,1.0,0.0,1.0,0.0,0.0,17.0,F,B,74641170-3d98-4b34-8b24-b04d21726e17,c90259f6-57f9-4a5c-921b-fe295e3df45e,1.0,1.0
1850.0,308491.0,1.0,3.0,51.0,40.0,150.0,400150.0,1.0,0.0,0.0,1.0,0.0,1.0,0.0,0.0,30.0,M,B,e71120fb-a9ec-4ef4-bfab-9efaeada22c4,6948ada6-d20d-46e2-9a9e-ef38b67a153a,1.0,1.0
1850.0,308491.0,2.0,3.0,51.0,40.0,150.0,400150.0,1.0,0.0,0.0,1.0,0.0,1.0,0.0,0.0,20.0,F,B,c67304bb-0f5e-4a34-a11a-cfc1fc0f43d3,6948ada6-d20d-46e2-9a9e-ef38b67a153a,1.0,1.0
1850.0,308491.0,3.0,3.0,51.0,40.0,150.0,400150.0,1.0,0.0,0.0,1.0,0.0,1.0,0.0,0.0,13.0,M,B,464262a7-2072-41b9-8495-8c1b6a10c211,6948ada6-d20d-46e2-9a9e-ef38b67a153a,1.0,1.0
1850.0,308492.0,1.0,9.0,51.0,40.0,150.0,400150.0,1.0,0.0,0.0,1.0,0.0,1.0,0.0,0.0,60.0,F,B,99de5cb8-8233-4918-870b-eefba962f4c7,2aaa7206-04b6-46f7-ac58-f57d79d1ac46,2.0,1.0
1850.0,308492.0,2.0,9.0,51.0,40.0,150.0,400150.0,1.0,0.0,0.0,1.0,0.0,1.0,0.0,0.0,40.0,M,B,d42f4f03-112b-4583-83a8-ef46af5dd7f4,2aaa7206-04b6-46f7-ac58-f57d79d1ac46,2.0,1.0
1850.0,308492.0,3.0,9.0,51.0,40.0,150.0,400150.0,1.0,0.0,0.0,1.0,0.0,1.0,0.0,0.0,28.0,F,B,08cc93d8-e66d-4d24-b75a-b191e3128251,2aaa7206-04b6-46f7-ac58-f57d79d1ac46,2.0,1.0
1850.0,308492.0,4.0,9.0,51.0,40.0,150.0,400150.0,1.0,0.0,0.0,1.0,0.0,1.0,0.0,0.0,24.0,F,B,33f15649-19f9-41b3-a941-6fe8ca128201,2aaa7206-04b6-46f7-ac58-f57d79d1ac46,2.0,1.0
1850.0,308492.0,5.0,9.0,51.0,40.0,150.0,400150.0,1.0,0.0,0.0,1.0,0.0,1.0,0.0,0.0,26.0,F,B,01bcbac1-3c74-4280-8484-fdc315cf774c,2aaa7206-04b6-46f7-ac58-f57d79d1ac46,2.0,1.0
1850.0,308492.0,6.0,9.0,51.0,40.0,150.0,400150.0,1.0,0.0,0.0,1.0,0.0,1.0,0.0,0.0,30.0,M,B,98361f81-ab5e-4edf-aab1-6bf04a7d5d5c,2aaa7206-04b6-46f7-ac58-f57d79d1ac46,2.0,1.0
1850.0,308492.0,7.0,9.0,51.0,40.0,150.0,400150.0,1.0,0.0,0.0,1.0,0.0,1.0,0.0,0.0,18.0,M,B,a7a20db2-5e99-42af-9fe5-684d9ea0ad9e,2aaa7206-04b6-46f7-ac58-f57d79d1ac46,2.0,1.0
1850.0,308492.0,8.0,9.0,51.0,40.0,150.0,400150.0,1.0,0.0,0.0,1.0,0.0,1.0,0.0,0.0,25.0,F,B,b2243c1b-33f7-48a4-926e-1f27df73a492,2aaa7206-04b6-46f7-ac58-f57d79d1ac46,2.0,1.0
1850.0,308492.0,9.0,9.0,51.0,40.0,150.0,400150.0,1.0,0.0,0.0,1.0,0.0,1.0,0.0,0.0,3.0,F,B,bcf1bad9-5f76-4e80-bae6-4fee2d000912,2aaa7206-04b6-46f7-ac58-f57d79d1ac46,2.0,1.0
1850.0,308487.0,1.0,3.0,51.0,40.0,150.0,400150.0,1.0,0.0,0.0,1.0,0.0,1.0,0.0,0.0,36.0,F,B,1a439f06-a057-413f-a7ba-f7a83d6af2eb,91332ec4-d020-4094-99e5-f014ede55dcf,2.0,1.0
1850.0,308487.0,2.0,3.0,51.0,40.0,150.0,400150.0,1.0,0.0,0.0,1.0,0.0,1.0,0.0,0.0,11.0,F,B,3e714a8d-068b-45b8-acfb-f99c4618dc20,91332ec4-d020-4094-99e5-f014ede55dcf,2.0,1.0
1850.0,308487.0,3.0,3.0,51.0,40.0,150.0,400150.0,1.0,0.0,0.0,1.0,0.0,1.0,0.0,0.0,5.0,F,B,aa23ea3e-08b7-4d3f-9295-1d5fb1e67367,91332ec4-d020-4094-99e5-f014ede55dcf,2.0,1.0
1850.0,308493.0,1.0,3.0,51.0,40.0,150.0,400150.0,1.0,0.0,0.0,1.0,0.0,1.0,0.0,0.0,33.0,F,B,2adf08a2-1de0-40d2-95fd-c93b7277f1e7,,0.0,1.0
1850.0,308493.0,2.0,3.0,51.0,40.0,150.0,400150.0,1.0,0.0,0.0,1.0,0.0,1.0,0.0,0.0,13.0,F,B,c99b8094-e930-4be5-bcb7-9996b5f0f4a3,,0.0,1.0
1850.0,308493.0,3.0,3.0,51.0,40.0,150.0,400150.0,1.0,0.0,0.0,1.0,0.0,1.0,0.0,0.0,999.0,M,B,93770be8-6d5d-4783-98dd-77358f00fdb7,,0.0,1.0
1850.0,308494.0,1.0,9.0,51.0,40.0,150.0,400150.0,1.0,0.0,0.0,1.0,0.0,1.0,0.0,0.0,23.0,M,B,73307b2e-24e5-44fd-9e46-028ae4daae44,d410653a-8cc6-40ff-ad24-09b5ecbeef4e,1.0,1.0
1850.0,308494.0,2.0,9.0,51.0,40.0,150.0,400150.0,1.0,0.0,0.0,1.0,0.0,1.0,0.0,0.0,22.0,M,B,1dc9ccfd-4c6a-40d9-8dbe-a8973e23e179,d410653a-8cc6-40ff-ad24-09b5ecbeef4e,1.0,1.0
1850.0,308494.0,3.0,9.0,51.0,40.0,150.0,400150.0,1.0,0.0,0.0,1.0,0.0,1.0,0.0,0.0,21.0,M,B,c9e72cf6-6096-4b85-8542-a93687fda478,d410653a-8cc6-40ff-ad24-09b5ecbeef4e,1.0,1.0
1850.0,308494.0,4.0,9.0,51.0,40.0,150.0,400150.0,1.0,0.0,0.0,1.0,0.0,1.0,0.0,0.0,5.0,M,B,a94556d8-4cfc-47bc-aec5-cb5dc264d5ff,d410653a-8cc6-40ff-ad24-09b5ecbeef4e,1.0,1.0
1850.0,308494.0,5.0,9.0,51.0,40.0,150.0,400150.0,1.0,0.0,0.0,1.0,0.0,1.0,0.0,0.0,999.0,M,B,d66bd6b8-3dad-4c63-a74a-d126d1b782b5,d410653a-8cc6-40ff-ad24-09b5ecbeef4e,1.0,1.0
1850.0,308494.0,6.0,9.0,51.0,40.0,150.0,400150.0,1.0,0.0,0.0,1.0,0.0,1.0,0.0,0.0,999.0,F,B,d20fac2c-dc99-4471-9396-a70826cb08c0,d410653a-8cc6-40ff-ad24-09b5ecbeef4e,1.0,1.0
1850.0,308494.0,7.0,9.0,51.0,40.0,150.0,400150.0,1.0,0.0,0.0,1.0,0.0,1.0,0.0,0.0,999.0,M,B,3939c305-0d58-4325-a1d4-f7ad723d78b7,d410653a-8cc6-40ff-ad24-09b5ecbeef4e,1.0,1.0
1850.0,308494.0,8.0,9.0,51.0,40.0,150.0,400150.0,1.0,0.0,0.0,1.0,0.0,1.0,0.0,0.0,27.0,F,B,16b41f20-aaa5-4e05-a1bc-408a634f08cf,d410653a-8cc6-40ff-ad24-09b5ecbeef4e,1.0,1.0
1850.0,308494.0,9.0,9.0,51.0,40.0,150.0,400150.0,1.0,0.0,0.0,1.0,0.0,1.0,0.0,0.0,10.0,F,B,5bfdfb5a-c366-4f73-ae28-94eac93bece7,d410653a-8cc6-40ff-ad24-09b5ecbeef4e,1.0,1.0
1850.0,308495.0,1.0,10.0,51.0,40.0,150.0,400150.0,1.0,0.0,0.0,1.0,0.0,1.0,0.0,0.0,19.0,F,B,798df4aa-1783-4cb1-88bd-df711076bc0e,,0.0,1.0
1850.0,308495.0,2.0,10.0,51.0,40.0,150.0,400150.0,1.0,0.0,0.0,1.0,0.0,1.0,0.0,0.0,0.0,F,B,8e3f4e19-2eaf-495f-85d0-bb790f25e523,,0.0,1.0
1850.0,308495.0,3.0,10.0,51.0,40.0,150.0,400150.0,1.0,0.0,0.0,1.0,0.0,1.0,0.0,0.0,0.0,F,B,8275143f-d18f-4737-ab0b-6b3c20fcd2b0,,0.0,1.0
1850.0,308495.0,4.0,10.0,51.0,40.0,150.0,400150.0,1.0,0.0,0.0,1.0,0.0,1.0,0.0,0.0,14.0,M,B,1ba5f241-b05e-4963-b619-42aa7e805358,,0.0,1.0
1850.0,308495.0,5.0,10.0,51.0,40.0,150.0,400150.0,1.0,0.0,0.0,1.0,0.0,1.0,0.0,0.0,12.0,M,B,3f8ed07c-18f8-4826-9205-c9890291205f,,0.0,1.0
1850.0,308495.0,6.0,10.0,51.0,40.0,150.0,400150.0,1.0,0.0,0.0,1.0,0.0,1.0,0.0,0.0,7.0,M,B,7198c401-3b92-4e20-a55f-ded9ba3aff41,,0.0,1.0
1850.0,308495.0,7.0,10.0,51.0,40.0,150.0,400150.0,1.0,0.0,0.0,1.0,0.0,1.0,0.0,0.0,6.0,M,B,99a05072-0f67-4758-87fe-f0e4ce8b6070,,0.0,1.0
1850.0,308495.0,8.0,10.0,51.0,40.0,150.0,400150.0,1.0,0.0,0.0,1.0,0.0,1.0,0.0,0.0,5.0,M,B,37b6729b-35d4-41f6-8884-17baa5252b34,,0.0,1.0
1850.0,308495.0,9.0,10.0,51.0,40.0,150.0,400150.0,1.0,0.0,0.0,1.0,0.0,1.0,0.0,0.0,40.0,F,B,18f6b4c5-2fa3-4b29-a4d5-11b49657ec12,,0.0,1.0
1850.0,308495.0,10.0,10.0,51.0,40.0,150.0,400150.0,1.0,0.0,0.0,1.0,0.0,1.0,0.0,0.0,20.0,F,B,f4f7ffc6-c4d8-4302-9546-0a98811d1cb0,,0.0,1.0
1850.0,308496.0,1.0,7.0,51.0,40.0,150.0,400150.0,1.0,0.0,0.0,1.0,0.0,1.0,0.0,0.0,50.0,M,B,32c2c777-fb2a-4faa-b718-168e6d4672a5,9c2e857f-f840-4c3d-a714-3d59e903dce9,1.0,1.0
1850.0,308496.0,2.0,7.0,51.0,40.0,150.0,400150.0,1.0,0.0,0.0,1.0,0.0,1.0,0.0,0.0,27.0,M,B,db8d8799-a4dd-4fe2-9d90-0aca42147f42,9c2e857f-f840-4c3d-a714-3d59e903dce9,1.0,1.0
1850.0,308496.0,3.0,7.0,51.0,40.0,150.0,400150.0,1.0,0.0,0.0,1.0,0.0,1.0,0.0,0.0,13.0,F,B,4ca4acd5-2ad3-4ec6-9a45-6e1db620b310,9c2e857f-f840-4c3d-a714-3d59e903dce9,1.0,1.0
1850.0,308496.0,4.0,7.0,51.0,40.0,150.0,400150.0,1.0,0.0,0.0,1.0,0.0,1.0,0.0,0.0,999.0,M,B,94ad999e-44a7-4402-8b61-6940d79468c2,9c2e857f-f840-4c3d-a714-3d59e903dce9,1.0,1.0
1850.0,308496.0,5.0,7.0,51.0,40.0,150.0,400150.0,1.0,0.0,0.0,1.0,0.0,1.0,0.0,0.0,52.0,F,B,a028d81b-3ee3-4f60-af53-895eb61de599,9c2e857f-f840-4c3d-a714-3d59e903dce9,1.0,1.0
1850.0,308496.0,6.0,7.0,51.0,40.0,150.0,400150.0,1.0,0.0,0.0,1.0,0.0,1.0,0.0,0.0,18.0,F,B,f21ccd8f-f8fb-4c6b-b70e-e9eab2a7e7df,9c2e857f-f840-4c3d-a714-3d59e903dce9,1.0,1.0
1850.0,308496.0,7.0,7.0,51.0,40.0,150.0,400150.0,1.0,0.0,0.0,1.0,0.0,1.0,0.0,0.0,16.0,F,B,d4b3a9a0-170e-4def-bfdc-e859a5d26637,9c2e857f-f840-4c3d-a714-3d59e903dce9,1.0,1.0
1850.0,308497.0,1.0,1.0,51.0,40.0,150.0,400150.0,1.0,0.0,0.0,1.0,0.0,1.0,0.0,0.0,3.0,M,B,16b51a25-a07e-4a93-a9d2-68e349b6ad7f,00420070-087f-4280-9c7b-5bf26325a237,2.0,1.0
1850.0,308498.0,1.0,4.0,51.0,40.0,150.0,400150.0,1.0,0.0,0.0,1.0,0.0,1.0,0.0,0.0,90.0,M,B,ee1cd309-5e75-401a-8e58-948535c1e13d,325927f2-2047-452e-8bfd-ca6361a0565b,2.0,1.0
1850.0,308498.0,2.0,4.0,51.0,40.0,150.0,400150.0,1.0,0.0,0.0,1.0,0.0,1.0,0.0,0.0,48.0,M,B,2ccba9a6-999e-4de9-a524-e5bd17ced45c,325927f2-2047-452e-8bfd-ca6361a0565b,2.0,1.0
1850.0,308498.0,3.0,4.0,51.0,40.0,150.0,400150.0,1.0,0.0,0.0,1.0,0.0,1.0,0.0,0.0,43.0,F,B,c6c24ca7-b5a5-4881-ab24-23fe526281ec,325927f2-2047-452e-8bfd-ca6361a0565b,2.0,1.0
1850.0,308498.0,4.0,4.0,51.0,40.0,150.0,400150.0,1.0,0.0,0.0,1.0,0.0,1.0,0.0,0.0,10.0,F,B,c70a59d4-ebcb-4b09-a6fc-9cdaa1c58f47,325927f2-2047-452e-8bfd-ca6361a0565b,2.0,1.0
1850.0,308499.0,1.0,9.0,51.0,40.0,150.0,400150.0,1.0,0.0,0.0,1.0,0.0,1.0,0.0,0.0,51.0,M,B,33d314b0-747a-43f6-98f1-b8b195f3ac72,b06753c3-f08c-4404-9a6f-c40fdf98f38b,1.0,1.0
1850.0,308499.0,2.0,9.0,51.0,40.0,150.0,400150.0,1.0,0.0,0.0,1.0,0.0,1.0,0.0,0.0,51.0,M,B,b114f7ce-904a-45e0-9662-94d21946e62b,b06753c3-f08c-4404-9a6f-c40fdf98f38b,1.0,1.0
1850.0,308499.0,3.0,9.0,51.0,40.0,150.0,400150.0,1.0,0.0,0.0,1.0,0.0,1.0,0.0,0.0,999.0,M,B,69b7ef1c-90fb-4cf1-8c26-a502ed250991,b06753c3-f08c-4404-9a6f-c40fdf98f38b,1.0,1.0
1850.0,308499.0,4.0,9.0,51.0,40.0,150.0,400150.0,1.0,0.0,0.0,1.0,0.0,1.0,0.0,0.0,999.0,M,B,62b64f34-fcac-43a9-b086-172dd75c932b,b06753c3-f08c-4404-9a6f-c40fdf98f38b,1.0,1.0
1850.0,308499.0,5.0,9.0,51.0,40.0,150.0,400150.0,1.0,0.0,0.0,1.0,0.0,1.0,0.0,0.0,999.0,M,B,2de5f847-b7c6-4508-9630-04f614acfcf6,b06753c3-f08c-4404-9a6f-c40fdf98f38b,1.0,1.0
1850.0,308499.0,6.0,9.0,51.0,40.0,150.0,400150.0,1.0,0.0,0.0,1.0,0.0,1.0,0.0,0.0,999.0,M,W,e2cf81c6-161e-4e07-9153-5501e4c35738,b06753c3-f08c-4404-9a6f-c40fdf98f38b,1.0,1.0
1850.0,308499.0,7.0,9.0,51.0,40.0,150.0,400150.0,1.0,0.0,0.0,1.0,0.0,1.0,0.0,0.0,999.0,M,W,062c0766-46a1-4947-b67a-c61d5973d279,b06753c3-f08c-4404-9a6f-c40fdf98f38b,1.0,1.0
1850.0,308499.0,8.0,9.0,51.0,40.0,150.0,400150.0,1.0,0.0,0.0,1.0,0.0,1.0,0.0,0.0,999.0,M,W,a1b49c16-2d57-425d-8dfb-4b46f15ae567,b06753c3-f08c-4404-9a6f-c40fdf98f38b,1.0,1.0
1850.0,308499.0,9.0,9.0,51.0,40.0,150.0,400150.0,1.0,0.0,0.0,1.0,0.0,1.0,0.0,0.0,999.0,M,W,9fb1527a-55e6-4fc2-af65-6cec00c18ff3,b06753c3-f08c-4404-9a6f-c40fdf98f38b,1.0,1.0
1850.0,308500.0,1.0,12.0,51.0,40.0,150.0,400150.0,1.0,0.0,0.0,1.0,0.0,1.0,0.0,0.0,999.0,M,B,46a1774f-949a-48dc-8688-cab85b390760,,0.0,1.0
1850.0,308500.0,2.0,12.0,51.0,40.0,150.0,400150.0,1.0,0.0,0.0,1.0,0.0,1.0,0.0,0.0,19.0,M,W,9ce25d94-8979-4277-b50f-722573903a04,,0.0,1.0
1850.0,308500.0,3.0,12.0,51.0,40.0,150.0,400150.0,1.0,0.0,0.0,1.0,0.0,1.0,0.0,0.0,13.0,M,B,a08adf79-7bda-408c-b574-cfe15f27e73f,,0.0,1.0
1850.0,308500.0,4.0,12.0,51.0,40.0,150.0,400150.0,1.0,0.0,0.0,1.0,0.0,1.0,0.0,0.0,999.0,M,B,3673b225-c1c5-4fd4-8da3-8d01d43f6563,,0.0,1.0
1850.0,308500.0,5.0,12.0,51.0,40.0,150.0,400150.0,1.0,0.0,0.0,1.0,0.0,1.0,0.0,0.0,30.0,F,W,c97927a8-c41f-47f8-a0ac-6ee2e120dcd6,,0.0,1.0
1850.0,308500.0,6.0,12.0,51.0,40.0,150.0,400150.0,1.0,0.0,0.0,1.0,0.0,1.0,0.0,0.0,16.0,F,B,11234a31-e09a-4dbb-991b-6784d03ee14c,,0.0,1.0
1850.0,308500.0,7.0,12.0,51.0,40.0,150.0,400150.0,1.0,0.0,0.0,1.0,0.0,1.0,0.0,0.0,999.0,F,W,c32e0384-a578-4f4e-81bb-641744c11acd,,0.0,1.0
1850.0,308500.0,8.0,12.0,51.0,40.0,150.0,400150.0,1.0,0.0,0.0,1.0,0.0,1.0,0.0,0.0,12.0,F,W,99bf8e25-f6c0-47e6-a519-b71bb475f825,,0.0,1.0
1850.0,308500.0,9.0,12.0,51.0,40.0,150.0,400150.0,1.0,0.0,0.0,1.0,0.0,1.0,0.0,0.0,6.0,F,B,f5bd2d0b-4162-4811-968d-e85fa4a54335,,0.0,1.0
1850.0,308500.0,10.0,12.0,51.0,40.0,150.0,400150.0,1.0,0.0,0.0,1.0,0.0,1.0,0.0,0.0,4.0,F,B,a92a594e-0322-459a-855a-2c7856c4d637,,0.0,1.0
1850.0,308500.0,11.0,12.0,51.0,40.0,150.0,400150.0,1.0,0.0,0.0,1.0,0.0,1.0,0.0,0.0,2.0,F,B,3acf30e7-ba8d-4caa-ba66-76ee760d649d,,0.0,1.0
1850.0,308500.0,12.0,12.0,51.0,40.0,150.0,400150.0,1.0,0.0,0.0,1.0,0.0,1.0,0.0,0.0,1.0,F,B,4a6d04da-48a0-4b42-bfdc-e94f30a0d4a0,,0.0,1.0
1850.0,308502.0,1.0,14.0,51.0,40.0,150.0,400150.0,1.0,0.0,0.0,1.0,0.0,1.0,0.0,0.0,3.0,M,B,dbca5550-e356-417c-b4d9-31c1e917cbe3,,0.0,1.0
1850.0,308502.0,2.0,14.0,51.0,40.0,150.0,400150.0,1.0,0.0,0.0,1.0,0.0,1.0,0.0,0.0,55.0,F,W,903480da-9e45-4b6e-bc91-0a6789ecbbd8,,0.0,1.0
1850.0,308502.0,3.0,14.0,51.0,40.0,150.0,400150.0,1.0,0.0,0.0,1.0,0.0,1.0,0.0,0.0,35.0,F,W,583e9045-abff-4106-bc8e-611eb05cc74b,,0.0,1.0
1850.0,308502.0,4.0,14.0,51.0,40.0,150.0,400150.0,1.0,0.0,0.0,1.0,0.0,1.0,0.0,0.0,18.0,M,W,f4bd73e6-ffbd-4fd3-843e-1d61395cda62,,0.0,1.0
1850.0,308502.0,5.0,14.0,51.0,40.0,150.0,400150.0,1.0,0.0,0.0,1.0,0.0,1.0,0.0,0.0,999.0,M,W,7b9dc2b8-3a9b-42fd-b89a-9a3d5f9745a1,,0.0,1.0
1850.0,308502.0,6.0,14.0,51.0,40.0,150.0,400150.0,1.0,0.0,0.0,1.0,0.0,1.0,0.0,0.0,999.0,M,W,95dd35b0-9f66-4f59-b956-67dd7b399a94,,0.0,1.0
1850.0,308502.0,7.0,14.0,51.0,40.0,150.0,400150.0,1.0,0.0,0.0,1.0,0.0,1.0,0.0,0.0,999.0,M,W,432a4948-80cc-498a-b770-18a7083e1daf,,0.0,1.0
1850.0,308502.0,8.0,14.0,51.0,40.0,150.0,400150.0,1.0,0.0,0.0,1.0,0.0,1.0,0.0,0.0,999.0,M,W,bb07d6b7-30bc-4f19-8aa0-0e3b4f2cbfe0,,0.0,1.0
1850.0,308502.0,9.0,14.0,51.0,40.0,150.0,400150.0,1.0,0.0,0.0,1.0,0.0,1.0,0.0,0.0,999.0,M,W,8dbaf97c-dd70-4599-b427-16a9a1beadbf,,0.0,1.0
1850.0,308502.0,10.0,14.0,51.0,40.0,150.0,400150.0,1.0,0.0,0.0,1.0,0.0,1.0,0.0,0.0,33.0,M,B,960d110e-2f91-4b91-a747-f154d4ee0838,,0.0,1.0
1850.0,308502.0,11.0,14.0,51.0,40.0,150.0,400150.0,1.0,0.0,0.0,1.0,0.0,1.0,0.0,0.0,21.0,M,B,f9504a38-d8de-46e3-97ba-027ecfaa8304,,0.0,1.0
1850.0,308502.0,12.0,14.0,51.0,40.0,150.0,400150.0,1.0,0.0,0.0,1.0,0.0,1.0,0.0,0.0,14.0,M,B,f210d6b9-7300-4aa3-8047-711097244e7c,,0.0,1.0
1850.0,308502.0,13.0,14.0,51.0,40.0,150.0,400150.0,1.0,0.0,0.0,1.0,0.0,1.0,0.0,0.0,8.0,M,B,ab16d9c6-9e7e-47f5-b135-f8261027a0b5,,0.0,1.0
1850.0,308502.0,14.0,14.0,51.0,40.0,150.0,400150.0,1.0,0.0,0.0,1.0,0.0,1.0,0.0,0.0,999.0,M,B,e85c385e-47a8-4e6a-a66b-62990aae68a0,,0.0,1.0
1850.0,308503.0,1.0,8.0,51.0,40.0,150.0,400150.0,1.0,0.0,0.0,1.0,0.0,1.0,0.0,0.0,999.0,M,W,51fc5b01-efc3-471e-9349-79c5ea71c00e,,0.0,1.0
1850.0,308503.0,2.0,8.0,51.0,40.0,150.0,400150.0,1.0,0.0,0.0,1.0,0.0,1.0,0.0,0.0,999.0,M,W,e7e79efc-8d1a-491f-8449-77fd6a8c8cf4,,0.0,1.0
1850.0,308503.0,3.0,8.0,51.0,40.0,150.0,400150.0,1.0,0.0,0.0,1.0,0.0,1.0,0.0,0.0,999.0,M,W,2d6e0c87-71bc-4cad-bd55-e3313102d68a,,0.0,1.0
1850.0,308503.0,4.0,8.0,51.0,40.0,150.0,400150.0,1.0,0.0,0.0,1.0,0.0,1.0,0.0,0.0,999.0,M,W,1031cf02-bd71-48c1-bc09-d82d81406cec,,0.0,1.0
1850.0,308503.0,5.0,8.0,51.0,40.0,150.0,400150.0,1.0,0.0,0.0,1.0,0.0,1.0,0.0,0.0,999.0,M,W,ea400721-ee37-43d5-9d28-879aa9dc3dfa,,0.0,1.0
1850.0,308503.0,6.0,8.0,51.0,40.0,150.0,400150.0,1.0,0.0,0.0,1.0,0.0,1.0,0.0,0.0,999.0,M,W,50daa478-2d06-4a4c-8fee-b2f88714ca4b,,0.0,1.0
1850.0,308503.0,7.0,8.0,51.0,40.0,150.0,400150.0,1.0,0.0,0.0,1.0,0.0,1.0,0.0,0.0,999.0,M,W,144a78f0-58b0-4016-a2f0-3ec6b7888014,,0.0,1.0
1850.0,308503.0,8.0,8.0,51.0,40.0,150.0,400150.0,1.0,0.0,0.0,1.0,0.0,1.0,0.0,0.0,999.0,M,W,80b33452-35a8-4ea7-b38c-b957d3217c52,,0.0,1.0
1850.0,308504.0,1.0,8.0,51.0,40.0,150.0,400150.0,1.0,0.0,0.0,1.0,0.0,1.0,0.0,0.0,999.0,M,W,1519ac85-c70d-4be1-8a9e-6dae787987a5,4aee1dc2-dfd2-4a3f-8817-480b40825892,1.0,1.0
1850.0,308504.0,2.0,8.0,51.0,40.0,150.0,400150.0,1.0,0.0,0.0,1.0,0.0,1.0,0.0,0.0,999.0,M,W,ba6af984-72de-4015-a2e9-265c725ef0a4,4aee1dc2-dfd2-4a3f-8817-480b40825892,1.0,1.0
1850.0,308504.0,3.0,8.0,51.0,40.0,150.0,400150.0,1.0,0.0,0.0,1.0,0.0,1.0,0.0,0.0,999.0,M,W,f34483e9-5a50-416c-a82c-b162bf6d42ec,4aee1dc2-dfd2-4a3f-8817-480b40825892,1.0,1.0
1850.0,308504.0,4.0,8.0,51.0,40.0,150.0,400150.0,1.0,0.0,0.0,1.0,0.0,1.0,0.0,0.0,999.0,M,W,b14dc19b-b5f5-4347-90fd-39573f735db2,4aee1dc2-dfd2-4a3f-8817-480b40825892,1.0,1.0
1850.0,308504.0,5.0,8.0,51.0,40.0,150.0,400150.0,1.0,0.0,0.0,1.0,0.0,1.0,0.0,0.0,999.0,M,W,1a03643e-8e7d-427b-bd53-6c999f015667,4aee1dc2-dfd2-4a3f-8817-480b40825892,1.0,1.0
1850.0,308504.0,6.0,8.0,51.0,40.0,150.0,400150.0,1.0,0.0,0.0,1.0,0.0,1.0,0.0,0.0,999.0,M,W,767a28fd-a10f-4d08-93d9-9b7bace01749,4aee1dc2-dfd2-4a3f-8817-480b40825892,1.0,1.0
1850.0,308504.0,7.0,8.0,51.0,40.0,150.0,400150.0,1.0,0.0,0.0,1.0,0.0,1.0,0.0,0.0,999.0,M,W,a43b415a-dc35-4b92-ac7a-735b98e17923,4aee1dc2-dfd2-4a3f-8817-480b40825892,1.0,1.0
1850.0,308504.0,8.0,8.0,51.0,40.0,150.0,400150.0,1.0,0.0,0.0,1.0,0.0,1.0,0.0,0.0,10.0,F,W,34dec8db-4204-45cb-acbb-57db88b6d904,4aee1dc2-dfd2-4a3f-8817-480b40825892,1.0,1.0
1850.0,308505.0,1.0,9.0,51.0,40.0,150.0,400150.0,1.0,0.0,0.0,1.0,0.0,1.0,0.0,0.0,53.0,M,B,29d8c07e-6a01-4a23-a3a6-3a5c5bbfdd68,,0.0,1.0
1850.0,308505.0,2.0,9.0,51.0,40.0,150.0,400150.0,1.0,0.0,0.0,1.0,0.0,1.0,0.0,0.0,18.0,M,B,670300ec-fcca-48ab-b219-fb0e4ba335de,,0.0,1.0
1850.0,308505.0,3.0,9.0,51.0,40.0,150.0,400150.0,1.0,0.0,0.0,1.0,0.0,1.0,0.0,0.0,16.0,M,B,d59ea65a-c44a-461c-9039-03ff92abc23e,,0.0,1.0
1850.0,308505.0,4.0,9.0,51.0,40.0,150.0,400150.0,1.0,0.0,0.0,1.0,0.0,1.0,0.0,0.0,11.0,M,B,f7d2d6c0-f572-4009-baac-e83c2a3969bc,,0.0,1.0
1850.0,308505.0,5.0,9.0,51.0,40.0,150.0,400150.0,1.0,0.0,0.0,1.0,0.0,1.0,0.0,0.0,32.0,F,B,c122180c-6d6a-420c-87a1-4989ffbab486,,0.0,1.0
1850.0,308505.0,6.0,9.0,51.0,40.0,150.0,400150.0,1.0,0.0,0.0,1.0,0.0,1.0,0.0,0.0,35.0,F,B,43075d1f-f3f8-4e3e-8ca2-6571fda34e24,,0.0,1.0
1850.0,308505.0,7.0,9.0,51.0,40.0,150.0,400150.0,1.0,0.0,0.0,1.0,0.0,1.0,0.0,0.0,22.0,F,B,8309592e-bfdc-42fd-9eda-f56c8de4c0b5,,0.0,1.0
1850.0,308505.0,8.0,9.0,51.0,40.0,150.0,400150.0,1.0,0.0,0.0,1.0,0.0,1.0,0.0,0.0,14.0,F,W,9458a3c0-07ba-463d-9a40-22c47c619541,,0.0,1.0
1850.0,308505.0,9.0,9.0,51.0,40.0,150.0,400150.0,1.0,0.0,0.0,1.0,0.0,1.0,0.0,0.0,5.0,F,B,54d73559-1dbe-4ba7-b1c5-1ac958555c0e,,0.0,1.0
1850.0,308501.0,1.0,1.0,51.0,40.0,150.0,400150.0,1.0,0.0,0.0,1.0,0.0,1.0,0.0,0.0,18.0,M,B,89abf71e-784f-47a3-8ad0-14089de33e9d,7d639626-d09a-48f5-b0e9-4ad7d197379b,2.0,1.0
1850.0,308510.0,1.0,2.0,51.0,40.0,150.0,400150.0,1.0,0.0,0.0,1.0,0.0,1.0,0.0,0.0,40.0,M,B,d05d38ed-e849-476c-9953-f09ec446ba6d,,0.0,1.0
1850.0,308510.0,2.0,2.0,51.0,40.0,150.0,400150.0,1.0,0.0,0.0,1.0,0.0,1.0,0.0,0.0,25.0,M,B,f41cc3c7-4e51-493f-85df-56e02ba57a6d,,0.0,1.0
1850.0,308511.0,1.0,10.0,51.0,40.0,150.0,400150.0,1.0,0.0,0.0,1.0,0.0,1.0,0.0,0.0,999.0,F,B,a6591ace-0124-4903-8522-39a85a503c42,02259d9c-aa95-49ee-b344-0cb2b1bfd4f0,1.0,1.0
1850.0,308511.0,2.0,10.0,51.0,40.0,150.0,400150.0,1.0,0.0,0.0,1.0,0.0,1.0,0.0,0.0,10.0,F,W,f20c8a7d-fa27-47be-aff1-11ccc831071c,02259d9c-aa95-49ee-b344-0cb2b1bfd4f0,1.0,1.0
1850.0,308511.0,3.0,10.0,51.0,40.0,150.0,400150.0,1.0,0.0,0.0,1.0,0.0,1.0,0.0,0.0,5.0,M,B,016a5a86-a88f-47ab-921a-e8f690e2a856,02259d9c-aa95-49ee-b344-0cb2b1bfd4f0,1.0,1.0
1850.0,308511.0,4.0,10.0,51.0,40.0,150.0,400150.0,1.0,0.0,0.0,1.0,0.0,1.0,0.0,0.0,3.0,M,B,c802c9cc-19c0-4f2d-b5dc-6399b1d84c19,02259d9c-aa95-49ee-b344-0cb2b1bfd4f0,1.0,1.0
1850.0,308511.0,5.0,10.0,51.0,40.0,150.0,400150.0,1.0,0.0,0.0,1.0,0.0,1.0,0.0,0.0,0.0,M,W,10f1a451-fc87-4f4b-94a2-04d4cd6c26db,02259d9c-aa95-49ee-b344-0cb2b1bfd4f0,1.0,1.0
1850.0,308511.0,6.0,10.0,51.0,40.0,150.0,400150.0,1.0,0.0,0.0,1.0,0.0,1.0,0.0,0.0,999.0,M,W,ac5f47b4-45df-43df-91ee-f90481c61237,02259d9c-aa95-49ee-b344-0cb2b1bfd4f0,1.0,1.0
1850.0,308511.0,7.0,10.0,51.0,40.0,150.0,400150.0,1.0,0.0,0.0,1.0,0.0,1.0,0.0,0.0,999.0,M,W,3351354e-e861-4298-b7c7-9ad69fe04b79,02259d9c-aa95-49ee-b344-0cb2b1bfd4f0,1.0,1.0
1850.0,308511.0,8.0,10.0,51.0,40.0,150.0,400150.0,1.0,0.0,0.0,1.0,0.0,1.0,0.0,0.0,999.0,M,W,f96489f9-7cc1-4d24-8c00-13a05e201ed0,02259d9c-aa95-49ee-b344-0cb2b1bfd4f0,1.0,1.0
1850.0,308511.0,9.0,10.0,51.0,40.0,150.0,400150.0,1.0,0.0,0.0,1.0,0.0,1.0,0.0,0.0,999.0,M,W,16e5622d-dbe6-403a-ae32-3229299b5058,02259d9c-aa95-49ee-b344-0cb2b1bfd4f0,1.0,1.0
1850.0,308511.0,10.0,10.0,51.0,40.0,150.0,400150.0,1.0,0.0,0.0,1.0,0.0,1.0,0.0,0.0,999.0,M,W,83462f8d-ed6a-4afe-90ad-5694c96342d4,02259d9c-aa95-49ee-b344-0cb2b1bfd4f0,1.0,1.0
1850.0,308506.0,1.0,3.0,51.0,40.0,150.0,400150.0,1.0,0.0,0.0,1.0,0.0,1.0,0.0,0.0,86.0,M,B,5e11240c-803b-4040-9b4c-f0c757a6283f,6e5d3d47-570c-4911-a150-8a8d3997bb5b,1.0,1.0
1850.0,308506.0,2.0,3.0,51.0,40.0,150.0,400150.0,1.0,0.0,0.0,1.0,0.0,1.0,0.0,0.0,12.0,M,B,3951a869-52ab-41c9-844d-e58c9d25e7c1,6e5d3d47-570c-4911-a150-8a8d3997bb5b,1.0,1.0
1850.0,308506.0,3.0,3.0,51.0,40.0,150.0,400150.0,1.0,0.0,0.0,1.0,0.0,1.0,0.0,0.0,45.0,F,B,0419dece-24c2-4e67-b73e-5d56a4c4bf96,6e5d3d47-570c-4911-a150-8a8d3997bb5b,1.0,1.0
1850.0,308512.0,1.0,38.0,51.0,40.0,150.0,400150.0,1.0,0.0,0.0,1.0,0.0,1.0,0.0,0.0,999.0,M,B,49a338dd-7bba-4af1-8228-9c7271f6ba79,2a0e9dc6-035c-4c85-8a0d-452e027e4164,2.0,1.0
1850.0,308512.0,2.0,38.0,51.0,40.0,150.0,400150.0,1.0,0.0,0.0,1.0,0.0,1.0,0.0,0.0,999.0,M,B,02d8d0f8-8c42-4223-91e5-c884ac40fd7b,2a0e9dc6-035c-4c85-8a0d-452e027e4164,2.0,1.0
1850.0,308512.0,3.0,38.0,51.0,40.0,150.0,400150.0,1.0,0.0,0.0,1.0,0.0,1.0,0.0,0.0,999.0,M,B,b6d17e6a-7966-45ca-a45c-410dee49f537,2a0e9dc6-035c-4c85-8a0d-452e027e4164,2.0,1.0
1850.0,308512.0,4.0,38.0,51.0,40.0,150.0,400150.0,1.0,0.0,0.0,1.0,0.0,1.0,0.0,0.0,999.0,M,B,fa7f0caa-2a07-4bb4-91d8-0b6add9b84a4,2a0e9dc6-035c-4c85-8a0d-452e027e4164,2.0,1.0
1850.0,308512.0,5.0,38.0,51.0,40.0,150.0,400150.0,1.0,0.0,0.0,1.0,0.0,1.0,0.0,0.0,999.0,M,B,f5d35330-8e0b-448b-a039-3bc8d2841588,2a0e9dc6-035c-4c85-8a0d-452e027e4164,2.0,1.0
1850.0,308512.0,6.0,38.0,51.0,40.0,150.0,400150.0,1.0,0.0,0.0,1.0,0.0,1.0,0.0,0.0,999.0,M,B,07c30d79-77e6-4702-b887-9905b1e261e9,2a0e9dc6-035c-4c85-8a0d-452e027e4164,2.0,1.0
1850.0,308512.0,7.0,38.0,51.0,40.0,150.0,400150.0,1.0,0.0,0.0,1.0,0.0,1.0,0.0,0.0,999.0,M,B,ad5451df-c5a9-4aa0-90db-7fa03477984b,2a0e9dc6-035c-4c85-8a0d-452e027e4164,2.0,1.0
1850.0,308512.0,8.0,38.0,51.0,40.0,150.0,400150.0,1.0,0.0,0.0,1.0,0.0,1.0,0.0,0.0,999.0,M,B,ac6b5d51-9c9a-4b8c-ace6-802e52c4d593,2a0e9dc6-035c-4c85-8a0d-452e027e4164,2.0,1.0
1850.0,308512.0,9.0,38.0,51.0,40.0,150.0,400150.0,1.0,0.0,0.0,1.0,0.0,1.0,0.0,0.0,999.0,M,B,a9649e93-3c65-4bad-9e3c-655490e09202,2a0e9dc6-035c-4c85-8a0d-452e027e4164,2.0,1.0
1850.0,308512.0,10.0,38.0,51.0,40.0,150.0,400150.0,1.0,0.0,0.0,1.0,0.0,1.0,0.0,0.0,999.0,M,B,74f66726-ad16-4695-9c38-9ff8e90611ff,2a0e9dc6-035c-4c85-8a0d-452e027e4164,2.0,1.0
1850.0,308512.0,11.0,38.0,51.0,40.0,150.0,400150.0,1.0,0.0,0.0,1.0,0.0,1.0,0.0,0.0,999.0,M,B,57308c81-7b1c-4913-a21c-0de9dc415e90,2a0e9dc6-035c-4c85-8a0d-452e027e4164,2.0,1.0
1850.0,308512.0,12.0,38.0,51.0,40.0,150.0,400150.0,1.0,0.0,0.0,1.0,0.0,1.0,0.0,0.0,42.0,F,B,0c3e95f4-3718-47e4-887e-c2f4aa34896e,2a0e9dc6-035c-4c85-8a0d-452e027e4164,2.0,1.0
1850.0,308512.0,13.0,38.0,51.0,40.0,150.0,400150.0,1.0,0.0,0.0,1.0,0.0,1.0,0.0,0.0,48.0,M,B,25e06b08-45cd-496a-81fa-8d6df9c739cd,2a0e9dc6-035c-4c85-8a0d-452e027e4164,2.0,1.0
1850.0,308512.0,14.0,38.0,51.0,40.0,150.0,400150.0,1.0,0.0,0.0,1.0,0.0,1.0,0.0,0.0,31.0,F,B,a6b4cbff-7764-4cef-b4f8-881f86b350e7,2a0e9dc6-035c-4c85-8a0d-452e027e4164,2.0,1.0
1850.0,308512.0,15.0,38.0,51.0,40.0,150.0,400150.0,1.0,0.0,0.0,1.0,0.0,1.0,0.0,0.0,30.0,M,B,7e3dfc72-212c-4809-899a-dcf911a04b41,2a0e9dc6-035c-4c85-8a0d-452e027e4164,2.0,1.0
1850.0,308512.0,16.0,38.0,51.0,40.0,150.0,400150.0,1.0,0.0,0.0,1.0,0.0,1.0,0.0,0.0,26.0,M,B,5d31514b-b3dc-4d4c-a620-067388738029,2a0e9dc6-035c-4c85-8a0d-452e027e4164,2.0,1.0
1850.0,308512.0,17.0,38.0,51.0,40.0,150.0,400150.0,1.0,0.0,0.0,1.0,0.0,1.0,0.0,0.0,999.0,M,W,3e8dd078-8bb0-4db3-a542-43093bb7211a,2a0e9dc6-035c-4c85-8a0d-452e027e4164,2.0,1.0
1850.0,308512.0,18.0,38.0,51.0,40.0,150.0,400150.0,1.0,0.0,0.0,1.0,0.0,1.0,0.0,0.0,999.0,M,W,5f27c373-11ce-480a-9a80-c5391f460612,2a0e9dc6-035c-4c85-8a0d-452e027e4164,2.0,1.0
1850.0,308512.0,19.0,38.0,51.0,40.0,150.0,400150.0,1.0,0.0,0.0,1.0,0.0,1.0,0.0,0.0,999.0,M,W,38e64fbe-906a-405f-94a5-3194eac865fa,2a0e9dc6-035c-4c85-8a0d-452e027e4164,2.0,1.0
1850.0,308512.0,20.0,38.0,51.0,40.0,150.0,400150.0,1.0,0.0,0.0,1.0,0.0,1.0,0.0,0.0,999.0,M,W,641dd5ff-7ee4-4849-8686-1b6f14f24c2e,2a0e9dc6-035c-4c85-8a0d-452e027e4164,2.0,1.0
1850.0,308512.0,21.0,38.0,51.0,40.0,150.0,400150.0,1.0,0.0,0.0,1.0,0.0,1.0,0.0,0.0,999.0,M,W,dffb4db5-1a55-4f06-aa66-1dd1e2a6eec6,2a0e9dc6-035c-4c85-8a0d-452e027e4164,2.0,1.0
1850.0,308512.0,22.0,38.0,51.0,40.0,150.0,400150.0,1.0,0.0,0.0,1.0,0.0,1.0,0.0,0.0,12.0,M,B,c661a88d-6ae0-49fd-b975-4caedb075631,2a0e9dc6-035c-4c85-8a0d-452e027e4164,2.0,1.0
1850.0,308512.0,23.0,38.0,51.0,40.0,150.0,400150.0,1.0,0.0,0.0,1.0,0.0,1.0,0.0,0.0,1.0,M,B,b0bd6e62-7e6d-4e78-928f-d31b32ea94ad,2a0e9dc6-035c-4c85-8a0d-452e027e4164,2.0,1.0
1850.0,308512.0,24.0,38.0,51.0,40.0,150.0,400150.0,1.0,0.0,0.0,1.0,0.0,1.0,0.0,0.0,1.0,M,B,9a6c2c44-ba02-4ad5-b123-6ff35096608c,2a0e9dc6-035c-4c85-8a0d-452e027e4164,2.0,1.0
1850.0,308512.0,25.0,38.0,51.0,40.0,150.0,400150.0,1.0,0.0,0.0,1.0,0.0,1.0,0.0,0.0,45.0,F,B,44c65c24-7370-4f03-a3c7-5934f5ab2ecc,2a0e9dc6-035c-4c85-8a0d-452e027e4164,2.0,1.0
1850.0,308512.0,26.0,38.0,51.0,40.0,150.0,400150.0,1.0,0.0,0.0,1.0,0.0,1.0,0.0,0.0,36.0,F,B,ab8fc1f8-4457-4d2f-8125-913de8a5df89,2a0e9dc6-035c-4c85-8a0d-452e027e4164,2.0,1.0
1850.0,308512.0,27.0,38.0,51.0,40.0,150.0,400150.0,1.0,0.0,0.0,1.0,0.0,1.0,0.0,0.0,18.0,F,B,0b0800e1-5cbd-457c-a2be-4e97c5e378ca,2a0e9dc6-035c-4c85-8a0d-452e027e4164,2.0,1.0
1850.0,308512.0,28.0,38.0,51.0,40.0,150.0,400150.0,1.0,0.0,0.0,1.0,0.0,1.0,0.0,0.0,17.0,F,B,828121e5-eca1-4e77-8705-4fa0ec25fd2c,2a0e9dc6-035c-4c85-8a0d-452e027e4164,2.0,1.0
1850.0,308512.0,29.0,38.0,51.0,40.0,150.0,400150.0,1.0,0.0,0.0,1.0,0.0,1.0,0.0,0.0,13.0,F,B,b5143fb2-e1ef-46dc-b54d-f02af562e46c,2a0e9dc6-035c-4c85-8a0d-452e027e4164,2.0,1.0
1850.0,308512.0,30.0,38.0,51.0,40.0,150.0,400150.0,1.0,0.0,0.0,1.0,0.0,1.0,0.0,0.0,2.0,F,B,52b5f68e-7cf1-47f2-8ed2-7e09572b3fce,2a0e9dc6-035c-4c85-8a0d-452e027e4164,2.0,1.0
1850.0,308512.0,31.0,38.0,51.0,40.0,150.0,400150.0,1.0,0.0,0.0,1.0,0.0,1.0,0.0,0.0,12.0,M,B,a0256e2c-2e4d-45ab-9417-499926eab336,2a0e9dc6-035c-4c85-8a0d-452e027e4164,2.0,1.0
1850.0,308512.0,32.0,38.0,51.0,40.0,150.0,400150.0,1.0,0.0,0.0,1.0,0.0,1.0,0.0,0.0,10.0,M,B,640d087c-973f-48e3-b543-6ef4e0098af2,2a0e9dc6-035c-4c85-8a0d-452e027e4164,2.0,1.0
1850.0,308512.0,33.0,38.0,51.0,40.0,150.0,400150.0,1.0,0.0,0.0,1.0,0.0,1.0,0.0,0.0,10.0,M,B,3e686da6-a64d-4778-aa97-334a0eff1135,2a0e9dc6-035c-4c85-8a0d-452e027e4164,2.0,1.0
1850.0,308512.0,34.0,38.0,51.0,40.0,150.0,400150.0,1.0,0.0,0.0,1.0,0.0,1.0,0.0,0.0,8.0,M,B,cac4a8d5-46fc-43cc-bc5d-5b2c6053d88e,2a0e9dc6-035c-4c85-8a0d-452e027e4164,2.0,1.0
1850.0,308512.0,35.0,38.0,51.0,40.0,150.0,400150.0,1.0,0.0,0.0,1.0,0.0,1.0,0.0,0.0,7.0,M,B,c1e27b95-46f5-458e-aaa7-e4dd54674462,2a0e9dc6-035c-4c85-8a0d-452e027e4164,2.0,1.0
1850.0,308512.0,36.0,38.0,51.0,40.0,150.0,400150.0,1.0,0.0,0.0,1.0,0.0,1.0,0.0,0.0,4.0,M,B,032d8304-f652-488a-89f9-f0ea1a2bf3c3,2a0e9dc6-035c-4c85-8a0d-452e027e4164,2.0,1.0
1850.0,308512.0,37.0,38.0,51.0,40.0,150.0,400150.0,1.0,0.0,0.0,1.0,0.0,1.0,0.0,0.0,4.0,M,B,0179ca0a-3042-40a4-9f93-d4dc0890890d,2a0e9dc6-035c-4c85-8a0d-452e027e4164,2.0,1.0
1850.0,308512.0,38.0,38.0,51.0,40.0,150.0,400150.0,1.0,0.0,0.0,1.0,0.0,1.0,0.0,0.0,2.0,M,B,d6136063-9cfd-4c42-a45b-b32ba44decc1,2a0e9dc6-035c-4c85-8a0d-452e027e4164,2.0,1.0
1850.0,308507.0,1.0,2.0,51.0,40.0,150.0,400150.0,1.0,0.0,0.0,1.0,0.0,1.0,0.0,0.0,23.0,F,B,7509065e-a564-4971-b640-30fe56a55742,7522e06f-7e8d-4f84-b2e3-4a3e7ca42762,1.0,1.0
1850.0,308507.0,2.0,2.0,51.0,40.0,150.0,400150.0,1.0,0.0,0.0,1.0,0.0,1.0,0.0,0.0,20.0,M,B,5a2f23f6-bf2e-419c-8fac-9d0a28de3804,7522e06f-7e8d-4f84-b2e3-4a3e7ca42762,1.0,1.0
1850.0,308508.0,1.0,2.0,51.0,40.0,150.0,400150.0,1.0,0.0,0.0,1.0,0.0,1.0,0.0,0.0,26.0,M,B,b6749004-b043-4162-913e-0a1c4ffe21b4,,0.0,1.0
1850.0,308508.0,2.0,2.0,51.0,40.0,150.0,400150.0,1.0,0.0,0.0,1.0,0.0,1.0,0.0,0.0,999.0,F,B,17b8deeb-bafd-4bc5-bb3e-65f6c5300661,,0.0,1.0
1850.0,308509.0,1.0,1.0,51.0,40.0,150.0,400150.0,1.0,0.0,0.0,1.0,0.0,1.0,0.0,0.0,37.0,M,B,7d6cb43d-7f99-4b52-8407-c064f531c06e,,0.0,1.0
1850.0,308513.0,1.0,7.0,51.0,40.0,150.0,400150.0,1.0,0.0,0.0,1.0,0.0,1.0,0.0,0.0,76.0,M,B,3f58bf64-d904-4900-afe5-b6714d388aef,058dbf7d-201c-46a7-bee5-725e044c5a98,1.0,1.0
1850.0,308513.0,2.0,7.0,51.0,40.0,150.0,400150.0,1.0,0.0,0.0,1.0,0.0,1.0,0.0,0.0,24.0,M,B,380d9ef0-9a1c-4205-8366-017bf2d90d10,058dbf7d-201c-46a7-bee5-725e044c5a98,1.0,1.0
1850.0,308513.0,3.0,7.0,51.0,40.0,150.0,400150.0,1.0,0.0,0.0,1.0,0.0,1.0,0.0,0.0,999.0,M,B,d1e7683e-2a45-427d-8de5-a7b3742ceaf4,058dbf7d-201c-46a7-bee5-725e044c5a98,1.0,1.0
1850.0,308513.0,4.0,7.0,51.0,40.0,150.0,400150.0,1.0,0.0,0.0,1.0,0.0,1.0,0.0,0.0,16.0,M,B,b05d66cc-675b-409f-833a-deecdc09d8cd,058dbf7d-201c-46a7-bee5-725e044c5a98,1.0,1.0
1850.0,308513.0,5.0,7.0,51.0,40.0,150.0,400150.0,1.0,0.0,0.0,1.0,0.0,1.0,0.0,0.0,55.0,F,B,20031430-6521-403d-8342-78f7a3ed2882,058dbf7d-201c-46a7-bee5-725e044c5a98,1.0,1.0
1850.0,308513.0,6.0,7.0,51.0,40.0,150.0,400150.0,1.0,0.0,0.0,1.0,0.0,1.0,0.0,0.0,14.0,F,B,909ceb97-6eed-4bea-9efe-5308ebe0c9b4,058dbf7d-201c-46a7-bee5-725e044c5a98,1.0,1.0
1850.0,308513.0,7.0,7.0,51.0,40.0,150.0,400150.0,1.0,0.0,0.0,1.0,0.0,1.0,0.0,0.0,16.0,F,B,0dad2ebf-535b-45a4-adae-d93a652f2d68,058dbf7d-201c-46a7-bee5-725e044c5a98,1.0,1.0
1850.0,308514.0,1.0,2.0,51.0,40.0,150.0,400150.0,1.0,0.0,0.0,1.0,0.0,1.0,0.0,0.0,24.0,F,B,162dd122-80c6-482c-8db7-b0ac4ae3af9a,11a87138-a231-454e-bd03-bfed430036b2,1.0,1.0
1850.0,308514.0,2.0,2.0,51.0,40.0,150.0,400150.0,1.0,0.0,0.0,1.0,0.0,1.0,0.0,0.0,2.0,M,B,13240466-4d75-4bac-9af8-50100f320647,11a87138-a231-454e-bd03-bfed430036b2,1.0,1.0
1850.0,308515.0,1.0,11.0,51.0,40.0,150.0,400150.0,1.0,0.0,0.0,1.0,0.0,1.0,0.0,0.0,999.0,M,B,190b65b7-d02b-4bdc-9a60-09ca31543e24,f69ffa85-2aec-4a70-b622-ddaca9a54bdd,1.0,1.0
1850.0,308515.0,2.0,11.0,51.0,40.0,150.0,400150.0,1.0,0.0,0.0,1.0,0.0,1.0,0.0,0.0,20.0,M,B,d32724f9-3faa-44e8-8a01-2b9b1d4f95bc,f69ffa85-2aec-4a70-b622-ddaca9a54bdd,1.0,1.0
1850.0,308515.0,3.0,11.0,51.0,40.0,150.0,400150.0,1.0,0.0,0.0,1.0,0.0,1.0,0.0,0.0,22.0,M,B,1e4c2aed-d5d2-4f11-8c64-6cb4a4131ff4,f69ffa85-2aec-4a70-b622-ddaca9a54bdd,1.0,1.0
1850.0,308515.0,4.0,11.0,51.0,40.0,150.0,400150.0,1.0,0.0,0.0,1.0,0.0,1.0,0.0,0.0,13.0,M,W,ae3d1a94-6717-4f41-8ae8-acc34735423e,f69ffa85-2aec-4a70-b622-ddaca9a54bdd,1.0,1.0
1850.0,308515.0,5.0,11.0,51.0,40.0,150.0,400150.0,1.0,0.0,0.0,1.0,0.0,1.0,0.0,0.0,5.0,M,W,b6ed3e79-e73f-412e-b9a6-5b6f4e0473a1,f69ffa85-2aec-4a70-b622-ddaca9a54bdd,1.0,1.0
1850.0,308515.0,6.0,11.0,51.0,40.0,150.0,400150.0,1.0,0.0,0.0,1.0,0.0,1.0,0.0,0.0,999.0,M,W,7e043b7a-bb05-4b31-8402-7c88328c5e50,f69ffa85-2aec-4a70-b622-ddaca9a54bdd,1.0,1.0
1850.0,308515.0,7.0,11.0,51.0,40.0,150.0,400150.0,1.0,0.0,0.0,1.0,0.0,1.0,0.0,0.0,999.0,M,W,ce41b7d5-f6ee-438a-a49a-b61ca097acbf,f69ffa85-2aec-4a70-b622-ddaca9a54bdd,1.0,1.0
1850.0,308515.0,8.0,11.0,51.0,40.0,150.0,400150.0,1.0,0.0,0.0,1.0,0.0,1.0,0.0,0.0,999.0,M,W,e1453911-7f7c-47b1-b5a7-538b7a90a88e,f69ffa85-2aec-4a70-b622-ddaca9a54bdd,1.0,1.0
1850.0,308515.0,9.0,11.0,51.0,40.0,150.0,400150.0,1.0,0.0,0.0,1.0,0.0,1.0,0.0,0.0,999.0,M,W,dccaabcb-b857-4e43-93df-da566a6bb447,f69ffa85-2aec-4a70-b622-ddaca9a54bdd,1.0,1.0
1850.0,308515.0,10.0,11.0,51.0,40.0,150.0,400150.0,1.0,0.0,0.0,1.0,0.0,1.0,0.0,0.0,999.0,F,W,550f4908-284d-4a10-8f93-d51f58b2be09,f69ffa85-2aec-4a70-b622-ddaca9a54bdd,1.0,1.0
1850.0,308515.0,11.0,11.0,51.0,40.0,150.0,400150.0,1.0,0.0,0.0,1.0,0.0,1.0,0.0,0.0,999.0,F,W,2c81ebfc-542c-4700-b129-c6cd675d153a,f69ffa85-2aec-4a70-b622-ddaca9a54bdd,1.0,1.0
1850.0,308516.0,1.0,5.0,51.0,40.0,150.0,400150.0,1.0,0.0,0.0,1.0,0.0,1.0,0.0,0.0,38.0,F,W,ae10621f-a2fc-491f-9328-5209ea48f7a2,,0.0,1.0
1850.0,308516.0,2.0,5.0,51.0,40.0,150.0,400150.0,1.0,0.0,0.0,1.0,0.0,1.0,0.0,0.0,26.0,M,W,f238560d-4e92-476e-abe4-1a1a6a600257,,0.0,1.0
1850.0,308516.0,3.0,5.0,51.0,40.0,150.0,400150.0,1.0,0.0,0.0,1.0,0.0,1.0,0.0,0.0,32.0,M,W,d87e48ac-f4f5-4fc5-bb0e-f37cc11a4cdc,,0.0,1.0
1850.0,308516.0,4.0,5.0,51.0,40.0,150.0,400150.0,1.0,0.0,0.0,1.0,0.0,1.0,0.0,0.0,0.0,M,W,ef51a911-c837-4980-ac83-671d7d721349,,0.0,1.0
1850.0,308516.0,5.0,5.0,51.0,40.0,150.0,400150.0,1.0,0.0,0.0,1.0,0.0,1.0,0.0,0.0,999.0,M,B,480ea998-d1fb-428a-9578-e0a4ed0f643f,,0.0,1.0
1850.0,308517.0,1.0,15.0,51.0,40.0,150.0,400150.0,1.0,0.0,0.0,1.0,0.0,1.0,0.0,0.0,19.0,M,B,1c99b708-1233-4bc1-b51d-14865276e9b4,7f932b33-812f-4850-811e-cfe20eec5fa5,1.0,1.0
1850.0,308517.0,2.0,15.0,51.0,40.0,150.0,400150.0,1.0,0.0,0.0,1.0,0.0,1.0,0.0,0.0,8.0,F,B,66202d65-5474-47ca-9a02-37a8e3985dcb,7f932b33-812f-4850-811e-cfe20eec5fa5,1.0,1.0
1850.0,308517.0,3.0,15.0,51.0,40.0,150.0,400150.0,1.0,0.0,0.0,1.0,0.0,1.0,0.0,0.0,2.0,F,B,438fc88f-8675-477f-be90-41e4ce5c7c47,7f932b33-812f-4850-811e-cfe20eec5fa5,1.0,1.0
1850.0,308517.0,4.0,15.0,51.0,40.0,150.0,400150.0,1.0,0.0,0.0,1.0,0.0,1.0,0.0,0.0,2.0,F,B,a732fe80-b1ae-41e9-a5a5-c8bd2886bd33,7f932b33-812f-4850-811e-cfe20eec5fa5,1.0,1.0
1850.0,308517.0,5.0,15.0,51.0,40.0,150.0,400150.0,1.0,0.0,0.0,1.0,0.0,1.0,0.0,0.0,2.0,F,B,c1c13c93-7b66-424f-8d96-58ee0352bc0c,7f932b33-812f-4850-811e-cfe20eec5fa5,1.0,1.0
1850.0,308517.0,6.0,15.0,51.0,40.0,150.0,400150.0,1.0,0.0,0.0,1.0,0.0,1.0,0.0,0.0,2.0,F,B,6d019d66-3c45-4ded-98c1-685a78d16d91,7f932b33-812f-4850-811e-cfe20eec5fa5,1.0,1.0
1850.0,308517.0,7.0,15.0,51.0,40.0,150.0,400150.0,1.0,0.0,0.0,1.0,0.0,1.0,0.0,0.0,0.0,F,B,bbb2476c-3c61-4592-978c-652cc20ddc43,7f932b33-812f-4850-811e-cfe20eec5fa5,1.0,1.0
1850.0,308517.0,8.0,15.0,51.0,40.0,150.0,400150.0,1.0,0.0,0.0,1.0,0.0,1.0,0.0,0.0,15.0,M,B,35606336-42c3-47de-b25a-cfe44e9186e9,7f932b33-812f-4850-811e-cfe20eec5fa5,1.0,1.0
1850.0,308517.0,9.0,15.0,51.0,40.0,150.0,400150.0,1.0,0.0,0.0,1.0,0.0,1.0,0.0,0.0,3.0,M,B,2b01a336-3ecb-4a84-b66c-7feb1a9de454,7f932b33-812f-4850-811e-cfe20eec5fa5,1.0,1.0
1850.0,308517.0,10.0,15.0,51.0,40.0,150.0,400150.0,1.0,0.0,0.0,1.0,0.0,1.0,0.0,0.0,1.0,M,B,bc39fdf5-e455-4b98-aaa7-7985c32e7c1e,7f932b33-812f-4850-811e-cfe20eec5fa5,1.0,1.0
1850.0,308517.0,11.0,15.0,51.0,40.0,150.0,400150.0,1.0,0.0,0.0,1.0,0.0,1.0,0.0,0.0,55.0,F,B,2f9f8593-95d1-47b4-807e-449b3c474434,7f932b33-812f-4850-811e-cfe20eec5fa5,1.0,1.0
1850.0,308517.0,12.0,15.0,51.0,40.0,150.0,400150.0,1.0,0.0,0.0,1.0,0.0,1.0,0.0,0.0,32.0,F,B,867d465a-0415-4039-b313-45db92ae554f,7f932b33-812f-4850-811e-cfe20eec5fa5,1.0,1.0
1850.0,308517.0,13.0,15.0,51.0,40.0,150.0,400150.0,1.0,0.0,0.0,1.0,0.0,1.0,0.0,0.0,23.0,F,B,5e271deb-b4a5-455a-9dc3-83284ddf112a,7f932b33-812f-4850-811e-cfe20eec5fa5,1.0,1.0
1850.0,308517.0,14.0,15.0,51.0,40.0,150.0,400150.0,1.0,0.0,0.0,1.0,0.0,1.0,0.0,0.0,20.0,F,B,bf662146-cfae-4423-8821-6fedce2e80dc,7f932b33-812f-4850-811e-cfe20eec5fa5,1.0,1.0
1850.0,308517.0,15.0,15.0,51.0,40.0,150.0,400150.0,1.0,0.0,0.0,1.0,0.0,1.0,0.0,0.0,15.0,F,B,ab02ad27-3155-49c3-8368-db67768793cb,7f932b33-812f-4850-811e-cfe20eec5fa5,1.0,1.0
1850.0,308518.0,1.0,7.0,51.0,40.0,150.0,400150.0,1.0,0.0,0.0,1.0,0.0,1.0,0.0,0.0,18.0,M,B,d78ece47-3e01-473e-941d-348e3310276e,eb5f4743-7d96-4e6a-bada-eb8cebcee68f,1.0,1.0
1850.0,308518.0,2.0,7.0,51.0,40.0,150.0,400150.0,1.0,0.0,0.0,1.0,0.0,1.0,0.0,0.0,16.0,M,B,3e371b69-a9e9-4f49-a7ed-d918a68cb0ff,eb5f4743-7d96-4e6a-bada-eb8cebcee68f,1.0,1.0
1850.0,308518.0,3.0,7.0,51.0,40.0,150.0,400150.0,1.0,0.0,0.0,1.0,0.0,1.0,0.0,0.0,7.0,M,B,07e74d91-1f15-4c36-b3e5-7b51c707bc43,eb5f4743-7d96-4e6a-bada-eb8cebcee68f,1.0,1.0
1850.0,308518.0,4.0,7.0,51.0,40.0,150.0,400150.0,1.0,0.0,0.0,1.0,0.0,1.0,0.0,0.0,4.0,M,B,3c95bee9-7f66-4c46-9304-8ee4a9ab3611,eb5f4743-7d96-4e6a-bada-eb8cebcee68f,1.0,1.0
1850.0,308518.0,5.0,7.0,51.0,40.0,150.0,400150.0,1.0,0.0,0.0,1.0,0.0,1.0,0.0,0.0,18.0,F,B,356c7237-fed6-4cc1-a613-ee789a8d8019,eb5f4743-7d96-4e6a-bada-eb8cebcee68f,1.0,1.0
1850.0,308518.0,6.0,7.0,51.0,40.0,150.0,400150.0,1.0,0.0,0.0,1.0,0.0,1.0,0.0,0.0,18.0,F,B,6a81edd3-aafc-4692-a0f4-dad4b2d2a316,eb5f4743-7d96-4e6a-bada-eb8cebcee68f,1.0,1.0
1850.0,308518.0,7.0,7.0,51.0,40.0,150.0,400150.0,1.0,0.0,0.0,1.0,0.0,1.0,0.0,0.0,21.0,F,B,344f8851-d690-4fe7-a4d8-cff51aea79fe,eb5f4743-7d96-4e6a-bada-eb8cebcee68f,1.0,1.0
1850.0,308519.0,1.0,3.0,51.0,40.0,150.0,400150.0,1.0,0.0,0.0,1.0,0.0,1.0,0.0,0.0,25.0,M,B,264dff4c-1327-40b5-8401-7d8490b4c3da,b03e7f5a-701e-4a8f-90f0-cad9d86a1ae9,1.0,1.0
1850.0,308519.0,2.0,3.0,51.0,40.0,150.0,400150.0,1.0,0.0,0.0,1.0,0.0,1.0,0.0,0.0,7.0,M,B,86ba83a4-fee8-472f-bdaa-2afa56d63e8d,b03e7f5a-701e-4a8f-90f0-cad9d86a1ae9,1.0,1.0
1850.0,308519.0,3.0,3.0,51.0,40.0,150.0,400150.0,1.0,0.0,0.0,1.0,0.0,1.0,0.0,0.0,3.0,F,B,8d81b269-f05e-4cc0-b927-d905f19c8635,b03e7f5a-701e-4a8f-90f0-cad9d86a1ae9,1.0,1.0
1850.0,308520.0,1.0,10.0,51.0,40.0,150.0,400150.0,1.0,0.0,0.0,1.0,0.0,1.0,0.0,0.0,999.0,M,B,6a3034af-4624-4c3e-9dbf-703f64fa8cda,54c6e295-25c9-4131-bd2e-472d1be810a7,1.0,1.0
1850.0,308520.0,2.0,10.0,51.0,40.0,150.0,400150.0,1.0,0.0,0.0,1.0,0.0,1.0,0.0,0.0,999.0,M,B,90ff4875-8518-4125-ba36-fd95c3aa3869,54c6e295-25c9-4131-bd2e-472d1be810a7,1.0,1.0
1850.0,308520.0,3.0,10.0,51.0,40.0,150.0,400150.0,1.0,0.0,0.0,1.0,0.0,1.0,0.0,0.0,999.0,F,B,eaae639b-1f6c-45d3-8b82-415b98857fed,54c6e295-25c9-4131-bd2e-472d1be810a7,1.0,1.0
1850.0,308520.0,4.0,10.0,51.0,40.0,150.0,400150.0,1.0,0.0,0.0,1.0,0.0,1.0,0.0,0.0,999.0,F,B,8bb23950-eaf0-4e96-8543-9a2e96ea725d,54c6e295-25c9-4131-bd2e-472d1be810a7,1.0,1.0
1850.0,308520.0,5.0,10.0,51.0,40.0,150.0,400150.0,1.0,0.0,0.0,1.0,0.0,1.0,0.0,0.0,999.0,M,W,b3f2e6b9-5a71-4713-8c8c-ae9ed2553bec,54c6e295-25c9-4131-bd2e-472d1be810a7,1.0,1.0
1850.0,308520.0,6.0,10.0,51.0,40.0,150.0,400150.0,1.0,0.0,0.0,1.0,0.0,1.0,0.0,0.0,999.0,M,W,a5807f0f-c839-4d87-9ee4-f38d18505ee6,54c6e295-25c9-4131-bd2e-472d1be810a7,1.0,1.0
1850.0,308520.0,7.0,10.0,51.0,40.0,150.0,400150.0,1.0,0.0,0.0,1.0,0.0,1.0,0.0,0.0,999.0,M,W,f2aee857-9c4c-459c-b2ba-83875958212b,54c6e295-25c9-4131-bd2e-472d1be810a7,1.0,1.0
1850.0,308520.0,8.0,10.0,51.0,40.0,150.0,400150.0,1.0,0.0,0.0,1.0,0.0,1.0,0.0,0.0,999.0,M,W,7d8793a9-a9b6-4550-ae93-e85fd9519774,54c6e295-25c9-4131-bd2e-472d1be810a7,1.0,1.0
1850.0,308520.0,9.0,10.0,51.0,40.0,150.0,400150.0,1.0,0.0,0.0,1.0,0.0,1.0,0.0,0.0,999.0,M,W,7720bdc0-7e7d-4b66-89fa-1accb284b06e,54c6e295-25c9-4131-bd2e-472d1be810a7,1.0,1.0
1850.0,308520.0,10.0,10.0,51.0,40.0,150.0,400150.0,1.0,0.0,0.0,1.0,0.0,1.0,0.0,0.0,999.0,M,W,14e59bff-6e28-409b-968e-b91fe985b585,54c6e295-25c9-4131-bd2e-472d1be810a7,1.0,1.0
1850.0,308521.0,1.0,12.0,51.0,40.0,150.0,400150.0,1.0,0.0,0.0,1.0,0.0,1.0,0.0,0.0,39.0,F,B,c9210e3c-670f-4b1c-bcb5-87795e16a5ff,,0.0,1.0
1850.0,308521.0,2.0,12.0,51.0,40.0,150.0,400150.0,1.0,0.0,0.0,1.0,0.0,1.0,0.0,0.0,19.0,F,B,0ebe2d87-ead9-4dba-9044-e6bf50fe2017,,0.0,1.0
1850.0,308521.0,3.0,12.0,51.0,40.0,150.0,400150.0,1.0,0.0,0.0,1.0,0.0,1.0,0.0,0.0,999.0,M,W,bebfad25-c0b8-45a7-ba60-d6e6e98e93dd,,0.0,1.0
1850.0,308521.0,4.0,12.0,51.0,40.0,150.0,400150.0,1.0,0.0,0.0,1.0,0.0,1.0,0.0,0.0,999.0,M,W,bbe2481c-bb50-4f47-a3b4-1b7ffead0ae1,,0.0,1.0
1850.0,308521.0,5.0,12.0,51.0,40.0,150.0,400150.0,1.0,0.0,0.0,1.0,0.0,1.0,0.0,0.0,999.0,M,W,aa6370a9-eed5-4799-b3e4-8302d70ee78f,,0.0,1.0
1850.0,308521.0,6.0,12.0,51.0,40.0,150.0,400150.0,1.0,0.0,0.0,1.0,0.0,1.0,0.0,0.0,999.0,M,W,01825531-76ad-4275-8902-72995375aaca,,0.0,1.0
1850.0,308521.0,7.0,12.0,51.0,40.0,150.0,400150.0,1.0,0.0,0.0,1.0,0.0,1.0,0.0,0.0,999.0,M,W,8c98f108-385a-4787-93d9-cd3bbc29a9d7,,0.0,1.0
1850.0,308521.0,8.0,12.0,51.0,40.0,150.0,400150.0,1.0,0.0,0.0,1.0,0.0,1.0,0.0,0.0,31.0,M,B,4d385ab6-3509-4b23-9780-3de3e8dffc36,,0.0,1.0
1850.0,308521.0,9.0,12.0,51.0,40.0,150.0,400150.0,1.0,0.0,0.0,1.0,0.0,1.0,0.0,0.0,24.0,M,B,0ee82671-0413-4aa2-911b-9654f5b47f9c,,0.0,1.0
1850.0,308521.0,10.0,12.0,51.0,40.0,150.0,400150.0,1.0,0.0,0.0,1.0,0.0,1.0,0.0,0.0,21.0,M,B,5257e853-cb5e-434c-b75b-1be1e2f501c6,,0.0,1.0
1850.0,308521.0,11.0,12.0,51.0,40.0,150.0,400150.0,1.0,0.0,0.0,1.0,0.0,1.0,0.0,0.0,38.0,M,B,74c9fc7c-919b-45b3-9960-e995aa74bc4a,,0.0,1.0
1850.0,308521.0,12.0,12.0,51.0,40.0,150.0,400150.0,1.0,0.0,0.0,1.0,0.0,1.0,0.0,0.0,2.0,M,B,448889b6-7bfc-49e8-98cc-35ab284bf8c0,,0.0,1.0
1850.0,308522.0,1.0,9.0,51.0,40.0,150.0,400150.0,1.0,0.0,0.0,1.0,0.0,1.0,0.0,0.0,10.0,M,B,50ea72bb-16e2-487e-9eb1-e649649cd5bd,,0.0,1.0
1850.0,308522.0,2.0,9.0,51.0,40.0,150.0,400150.0,1.0,0.0,0.0,1.0,0.0,1.0,0.0,0.0,32.0,F,B,b1854181-1f75-44a2-8ced-d02cc886a3e1,,0.0,1.0
1850.0,308522.0,3.0,9.0,51.0,40.0,150.0,400150.0,1.0,0.0,0.0,1.0,0.0,1.0,0.0,0.0,56.0,F,B,af136e66-95ff-41f0-a64e-bb94681021e7,,0.0,1.0
1850.0,308522.0,4.0,9.0,51.0,40.0,150.0,400150.0,1.0,0.0,0.0,1.0,0.0,1.0,0.0,0.0,7.0,F,B,c4475654-dab4-4fa3-9736-962896a6cfaf,,0.0,1.0
1850.0,308522.0,5.0,9.0,51.0,40.0,150.0,400150.0,1.0,0.0,0.0,1.0,0.0,1.0,0.0,0.0,999.0,M,B,81c322b4-1881-49a4-9441-8dc94558ece9,,0.0,1.0
1850.0,308522.0,6.0,9.0,51.0,40.0,150.0,400150.0,1.0,0.0,0.0,1.0,0.0,1.0,0.0,0.0,50.0,M,B,51e99ff1-0bc7-4c3b-8b8c-19dc71054a8b,,0.0,1.0
1850.0,308522.0,7.0,9.0,51.0,40.0,150.0,400150.0,1.0,0.0,0.0,1.0,0.0,1.0,0.0,0.0,28.0,M,B,ad283fa2-d51b-4a7f-ad25-1377340a301d,,0.0,1.0
1850.0,308522.0,8.0,9.0,51.0,40.0,150.0,400150.0,1.0,0.0,0.0,1.0,0.0,1.0,0.0,0.0,23.0,M,B,7b287c70-03f2-47a1-b0a8-03aaf6f8c322,,0.0,1.0
1850.0,308522.0,9.0,9.0,51.0,40.0,150.0,400150.0,1.0,0.0,0.0,1.0,0.0,1.0,0.0,0.0,29.0,M,B,bd6233f0-236e-45a4-9ae8-ef51f7811290,,0.0,1.0
1850.0,308523.0,1.0,5.0,51.0,40.0,150.0,400150.0,1.0,0.0,0.0,1.0,0.0,1.0,0.0,0.0,30.0,M,B,073871ea-2dd0-4c07-95ee-1419da9122e0,,0.0,1.0
1850.0,308523.0,2.0,5.0,51.0,40.0,150.0,400150.0,1.0,0.0,0.0,1.0,0.0,1.0,0.0,0.0,999.0,M,B,8ef2a944-330a-48f7-a28c-4d3135805683,,0.0,1.0
1850.0,308523.0,3.0,5.0,51.0,40.0,150.0,400150.0,1.0,0.0,0.0,1.0,0.0,1.0,0.0,0.0,4.0,F,B,9aa6fcb0-6bdc-4526-aa10-329a03256731,,0.0,1.0
1850.0,308523.0,4.0,5.0,51.0,40.0,150.0,400150.0,1.0,0.0,0.0,1.0,0.0,1.0,0.0,0.0,6.0,M,B,5c16aec4-ba22-4a32-aba6-33e63232bb00,,0.0,1.0
1850.0,308523.0,5.0,5.0,51.0,40.0,150.0,400150.0,1.0,0.0,0.0,1.0,0.0,1.0,0.0,0.0,999.0,M,B,b9157610-b415-4091-99f1-5a1f266aed8d,,0.0,1.0
1850.0,308524.0,1.0,10.0,51.0,40.0,150.0,400150.0,1.0,0.0,0.0,1.0,0.0,1.0,0.0,0.0,999.0,M,W,b81a154b-1b21-4fc6-8c14-46e7da7efe4a,,0.0,1.0
1850.0,308524.0,2.0,10.0,51.0,40.0,150.0,400150.0,1.0,0.0,0.0,1.0,0.0,1.0,0.0,0.0,999.0,F,B,1e3dfc05-d891-408f-b298-b60ce3e6a31e,,0.0,1.0
1850.0,308524.0,3.0,10.0,51.0,40.0,150.0,400150.0,1.0,0.0,0.0,1.0,0.0,1.0,0.0,0.0,999.0,M,B,1395a92a-eaf7-4ae8-a7ed-f61ded48b579,,0.0,1.0
1850.0,308524.0,4.0,10.0,51.0,40.0,150.0,400150.0,1.0,0.0,0.0,1.0,0.0,1.0,0.0,0.0,999.0,M,B,cc01e6e4-e16e-4cf1-87e8-f4cb87e5e773,,0.0,1.0
1850.0,308524.0,5.0,10.0,51.0,40.0,150.0,400150.0,1.0,0.0,0.0,1.0,0.0,1.0,0.0,0.0,999.0,M,W,342cd63e-b3df-45d7-8b6e-d27b743791a9,,0.0,1.0
1850.0,308524.0,6.0,10.0,51.0,40.0,150.0,400150.0,1.0,0.0,0.0,1.0,0.0,1.0,0.0,0.0,999.0,M,W,8debcd51-785a-4c3e-96a1-17bc9aef7875,,0.0,1.0
1850.0,308524.0,7.0,10.0,51.0,40.0,150.0,400150.0,1.0,0.0,0.0,1.0,0.0,1.0,0.0,0.0,999.0,M,W,83e4a1ff-21f6-4e11-b67d-28f96af51b87,,0.0,1.0
1850.0,308524.0,8.0,10.0,51.0,40.0,150.0,400150.0,1.0,0.0,0.0,1.0,0.0,1.0,0.0,0.0,999.0,M,B,a12bb0c7-dc4e-4c49-9d7f-05c0388ac61a,,0.0,1.0
1850.0,308524.0,9.0,10.0,51.0,40.0,150.0,400150.0,1.0,0.0,0.0,1.0,0.0,1.0,0.0,0.0,999.0,M,W,c0e8218e-6ffc-4dd0-8274-510c461c24ad,,0.0,1.0
1850.0,308524.0,10.0,10.0,51.0,40.0,150.0,400150.0,1.0,0.0,0.0,1.0,0.0,1.0,0.0,0.0,999.0,M,W,07a53bd1-63e8-41d6-aac9-06c831f0d979,,0.0,1.0
1850.0,308525.0,1.0,6.0,51.0,40.0,150.0,400150.0,1.0,0.0,0.0,1.0,0.0,1.0,0.0,0.0,999.0,M,W,ae59ac6f-2006-4409-a9c7-f78ad956f440,,0.0,1.0
1850.0,308525.0,2.0,6.0,51.0,40.0,150.0,400150.0,1.0,0.0,0.0,1.0,0.0,1.0,0.0,0.0,24.0,M,W,361d5a32-fe47-47ff-b88d-db67d3e5a7c4,,0.0,1.0
1850.0,308525.0,3.0,6.0,51.0,40.0,150.0,400150.0,1.0,0.0,0.0,1.0,0.0,1.0,0.0,0.0,999.0,M,W,f5f6acff-eb72-4405-bd47-2399dac75cff,,0.0,1.0
1850.0,308525.0,4.0,6.0,51.0,40.0,150.0,400150.0,1.0,0.0,0.0,1.0,0.0,1.0,0.0,0.0,999.0,M,W,4db76880-f80a-4e67-9234-624fb399230f,,0.0,1.0
1850.0,308525.0,5.0,6.0,51.0,40.0,150.0,400150.0,1.0,0.0,0.0,1.0,0.0,1.0,0.0,0.0,18.0,F,W,aad9dd95-ee2e-42ff-9910-674db3525c90,,0.0,1.0
1850.0,308525.0,6.0,6.0,51.0,40.0,150.0,400150.0,1.0,0.0,0.0,1.0,0.0,1.0,0.0,0.0,6.0,F,B,974047c3-0941-44a5-b0a6-ab4c4e6fee56,,0.0,1.0
1850.0,308526.0,1.0,4.0,51.0,40.0,150.0,400150.0,1.0,0.0,0.0,1.0,0.0,1.0,0.0,0.0,999.0,M,B,5a723ed2-08c5-4063-9d69-99d4015fd81a,,0.0,1.0
1850.0,308526.0,2.0,4.0,51.0,40.0,150.0,400150.0,1.0,0.0,0.0,1.0,0.0,1.0,0.0,0.0,999.0,M,W,67588bf8-1382-4922-91fb-46fb69546be1,,0.0,1.0
1850.0,308526.0,3.0,4.0,51.0,40.0,150.0,400150.0,1.0,0.0,0.0,1.0,0.0,1.0,0.0,0.0,999.0,M,W,4610029a-f810-440b-ab53-28e97b485551,,0.0,1.0
1850.0,308526.0,4.0,4.0,51.0,40.0,150.0,400150.0,1.0,0.0,0.0,1.0,0.0,1.0,0.0,0.0,999.0,M,W,59a642c6-b4a2-441a-95c7-cc27cb49838d,,0.0,1.0
1850.0,308527.0,1.0,3.0,51.0,40.0,150.0,400150.0,1.0,0.0,0.0,1.0,0.0,1.0,0.0,0.0,999.0,M,W,eaf8a0bf-9e24-449d-8663-591fb1031a5e,,0.0,1.0
1850.0,308527.0,2.0,3.0,51.0,40.0,150.0,400150.0,1.0,0.0,0.0,1.0,0.0,1.0,0.0,0.0,999.0,M,W,8c534e62-1beb-4715-b769-e7222ff1b220,,0.0,1.0
1850.0,308527.0,3.0,3.0,51.0,40.0,150.0,400150.0,1.0,0.0,0.0,1.0,0.0,1.0,0.0,0.0,999.0,M,W,f2a1b949-5d06-434a-bad5-feffc73371dc,,0.0,1.0
1850.0,308528.0,1.0,1.0,51.0,40.0,150.0,400150.0,1.0,0.0,0.0,1.0,0.0,1.0,0.0,0.0,40.0,M,B,e5ea40c0-351e-4637-ac18-cec95edc9750,bff930a2-40cf-43ad-8f48-310a0dd1a3ae,1.0,1.0
1850.0,308531.0,1.0,2.0,51.0,40.0,150.0,400150.0,1.0,0.0,0.0,1.0,0.0,1.0,0.0,0.0,14.0,M,B,ec568481-7468-4ef8-be13-5c6199ea11bf,,0.0,1.0
1850.0,308531.0,2.0,2.0,51.0,40.0,150.0,400150.0,1.0,0.0,0.0,1.0,0.0,1.0,0.0,0.0,32.0,M,B,74736c9e-665e-4fd2-8645-866f10fba2f4,,0.0,1.0
1850.0,308532.0,1.0,8.0,51.0,40.0,150.0,400150.0,1.0,0.0,0.0,1.0,0.0,1.0,0.0,0.0,45.0,M,B,0e0ec4ed-68f9-4a39-be84-85e3d083eda7,0a1bf398-de9e-4f3b-8b1c-e2cef7b78862,1.0,1.0
1850.0,308532.0,2.0,8.0,51.0,40.0,150.0,400150.0,1.0,0.0,0.0,1.0,0.0,1.0,0.0,0.0,46.0,F,B,561fa373-8fb0-4a11-970b-262b31375c4d,0a1bf398-de9e-4f3b-8b1c-e2cef7b78862,1.0,1.0
1850.0,308532.0,3.0,8.0,51.0,40.0,150.0,400150.0,1.0,0.0,0.0,1.0,0.0,1.0,0.0,0.0,26.0,F,B,f3fa7bda-00ce-4a2f-8bb7-004b5c171ef7,0a1bf398-de9e-4f3b-8b1c-e2cef7b78862,1.0,1.0
1850.0,308532.0,4.0,8.0,51.0,40.0,150.0,400150.0,1.0,0.0,0.0,1.0,0.0,1.0,0.0,0.0,10.0,F,B,31b1f81b-737b-4cc6-a01c-e4e2a46efdd9,0a1bf398-de9e-4f3b-8b1c-e2cef7b78862,1.0,1.0
1850.0,308532.0,5.0,8.0,51.0,40.0,150.0,400150.0,1.0,0.0,0.0,1.0,0.0,1.0,0.0,0.0,8.0,F,B,6f5a8654-5234-476e-863a-285218e3eac4,0a1bf398-de9e-4f3b-8b1c-e2cef7b78862,1.0,1.0
1850.0,308532.0,6.0,8.0,51.0,40.0,150.0,400150.0,1.0,0.0,0.0,1.0,0.0,1.0,0.0,0.0,6.0,F,B,6142d647-e0b3-4a63-8e7a-7f1797aa601f,0a1bf398-de9e-4f3b-8b1c-e2cef7b78862,1.0,1.0
1850.0,308532.0,7.0,8.0,51.0,40.0,150.0,400150.0,1.0,0.0,0.0,1.0,0.0,1.0,0.0,0.0,5.0,F,B,d081a520-643f-4f86-a512-97a8a33eefe3,0a1bf398-de9e-4f3b-8b1c-e2cef7b78862,1.0,1.0
1850.0,308532.0,8.0,8.0,51.0,40.0,150.0,400150.0,1.0,0.0,0.0,1.0,0.0,1.0,0.0,0.0,3.0,F,B,b89cd18d-f7ed-4241-81e5-041b79d3b2cc,0a1bf398-de9e-4f3b-8b1c-e2cef7b78862,1.0,1.0
1850.0,308533.0,1.0,1.0,51.0,40.0,150.0,400150.0,1.0,0.0,0.0,1.0,0.0,1.0,0.0,0.0,16.0,F,B,f83bf4d6-4103-4605-ae67-69caf2488136,,0.0,1.0
1850.0,308529.0,1.0,1.0,51.0,40.0,150.0,400150.0,1.0,0.0,0.0,1.0,0.0,1.0,0.0,0.0,30.0,F,B,941f293d-b840-413f-8b6a-d124998168a9,97409a48-1c77-48b7-97c0-c2f05b9a932f,1.0,1.0
1850.0,308534.0,1.0,2.0,51.0,40.0,150.0,400150.0,1.0,0.0,0.0,1.0,0.0,1.0,0.0,0.0,999.0,F,B,b90821de-b993-4e1c-8cd7-9f02ca90c808,,0.0,1.0
1850.0,308534.0,2.0,2.0,51.0,40.0,150.0,400150.0,1.0,0.0,0.0,1.0,0.0,1.0,0.0,0.0,19.0,M,B,9034bcd5-a0ac-4027-9047-1d117da152de,,0.0,1.0
1850.0,308535.0,1.0,1.0,51.0,40.0,150.0,400150.0,1.0,0.0,0.0,1.0,0.0,1.0,0.0,0.0,12.0,M,B,51da129a-f78d-4ece-85cb-f5c80b2f6538,d309724d-d0cc-4f2c-a18d-34b5b3dde531,1.0,1.0
1850.0,308536.0,1.0,13.0,51.0,40.0,150.0,400150.0,1.0,0.0,0.0,1.0,0.0,1.0,0.0,0.0,15.0,M,B,2969844e-ba96-46fb-a60c-3e76a2a6680d,,0.0,1.0
1850.0,308536.0,2.0,13.0,51.0,40.0,150.0,400150.0,1.0,0.0,0.0,1.0,0.0,1.0,0.0,0.0,4.0,M,B,2a67e395-01e2-4f2e-a6c3-f717fe440d19,,0.0,1.0
1850.0,308536.0,3.0,13.0,51.0,40.0,150.0,400150.0,1.0,0.0,0.0,1.0,0.0,1.0,0.0,0.0,7.0,M,B,06d230fa-ed13-4c01-98e1-88bee19a675a,,0.0,1.0
1850.0,308536.0,4.0,13.0,51.0,40.0,150.0,400150.0,1.0,0.0,0.0,1.0,0.0,1.0,0.0,0.0,8.0,F,B,433a9a9a-6dc8-4434-b259-de1ccdbc971e,,0.0,1.0
1850.0,308536.0,5.0,13.0,51.0,40.0,150.0,400150.0,1.0,0.0,0.0,1.0,0.0,1.0,0.0,0.0,38.0,F,B,add386b3-7698-4375-9b8c-40632c1925c4,,0.0,1.0
1850.0,308536.0,6.0,13.0,51.0,40.0,150.0,400150.0,1.0,0.0,0.0,1.0,0.0,1.0,0.0,0.0,32.0,F,B,a355f96f-2952-446c-9c13-2ffdf41b35e1,,0.0,1.0
1850.0,308536.0,7.0,13.0,51.0,40.0,150.0,400150.0,1.0,0.0,0.0,1.0,0.0,1.0,0.0,0.0,33.0,F,B,5ae6bcbd-e531-49a2-b1c5-fe9cfe2ee51d,,0.0,1.0
1850.0,308536.0,8.0,13.0,51.0,40.0,150.0,400150.0,1.0,0.0,0.0,1.0,0.0,1.0,0.0,0.0,38.0,M,B,b68eefa3-82ab-4657-8e5e-8d3ddcff2ed6,,0.0,1.0
1850.0,308536.0,9.0,13.0,51.0,40.0,150.0,400150.0,1.0,0.0,0.0,1.0,0.0,1.0,0.0,0.0,16.0,F,B,65b085e9-92bc-4c90-be5c-01d4dc08e8c3,,0.0,1.0
1850.0,308536.0,10.0,13.0,51.0,40.0,150.0,400150.0,1.0,0.0,0.0,1.0,0.0,1.0,0.0,0.0,10.0,F,B,1b0c4fb3-7be6-4f96-aa8c-b27101bdec17,,0.0,1.0
1850.0,308536.0,11.0,13.0,51.0,40.0,150.0,400150.0,1.0,0.0,0.0,1.0,0.0,1.0,0.0,0.0,7.0,F,B,c56ffaaf-d767-42ca-b4aa-790956806d6c,,0.0,1.0
1850.0,308536.0,12.0,13.0,51.0,40.0,150.0,400150.0,1.0,0.0,0.0,1.0,0.0,1.0,0.0,0.0,1.0,F,B,e7123ae3-b041-43a0-af64-173e4fe4bfe1,,0.0,1.0
1850.0,308536.0,13.0,13.0,51.0,40.0,150.0,400150.0,1.0,0.0,0.0,1.0,0.0,1.0,0.0,0.0,0.0,F,B,b4e31cd6-51e8-4f7e-b4fe-407984a7014e,,0.0,1.0
1850.0,308530.0,1.0,6.0,51.0,40.0,150.0,400150.0,1.0,0.0,0.0,1.0,0.0,1.0,0.0,0.0,6.0,M,B,5a6bb59f-80b6-449b-9a0f-c1af4c11c232,149fcfca-8823-4572-9c78-8a81f3c777b1,1.0,1.0
1850.0,308530.0,2.0,6.0,51.0,40.0,150.0,400150.0,1.0,0.0,0.0,1.0,0.0,1.0,0.0,0.0,32.0,M,B,29e3b4c4-2cdf-4c68-aa48-f8a18f3defdf,149fcfca-8823-4572-9c78-8a81f3c777b1,1.0,1.0
1850.0,308530.0,3.0,6.0,51.0,40.0,150.0,400150.0,1.0,0.0,0.0,1.0,0.0,1.0,0.0,0.0,16.0,M,B,eaf44919-beaa-4ffc-a611-01169d2e0f69,149fcfca-8823-4572-9c78-8a81f3c777b1,1.0,1.0
1850.0,308530.0,4.0,6.0,51.0,40.0,150.0,400150.0,1.0,0.0,0.0,1.0,0.0,1.0,0.0,0.0,1.0,M,B,f19e3219-1f3c-44c5-b5b3-e30d383868e3,149fcfca-8823-4572-9c78-8a81f3c777b1,1.0,1.0
1850.0,308530.0,5.0,6.0,51.0,40.0,150.0,400150.0,1.0,0.0,0.0,1.0,0.0,1.0,0.0,0.0,12.0,M,B,95cd4652-c45c-4fde-8b93-11633fc6349f,149fcfca-8823-4572-9c78-8a81f3c777b1,1.0,1.0
1850.0,308530.0,6.0,6.0,51.0,40.0,150.0,400150.0,1.0,0.0,0.0,1.0,0.0,1.0,0.0,0.0,4.0,F,B,1e64f937-8965-46ae-a0d5-b062697d7d37,149fcfca-8823-4572-9c78-8a81f3c777b1,1.0,1.0
1850.0,308537.0,1.0,2.0,51.0,40.0,150.0,400150.0,1.0,0.0,0.0,1.0,0.0,1.0,0.0,0.0,63.0,M,B,6669e219-3349-4588-9a1d-9cf2fed0c089,b4b000b2-383d-49b7-b481-d2448302bd31,1.0,1.0
1850.0,308537.0,2.0,2.0,51.0,40.0,150.0,400150.0,1.0,0.0,0.0,1.0,0.0,1.0,0.0,0.0,8.0,F,B,45a91ca8-188c-41d2-b883-bb6ef3b1eb85,b4b000b2-383d-49b7-b481-d2448302bd31,1.0,1.0
1850.0,308538.0,1.0,1.0,51.0,40.0,150.0,400150.0,1.0,0.0,0.0,1.0,0.0,1.0,0.0,0.0,12.0,M,B,ce29ad45-a2c1-464a-a3f6-4552f5e2e28a,,0.0,1.0
1850.0,308539.0,1.0,3.0,51.0,40.0,150.0,400150.0,1.0,0.0,0.0,1.0,0.0,1.0,0.0,0.0,999.0,M,B,35e52708-4012-4376-a77b-8016d176108f,cedf97df-d11d-4513-830d-5380a26c8356,1.0,1.0
1850.0,308539.0,2.0,3.0,51.0,40.0,150.0,400150.0,1.0,0.0,0.0,1.0,0.0,1.0,0.0,0.0,12.0,M,B,46355006-f671-4e8d-80df-80f81b9eb786,cedf97df-d11d-4513-830d-5380a26c8356,1.0,1.0
1850.0,308539.0,3.0,3.0,51.0,40.0,150.0,400150.0,1.0,0.0,0.0,1.0,0.0,1.0,0.0,0.0,25.0,F,B,60c221f0-c933-4585-bca1-d4baeffa3047,cedf97df-d11d-4513-830d-5380a26c8356,1.0,1.0
1850.0,308540.0,1.0,22.0,51.0,40.0,150.0,400150.0,1.0,0.0,0.0,1.0,0.0,1.0,0.0,0.0,85.0,M,B,9e3fae72-be0d-4318-b0e2-c698dd419c7d,,0.0,1.0
1850.0,308540.0,2.0,22.0,51.0,40.0,150.0,400150.0,1.0,0.0,0.0,1.0,0.0,1.0,0.0,0.0,50.0,M,B,23fd824c-fc53-4c5a-bc68-1c35be039e88,,0.0,1.0
1850.0,308540.0,3.0,22.0,51.0,40.0,150.0,400150.0,1.0,0.0,0.0,1.0,0.0,1.0,0.0,0.0,3.0,M,B,5133be6c-f735-43f3-932c-b4893b7311d1,,0.0,1.0
1850.0,308540.0,4.0,22.0,51.0,40.0,150.0,400150.0,1.0,0.0,0.0,1.0,0.0,1.0,0.0,0.0,1.0,M,B,f5a2426f-ddd2-44c4-9e4e-377ba639e25f,,0.0,1.0
1850.0,308540.0,5.0,22.0,51.0,40.0,150.0,400150.0,1.0,0.0,0.0,1.0,0.0,1.0,0.0,0.0,70.0,F,B,61c6fa8d-331b-4de9-8cd4-dba34d59efb3,,0.0,1.0
1850.0,308540.0,6.0,22.0,51.0,40.0,150.0,400150.0,1.0,0.0,0.0,1.0,0.0,1.0,0.0,0.0,52.0,F,B,28fd48c4-caf4-4d69-b620-7cdf5438afcb,,0.0,1.0
1850.0,308540.0,7.0,22.0,51.0,40.0,150.0,400150.0,1.0,0.0,0.0,1.0,0.0,1.0,0.0,0.0,37.0,F,B,3f185621-2666-4a42-bdb3-3a886b04ba67,,0.0,1.0
1850.0,308540.0,8.0,22.0,51.0,40.0,150.0,400150.0,1.0,0.0,0.0,1.0,0.0,1.0,0.0,0.0,29.0,F,B,55a410d9-bb2c-4863-8bb2-a3e963172786,,0.0,1.0
1850.0,308540.0,9.0,22.0,51.0,40.0,150.0,400150.0,1.0,0.0,0.0,1.0,0.0,1.0,0.0,0.0,27.0,F,B,182b7f4a-482f-4003-8d13-3c8b8b4d0aaa,,0.0,1.0
1850.0,308540.0,10.0,22.0,51.0,40.0,150.0,400150.0,1.0,0.0,0.0,1.0,0.0,1.0,0.0,0.0,14.0,F,B,a536022c-3d7e-4393-bc84-28d8c02c560a,,0.0,1.0
1850.0,308540.0,11.0,22.0,51.0,40.0,150.0,400150.0,1.0,0.0,0.0,1.0,0.0,1.0,0.0,0.0,10.0,F,B,3dacf6ec-bbd7-4d85-8fd7-53fc792c298d,,0.0,1.0
1850.0,308540.0,12.0,22.0,51.0,40.0,150.0,400150.0,1.0,0.0,0.0,1.0,0.0,1.0,0.0,0.0,9.0,F,B,210ab99e-8a88-4708-b229-28f8be1d66f9,,0.0,1.0
1850.0,308540.0,13.0,22.0,51.0,40.0,150.0,400150.0,1.0,0.0,0.0,1.0,0.0,1.0,0.0,0.0,24.0,M,B,8710f61d-5eed-422a-b5a7-57023453b140,,0.0,1.0
1850.0,308540.0,14.0,22.0,51.0,40.0,150.0,400150.0,1.0,0.0,0.0,1.0,0.0,1.0,0.0,0.0,6.0,F,B,6ae5eb42-ccb8-4adf-87f2-9923355304b6,,0.0,1.0
1850.0,308540.0,15.0,22.0,51.0,40.0,150.0,400150.0,1.0,0.0,0.0,1.0,0.0,1.0,0.0,0.0,1.0,F,B,973cebf8-dfbf-447a-91d5-55f527e1987d,,0.0,1.0
1850.0,308540.0,16.0,22.0,51.0,40.0,150.0,400150.0,1.0,0.0,0.0,1.0,0.0,1.0,0.0,0.0,22.0,M,B,af4e25fe-d94e-4b87-90e9-87875953cd60,,0.0,1.0
1850.0,308540.0,17.0,22.0,51.0,40.0,150.0,400150.0,1.0,0.0,0.0,1.0,0.0,1.0,0.0,0.0,20.0,M,B,b6dc03e9-446b-401d-acd6-952d88f73db7,,0.0,1.0
1850.0,308540.0,18.0,22.0,51.0,40.0,150.0,400150.0,1.0,0.0,0.0,1.0,0.0,1.0,0.0,0.0,10.0,M,B,f9dd3b44-eeaf-4162-828e-0e167ccc27cd,,0.0,1.0
1850.0,308540.0,19.0,22.0,51.0,40.0,150.0,400150.0,1.0,0.0,0.0,1.0,0.0,1.0,0.0,0.0,8.0,M,B,68efa205-9b06-43a8-bf78-a059118edf3b,,0.0,1.0
1850.0,308540.0,20.0,22.0,51.0,40.0,150.0,400150.0,1.0,0.0,0.0,1.0,0.0,1.0,0.0,0.0,5.0,M,B,e02a216f-746b-4add-b06a-a0a95f92c6f3,,0.0,1.0
1850.0,308540.0,21.0,22.0,51.0,40.0,150.0,400150.0,1.0,0.0,0.0,1.0,0.0,1.0,0.0,0.0,3.0,M,B,155ea1f9-453d-4c92-ac23-b190460a32f3,,0.0,1.0
1850.0,308540.0,22.0,22.0,51.0,40.0,150.0,400150.0,1.0,0.0,0.0,1.0,0.0,1.0,0.0,0.0,4.0,M,B,0cf21494-6503-423d-9111-2672e137415c,,0.0,1.0
1850.0,308541.0,1.0,3.0,51.0,40.0,150.0,400150.0,1.0,0.0,0.0,1.0,0.0,1.0,0.0,0.0,42.0,F,B,4f332397-3758-4323-9330-b8cfe730bb03,34609275-97a1-4117-9728-6829bcc8e10b,1.0,1.0
1850.0,308541.0,2.0,3.0,51.0,40.0,150.0,400150.0,1.0,0.0,0.0,1.0,0.0,1.0,0.0,0.0,7.0,F,B,36d88c91-a89b-4583-9a29-b8c0ac6debcd,34609275-97a1-4117-9728-6829bcc8e10b,1.0,1.0
1850.0,308541.0,3.0,3.0,51.0,40.0,150.0,400150.0,1.0,0.0,0.0,1.0,0.0,1.0,0.0,0.0,5.0,F,B,fff68a87-c7c1-422f-9cbe-49d92505e7e6,34609275-97a1-4117-9728-6829bcc8e10b,1.0,1.0
1850.0,308542.0,1.0,1.0,51.0,40.0,150.0,400150.0,1.0,0.0,0.0,1.0,0.0,1.0,0.0,0.0,10.0,F,B,839cfeca-29db-441c-8144-48005c6fb61d,5d60aec7-2800-45a1-b345-4c81f7fdff69,1.0,1.0
1850.0,308543.0,1.0,10.0,51.0,40.0,150.0,400150.0,1.0,0.0,0.0,1.0,0.0,1.0,0.0,0.0,30.0,M,B,7a04ff13-dd85-4b04-ac1c-d2de4557a494,bc64f998-6701-4cde-8d09-8136583defbe,1.0,1.0
1850.0,308543.0,2.0,10.0,51.0,40.0,150.0,400150.0,1.0,0.0,0.0,1.0,0.0,1.0,0.0,0.0,14.0,M,B,e7ea2cce-7d34-4b1c-b18f-aabc8557fcca,bc64f998-6701-4cde-8d09-8136583defbe,1.0,1.0
1850.0,308543.0,3.0,10.0,51.0,40.0,150.0,400150.0,1.0,0.0,0.0,1.0,0.0,1.0,0.0,0.0,45.0,F,B,b8ccd74f-331c-4fd5-b9b7-6df7df96cf98,bc64f998-6701-4cde-8d09-8136583defbe,1.0,1.0
1850.0,308543.0,4.0,10.0,51.0,40.0,150.0,400150.0,1.0,0.0,0.0,1.0,0.0,1.0,0.0,0.0,18.0,F,B,b30c0ba3-eb31-4306-9851-f6ff08f28a80,bc64f998-6701-4cde-8d09-8136583defbe,1.0,1.0
1850.0,308543.0,5.0,10.0,51.0,40.0,150.0,400150.0,1.0,0.0,0.0,1.0,0.0,1.0,0.0,0.0,14.0,F,B,40e9dc43-fb91-4d86-b307-321cffbbf90f,bc64f998-6701-4cde-8d09-8136583defbe,1.0,1.0
1850.0,308543.0,6.0,10.0,51.0,40.0,150.0,400150.0,1.0,0.0,0.0,1.0,0.0,1.0,0.0,0.0,9.0,F,B,c652995e-14e2-4005-8c56-8f362b56885c,bc64f998-6701-4cde-8d09-8136583defbe,1.0,1.0
1850.0,308543.0,7.0,10.0,51.0,40.0,150.0,400150.0,1.0,0.0,0.0,1.0,0.0,1.0,0.0,0.0,6.0,F,B,8c9cb279-2378-40df-9167-b6339059a3af,bc64f998-6701-4cde-8d09-8136583defbe,1.0,1.0
1850.0,308543.0,8.0,10.0,51.0,40.0,150.0,400150.0,1.0,0.0,0.0,1.0,0.0,1.0,0.0,0.0,5.0,F,B,8afc7efc-0962-484e-b5df-a0640532c545,bc64f998-6701-4cde-8d09-8136583defbe,1.0,1.0
1850.0,308543.0,9.0,10.0,51.0,40.0,150.0,400150.0,1.0,0.0,0.0,1.0,0.0,1.0,0.0,0.0,4.0,F,B,cb4a3f4c-2d2d-4ced-8a67-972445072947,bc64f998-6701-4cde-8d09-8136583defbe,1.0,1.0
1850.0,308543.0,10.0,10.0,51.0,40.0,150.0,400150.0,1.0,0.0,0.0,1.0,0.0,1.0,0.0,0.0,3.0,F,B,73b2ab95-6c01-4afa-ba40-89f61c3b34ce,bc64f998-6701-4cde-8d09-8136583defbe,1.0,1.0
1850.0,308544.0,1.0,1.0,51.0,40.0,150.0,400150.0,1.0,0.0,0.0,1.0,0.0,1.0,0.0,0.0,43.0,F,B,442b23d5-c426-4078-8d9b-13290d063fbf,ffd3e2c5-81c1-4a5e-97bc-dfa7235118c5,1.0,1.0
1850.0,308545.0,1.0,2.0,51.0,40.0,150.0,400150.0,1.0,0.0,0.0,1.0,0.0,1.0,0.0,0.0,28.0,M,B,9d303893-4650-4d9b-a9e4-7983cdbf9b50,8f42404d-27f7-4753-a266-8e98f5df9efa,1.0,1.0
1850.0,308545.0,2.0,2.0,51.0,40.0,150.0,400150.0,1.0,0.0,0.0,1.0,0.0,1.0,0.0,0.0,15.0,M,B,5ca9f0a4-e8ef-44f1-8bea-28cec4b288e2,8f42404d-27f7-4753-a266-8e98f5df9efa,1.0,1.0
1850.0,308546.0,1.0,1.0,51.0,40.0,150.0,400150.0,1.0,0.0,0.0,1.0,0.0,1.0,0.0,0.0,14.0,F,B,ee4a2353-4fc9-4230-864b-557021aebcc9,,0.0,1.0
1850.0,308547.0,1.0,1.0,51.0,40.0,150.0,400150.0,1.0,0.0,0.0,1.0,0.0,1.0,0.0,0.0,999.0,F,B,09779eda-1c09-4c72-9d16-4f0fbddd5cbf,f37ae4f4-a6d2-4da7-a069-36122a1f5352,1.0,1.0
1850.0,308548.0,1.0,10.0,51.0,40.0,150.0,400150.0,1.0,0.0,0.0,1.0,0.0,1.0,0.0,0.0,38.0,M,B,2ef92a85-8323-41e4-8e52-cf8b8f518a45,02fe7164-b660-443e-811d-0aaf32b7dc4b,1.0,1.0
1850.0,308548.0,2.0,10.0,51.0,40.0,150.0,400150.0,1.0,0.0,0.0,1.0,0.0,1.0,0.0,0.0,20.0,M,B,986d7715-9923-46b0-b689-ab0f25fd51f2,02fe7164-b660-443e-811d-0aaf32b7dc4b,1.0,1.0
1850.0,308548.0,3.0,10.0,51.0,40.0,150.0,400150.0,1.0,0.0,0.0,1.0,0.0,1.0,0.0,0.0,8.0,M,B,a16da50e-46ad-47d1-8e0e-d945619396d4,02fe7164-b660-443e-811d-0aaf32b7dc4b,2.0,1.0
1850.0,308548.0,4.0,10.0,51.0,40.0,150.0,400150.0,1.0,0.0,0.0,1.0,0.0,1.0,0.0,0.0,5.0,M,B,8c49c10a-563b-4a05-a5fd-be8d5f7fe71d,02fe7164-b660-443e-811d-0aaf32b7dc4b,2.0,1.0
1850.0,308548.0,5.0,10.0,51.0,40.0,150.0,400150.0,1.0,0.0,0.0,1.0,0.0,1.0,0.0,0.0,0.0,M,B,512e0104-8190-4149-816e-1c5b223b5556,02fe7164-b660-443e-811d-0aaf32b7dc4b,2.0,1.0
1850.0,308548.0,6.0,10.0,51.0,40.0,150.0,400150.0,1.0,0.0,0.0,1.0,0.0,1.0,0.0,0.0,45.0,F,B,6d8f964e-d4a7-4a8e-ac57-730beed3863b,02fe7164-b660-443e-811d-0aaf32b7dc4b,2.0,1.0
1850.0,308548.0,7.0,10.0,51.0,40.0,150.0,400150.0,1.0,0.0,0.0,1.0,0.0,1.0,0.0,0.0,30.0,F,B,3fa3a05f-cd49-4bf5-8425-4d67d87b9d55,02fe7164-b660-443e-811d-0aaf32b7dc4b,2.0,1.0
1850.0,308548.0,8.0,10.0,51.0,40.0,150.0,400150.0,1.0,0.0,0.0,1.0,0.0,1.0,0.0,0.0,9.0,F,B,c650aa6a-0553-414d-b9cf-ebacf951d9b4,02fe7164-b660-443e-811d-0aaf32b7dc4b,2.0,1.0
1850.0,308548.0,9.0,10.0,51.0,40.0,150.0,400150.0,1.0,0.0,0.0,1.0,0.0,1.0,0.0,0.0,6.0,F,B,9661e46f-c6c5-40c0-959f-8a448f1c090c,02fe7164-b660-443e-811d-0aaf32b7dc4b,2.0,1.0
1850.0,308548.0,10.0,10.0,51.0,40.0,150.0,400150.0,1.0,0.0,0.0,1.0,0.0,1.0,0.0,0.0,4.0,F,B,abd9254f-89f3-42cf-bf51-7d45770d3797,02fe7164-b660-443e-811d-0aaf32b7dc4b,2.0,1.0
1850.0,308550.0,1.0,4.0,51.0,40.0,150.0,400150.0,1.0,0.0,0.0,1.0,0.0,1.0,0.0,0.0,14.0,F,B,f93f768f-c94f-4c74-8d2f-9f313ee0ac26,,0.0,1.0
1850.0,308550.0,2.0,4.0,51.0,40.0,150.0,400150.0,1.0,0.0,0.0,1.0,0.0,1.0,0.0,0.0,12.0,M,B,6f9ffec7-d109-486c-8421-83ff780158f6,,0.0,1.0
1850.0,308550.0,3.0,4.0,51.0,40.0,150.0,400150.0,1.0,0.0,0.0,1.0,0.0,1.0,0.0,0.0,10.0,M,B,e9c03425-d8e2-475f-80cf-649a0d358852,,0.0,1.0
1850.0,308550.0,4.0,4.0,51.0,40.0,150.0,400150.0,1.0,0.0,0.0,1.0,0.0,1.0,0.0,0.0,31.0,F,B,19505599-8de2-405d-a0d7-6b68ef26aa57,,0.0,1.0
1850.0,308551.0,1.0,1.0,51.0,40.0,150.0,400150.0,1.0,0.0,0.0,1.0,0.0,1.0,0.0,0.0,10.0,M,B,94b2f183-7fff-4709-b56c-41943b8a9dac,bce76521-e516-4eec-be11-225eda52e2f0,1.0,1.0
1850.0,308552.0,1.0,1.0,51.0,40.0,150.0,400150.0,1.0,0.0,0.0,1.0,0.0,1.0,0.0,0.0,11.0,F,B,70fbacb7-2160-46b6-b9b6-0664a347731e,4a7b9bdc-ec5b-42ae-80b3-79404fd2706f,1.0,1.0
1850.0,308553.0,1.0,1.0,51.0,40.0,150.0,400150.0,1.0,0.0,0.0,1.0,0.0,1.0,0.0,0.0,8.0,M,B,b75f4cd8-cca3-46ae-b2f1-ff644006dfd0,8e37ee21-66f9-4694-a420-7d1959d37da0,1.0,1.0
1850.0,308554.0,1.0,2.0,51.0,40.0,150.0,400150.0,1.0,0.0,0.0,1.0,0.0,1.0,0.0,0.0,42.0,F,B,ba8b493e-cc6f-42c2-ab26-108fedc089b1,90be11d6-8273-47b2-9e37-17429cfbf148,1.0,1.0
1850.0,308554.0,2.0,2.0,51.0,40.0,150.0,400150.0,1.0,0.0,0.0,1.0,0.0,1.0,0.0,0.0,9.0,F,B,573caf4d-ae8f-4235-b178-cd2f15d0f71c,90be11d6-8273-47b2-9e37-17429cfbf148,1.0,1.0
1850.0,308555.0,1.0,2.0,51.0,40.0,150.0,400150.0,1.0,0.0,0.0,1.0,0.0,1.0,0.0,0.0,70.0,M,B,684368c2-c905-4b4d-9061-fd01fed0c642,23891090-cfe8-4437-8c70-5b14778f72e5,1.0,1.0
1850.0,308555.0,2.0,2.0,51.0,40.0,150.0,400150.0,1.0,0.0,0.0,1.0,0.0,1.0,0.0,0.0,45.0,F,B,1bf7b39b-8459-4c22-9138-d6e71c962bb5,23891090-cfe8-4437-8c70-5b14778f72e5,1.0,1.0
1850.0,308556.0,1.0,10.0,51.0,40.0,150.0,400150.0,1.0,0.0,0.0,1.0,0.0,1.0,0.0,0.0,24.0,M,B,d1d6fcdd-6949-4b69-9318-b7766ddd63a4,8b3ba63d-ecee-44d6-8af4-96f0fe2346ba,1.0,1.0
1850.0,308556.0,2.0,10.0,51.0,40.0,150.0,400150.0,1.0,0.0,0.0,1.0,0.0,1.0,0.0,0.0,19.0,M,B,71602bf4-322a-44c0-be25-642e23643712,8b3ba63d-ecee-44d6-8af4-96f0fe2346ba,1.0,1.0
1850.0,308556.0,3.0,10.0,51.0,40.0,150.0,400150.0,1.0,0.0,0.0,1.0,0.0,1.0,0.0,0.0,25.0,M,B,89a883aa-eefb-4127-bf92-c57358eda45f,8b3ba63d-ecee-44d6-8af4-96f0fe2346ba,1.0,1.0
1850.0,308556.0,4.0,10.0,51.0,40.0,150.0,400150.0,1.0,0.0,0.0,1.0,0.0,1.0,0.0,0.0,15.0,M,B,78ebbf0f-4f14-483e-9f7d-5631036ca868,8b3ba63d-ecee-44d6-8af4-96f0fe2346ba,1.0,1.0
1850.0,308556.0,5.0,10.0,51.0,40.0,150.0,400150.0,1.0,0.0,0.0,1.0,0.0,1.0,0.0,0.0,10.0,M,B,9f27870d-d84f-425c-a9c5-f1ae77eb8aaa,8b3ba63d-ecee-44d6-8af4-96f0fe2346ba,1.0,1.0
1850.0,308556.0,6.0,10.0,51.0,40.0,150.0,400150.0,1.0,0.0,0.0,1.0,0.0,1.0,0.0,0.0,45.0,F,B,023cc695-30df-4a2f-bda6-3fc471160d7d,8b3ba63d-ecee-44d6-8af4-96f0fe2346ba,1.0,1.0
1850.0,308556.0,7.0,10.0,51.0,40.0,150.0,400150.0,1.0,0.0,0.0,1.0,0.0,1.0,0.0,0.0,25.0,F,B,b0d3dfb6-db32-4413-90be-9454239242f3,8b3ba63d-ecee-44d6-8af4-96f0fe2346ba,1.0,1.0
1850.0,308556.0,8.0,10.0,51.0,40.0,150.0,400150.0,1.0,0.0,0.0,1.0,0.0,1.0,0.0,0.0,22.0,F,B,31370105-4ff4-45ee-aa47-dcd7ee8c958e,8b3ba63d-ecee-44d6-8af4-96f0fe2346ba,1.0,1.0
1850.0,308556.0,9.0,10.0,51.0,40.0,150.0,400150.0,1.0,0.0,0.0,1.0,0.0,1.0,0.0,0.0,14.0,F,B,d55a36cb-e819-41dd-8cf0-609f1c64b773,8b3ba63d-ecee-44d6-8af4-96f0fe2346ba,1.0,1.0
1850.0,308556.0,10.0,10.0,51.0,40.0,150.0,400150.0,1.0,0.0,0.0,1.0,0.0,1.0,0.0,0.0,0.0,F,B,3994fc09-0456-4935-a063-195b6d4a38bb,8b3ba63d-ecee-44d6-8af4-96f0fe2346ba,1.0,1.0
1850.0,308557.0,1.0,7.0,51.0,40.0,150.0,400150.0,1.0,0.0,0.0,1.0,0.0,1.0,0.0,0.0,47.0,M,B,76320bc2-90aa-43a6-8bbf-db795ef27d11,5589d8d3-566e-4590-824b-193590ea8e6d,1.0,1.0
1850.0,308557.0,2.0,7.0,51.0,40.0,150.0,400150.0,1.0,0.0,0.0,1.0,0.0,1.0,0.0,0.0,50.0,M,B,fb3afa13-de37-40f3-9026-7c9311248840,5589d8d3-566e-4590-824b-193590ea8e6d,1.0,1.0
1850.0,308557.0,3.0,7.0,51.0,40.0,150.0,400150.0,1.0,0.0,0.0,1.0,0.0,1.0,0.0,0.0,8.0,M,B,6cc4c223-b994-4787-b73b-f173fc2a38e1,5589d8d3-566e-4590-824b-193590ea8e6d,1.0,1.0
1850.0,308557.0,4.0,7.0,51.0,40.0,150.0,400150.0,1.0,0.0,0.0,1.0,0.0,1.0,0.0,0.0,5.0,M,B,9dce9c18-5b82-4d40-ae2d-413cc5603def,5589d8d3-566e-4590-824b-193590ea8e6d,1.0,1.0
1850.0,308557.0,5.0,7.0,51.0,40.0,150.0,400150.0,1.0,0.0,0.0,1.0,0.0,1.0,0.0,0.0,36.0,F,B,590a25e5-5c28-4f60-8e09-5c3f8259f807,5589d8d3-566e-4590-824b-193590ea8e6d,1.0,1.0
1850.0,308557.0,6.0,7.0,51.0,40.0,150.0,400150.0,1.0,0.0,0.0,1.0,0.0,1.0,0.0,0.0,10.0,F,B,5e81d6e8-87bd-4bb6-826f-fb0a04bee0d9,5589d8d3-566e-4590-824b-193590ea8e6d,1.0,1.0
1850.0,308557.0,7.0,7.0,51.0,40.0,150.0,400150.0,1.0,0.0,0.0,1.0,0.0,1.0,0.0,0.0,3.0,F,B,83fafa63-be95-40ae-99f8-ffc6081bb0af,5589d8d3-566e-4590-824b-193590ea8e6d,1.0,1.0
1850.0,308558.0,1.0,2.0,51.0,40.0,150.0,400150.0,1.0,0.0,0.0,1.0,0.0,1.0,0.0,0.0,35.0,F,B,debc451a-c68f-42fb-a728-752e300216ff,,0.0,1.0
1850.0,308558.0,2.0,2.0,51.0,40.0,150.0,400150.0,1.0,0.0,0.0,1.0,0.0,1.0,0.0,0.0,7.0,F,B,e724ca6b-7826-471b-9b33-7d7b33e451c4,,0.0,1.0
1850.0,308559.0,1.0,5.0,51.0,40.0,150.0,400150.0,1.0,0.0,0.0,1.0,0.0,1.0,0.0,0.0,34.0,F,B,db68c8f4-2d32-4987-ad7d-3c849c9d5ad4,382973e4-e851-42c2-ad31-7dafa77dd576,1.0,1.0
1850.0,308559.0,2.0,5.0,51.0,40.0,150.0,400150.0,1.0,0.0,0.0,1.0,0.0,1.0,0.0,0.0,10.0,F,B,91b1b0a8-6042-4905-a972-d0c911b29fc1,382973e4-e851-42c2-ad31-7dafa77dd576,1.0,1.0
1850.0,308559.0,3.0,5.0,51.0,40.0,150.0,400150.0,1.0,0.0,0.0,1.0,0.0,1.0,0.0,0.0,7.0,F,B,87fb5b67-75f5-4fa4-aa79-8cf99d6599a2,382973e4-e851-42c2-ad31-7dafa77dd576,1.0,1.0
1850.0,308559.0,4.0,5.0,51.0,40.0,150.0,400150.0,1.0,0.0,0.0,1.0,0.0,1.0,0.0,0.0,6.0,F,B,2fd21c79-89e1-4af5-9f76-92f418c2baa8,382973e4-e851-42c2-ad31-7dafa77dd576,1.0,1.0
1850.0,308559.0,5.0,5.0,51.0,40.0,150.0,400150.0,1.0,0.0,0.0,1.0,0.0,1.0,0.0,0.0,3.0,F,B,c69ba98f-e088-47ff-9ad1-cc4abfdf179d,382973e4-e851-42c2-ad31-7dafa77dd576,1.0,1.0
1850.0,308561.0,1.0,8.0,51.0,40.0,150.0,400150.0,1.0,0.0,0.0,1.0,0.0,1.0,0.0,0.0,8.0,F,B,5d61fe8b-9e91-4695-9b18-f5ce0b49ba3b,,0.0,1.0
1850.0,308561.0,2.0,8.0,51.0,40.0,150.0,400150.0,1.0,0.0,0.0,1.0,0.0,1.0,0.0,0.0,4.0,F,B,eda95b1f-c8ce-45f5-814e-855a16b54251,,0.0,1.0
1850.0,308561.0,3.0,8.0,51.0,40.0,150.0,400150.0,1.0,0.0,0.0,1.0,0.0,1.0,0.0,0.0,3.0,M,B,62e977b6-4c6a-44e2-9552-68133be5d27a,,0.0,1.0
1850.0,308561.0,4.0,8.0,51.0,40.0,150.0,400150.0,1.0,0.0,0.0,1.0,0.0,1.0,0.0,0.0,50.0,M,B,6e4670ce-2e58-40ef-8b50-1adbb8b32436,,0.0,1.0
1850.0,308561.0,5.0,8.0,51.0,40.0,150.0,400150.0,1.0,0.0,0.0,1.0,0.0,1.0,0.0,0.0,37.0,F,B,c546e838-dc42-4161-abef-4b63939ed50f,,0.0,1.0
1850.0,308561.0,6.0,8.0,51.0,40.0,150.0,400150.0,1.0,0.0,0.0,1.0,0.0,1.0,0.0,0.0,17.0,M,B,874c2795-cd04-4d63-8498-a7210276d523,,0.0,1.0
1850.0,308561.0,7.0,8.0,51.0,40.0,150.0,400150.0,1.0,0.0,0.0,1.0,0.0,1.0,0.0,0.0,14.0,F,B,967c011a-62d7-42c1-afec-1edcc0165c52,,0.0,1.0
1850.0,308561.0,8.0,8.0,51.0,40.0,150.0,400150.0,1.0,0.0,0.0,1.0,0.0,1.0,0.0,0.0,10.0,M,B,d0e9c81e-1766-4d7a-bc7f-2959b9139f35,,0.0,1.0
1850.0,308562.0,1.0,1.0,51.0,40.0,150.0,400150.0,1.0,0.0,0.0,1.0,0.0,1.0,0.0,0.0,63.0,M,B,24f37f9f-58f2-40fb-bcc2-3b52e3b7a592,37455606-92e2-49b4-b2fc-9a6eca8d5b3a,1.0,1.0
1850.0,308563.0,1.0,1.0,51.0,40.0,150.0,400150.0,1.0,0.0,0.0,1.0,0.0,1.0,0.0,0.0,15.0,F,B,4096bc9b-683c-4eb9-913b-cb53e4c7877a,d806c7dd-0985-4629-8149-b105e12b4699,1.0,1.0
1850.0,308564.0,1.0,1.0,51.0,40.0,150.0,400150.0,1.0,0.0,0.0,1.0,0.0,1.0,0.0,0.0,8.0,F,B,42f9e499-8e0f-41af-bb7f-51be97890b56,ceaadfde-6003-4396-9735-53a96053b6c5,2.0,1.0
1850.0,308565.0,1.0,2.0,51.0,40.0,150.0,400150.0,1.0,0.0,0.0,1.0,0.0,1.0,0.0,0.0,36.0,F,B,7ed5758c-31a7-4d9d-a9b5-b2e4849ccd64,1ecacaef-6ea6-458f-bb1f-cf84ccdd6ac1,1.0,1.0
1850.0,308565.0,2.0,2.0,51.0,40.0,150.0,400150.0,1.0,0.0,0.0,1.0,0.0,1.0,0.0,0.0,3.0,M,B,a8c27581-a2c0-4b78-9b6a-6d7bcd1ebeb2,1ecacaef-6ea6-458f-bb1f-cf84ccdd6ac1,1.0,1.0
1850.0,308566.0,1.0,1.0,51.0,40.0,150.0,400150.0,1.0,0.0,0.0,1.0,0.0,1.0,0.0,0.0,23.0,F,B,ff0e4fab-ff65-49f1-9c61-ce0201dd9a6c,,0.0,1.0
1850.0,308567.0,1.0,1.0,51.0,40.0,150.0,400150.0,1.0,0.0,0.0,1.0,0.0,1.0,0.0,0.0,20.0,F,B,d759829a-28e5-4b1e-af43-f6fc078a6ce6,57a4c414-7759-46c9-92f4-7f9e198fced0,1.0,1.0
1850.0,308560.0,1.0,3.0,51.0,40.0,150.0,400150.0,1.0,0.0,0.0,1.0,0.0,1.0,0.0,0.0,63.0,M,B,c09d00c4-f9c3-447d-be53-912ccfe44652,b29be5cf-e5ea-44b7-80aa-9dc7d16854c1,1.0,1.0
1850.0,308560.0,2.0,3.0,51.0,40.0,150.0,400150.0,1.0,0.0,0.0,1.0,0.0,1.0,0.0,0.0,50.0,F,B,59006fd0-544e-4a1d-a982-ecadb80d7ad9,b29be5cf-e5ea-44b7-80aa-9dc7d16854c1,1.0,1.0
1850.0,308560.0,3.0,3.0,51.0,40.0,150.0,400150.0,1.0,0.0,0.0,1.0,0.0,1.0,0.0,0.0,13.0,F,B,7145abde-1066-4588-b97d-13a0ecdee5af,b29be5cf-e5ea-44b7-80aa-9dc7d16854c1,1.0,1.0
1850.0,308568.0,1.0,1.0,51.0,40.0,150.0,400150.0,1.0,0.0,0.0,1.0,0.0,1.0,0.0,0.0,13.0,M,B,0159cdfd-5b2c-4a95-bd49-a7bb9ae45677,939db4de-c404-4da0-bacf-fe10e55e77db,2.0,1.0
1850.0,308569.0,1.0,4.0,51.0,40.0,150.0,400150.0,1.0,0.0,0.0,1.0,0.0,1.0,0.0,0.0,28.0,F,B,8d181cf7-c6ea-452b-b7fb-1fbaf4fc9834,ad6f9188-5792-43ba-a06f-f38393e3b10f,2.0,1.0
1850.0,308569.0,2.0,4.0,51.0,40.0,150.0,400150.0,1.0,0.0,0.0,1.0,0.0,1.0,0.0,0.0,7.0,F,B,bea33374-d510-4549-a8c4-60b5c82081a1,ad6f9188-5792-43ba-a06f-f38393e3b10f,2.0,1.0
1850.0,308569.0,3.0,4.0,51.0,40.0,150.0,400150.0,1.0,0.0,0.0,1.0,0.0,1.0,0.0,0.0,4.0,F,B,05cd03ef-8f50-42a7-8646-67afaa8e5dd7,ad6f9188-5792-43ba-a06f-f38393e3b10f,2.0,1.0
1850.0,308569.0,4.0,4.0,51.0,40.0,150.0,400150.0,1.0,0.0,0.0,1.0,0.0,1.0,0.0,0.0,999.0,M,B,d9bf41dc-b93d-453e-bbe7-0327f8489ebb,ad6f9188-5792-43ba-a06f-f38393e3b10f,2.0,1.0
1850.0,308570.0,1.0,11.0,51.0,40.0,150.0,400150.0,1.0,0.0,0.0,1.0,0.0,1.0,0.0,0.0,999.0,M,B,058f9ee3-cc29-45a3-9f99-dd62c7f9b2ac,1bbb3f04-9f13-4492-93cc-db1a061dc122,2.0,1.0
1850.0,308570.0,2.0,11.0,51.0,40.0,150.0,400150.0,1.0,0.0,0.0,1.0,0.0,1.0,0.0,0.0,999.0,M,B,dae1f4e4-5806-4c9b-a8dc-26f2dc202f30,1bbb3f04-9f13-4492-93cc-db1a061dc122,2.0,1.0
1850.0,308570.0,3.0,11.0,51.0,40.0,150.0,400150.0,1.0,0.0,0.0,1.0,0.0,1.0,0.0,0.0,13.0,M,B,36e56e19-4358-491c-9fad-554149e3f3c1,1bbb3f04-9f13-4492-93cc-db1a061dc122,2.0,1.0
1850.0,308570.0,4.0,11.0,51.0,40.0,150.0,400150.0,1.0,0.0,0.0,1.0,0.0,1.0,0.0,0.0,7.0,F,B,46a40863-be90-4110-879e-10e7a173a4c2,1bbb3f04-9f13-4492-93cc-db1a061dc122,2.0,1.0
1850.0,308570.0,5.0,11.0,51.0,40.0,150.0,400150.0,1.0,0.0,0.0,1.0,0.0,1.0,0.0,0.0,999.0,M,B,f5d7f040-91a5-4e53-b30f-6290bcf2458f,1bbb3f04-9f13-4492-93cc-db1a061dc122,2.0,1.0
1850.0,308570.0,6.0,11.0,51.0,40.0,150.0,400150.0,1.0,0.0,0.0,1.0,0.0,1.0,0.0,0.0,999.0,F,B,70e3a9a5-0528-4e28-a04c-6a726de253ad,1bbb3f04-9f13-4492-93cc-db1a061dc122,2.0,1.0
1850.0,308570.0,7.0,11.0,51.0,40.0,150.0,400150.0,1.0,0.0,0.0,1.0,0.0,1.0,0.0,0.0,999.0,F,B,6e0df145-3e3f-43d1-abf3-76fc7810af03,1bbb3f04-9f13-4492-93cc-db1a061dc122,2.0,1.0
1850.0,308570.0,8.0,11.0,51.0,40.0,150.0,400150.0,1.0,0.0,0.0,1.0,0.0,1.0,0.0,0.0,999.0,F,B,2c7724b6-1d5e-4bdf-8c90-dc90d66f9a22,1bbb3f04-9f13-4492-93cc-db1a061dc122,2.0,1.0
1850.0,308570.0,9.0,11.0,51.0,40.0,150.0,400150.0,1.0,0.0,0.0,1.0,0.0,1.0,0.0,0.0,5.0,F,B,5975a8a0-ecd7-4e22-89ab-b0adfd18e6be,1bbb3f04-9f13-4492-93cc-db1a061dc122,2.0,1.0
1850.0,308570.0,10.0,11.0,51.0,40.0,150.0,400150.0,1.0,0.0,0.0,1.0,0.0,1.0,0.0,0.0,20.0,F,B,ebcbed3f-3359-4192-8234-5ea803b0a57c,1bbb3f04-9f13-4492-93cc-db1a061dc122,2.0,1.0
1850.0,308570.0,11.0,11.0,51.0,40.0,150.0,400150.0,1.0,0.0,0.0,1.0,0.0,1.0,0.0,0.0,12.0,M,B,04e86407-99cd-4d46-9f0d-06d142258bed,1bbb3f04-9f13-4492-93cc-db1a061dc122,2.0,1.0
1850.0,308571.0,1.0,15.0,51.0,40.0,150.0,400150.0,1.0,0.0,0.0,1.0,0.0,1.0,0.0,0.0,60.0,M,B,5daca80f-57f5-488d-bde7-282406fa3347,f2e7ea5c-51e8-4569-9e96-6e3a07f84260,1.0,1.0
1850.0,308571.0,2.0,15.0,51.0,40.0,150.0,400150.0,1.0,0.0,0.0,1.0,0.0,1.0,0.0,0.0,35.0,M,B,de838464-675b-48ea-b107-55bb389b53d7,f2e7ea5c-51e8-4569-9e96-6e3a07f84260,1.0,1.0
1850.0,308571.0,3.0,15.0,51.0,40.0,150.0,400150.0,1.0,0.0,0.0,1.0,0.0,1.0,0.0,0.0,27.0,M,B,0bd0017c-85b1-470e-8b1c-76652ef80051,f2e7ea5c-51e8-4569-9e96-6e3a07f84260,1.0,1.0
1850.0,308571.0,4.0,15.0,51.0,40.0,150.0,400150.0,1.0,0.0,0.0,1.0,0.0,1.0,0.0,0.0,20.0,M,B,527e5a8b-ac96-4373-bf6e-e7d991ff1d5e,f2e7ea5c-51e8-4569-9e96-6e3a07f84260,1.0,1.0
1850.0,308571.0,5.0,15.0,51.0,40.0,150.0,400150.0,1.0,0.0,0.0,1.0,0.0,1.0,0.0,0.0,999.0,M,B,e86ecd93-c42e-44b6-a961-ea034c860af4,f2e7ea5c-51e8-4569-9e96-6e3a07f84260,1.0,1.0
1850.0,308571.0,6.0,15.0,51.0,40.0,150.0,400150.0,1.0,0.0,0.0,1.0,0.0,1.0,0.0,0.0,5.0,M,B,afe79d09-070b-4fda-a478-d5f054c1be10,f2e7ea5c-51e8-4569-9e96-6e3a07f84260,1.0,1.0
1850.0,308571.0,7.0,15.0,51.0,40.0,150.0,400150.0,1.0,0.0,0.0,1.0,0.0,1.0,0.0,0.0,5.0,M,B,8853bcc8-6460-48be-9dd7-f26f1988c1b8,f2e7ea5c-51e8-4569-9e96-6e3a07f84260,1.0,1.0
1850.0,308571.0,8.0,15.0,51.0,40.0,150.0,400150.0,1.0,0.0,0.0,1.0,0.0,1.0,0.0,0.0,21.0,M,B,efb25a09-f66b-4161-8abe-faa40d06043e,f2e7ea5c-51e8-4569-9e96-6e3a07f84260,1.0,1.0
1850.0,308571.0,9.0,15.0,51.0,40.0,150.0,400150.0,1.0,0.0,0.0,1.0,0.0,1.0,0.0,0.0,1.0,M,B,107c834a-3f8b-4d6a-a9c6-50f374c34af5,f2e7ea5c-51e8-4569-9e96-6e3a07f84260,1.0,1.0
1850.0,308571.0,10.0,15.0,51.0,40.0,150.0,400150.0,1.0,0.0,0.0,1.0,0.0,1.0,0.0,0.0,50.0,F,B,aad328ec-6c12-41f7-a09c-24abdaa7aabc,f2e7ea5c-51e8-4569-9e96-6e3a07f84260,1.0,1.0
1850.0,308571.0,11.0,15.0,51.0,40.0,150.0,400150.0,1.0,0.0,0.0,1.0,0.0,1.0,0.0,0.0,37.0,F,B,77b06c73-44a0-4a94-9cfa-95937c7de68b,f2e7ea5c-51e8-4569-9e96-6e3a07f84260,1.0,1.0
1850.0,308571.0,12.0,15.0,51.0,40.0,150.0,400150.0,1.0,0.0,0.0,1.0,0.0,1.0,0.0,0.0,30.0,F,B,7fc015bc-5a2f-48e1-a57d-b4f19b8c5bc3,f2e7ea5c-51e8-4569-9e96-6e3a07f84260,1.0,1.0
1850.0,308571.0,13.0,15.0,51.0,40.0,150.0,400150.0,1.0,0.0,0.0,1.0,0.0,1.0,0.0,0.0,16.0,F,B,b9f2afa6-39a0-4385-a4c4-f95c05273d61,f2e7ea5c-51e8-4569-9e96-6e3a07f84260,1.0,1.0
1850.0,308571.0,14.0,15.0,51.0,40.0,150.0,400150.0,1.0,0.0,0.0,1.0,0.0,1.0,0.0,0.0,11.0,F,B,be6849eb-4e24-4823-b3ae-01b469aa17ff,f2e7ea5c-51e8-4569-9e96-6e3a07f84260,1.0,1.0
1850.0,308571.0,15.0,15.0,51.0,40.0,150.0,400150.0,1.0,0.0,0.0,1.0,0.0,1.0,0.0,0.0,10.0,F,B,42405481-2f15-469c-83f0-a212fc2a0c7d,f2e7ea5c-51e8-4569-9e96-6e3a07f84260,1.0,1.0
1850.0,308572.0,1.0,34.0,51.0,40.0,150.0,400150.0,1.0,0.0,0.0,1.0,0.0,1.0,0.0,0.0,35.0,M,B,c912d53d-69cb-4787-b6ab-09d9a3f281c2,,0.0,1.0
1850.0,308572.0,2.0,34.0,51.0,40.0,150.0,400150.0,1.0,0.0,0.0,1.0,0.0,1.0,0.0,0.0,25.0,M,B,f1ec7b13-4d48-44c8-99f2-8f8f2b99318d,,0.0,1.0
1850.0,308572.0,3.0,34.0,51.0,40.0,150.0,400150.0,1.0,0.0,0.0,1.0,0.0,1.0,0.0,0.0,40.0,M,B,514d20ce-5c77-4bb3-9eb9-cc5f2eb2e1a3,,0.0,1.0
1850.0,308572.0,4.0,34.0,51.0,40.0,150.0,400150.0,1.0,0.0,0.0,1.0,0.0,1.0,0.0,0.0,29.0,M,B,90b4cf96-e8b1-4cb4-ba18-6b50ed62f384,,0.0,1.0
1850.0,308572.0,5.0,34.0,51.0,40.0,150.0,400150.0,1.0,0.0,0.0,1.0,0.0,1.0,0.0,0.0,50.0,M,B,24e880b7-95b8-4962-8ee2-d3775b4958c6,,0.0,1.0
1850.0,308572.0,6.0,34.0,51.0,40.0,150.0,400150.0,1.0,0.0,0.0,1.0,0.0,1.0,0.0,0.0,45.0,M,B,b96199f1-18be-4ddc-927a-aed9abb1eeb9,,0.0,1.0
1850.0,308572.0,7.0,34.0,51.0,40.0,150.0,400150.0,1.0,0.0,0.0,1.0,0.0,1.0,0.0,0.0,35.0,M,B,74db6db1-9355-478b-b9c7-b338fcda4dde,,0.0,1.0
1850.0,308572.0,8.0,34.0,51.0,40.0,150.0,400150.0,1.0,0.0,0.0,1.0,0.0,1.0,0.0,0.0,16.0,M,B,8f333c9f-4173-4ed6-aee8-1b07a4f86ef9,,0.0,1.0
1850.0,308572.0,9.0,34.0,51.0,40.0,150.0,400150.0,1.0,0.0,0.0,1.0,0.0,1.0,0.0,0.0,30.0,M,B,086dd6b0-ef39-4922-bfeb-f91ed02a24be,,0.0,1.0
1850.0,308572.0,10.0,34.0,51.0,40.0,150.0,400150.0,1.0,0.0,0.0,1.0,0.0,1.0,0.0,0.0,22.0,M,B,6dc9bdab-b33c-4d2c-bfc8-78ddcfa73cdb,,0.0,1.0
1850.0,308572.0,11.0,34.0,51.0,40.0,150.0,400150.0,1.0,0.0,0.0,1.0,0.0,1.0,0.0,0.0,28.0,M,B,eaef6bf6-2996-4f1c-adf8-ffed74a5dc44,,0.0,1.0
1850.0,308572.0,12.0,34.0,51.0,40.0,150.0,400150.0,1.0,0.0,0.0,1.0,0.0,1.0,0.0,0.0,28.0,M,B,85205ec2-06ae-420d-9898-a22366a28fde,,0.0,1.0
1850.0,308572.0,13.0,34.0,51.0,40.0,150.0,400150.0,1.0,0.0,0.0,1.0,0.0,1.0,0.0,0.0,50.0,M,B,49b1dcae-4f82-4962-a484-6a4dd27a377f,,0.0,1.0
1850.0,308572.0,14.0,34.0,51.0,40.0,150.0,400150.0,1.0,0.0,0.0,1.0,0.0,1.0,0.0,0.0,27.0,M,B,bfe5813d-a1e1-4380-9f75-912a8c3a9f0c,,0.0,1.0
1850.0,308572.0,15.0,34.0,51.0,40.0,150.0,400150.0,1.0,0.0,0.0,1.0,0.0,1.0,0.0,0.0,38.0,M,B,4e35b4a9-6cb8-48ea-b031-28f555a893a7,,0.0,1.0
1850.0,308572.0,16.0,34.0,51.0,40.0,150.0,400150.0,1.0,0.0,0.0,1.0,0.0,1.0,0.0,0.0,28.0,M,B,84375620-f289-4c86-9350-68d21d5a5e37,,0.0,1.0
1850.0,308572.0,17.0,34.0,51.0,40.0,150.0,400150.0,1.0,0.0,0.0,1.0,0.0,1.0,0.0,0.0,30.0,M,B,1b99b4cf-9c16-4dea-93f7-6d2c249edd03,,0.0,1.0
1850.0,308572.0,18.0,34.0,51.0,40.0,150.0,400150.0,1.0,0.0,0.0,1.0,0.0,1.0,0.0,0.0,22.0,M,B,8acf9f61-4cba-43cd-bdf0-f44576552c06,,0.0,1.0
1850.0,308572.0,19.0,34.0,51.0,40.0,150.0,400150.0,1.0,0.0,0.0,1.0,0.0,1.0,0.0,0.0,30.0,M,B,a579a542-665b-425b-ad0c-197e88372e71,,0.0,1.0
1850.0,308572.0,20.0,34.0,51.0,40.0,150.0,400150.0,1.0,0.0,0.0,1.0,0.0,1.0,0.0,0.0,22.0,M,B,67715b67-3c2f-4d9e-877b-aac348bfa867,,0.0,1.0
1850.0,308572.0,21.0,34.0,51.0,40.0,150.0,400150.0,1.0,0.0,0.0,1.0,0.0,1.0,0.0,0.0,23.0,M,B,6cfb1c3f-7c22-4eb7-a496-68de8c9887e3,,0.0,1.0
1850.0,308572.0,22.0,34.0,51.0,40.0,150.0,400150.0,1.0,0.0,0.0,1.0,0.0,1.0,0.0,0.0,30.0,M,B,e7655b91-48d0-4819-8084-f7bccef02fea,,0.0,1.0
1850.0,308572.0,23.0,34.0,51.0,40.0,150.0,400150.0,1.0,0.0,0.0,1.0,0.0,1.0,0.0,0.0,30.0,M,B,3b07a3de-75d7-42f0-9554-3820adb9a033,,0.0,1.0
1850.0,308572.0,24.0,34.0,51.0,40.0,150.0,400150.0,1.0,0.0,0.0,1.0,0.0,1.0,0.0,0.0,30.0,M,B,0fbce65c-f960-4cb6-848b-06a8657eefee,,0.0,1.0
1850.0,308572.0,25.0,34.0,51.0,40.0,150.0,400150.0,1.0,0.0,0.0,1.0,0.0,1.0,0.0,0.0,21.0,M,B,eba6ec69-fbd2-427b-a6ec-45960257e396,,0.0,1.0
1850.0,308572.0,26.0,34.0,51.0,40.0,150.0,400150.0,1.0,0.0,0.0,1.0,0.0,1.0,0.0,0.0,28.0,M,B,34e0da57-f859-4a61-9ad8-5ded328bc95e,,0.0,1.0
1850.0,308572.0,27.0,34.0,51.0,40.0,150.0,400150.0,1.0,0.0,0.0,1.0,0.0,1.0,0.0,0.0,18.0,M,B,5a678652-8a09-4076-b994-e1dac324a9a5,,0.0,1.0
1850.0,308572.0,28.0,34.0,51.0,40.0,150.0,400150.0,1.0,0.0,0.0,1.0,0.0,1.0,0.0,0.0,27.0,M,B,01584803-6c63-4bef-8121-8180c97ab3fd,,0.0,1.0
1850.0,308572.0,29.0,34.0,51.0,40.0,150.0,400150.0,1.0,0.0,0.0,1.0,0.0,1.0,0.0,0.0,28.0,M,B,f723e635-b22a-426e-b709-29a58a224f3d,,0.0,1.0
1850.0,308572.0,30.0,34.0,51.0,40.0,150.0,400150.0,1.0,0.0,0.0,1.0,0.0,1.0,0.0,0.0,37.0,M,B,82e87597-d566-4dff-b473-7d52c8538b0d,,0.0,1.0
1850.0,308572.0,31.0,34.0,51.0,40.0,150.0,400150.0,1.0,0.0,0.0,1.0,0.0,1.0,0.0,0.0,20.0,M,B,105d10c3-458d-47fc-a0f9-bc97414f8eb9,,0.0,1.0
1850.0,308572.0,32.0,34.0,51.0,40.0,150.0,400150.0,1.0,0.0,0.0,1.0,0.0,1.0,0.0,0.0,23.0,M,B,07de4169-1020-4eea-b48f-eca894f0497f,,0.0,1.0
1850.0,308572.0,33.0,34.0,51.0,40.0,150.0,400150.0,1.0,0.0,0.0,1.0,0.0,1.0,0.0,0.0,45.0,M,B,51a1ccd4-d753-44fc-8188-7e16215ee3f8,,0.0,1.0
1850.0,308572.0,34.0,34.0,51.0,40.0,150.0,400150.0,1.0,0.0,0.0,1.0,0.0,1.0,0.0,0.0,35.0,M,B,c922fd5f-2624-4e51-a080-4e480a099f30,,0.0,1.0
1850.0,308573.0,1.0,1.0,51.0,40.0,150.0,400150.0,1.0,0.0,0.0,1.0,0.0,1.0,0.0,0.0,19.0,M,B,e0412b88-340c-4e10-be1a-a97c6e0b0960,,0.0,1.0
1850.0,308574.0,1.0,4.0,51.0,40.0,150.0,400150.0,1.0,0.0,0.0,1.0,0.0,1.0,0.0,0.0,27.0,M,B,33804956-25df-4b9f-86ed-e27c0693e8ca,0ef3e5ea-8500-4a86-9fd9-02f3586982f0,3.0,1.0
1850.0,308574.0,2.0,4.0,51.0,40.0,150.0,400150.0,1.0,0.0,0.0,1.0,0.0,1.0,0.0,0.0,75.0,F,B,253b58d0-b290-4caa-9b59-dff67014e935,0ef3e5ea-8500-4a86-9fd9-02f3586982f0,3.0,1.0
1850.0,308574.0,3.0,4.0,51.0,40.0,150.0,400150.0,1.0,0.0,0.0,1.0,0.0,1.0,0.0,0.0,30.0,F,B,c1868a02-672d-469e-89f3-c9f2d166cb41,0ef3e5ea-8500-4a86-9fd9-02f3586982f0,3.0,1.0
1850.0,308574.0,4.0,4.0,51.0,40.0,150.0,400150.0,1.0,0.0,0.0,1.0,0.0,1.0,0.0,0.0,4.0,F,B,ead3fd17-dc35-4349-bbe5-0bc6319bfd16,0ef3e5ea-8500-4a86-9fd9-02f3586982f0,3.0,1.0
1850.0,308576.0,1.0,4.0,51.0,40.0,150.0,400150.0,1.0,0.0,0.0,1.0,0.0,1.0,0.0,0.0,0.0,F,B,5ceb5f84-9842-4bc7-90ee-75466196c9fd,,0.0,1.0
1850.0,308576.0,2.0,4.0,51.0,40.0,150.0,400150.0,1.0,0.0,0.0,1.0,0.0,1.0,0.0,0.0,68.0,M,B,bd5053c1-452b-4874-86b5-f6b1072ed39d,,0.0,1.0
1850.0,308576.0,3.0,4.0,51.0,40.0,150.0,400150.0,1.0,0.0,0.0,1.0,0.0,1.0,0.0,0.0,26.0,F,B,5e64fffd-2ce4-4168-8b62-b475b8965ea2,,0.0,1.0
1850.0,308576.0,4.0,4.0,51.0,40.0,150.0,400150.0,1.0,0.0,0.0,1.0,0.0,1.0,0.0,0.0,4.0,F,B,13dd62f8-c3f3-435e-8767-3e397fa92a1f,,0.0,1.0
1850.0,308577.0,1.0,3.0,51.0,40.0,150.0,400150.0,1.0,0.0,0.0,1.0,0.0,1.0,0.0,0.0,35.0,F,B,8e86b282-ce77-4e27-8010-b88341479354,d7639408-e706-4b93-9f04-e366681edd70,1.0,1.0
1850.0,308577.0,2.0,3.0,51.0,40.0,150.0,400150.0,1.0,0.0,0.0,1.0,0.0,1.0,0.0,0.0,16.0,F,B,f50fbaba-2fc6-4353-aa71-4925238bf714,d7639408-e706-4b93-9f04-e366681edd70,1.0,1.0
1850.0,308577.0,3.0,3.0,51.0,40.0,150.0,400150.0,1.0,0.0,0.0,1.0,0.0,1.0,0.0,0.0,7.0,F,B,2dba91da-9f2d-42b1-93d4-bbc1355d0466,d7639408-e706-4b93-9f04-e366681edd70,1.0,1.0
1850.0,308578.0,1.0,9.0,51.0,40.0,150.0,400150.0,1.0,0.0,0.0,1.0,0.0,1.0,0.0,0.0,23.0,M,B,a84a7af1-9be0-4574-a358-031c51a342f2,1ac7a99d-9bef-4ba2-88a1-1a3c00307ba6,1.0,1.0
1850.0,308578.0,2.0,9.0,51.0,40.0,150.0,400150.0,1.0,0.0,0.0,1.0,0.0,1.0,0.0,0.0,20.0,M,B,f42f85b2-ec1c-4a47-9c75-4faaf9a37f3e,1ac7a99d-9bef-4ba2-88a1-1a3c00307ba6,1.0,1.0
1850.0,308578.0,3.0,9.0,51.0,40.0,150.0,400150.0,1.0,0.0,0.0,1.0,0.0,1.0,0.0,0.0,17.0,M,B,b56dee41-0077-4ab6-ad59-b0425f1c3ff3,1ac7a99d-9bef-4ba2-88a1-1a3c00307ba6,1.0,1.0
1850.0,308578.0,4.0,9.0,51.0,40.0,150.0,400150.0,1.0,0.0,0.0,1.0,0.0,1.0,0.0,0.0,13.0,M,B,d1a5b6f4-165a-4e79-b07b-ae342e89cca4,1ac7a99d-9bef-4ba2-88a1-1a3c00307ba6,1.0,1.0
1850.0,308578.0,5.0,9.0,51.0,40.0,150.0,400150.0,1.0,0.0,0.0,1.0,0.0,1.0,0.0,0.0,11.0,M,B,f7eb52b3-7c27-41cc-80ed-1b4b444c5f92,1ac7a99d-9bef-4ba2-88a1-1a3c00307ba6,1.0,1.0
1850.0,308578.0,6.0,9.0,51.0,40.0,150.0,400150.0,1.0,0.0,0.0,1.0,0.0,1.0,0.0,0.0,7.0,M,B,6c239d42-e799-4741-ac7d-48f10fd041f3,1ac7a99d-9bef-4ba2-88a1-1a3c00307ba6,1.0,1.0
1850.0,308578.0,7.0,9.0,51.0,40.0,150.0,400150.0,1.0,0.0,0.0,1.0,0.0,1.0,0.0,0.0,5.0,M,B,ddd70845-264e-4743-ab1c-eecb5e6ae3ac,1ac7a99d-9bef-4ba2-88a1-1a3c00307ba6,1.0,1.0
1850.0,308578.0,8.0,9.0,51.0,40.0,150.0,400150.0,1.0,0.0,0.0,1.0,0.0,1.0,0.0,0.0,21.0,F,B,82a86475-e4aa-49b7-a0bf-670925f83170,1ac7a99d-9bef-4ba2-88a1-1a3c00307ba6,1.0,1.0
1850.0,308578.0,9.0,9.0,51.0,40.0,150.0,400150.0,1.0,0.0,0.0,1.0,0.0,1.0,0.0,0.0,21.0,F,B,e8ae0728-21f2-49ce-8611-76656d779216,1ac7a99d-9bef-4ba2-88a1-1a3c00307ba6,1.0,1.0
1850.0,308579.0,1.0,8.0,51.0,40.0,150.0,400150.0,1.0,0.0,0.0,1.0,0.0,1.0,0.0,0.0,60.0,M,B,6f8fcb5c-4e19-438b-b321-dc0ac70ff769,21fbc67a-7eb2-49d6-a500-3da50dd91740,1.0,1.0
1850.0,308579.0,2.0,8.0,51.0,40.0,150.0,400150.0,1.0,0.0,0.0,1.0,0.0,1.0,0.0,0.0,30.0,M,B,41786b01-581a-448c-ad1a-cdbf82d2f8df,21fbc67a-7eb2-49d6-a500-3da50dd91740,1.0,1.0
1850.0,308579.0,3.0,8.0,51.0,40.0,150.0,400150.0,1.0,0.0,0.0,1.0,0.0,1.0,0.0,0.0,28.0,M,B,5145e1f3-2518-405b-ad32-578641443342,21fbc67a-7eb2-49d6-a500-3da50dd91740,1.0,1.0
1850.0,308579.0,4.0,8.0,51.0,40.0,150.0,400150.0,1.0,0.0,0.0,1.0,0.0,1.0,0.0,0.0,3.0,M,B,9b18c3cd-e54d-4779-b7c4-eb95ba65b0db,21fbc67a-7eb2-49d6-a500-3da50dd91740,1.0,1.0
1850.0,308579.0,5.0,8.0,51.0,40.0,150.0,400150.0,1.0,0.0,0.0,1.0,0.0,1.0,0.0,0.0,2.0,M,B,4c133f68-1913-483e-8781-c40ce0f81726,21fbc67a-7eb2-49d6-a500-3da50dd91740,1.0,1.0
1850.0,308579.0,6.0,8.0,51.0,40.0,150.0,400150.0,1.0,0.0,0.0,1.0,0.0,1.0,0.0,0.0,55.0,F,B,d200957f-0636-42f9-9958-42e67a21265a,21fbc67a-7eb2-49d6-a500-3da50dd91740,1.0,1.0
1850.0,308579.0,7.0,8.0,51.0,40.0,150.0,400150.0,1.0,0.0,0.0,1.0,0.0,1.0,0.0,0.0,25.0,F,B,12f4ea7e-06c0-4ba5-8a92-a47d20c2349e,21fbc67a-7eb2-49d6-a500-3da50dd91740,1.0,1.0
1850.0,308579.0,8.0,8.0,51.0,40.0,150.0,400150.0,1.0,0.0,0.0,1.0,0.0,1.0,0.0,0.0,5.0,F,B,c386adf5-89d9-45b4-aa35-cb97ac437ba0,21fbc67a-7eb2-49d6-a500-3da50dd91740,1.0,1.0
1850.0,308580.0,1.0,6.0,51.0,40.0,150.0,400150.0,1.0,0.0,0.0,1.0,0.0,1.0,0.0,0.0,54.0,F,B,f1e899c1-0955-4938-8f1c-af181209f265,5dfeebfd-5c9c-4ae8-8ca2-645f019ef517,1.0,1.0
1850.0,308580.0,2.0,6.0,51.0,40.0,150.0,400150.0,1.0,0.0,0.0,1.0,0.0,1.0,0.0,0.0,32.0,F,B,dfe49283-9ccd-4894-aed6-b4f4d47e5aa6,5dfeebfd-5c9c-4ae8-8ca2-645f019ef517,1.0,1.0
1850.0,308580.0,3.0,6.0,51.0,40.0,150.0,400150.0,1.0,0.0,0.0,1.0,0.0,1.0,0.0,0.0,12.0,F,B,fe77472c-9f62-4c8d-a478-7775a226dbc6,5dfeebfd-5c9c-4ae8-8ca2-645f019ef517,1.0,1.0
1850.0,308580.0,4.0,6.0,51.0,40.0,150.0,400150.0,1.0,0.0,0.0,1.0,0.0,1.0,0.0,0.0,3.0,F,B,db33d66b-d66a-481f-9fec-28235a2518fc,5dfeebfd-5c9c-4ae8-8ca2-645f019ef517,1.0,1.0
1850.0,308580.0,5.0,6.0,51.0,40.0,150.0,400150.0,1.0,0.0,0.0,1.0,0.0,1.0,0.0,0.0,2.0,M,B,e6027e93-e8bc-4db0-b21a-6b61fe1c80e1,5dfeebfd-5c9c-4ae8-8ca2-645f019ef517,1.0,1.0
1850.0,308580.0,6.0,6.0,51.0,40.0,150.0,400150.0,1.0,0.0,0.0,1.0,0.0,1.0,0.0,0.0,0.0,M,B,1452e671-8696-417a-b1a1-f4028bfcbe56,5dfeebfd-5c9c-4ae8-8ca2-645f019ef517,1.0,1.0
1850.0,308581.0,1.0,9.0,51.0,40.0,150.0,400150.0,1.0,0.0,0.0,1.0,0.0,1.0,0.0,0.0,18.0,M,B,70343bf1-d33c-4b15-8057-b3f3e7a1b842,b638ba2a-eebb-4ce5-837d-f2dc20cf26b2,1.0,1.0
1850.0,308581.0,2.0,9.0,51.0,40.0,150.0,400150.0,1.0,0.0,0.0,1.0,0.0,1.0,0.0,0.0,12.0,M,B,133c7dcd-5574-4e02-b150-364c93ba3af0,b638ba2a-eebb-4ce5-837d-f2dc20cf26b2,1.0,1.0
1850.0,308581.0,3.0,9.0,51.0,40.0,150.0,400150.0,1.0,0.0,0.0,1.0,0.0,1.0,0.0,0.0,65.0,F,B,7afd3c7c-7db8-49db-a4f5-e512ab5dc3ac,b638ba2a-eebb-4ce5-837d-f2dc20cf26b2,1.0,1.0
1850.0,308581.0,4.0,9.0,51.0,40.0,150.0,400150.0,1.0,0.0,0.0,1.0,0.0,1.0,0.0,0.0,40.0,F,B,f781be31-ba19-431e-ab31-476ca5059aa4,b638ba2a-eebb-4ce5-837d-f2dc20cf26b2,1.0,1.0
1850.0,308581.0,5.0,9.0,51.0,40.0,150.0,400150.0,1.0,0.0,0.0,1.0,0.0,1.0,0.0,0.0,25.0,F,B,4d549499-b285-42e1-9cd8-e4c0c3bf69cd,b638ba2a-eebb-4ce5-837d-f2dc20cf26b2,1.0,1.0
1850.0,308581.0,6.0,9.0,51.0,40.0,150.0,400150.0,1.0,0.0,0.0,1.0,0.0,1.0,0.0,0.0,14.0,F,B,03d8cac9-6d69-40c5-a137-cfd7f2f1d621,b638ba2a-eebb-4ce5-837d-f2dc20cf26b2,1.0,1.0
1850.0,308581.0,7.0,9.0,51.0,40.0,150.0,400150.0,1.0,0.0,0.0,1.0,0.0,1.0,0.0,0.0,14.0,F,B,918e442f-aca6-41fd-bc58-0d8451c31e73,b638ba2a-eebb-4ce5-837d-f2dc20cf26b2,1.0,1.0
1850.0,308581.0,8.0,9.0,51.0,40.0,150.0,400150.0,1.0,0.0,0.0,1.0,0.0,1.0,0.0,0.0,4.0,F,B,edf25968-35fe-4df1-8b20-5e1e5303e863,b638ba2a-eebb-4ce5-837d-f2dc20cf26b2,1.0,1.0
1850.0,308581.0,9.0,9.0,51.0,40.0,150.0,400150.0,1.0,0.0,0.0,1.0,0.0,1.0,0.0,0.0,1.0,F,B,40f60702-157c-4c2e-b380-26977cae60ed,b638ba2a-eebb-4ce5-837d-f2dc20cf26b2,1.0,1.0
1850.0,308575.0,1.0,2.0,51.0,40.0,150.0,400150.0,1.0,0.0,0.0,1.0,0.0,1.0,0.0,0.0,45.0,F,B,f8419c7c-0c14-4a07-b5a6-f0af231fcccc,e7ee0105-d970-448b-92e3-b7b5e86bf4a5,2.0,1.0
1850.0,308575.0,2.0,2.0,51.0,40.0,150.0,400150.0,1.0,0.0,0.0,1.0,0.0,1.0,0.0,0.0,5.0,F,B,f4a2f8b6-35b3-4e5a-b4a9-2b90c4828cd4,e7ee0105-d970-448b-92e3-b7b5e86bf4a5,2.0,1.0
1850.0,308582.0,1.0,13.0,51.0,40.0,150.0,400150.0,1.0,0.0,0.0,1.0,0.0,1.0,0.0,0.0,4.0,F,B,7025d02c-6276-473d-987c-bffa0d82b7cb,,0.0,1.0
1850.0,308582.0,2.0,13.0,51.0,40.0,150.0,400150.0,1.0,0.0,0.0,1.0,0.0,1.0,0.0,0.0,33.0,M,B,e030ed0f-ffcc-43c3-8166-1fc6b3bd949e,,0.0,1.0
1850.0,308582.0,3.0,13.0,51.0,40.0,150.0,400150.0,1.0,0.0,0.0,1.0,0.0,1.0,0.0,0.0,19.0,M,B,0eb8659b-e24d-45c9-8c27-8fb86171b441,,0.0,1.0
1850.0,308582.0,4.0,13.0,51.0,40.0,150.0,400150.0,1.0,0.0,0.0,1.0,0.0,1.0,0.0,0.0,16.0,M,B,f427a2de-e976-4f4b-b312-1f85582f12ce,,0.0,1.0
1850.0,308582.0,5.0,13.0,51.0,40.0,150.0,400150.0,1.0,0.0,0.0,1.0,0.0,1.0,0.0,0.0,15.0,M,B,8bcc32d6-d8b8-4838-a93c-a7e286e430fe,,0.0,1.0
1850.0,308582.0,6.0,13.0,51.0,40.0,150.0,400150.0,1.0,0.0,0.0,1.0,0.0,1.0,0.0,0.0,999.0,M,B,107b13b2-2f82-44c7-88b5-0a6bfff77fa2,,0.0,1.0
1850.0,308582.0,7.0,13.0,51.0,40.0,150.0,400150.0,1.0,0.0,0.0,1.0,0.0,1.0,0.0,0.0,2.0,M,B,693d9089-94c5-4c0a-a68e-bfd186a98c70,,0.0,1.0
1850.0,308582.0,8.0,13.0,51.0,40.0,150.0,400150.0,1.0,0.0,0.0,1.0,0.0,1.0,0.0,0.0,0.0,M,B,6413d3c4-f64b-4721-bdc0-b742c5075ca7,,0.0,1.0
1850.0,308582.0,9.0,13.0,51.0,40.0,150.0,400150.0,1.0,0.0,0.0,1.0,0.0,1.0,0.0,0.0,45.0,F,B,cc69724f-45a8-4d49-b9e0-8271811fb5ca,,0.0,1.0
1850.0,308582.0,10.0,13.0,51.0,40.0,150.0,400150.0,1.0,0.0,0.0,1.0,0.0,1.0,0.0,0.0,26.0,F,B,e8e93c7e-f9f5-476f-b8d9-a40a04d05fa0,,0.0,1.0
1850.0,308582.0,11.0,13.0,51.0,40.0,150.0,400150.0,1.0,0.0,0.0,1.0,0.0,1.0,0.0,0.0,18.0,F,B,60a65063-681b-4c3e-b86f-a8ae77b07ac4,,0.0,1.0
1850.0,308582.0,12.0,13.0,51.0,40.0,150.0,400150.0,1.0,0.0,0.0,1.0,0.0,1.0,0.0,0.0,7.0,F,B,42dd59b4-db7d-49ee-88f8-aa04d1d07ada,,0.0,1.0
1850.0,308582.0,13.0,13.0,51.0,40.0,150.0,400150.0,1.0,0.0,0.0,1.0,0.0,1.0,0.0,0.0,5.0,F,B,42c56284-c128-4473-94ce-99a341e32766,,0.0,1.0
1850.0,308583.0,1.0,8.0,51.0,40.0,150.0,400150.0,1.0,0.0,0.0,1.0,0.0,1.0,0.0,0.0,80.0,M,B,eca272f3-9d9b-438d-b778-a238096b8d7b,acddaaf5-d623-4cc4-8ddf-1422151d6712,1.0,1.0
1850.0,308583.0,2.0,8.0,51.0,40.0,150.0,400150.0,1.0,0.0,0.0,1.0,0.0,1.0,0.0,0.0,65.0,M,B,54c6b981-d53f-453f-8759-0494596ab753,acddaaf5-d623-4cc4-8ddf-1422151d6712,1.0,1.0
1850.0,308583.0,3.0,8.0,51.0,40.0,150.0,400150.0,1.0,0.0,0.0,1.0,0.0,1.0,0.0,0.0,55.0,M,B,6662507f-2905-4d95-916e-32f87c7d616e,acddaaf5-d623-4cc4-8ddf-1422151d6712,1.0,1.0
1850.0,308583.0,4.0,8.0,51.0,40.0,150.0,400150.0,1.0,0.0,0.0,1.0,0.0,1.0,0.0,0.0,45.0,M,B,22741c10-5309-4186-9175-dd6f0668da0f,acddaaf5-d623-4cc4-8ddf-1422151d6712,1.0,1.0
1850.0,308583.0,5.0,8.0,51.0,40.0,150.0,400150.0,1.0,0.0,0.0,1.0,0.0,1.0,0.0,0.0,21.0,M,B,d21659da-b0a1-4a65-83fb-adb5e8df37ce,acddaaf5-d623-4cc4-8ddf-1422151d6712,1.0,1.0
1850.0,308583.0,6.0,8.0,51.0,40.0,150.0,400150.0,1.0,0.0,0.0,1.0,0.0,1.0,0.0,0.0,65.0,F,B,d65c3423-684d-43b9-8eab-7495234db527,acddaaf5-d623-4cc4-8ddf-1422151d6712,1.0,1.0
1850.0,308583.0,7.0,8.0,51.0,40.0,150.0,400150.0,1.0,0.0,0.0,1.0,0.0,1.0,0.0,0.0,55.0,F,B,9833044f-6e94-43e4-8b88-1a521947eefe,acddaaf5-d623-4cc4-8ddf-1422151d6712,1.0,1.0
1850.0,308583.0,8.0,8.0,51.0,40.0,150.0,400150.0,1.0,0.0,0.0,1.0,0.0,1.0,0.0,0.0,9.0,F,B,968c2262-e9da-4da4-9339-7d0fa76f827b,acddaaf5-d623-4cc4-8ddf-1422151d6712,1.0,1.0
1850.0,308584.0,1.0,1.0,51.0,40.0,150.0,400150.0,1.0,0.0,0.0,1.0,0.0,1.0,0.0,0.0,60.0,M,B,9e7873b3-18d8-4f51-aff6-baeb9c8fc01a,bbac68e5-71d3-425e-bb52-ce9720ef28b0,1.0,1.0
1850.0,308585.0,1.0,19.0,51.0,40.0,150.0,400150.0,1.0,0.0,0.0,1.0,0.0,1.0,0.0,0.0,100.0,M,B,bfda551b-5d97-4e2e-84eb-f2d091680693,6b880089-33f6-4a9b-a5e8-8d9e21db18f1,2.0,1.0
1850.0,308585.0,2.0,19.0,51.0,40.0,150.0,400150.0,1.0,0.0,0.0,1.0,0.0,1.0,0.0,0.0,35.0,M,B,9fee786f-8b7c-4576-a6a5-f2a674f104f2,6b880089-33f6-4a9b-a5e8-8d9e21db18f1,2.0,1.0
1850.0,308585.0,3.0,19.0,51.0,40.0,150.0,400150.0,1.0,0.0,0.0,1.0,0.0,1.0,0.0,0.0,35.0,M,B,c35092b7-edb7-4f54-8e5a-28cd23564648,6b880089-33f6-4a9b-a5e8-8d9e21db18f1,2.0,1.0
1850.0,308585.0,4.0,19.0,51.0,40.0,150.0,400150.0,1.0,0.0,0.0,1.0,0.0,1.0,0.0,0.0,17.0,M,B,b7e267a4-f0b6-4874-ae67-568417e58443,6b880089-33f6-4a9b-a5e8-8d9e21db18f1,2.0,1.0
1850.0,308585.0,5.0,19.0,51.0,40.0,150.0,400150.0,1.0,0.0,0.0,1.0,0.0,1.0,0.0,0.0,10.0,M,B,69c1c922-06f2-4341-8a5a-c3d843f5ab7d,6b880089-33f6-4a9b-a5e8-8d9e21db18f1,2.0,1.0
1850.0,308585.0,6.0,19.0,51.0,40.0,150.0,400150.0,1.0,0.0,0.0,1.0,0.0,1.0,0.0,0.0,7.0,M,B,0384fa15-dcee-4774-94e5-71f820a853ae,6b880089-33f6-4a9b-a5e8-8d9e21db18f1,2.0,1.0
1850.0,308585.0,7.0,19.0,51.0,40.0,150.0,400150.0,1.0,0.0,0.0,1.0,0.0,1.0,0.0,0.0,5.0,M,B,e42055ef-0f7c-4ed6-ba21-e22c2f46fa08,6b880089-33f6-4a9b-a5e8-8d9e21db18f1,2.0,1.0
1850.0,308585.0,8.0,19.0,51.0,40.0,150.0,400150.0,1.0,0.0,0.0,1.0,0.0,1.0,0.0,0.0,5.0,M,B,e06a2114-1589-4fbd-8304-7ffd5e98a5c6,6b880089-33f6-4a9b-a5e8-8d9e21db18f1,2.0,1.0
1850.0,308585.0,9.0,19.0,51.0,40.0,150.0,400150.0,1.0,0.0,0.0,1.0,0.0,1.0,0.0,0.0,2.0,M,B,b14f0f61-f3ab-447a-be2a-21cd24c0acc4,6b880089-33f6-4a9b-a5e8-8d9e21db18f1,2.0,1.0
1850.0,308585.0,10.0,19.0,51.0,40.0,150.0,400150.0,1.0,0.0,0.0,1.0,0.0,1.0,0.0,0.0,65.0,F,B,08fe8f98-ead1-411b-8fde-5b7945a05362,6b880089-33f6-4a9b-a5e8-8d9e21db18f1,2.0,1.0
1850.0,308585.0,11.0,19.0,51.0,40.0,150.0,400150.0,1.0,0.0,0.0,1.0,0.0,1.0,0.0,0.0,25.0,F,B,5d4c8458-f0b8-41ab-8911-962f39958adb,6b880089-33f6-4a9b-a5e8-8d9e21db18f1,2.0,1.0
1850.0,308585.0,12.0,19.0,51.0,40.0,150.0,400150.0,1.0,0.0,0.0,1.0,0.0,1.0,0.0,0.0,25.0,F,B,44e6f1af-bf49-487c-bdb9-0979dddeaaae,6b880089-33f6-4a9b-a5e8-8d9e21db18f1,2.0,1.0
1850.0,308585.0,13.0,19.0,51.0,40.0,150.0,400150.0,1.0,0.0,0.0,1.0,0.0,1.0,0.0,0.0,22.0,F,B,c3919af4-44bb-4225-a333-30be66460c66,6b880089-33f6-4a9b-a5e8-8d9e21db18f1,2.0,1.0
1850.0,308585.0,14.0,19.0,51.0,40.0,150.0,400150.0,1.0,0.0,0.0,1.0,0.0,1.0,0.0,0.0,15.0,F,B,6b4f8a3a-9989-4759-a955-51ed940306f4,6b880089-33f6-4a9b-a5e8-8d9e21db18f1,2.0,1.0
1850.0,308585.0,15.0,19.0,51.0,40.0,150.0,400150.0,1.0,0.0,0.0,1.0,0.0,1.0,0.0,0.0,12.0,F,B,8dcc62cb-a115-4208-9ae2-d989f675e9dc,6b880089-33f6-4a9b-a5e8-8d9e21db18f1,2.0,1.0
1850.0,308585.0,16.0,19.0,51.0,40.0,150.0,400150.0,1.0,0.0,0.0,1.0,0.0,1.0,0.0,0.0,5.0,F,B,8adc699d-3c94-49be-87c2-29a20a176146,6b880089-33f6-4a9b-a5e8-8d9e21db18f1,2.0,1.0
1850.0,308585.0,17.0,19.0,51.0,40.0,150.0,400150.0,1.0,0.0,0.0,1.0,0.0,1.0,0.0,0.0,5.0,F,B,d06d3073-aff1-48b0-9d00-456a38ea6896,6b880089-33f6-4a9b-a5e8-8d9e21db18f1,2.0,1.0
1850.0,308585.0,18.0,19.0,51.0,40.0,150.0,400150.0,1.0,0.0,0.0,1.0,0.0,1.0,0.0,0.0,3.0,F,B,257a7de8-23ba-4c4c-b11d-4ffcfb7b612e,6b880089-33f6-4a9b-a5e8-8d9e21db18f1,2.0,1.0
1850.0,308585.0,19.0,19.0,51.0,40.0,150.0,400150.0,1.0,0.0,0.0,1.0,0.0,1.0,0.0,0.0,1.0,F,B,78fd5f3f-7587-4a73-892c-b2cfb3f9fafd,6b880089-33f6-4a9b-a5e8-8d9e21db18f1,2.0,1.0
1850.0,308588.0,1.0,15.0,51.0,40.0,150.0,400150.0,1.0,0.0,0.0,1.0,0.0,1.0,0.0,0.0,34.0,M,B,c4424347-49ed-49ba-b58e-fd91ebaae34d,,0.0,1.0
1850.0,308588.0,2.0,15.0,51.0,40.0,150.0,400150.0,1.0,0.0,0.0,1.0,0.0,1.0,0.0,0.0,32.0,M,B,483c85c4-3c87-4590-8033-d1e7bcc54641,,0.0,1.0
1850.0,308588.0,3.0,15.0,51.0,40.0,150.0,400150.0,1.0,0.0,0.0,1.0,0.0,1.0,0.0,0.0,30.0,M,B,50fdd247-6433-4f92-8bfc-c519be7c63e6,,0.0,1.0
1850.0,308588.0,4.0,15.0,51.0,40.0,150.0,400150.0,1.0,0.0,0.0,1.0,0.0,1.0,0.0,0.0,9.0,M,B,7b93fbd4-a35d-40b9-bf29-9810d0285844,,0.0,1.0
1850.0,308588.0,5.0,15.0,51.0,40.0,150.0,400150.0,1.0,0.0,0.0,1.0,0.0,1.0,0.0,0.0,7.0,M,B,b04c68d4-3a15-474f-8f1e-2ea70c772534,,0.0,1.0
1850.0,308588.0,6.0,15.0,51.0,40.0,150.0,400150.0,1.0,0.0,0.0,1.0,0.0,1.0,0.0,0.0,7.0,M,B,26c6ce14-5c4e-44bb-a688-a76657086dfe,,0.0,1.0
1850.0,308588.0,7.0,15.0,51.0,40.0,150.0,400150.0,1.0,0.0,0.0,1.0,0.0,1.0,0.0,0.0,4.0,M,B,2c3dad0d-8ffd-470d-8f4b-6d47fafd9709,,0.0,1.0
1850.0,308588.0,8.0,15.0,51.0,40.0,150.0,400150.0,1.0,0.0,0.0,1.0,0.0,1.0,0.0,0.0,0.0,M,B,4e6cd2b0-e999-43dc-a65e-585b706b602d,,0.0,1.0
1850.0,308588.0,9.0,15.0,51.0,40.0,150.0,400150.0,1.0,0.0,0.0,1.0,0.0,1.0,0.0,0.0,52.0,F,B,444bb5a3-1202-4cbf-ad44-2070f133e133,,0.0,1.0
1850.0,308588.0,10.0,15.0,51.0,40.0,150.0,400150.0,1.0,0.0,0.0,1.0,0.0,1.0,0.0,0.0,35.0,F,B,b7b1b66c-e7a6-499a-b61d-a8a98492bc49,,0.0,1.0
1850.0,308588.0,11.0,15.0,51.0,40.0,150.0,400150.0,1.0,0.0,0.0,1.0,0.0,1.0,0.0,0.0,23.0,F,B,fc87fb50-1537-49f6-a187-c6c8ea55820d,,0.0,1.0
1850.0,308588.0,12.0,15.0,51.0,40.0,150.0,400150.0,1.0,0.0,0.0,1.0,0.0,1.0,0.0,0.0,999.0,F,B,8d7631e5-b33c-4959-a133-0cb59a2b939d,,0.0,1.0
1850.0,308588.0,13.0,15.0,51.0,40.0,150.0,400150.0,1.0,0.0,0.0,1.0,0.0,1.0,0.0,0.0,999.0,F,B,5c9672fe-7133-4923-a111-8220fb22d343,,0.0,1.0
1850.0,308588.0,14.0,15.0,51.0,40.0,150.0,400150.0,1.0,0.0,0.0,1.0,0.0,1.0,0.0,0.0,52.0,M,B,b4caf111-daa2-4c25-bcb7-642ea68520ea,,0.0,1.0
1850.0,308588.0,15.0,15.0,51.0,40.0,150.0,400150.0,1.0,0.0,0.0,1.0,0.0,1.0,0.0,0.0,40.0,M,B,faa02597-ca00-4824-919b-640512ed7cd5,,0.0,1.0
1850.0,308589.0,1.0,1.0,51.0,40.0,150.0,400150.0,1.0,0.0,0.0,1.0,0.0,1.0,0.0,0.0,999.0,M,B,dc1b16c0-07b4-4f03-88cf-f3928129bb08,609549db-5b54-467a-a542-35c801268990,1.0,1.0
1850.0,308590.0,1.0,2.0,51.0,40.0,150.0,400150.0,1.0,0.0,0.0,1.0,0.0,1.0,0.0,0.0,75.0,F,B,f3fc8ac2-2d76-456e-bb41-20cf591756dc,bf1c4ed2-94a4-4f61-bcfc-06addffd1cc8,1.0,1.0
1850.0,308590.0,2.0,2.0,51.0,40.0,150.0,400150.0,1.0,0.0,0.0,1.0,0.0,1.0,0.0,0.0,35.0,M,B,40dc0a1e-f533-43df-87f6-a406e4d2b723,bf1c4ed2-94a4-4f61-bcfc-06addffd1cc8,1.0,1.0
1850.0,308591.0,1.0,3.0,51.0,40.0,150.0,400150.0,1.0,0.0,0.0,1.0,0.0,1.0,0.0,0.0,15.0,M,B,1549fa10-6cc8-442b-b8ab-08c3b0535bf0,d1423cf8-0a5e-45d0-975f-2885aa122ddd,1.0,1.0
1850.0,308591.0,2.0,3.0,51.0,40.0,150.0,400150.0,1.0,0.0,0.0,1.0,0.0,1.0,0.0,0.0,12.0,M,B,fb1352f9-cd23-4fc2-8f91-8ea0be04f549,d1423cf8-0a5e-45d0-975f-2885aa122ddd,1.0,1.0
1850.0,308591.0,3.0,3.0,51.0,40.0,150.0,400150.0,1.0,0.0,0.0,1.0,0.0,1.0,0.0,0.0,37.0,F,B,fa30b74a-3e62-4d9c-a0a8-32a5cc1029d2,d1423cf8-0a5e-45d0-975f-2885aa122ddd,1.0,1.0
1850.0,308592.0,1.0,20.0,51.0,40.0,150.0,400150.0,1.0,0.0,0.0,1.0,0.0,1.0,0.0,0.0,65.0,M,B,f94d8fec-d8ba-4bd4-8c41-2a05818bbe53,6dbd939f-2393-422b-a048-21c382128e1f,1.0,1.0
1850.0,308592.0,2.0,20.0,51.0,40.0,150.0,400150.0,1.0,0.0,0.0,1.0,0.0,1.0,0.0,0.0,48.0,M,B,534640f3-c2b6-49e7-82b7-a9aa1ebb2c68,6dbd939f-2393-422b-a048-21c382128e1f,1.0,1.0
1850.0,308592.0,3.0,20.0,51.0,40.0,150.0,400150.0,1.0,0.0,0.0,1.0,0.0,1.0,0.0,0.0,40.0,M,B,3a2c4307-24db-4f9d-9e37-1b55db8ae681,6dbd939f-2393-422b-a048-21c382128e1f,1.0,1.0
1850.0,308592.0,4.0,20.0,51.0,40.0,150.0,400150.0,1.0,0.0,0.0,1.0,0.0,1.0,0.0,0.0,25.0,M,B,b4eb98f1-492b-4a35-af88-8fffbd8cf244,6dbd939f-2393-422b-a048-21c382128e1f,1.0,1.0
1850.0,308592.0,5.0,20.0,51.0,40.0,150.0,400150.0,1.0,0.0,0.0,1.0,0.0,1.0,0.0,0.0,17.0,M,B,2132630c-404a-4a20-ac2f-80c090bbddd3,6dbd939f-2393-422b-a048-21c382128e1f,1.0,1.0
1850.0,308592.0,6.0,20.0,51.0,40.0,150.0,400150.0,1.0,0.0,0.0,1.0,0.0,1.0,0.0,0.0,14.0,M,B,ab017668-08ca-4752-8406-961521b47b9d,6dbd939f-2393-422b-a048-21c382128e1f,1.0,1.0
1850.0,308592.0,7.0,20.0,51.0,40.0,150.0,400150.0,1.0,0.0,0.0,1.0,0.0,1.0,0.0,0.0,13.0,M,B,9d61cb1b-c19b-4ec1-9593-5647346a954e,6dbd939f-2393-422b-a048-21c382128e1f,1.0,1.0
1850.0,308592.0,8.0,20.0,51.0,40.0,150.0,400150.0,1.0,0.0,0.0,1.0,0.0,1.0,0.0,0.0,10.0,M,B,8f5365b2-d878-487c-80af-bd894e734974,6dbd939f-2393-422b-a048-21c382128e1f,1.0,1.0
1850.0,308592.0,9.0,20.0,51.0,40.0,150.0,400150.0,1.0,0.0,0.0,1.0,0.0,1.0,0.0,0.0,9.0,M,B,4242c5bd-d21f-4d53-9a5d-b5be6c3d2dbd,6dbd939f-2393-422b-a048-21c382128e1f,1.0,1.0
1850.0,308592.0,10.0,20.0,51.0,40.0,150.0,400150.0,1.0,0.0,0.0,1.0,0.0,1.0,0.0,0.0,7.0,M,B,2e3f5d88-d424-4ebd-b45f-5784728c8684,6dbd939f-2393-422b-a048-21c382128e1f,1.0,1.0
1850.0,308592.0,11.0,20.0,51.0,40.0,150.0,400150.0,1.0,0.0,0.0,1.0,0.0,1.0,0.0,0.0,4.0,M,B,95ee53d5-de77-4f7b-b9a7-733cc9fa7da6,6dbd939f-2393-422b-a048-21c382128e1f,1.0,1.0
1850.0,308592.0,12.0,20.0,51.0,40.0,150.0,400150.0,1.0,0.0,0.0,1.0,0.0,1.0,0.0,0.0,999.0,M,B,22efd228-4043-487a-aee0-206799e07a28,6dbd939f-2393-422b-a048-21c382128e1f,1.0,1.0
1850.0,308592.0,13.0,20.0,51.0,40.0,150.0,400150.0,1.0,0.0,0.0,1.0,0.0,1.0,0.0,0.0,999.0,M,B,d39b885c-7b51-4946-bd86-8e3c2d287060,6dbd939f-2393-422b-a048-21c382128e1f,1.0,1.0
1850.0,308592.0,14.0,20.0,51.0,40.0,150.0,400150.0,1.0,0.0,0.0,1.0,0.0,1.0,0.0,0.0,35.0,F,B,5a5e1b99-5a53-437c-98a0-42788b595209,6dbd939f-2393-422b-a048-21c382128e1f,1.0,1.0
1850.0,308592.0,15.0,20.0,51.0,40.0,150.0,400150.0,1.0,0.0,0.0,1.0,0.0,1.0,0.0,0.0,20.0,F,B,a6fd5b8f-03d8-48f5-b3c9-ef4e69607aee,6dbd939f-2393-422b-a048-21c382128e1f,1.0,1.0
1850.0,308592.0,16.0,20.0,51.0,40.0,150.0,400150.0,1.0,0.0,0.0,1.0,0.0,1.0,0.0,0.0,17.0,F,B,9591760f-89cd-41a8-ab2e-5606c04398e4,6dbd939f-2393-422b-a048-21c382128e1f,1.0,1.0
1850.0,308592.0,17.0,20.0,51.0,40.0,150.0,400150.0,1.0,0.0,0.0,1.0,0.0,1.0,0.0,0.0,14.0,F,B,07e0ca87-e6fb-4f1e-a653-c026c487978d,6dbd939f-2393-422b-a048-21c382128e1f,1.0,1.0
1850.0,308592.0,18.0,20.0,51.0,40.0,150.0,400150.0,1.0,0.0,0.0,1.0,0.0,1.0,0.0,0.0,12.0,F,B,f81b9f07-7a69-4482-bfd3-8727686a9a0f,6dbd939f-2393-422b-a048-21c382128e1f,1.0,1.0
1850.0,308592.0,19.0,20.0,51.0,40.0,150.0,400150.0,1.0,0.0,0.0,1.0,0.0,1.0,0.0,0.0,7.0,F,B,7d3aa3ff-038b-4168-93fd-ce7acdf3ff20,6dbd939f-2393-422b-a048-21c382128e1f,1.0,1.0
1850.0,308592.0,20.0,20.0,51.0,40.0,150.0,400150.0,1.0,0.0,0.0,1.0,0.0,1.0,0.0,0.0,1.0,F,B,a426aed6-6d90-4738-b10c-b9d01d58560e,6dbd939f-2393-422b-a048-21c382128e1f,1.0,1.0
1850.0,308586.0,1.0,3.0,51.0,40.0,150.0,400150.0,1.0,0.0,0.0,1.0,0.0,1.0,0.0,0.0,20.0,F,B,1f73f140-42b1-4a21-aebf-476f5cd364fe,067b2c34-827c-4509-b705-306c03591976,1.0,1.0
1850.0,308586.0,2.0,3.0,51.0,40.0,150.0,400150.0,1.0,0.0,0.0,1.0,0.0,1.0,0.0,0.0,2.0,F,B,0b74c0b1-2a5f-4156-8a0b-5b79d171965f,067b2c34-827c-4509-b705-306c03591976,1.0,1.0
1850.0,308586.0,3.0,3.0,51.0,40.0,150.0,400150.0,1.0,0.0,0.0,1.0,0.0,1.0,0.0,0.0,1.0,F,B,0c74a1ac-2ff9-40dd-9435-5275bd6b1608,067b2c34-827c-4509-b705-306c03591976,1.0,1.0
1850.0,308587.0,1.0,1.0,51.0,40.0,150.0,400150.0,1.0,0.0,0.0,1.0,0.0,1.0,0.0,0.0,10.0,M,B,418b8b00-11b7-4e84-b41a-31dec087a8d9,d498e222-8061-4173-8444-a5a088aa33dc,1.0,1.0
1850.0,308594.0,1.0,7.0,51.0,40.0,150.0,400150.0,1.0,0.0,0.0,1.0,0.0,1.0,0.0,0.0,20.0,M,B,a04a2feb-71a0-46ac-9f89-57b169aea8be,,0.0,1.0
1850.0,308594.0,2.0,7.0,51.0,40.0,150.0,400150.0,1.0,0.0,0.0,1.0,0.0,1.0,0.0,0.0,8.0,M,B,23b53b88-6f48-4ccd-ad39-352e37f9c7c4,,0.0,1.0
1850.0,308594.0,3.0,7.0,51.0,40.0,150.0,400150.0,1.0,0.0,0.0,1.0,0.0,1.0,0.0,0.0,6.0,M,B,0a01020f-19b1-4c8f-9815-5f830480c5e7,,0.0,1.0
1850.0,308594.0,4.0,7.0,51.0,40.0,150.0,400150.0,1.0,0.0,0.0,1.0,0.0,1.0,0.0,0.0,40.0,F,B,503b717d-2281-48d8-b019-78f9c767f6c0,,0.0,1.0
1850.0,308594.0,5.0,7.0,51.0,40.0,150.0,400150.0,1.0,0.0,0.0,1.0,0.0,1.0,0.0,0.0,17.0,F,B,af1393d8-e9d8-40e6-ae6f-300b51765dc5,,0.0,1.0
1850.0,308594.0,6.0,7.0,51.0,40.0,150.0,400150.0,1.0,0.0,0.0,1.0,0.0,1.0,0.0,0.0,62.0,M,B,1017bd2e-b19e-45a1-b77a-813ffd931842,,0.0,1.0
1850.0,308594.0,7.0,7.0,51.0,40.0,150.0,400150.0,1.0,0.0,0.0,1.0,0.0,1.0,0.0,0.0,32.0,M,B,2e9d6bdd-7e93-4afa-b9f0-b7a1720b63cf,,0.0,1.0
1850.0,308595.0,1.0,11.0,51.0,40.0,150.0,400150.0,1.0,0.0,0.0,1.0,0.0,1.0,0.0,0.0,38.0,M,B,1a30c52b-0287-44e3-9846-710070867f32,87f23f20-8796-4213-837b-124a6eae8e58,1.0,1.0
1850.0,308595.0,2.0,11.0,51.0,40.0,150.0,400150.0,1.0,0.0,0.0,1.0,0.0,1.0,0.0,0.0,18.0,M,B,46b5a0db-205d-4797-bc2c-d38a8692bf45,87f23f20-8796-4213-837b-124a6eae8e58,1.0,1.0
1850.0,308595.0,3.0,11.0,51.0,40.0,150.0,400150.0,1.0,0.0,0.0,1.0,0.0,1.0,0.0,0.0,16.0,M,B,20d93d91-9d2e-473c-8561-d6631c5dcea7,87f23f20-8796-4213-837b-124a6eae8e58,1.0,1.0
1850.0,308595.0,4.0,11.0,51.0,40.0,150.0,400150.0,1.0,0.0,0.0,1.0,0.0,1.0,0.0,0.0,12.0,M,B,36140d61-eab4-4dd5-950e-acb3fed663b6,87f23f20-8796-4213-837b-124a6eae8e58,1.0,1.0
1850.0,308595.0,5.0,11.0,51.0,40.0,150.0,400150.0,1.0,0.0,0.0,1.0,0.0,1.0,0.0,0.0,6.0,M,B,8cedc24b-7a0c-4a73-aa15-1f9e1e4479cf,87f23f20-8796-4213-837b-124a6eae8e58,1.0,1.0
1850.0,308595.0,6.0,11.0,51.0,40.0,150.0,400150.0,1.0,0.0,0.0,1.0,0.0,1.0,0.0,0.0,0.0,F,B,c1b0c612-e587-44f4-bbe9-d476f0e2752f,87f23f20-8796-4213-837b-124a6eae8e58,1.0,1.0
1850.0,308595.0,7.0,11.0,51.0,40.0,150.0,400150.0,1.0,0.0,0.0,1.0,0.0,1.0,0.0,0.0,52.0,F,B,a7fef6a5-f172-46d2-9efc-aeed62032517,87f23f20-8796-4213-837b-124a6eae8e58,1.0,1.0
1850.0,308595.0,8.0,11.0,51.0,40.0,150.0,400150.0,1.0,0.0,0.0,1.0,0.0,1.0,0.0,0.0,21.0,F,B,47677367-d6a9-49c0-a417-1908ef410478,87f23f20-8796-4213-837b-124a6eae8e58,1.0,1.0
1850.0,308595.0,9.0,11.0,51.0,40.0,150.0,400150.0,1.0,0.0,0.0,1.0,0.0,1.0,0.0,0.0,15.0,F,B,e922e168-6b8f-4861-98f4-59805d5224ef,87f23f20-8796-4213-837b-124a6eae8e58,1.0,1.0
1850.0,308595.0,10.0,11.0,51.0,40.0,150.0,400150.0,1.0,0.0,0.0,1.0,0.0,1.0,0.0,0.0,14.0,F,B,5963be54-423e-4ebc-bbb1-c00db20280c0,87f23f20-8796-4213-837b-124a6eae8e58,1.0,1.0
1850.0,308595.0,11.0,11.0,51.0,40.0,150.0,400150.0,1.0,0.0,0.0,1.0,0.0,1.0,0.0,0.0,11.0,F,B,0393f66f-a533-42ae-a652-23a55f5ec71d,87f23f20-8796-4213-837b-124a6eae8e58,1.0,1.0
1850.0,308596.0,1.0,1.0,51.0,40.0,150.0,400150.0,1.0,0.0,0.0,1.0,0.0,1.0,0.0,0.0,15.0,F,B,5ea85693-95e8-46fc-8036-797ebdb095c5,f25ea4c6-1863-45fe-af5a-07e8ac64d61d,2.0,1.0
1850.0,308597.0,1.0,1.0,51.0,40.0,150.0,400150.0,1.0,0.0,0.0,1.0,0.0,1.0,0.0,0.0,14.0,F,B,53b140f8-8c67-4b58-ad03-f13ef9173023,5dedf928-bfac-4dba-af4e-0312195fcb9d,2.0,1.0
1850.0,308598.0,1.0,5.0,51.0,40.0,150.0,400150.0,1.0,0.0,0.0,1.0,0.0,1.0,0.0,0.0,38.0,M,B,517f6649-186b-4306-9371-c73cd9ff0699,dcd4e6cd-5262-4bb3-b33b-8a5730a1cc1f,1.0,1.0
1850.0,308598.0,2.0,5.0,51.0,40.0,150.0,400150.0,1.0,0.0,0.0,1.0,0.0,1.0,0.0,0.0,28.0,M,B,9865b164-fa52-47e8-b206-21b949f96ff5,dcd4e6cd-5262-4bb3-b33b-8a5730a1cc1f,1.0,1.0
1850.0,308598.0,3.0,5.0,51.0,40.0,150.0,400150.0,1.0,0.0,0.0,1.0,0.0,1.0,0.0,0.0,21.0,M,B,0a81326c-158c-4acc-8fc1-12d87a5e81b4,dcd4e6cd-5262-4bb3-b33b-8a5730a1cc1f,1.0,1.0
1850.0,308598.0,4.0,5.0,51.0,40.0,150.0,400150.0,1.0,0.0,0.0,1.0,0.0,1.0,0.0,0.0,36.0,F,B,05234965-6278-4545-8c5f-aa5e48ea02aa,dcd4e6cd-5262-4bb3-b33b-8a5730a1cc1f,1.0,1.0
1850.0,308598.0,5.0,5.0,51.0,40.0,150.0,400150.0,1.0,0.0,0.0,1.0,0.0,1.0,0.0,0.0,16.0,F,B,2c5bfa2f-4361-4da5-9f66-b39260c2d799,dcd4e6cd-5262-4bb3-b33b-8a5730a1cc1f,1.0,1.0
1850.0,308599.0,1.0,23.0,51.0,40.0,150.0,400150.0,1.0,0.0,0.0,1.0,0.0,1.0,0.0,0.0,32.0,M,B,d708e679-6439-450a-9346-4f9105896002,439581be-a89e-4010-8a49-f94ac645bd2d,1.0,1.0
1850.0,308599.0,2.0,23.0,51.0,40.0,150.0,400150.0,1.0,0.0,0.0,1.0,0.0,1.0,0.0,0.0,30.0,M,B,72a89951-00c7-4822-8c1b-d642fe5aad30,439581be-a89e-4010-8a49-f94ac645bd2d,1.0,1.0
1850.0,308599.0,3.0,23.0,51.0,40.0,150.0,400150.0,1.0,0.0,0.0,1.0,0.0,1.0,0.0,0.0,25.0,M,B,8b05a2a5-8753-4438-aaef-731dc0183264,439581be-a89e-4010-8a49-f94ac645bd2d,1.0,1.0
1850.0,308599.0,4.0,23.0,51.0,40.0,150.0,400150.0,1.0,0.0,0.0,1.0,0.0,1.0,0.0,0.0,25.0,M,B,f52fa8d1-ef6b-4c57-9300-92a130d305fe,439581be-a89e-4010-8a49-f94ac645bd2d,1.0,1.0
1850.0,308599.0,5.0,23.0,51.0,40.0,150.0,400150.0,1.0,0.0,0.0,1.0,0.0,1.0,0.0,0.0,20.0,M,B,08a1d8e3-337d-4d72-911f-530eeac04db6,439581be-a89e-4010-8a49-f94ac645bd2d,1.0,1.0
1850.0,308599.0,6.0,23.0,51.0,40.0,150.0,400150.0,1.0,0.0,0.0,1.0,0.0,1.0,0.0,0.0,16.0,M,B,2755fa16-ac9b-4ee5-aa5c-a684fcde6603,439581be-a89e-4010-8a49-f94ac645bd2d,1.0,1.0
1850.0,308599.0,7.0,23.0,51.0,40.0,150.0,400150.0,1.0,0.0,0.0,1.0,0.0,1.0,0.0,0.0,15.0,M,B,09cfa24b-b803-4acf-b51b-988f7239d235,439581be-a89e-4010-8a49-f94ac645bd2d,1.0,1.0
1850.0,308599.0,8.0,23.0,51.0,40.0,150.0,400150.0,1.0,0.0,0.0,1.0,0.0,1.0,0.0,0.0,9.0,M,B,b6ae60f0-6479-4534-abea-85cae05b676c,439581be-a89e-4010-8a49-f94ac645bd2d,1.0,1.0
1850.0,308599.0,9.0,23.0,51.0,40.0,150.0,400150.0,1.0,0.0,0.0,1.0,0.0,1.0,0.0,0.0,999.0,F,B,c84a965b-6ba0-445f-9284-51056978f9c2,439581be-a89e-4010-8a49-f94ac645bd2d,1.0,1.0
1850.0,308599.0,10.0,23.0,51.0,40.0,150.0,400150.0,1.0,0.0,0.0,1.0,0.0,1.0,0.0,0.0,42.0,F,B,31f0f388-0880-4fda-8cad-a50b2a9ce395,439581be-a89e-4010-8a49-f94ac645bd2d,1.0,1.0
1850.0,308599.0,11.0,23.0,51.0,40.0,150.0,400150.0,1.0,0.0,0.0,1.0,0.0,1.0,0.0,0.0,38.0,F,B,c8d90668-a62f-49c3-a2a6-1e77df6630de,439581be-a89e-4010-8a49-f94ac645bd2d,1.0,1.0
1850.0,308599.0,12.0,23.0,51.0,40.0,150.0,400150.0,1.0,0.0,0.0,1.0,0.0,1.0,0.0,0.0,37.0,F,B,2fa62255-bc58-4249-bcf5-14d9c4a17b98,439581be-a89e-4010-8a49-f94ac645bd2d,1.0,1.0
1850.0,308599.0,13.0,23.0,51.0,40.0,150.0,400150.0,1.0,0.0,0.0,1.0,0.0,1.0,0.0,0.0,36.0,F,B,4c59418c-6da0-4c0f-b28b-9145ce6d1d39,439581be-a89e-4010-8a49-f94ac645bd2d,1.0,1.0
1850.0,308599.0,14.0,23.0,51.0,40.0,150.0,400150.0,1.0,0.0,0.0,1.0,0.0,1.0,0.0,0.0,22.0,F,B,22d94f06-e58d-4039-bb5d-ad429c187e69,439581be-a89e-4010-8a49-f94ac645bd2d,1.0,1.0
1850.0,308599.0,15.0,23.0,51.0,40.0,150.0,400150.0,1.0,0.0,0.0,1.0,0.0,1.0,0.0,0.0,19.0,F,B,3d4f6ad1-9b15-42e4-8b10-38bd658932b4,439581be-a89e-4010-8a49-f94ac645bd2d,1.0,1.0
1850.0,308599.0,16.0,23.0,51.0,40.0,150.0,400150.0,1.0,0.0,0.0,1.0,0.0,1.0,0.0,0.0,14.0,F,B,9677df12-180c-4bd9-a7dc-0987af9cd717,439581be-a89e-4010-8a49-f94ac645bd2d,1.0,1.0
1850.0,308599.0,17.0,23.0,51.0,40.0,150.0,400150.0,1.0,0.0,0.0,1.0,0.0,1.0,0.0,0.0,12.0,F,B,11898667-9b2a-4c36-b201-90ea3f134475,439581be-a89e-4010-8a49-f94ac645bd2d,1.0,1.0
1850.0,308599.0,18.0,23.0,51.0,40.0,150.0,400150.0,1.0,0.0,0.0,1.0,0.0,1.0,0.0,0.0,8.0,F,B,6aec0ade-a396-4937-8216-dbbdec3648ca,439581be-a89e-4010-8a49-f94ac645bd2d,1.0,1.0
1850.0,308599.0,19.0,23.0,51.0,40.0,150.0,400150.0,1.0,0.0,0.0,1.0,0.0,1.0,0.0,0.0,4.0,F,B,6cc9ead8-7208-408d-aa18-9ebb9642ef55,439581be-a89e-4010-8a49-f94ac645bd2d,1.0,1.0
1850.0,308599.0,20.0,23.0,51.0,40.0,150.0,400150.0,1.0,0.0,0.0,1.0,0.0,1.0,0.0,0.0,4.0,F,B,7fd65d3c-2527-4aae-a618-ff2680cdef10,439581be-a89e-4010-8a49-f94ac645bd2d,1.0,1.0
1850.0,308599.0,21.0,23.0,51.0,40.0,150.0,400150.0,1.0,0.0,0.0,1.0,0.0,1.0,0.0,0.0,4.0,F,B,c4cf6040-d5b8-41b2-8fc0-36d7e12671c0,439581be-a89e-4010-8a49-f94ac645bd2d,1.0,1.0
1850.0,308599.0,22.0,23.0,51.0,40.0,150.0,400150.0,1.0,0.0,0.0,1.0,0.0,1.0,0.0,0.0,1.0,F,B,b53ae2cf-90e1-4513-9a5f-26dcfdb10a35,439581be-a89e-4010-8a49-f94ac645bd2d,1.0,1.0
1850.0,308599.0,23.0,23.0,51.0,40.0,150.0,400150.0,1.0,0.0,0.0,1.0,0.0,1.0,0.0,0.0,1.0,F,B,e8fe71b0-6a55-4f95-b685-45917bd0617f,439581be-a89e-4010-8a49-f94ac645bd2d,1.0,1.0
1850.0,308600.0,1.0,8.0,51.0,40.0,150.0,400150.0,1.0,0.0,0.0,1.0,0.0,1.0,0.0,0.0,40.0,M,B,65154731-292e-496a-8a26-506ed29fdfd2,d9ad8b38-6399-457a-8439-c49772a99841,1.0,1.0
1850.0,308600.0,2.0,8.0,51.0,40.0,150.0,400150.0,1.0,0.0,0.0,1.0,0.0,1.0,0.0,0.0,2.0,M,B,0e4fbb90-ecc6-497f-ba41-e47c6636b2bb,d9ad8b38-6399-457a-8439-c49772a99841,1.0,1.0
1850.0,308600.0,3.0,8.0,51.0,40.0,150.0,400150.0,1.0,0.0,0.0,1.0,0.0,1.0,0.0,0.0,25.0,F,B,0afc9e93-6ee6-4c7e-9b43-17c6be4702a6,d9ad8b38-6399-457a-8439-c49772a99841,1.0,1.0
1850.0,308600.0,4.0,8.0,51.0,40.0,150.0,400150.0,1.0,0.0,0.0,1.0,0.0,1.0,0.0,0.0,1.0,F,B,440d87de-c947-44b0-9660-ebd745ed5f4a,d9ad8b38-6399-457a-8439-c49772a99841,1.0,1.0
1850.0,308600.0,5.0,8.0,51.0,40.0,150.0,400150.0,1.0,0.0,0.0,1.0,0.0,1.0,0.0,0.0,25.0,M,B,09d9e4e8-57c4-44c4-9889-5ac3c24e03ac,d9ad8b38-6399-457a-8439-c49772a99841,1.0,1.0
1850.0,308600.0,6.0,8.0,51.0,40.0,150.0,400150.0,1.0,0.0,0.0,1.0,0.0,1.0,0.0,0.0,15.0,M,B,12c0beb3-70e5-42d7-ba1c-1eecd3acb4e5,d9ad8b38-6399-457a-8439-c49772a99841,1.0,1.0
1850.0,308600.0,7.0,8.0,51.0,40.0,150.0,400150.0,1.0,0.0,0.0,1.0,0.0,1.0,0.0,0.0,55.0,F,B,941ad020-2dbf-4f1a-852d-f5e685c6665d,d9ad8b38-6399-457a-8439-c49772a99841,1.0,1.0
1850.0,308600.0,8.0,8.0,51.0,40.0,150.0,400150.0,1.0,0.0,0.0,1.0,0.0,1.0,0.0,0.0,19.0,F,B,5c891d72-53d2-4ad3-bb56-9b07a282d362,d9ad8b38-6399-457a-8439-c49772a99841,1.0,1.0
1850.0,308601.0,1.0,1.0,51.0,40.0,150.0,400150.0,1.0,0.0,0.0,1.0,0.0,1.0,0.0,0.0,58.0,F,B,c1908e60-7fbc-4992-964c-4346d7e68307,0e807938-2718-491d-b560-15693a31c37d,1.0,1.0
1850.0,308602.0,1.0,7.0,51.0,40.0,150.0,400150.0,1.0,0.0,0.0,1.0,0.0,1.0,0.0,0.0,35.0,M,B,6836d6c5-2837-4fbb-bdb3-9ae57d0ff972,bd64c251-1e5a-44f0-b3bd-8cff4cc363d6,1.0,1.0
1850.0,308602.0,2.0,7.0,51.0,40.0,150.0,400150.0,1.0,0.0,0.0,1.0,0.0,1.0,0.0,0.0,22.0,M,B,5e324066-1f82-40fa-a4ce-e6d283a45d04,bd64c251-1e5a-44f0-b3bd-8cff4cc363d6,1.0,1.0
1850.0,308602.0,3.0,7.0,51.0,40.0,150.0,400150.0,1.0,0.0,0.0,1.0,0.0,1.0,0.0,0.0,14.0,M,B,c95ed7c7-00e1-4fb4-b92c-bd713a0584d7,bd64c251-1e5a-44f0-b3bd-8cff4cc363d6,1.0,1.0
1850.0,308602.0,4.0,7.0,51.0,40.0,150.0,400150.0,1.0,0.0,0.0,1.0,0.0,1.0,0.0,0.0,29.0,F,B,787aaa6e-5dfe-4169-b74d-12d756c58455,bd64c251-1e5a-44f0-b3bd-8cff4cc363d6,1.0,1.0
1850.0,308602.0,5.0,7.0,51.0,40.0,150.0,400150.0,1.0,0.0,0.0,1.0,0.0,1.0,0.0,0.0,32.0,F,B,a24568b8-cbb1-4386-9a55-e2185a3c5d35,bd64c251-1e5a-44f0-b3bd-8cff4cc363d6,1.0,1.0
1850.0,308602.0,6.0,7.0,51.0,40.0,150.0,400150.0,1.0,0.0,0.0,1.0,0.0,1.0,0.0,0.0,9.0,F,B,901cc526-beb6-4c74-a4ac-b02a493c045d,bd64c251-1e5a-44f0-b3bd-8cff4cc363d6,1.0,1.0
1850.0,308602.0,7.0,7.0,51.0,40.0,150.0,400150.0,1.0,0.0,0.0,1.0,0.0,1.0,0.0,0.0,3.0,F,B,f03b763c-b530-451a-9fe9-dd2bdc50f668,bd64c251-1e5a-44f0-b3bd-8cff4cc363d6,1.0,1.0
1850.0,308593.0,1.0,1.0,51.0,40.0,150.0,400150.0,1.0,0.0,0.0,1.0,0.0,1.0,0.0,0.0,14.0,F,B,436d7fe1-9810-4bf8-beab-b984f1752c7b,ea703272-9edf-4757-a920-aac2e900aca4,1.0,1.0
1850.0,308603.0,1.0,9.0,51.0,40.0,150.0,400150.0,1.0,0.0,0.0,1.0,0.0,1.0,0.0,0.0,43.0,M,B,11634621-3a27-418f-a692-ce074fd23e02,acee28a3-3de7-4d44-bd3f-ce79eb27903a,2.0,1.0
1850.0,308603.0,2.0,9.0,51.0,40.0,150.0,400150.0,1.0,0.0,0.0,1.0,0.0,1.0,0.0,0.0,12.0,M,B,57f9327b-0733-4ff2-970b-9837ad211b4e,acee28a3-3de7-4d44-bd3f-ce79eb27903a,2.0,1.0
1850.0,308603.0,3.0,9.0,51.0,40.0,150.0,400150.0,1.0,0.0,0.0,1.0,0.0,1.0,0.0,0.0,17.0,F,B,b96ce9e1-4054-4785-a583-644877311c5a,acee28a3-3de7-4d44-bd3f-ce79eb27903a,2.0,1.0
1850.0,308603.0,4.0,9.0,51.0,40.0,150.0,400150.0,1.0,0.0,0.0,1.0,0.0,1.0,0.0,0.0,15.0,F,B,9c26fecb-5fe7-4def-9096-b8f790528116,acee28a3-3de7-4d44-bd3f-ce79eb27903a,2.0,1.0
1850.0,308603.0,5.0,9.0,51.0,40.0,150.0,400150.0,1.0,0.0,0.0,1.0,0.0,1.0,0.0,0.0,13.0,F,B,03612c20-9eea-4239-9be2-37482afed2e2,acee28a3-3de7-4d44-bd3f-ce79eb27903a,2.0,1.0
1850.0,308603.0,6.0,9.0,51.0,40.0,150.0,400150.0,1.0,0.0,0.0,1.0,0.0,1.0,0.0,0.0,9.0,F,B,431f0c51-86d5-4e3e-854c-41108a417e8a,acee28a3-3de7-4d44-bd3f-ce79eb27903a,2.0,1.0
1850.0,308603.0,7.0,9.0,51.0,40.0,150.0,400150.0,1.0,0.0,0.0,1.0,0.0,1.0,0.0,0.0,7.0,F,B,3417dd1e-3ddd-41c6-b06b-7db32b5e578e,acee28a3-3de7-4d44-bd3f-ce79eb27903a,2.0,1.0
1850.0,308603.0,8.0,9.0,51.0,40.0,150.0,400150.0,1.0,0.0,0.0,1.0,0.0,1.0,0.0,0.0,999.0,F,B,e096ae83-be4b-4815-afd1-d183c06afbff,acee28a3-3de7-4d44-bd3f-ce79eb27903a,2.0,1.0
1850.0,308603.0,9.0,9.0,51.0,40.0,150.0,400150.0,1.0,0.0,0.0,1.0,0.0,1.0,0.0,0.0,0.0,F,B,d8c58794-28ec-40d2-9302-125f4b380a05,acee28a3-3de7-4d44-bd3f-ce79eb27903a,2.0,1.0
1850.0,308604.0,1.0,12.0,51.0,40.0,150.0,400150.0,1.0,0.0,0.0,1.0,0.0,1.0,0.0,0.0,15.0,M,B,ff8190cf-e1e9-4b75-a5c5-f212b7880f09,667fdde3-9b29-412c-a016-ed77cdf2ae48,1.0,1.0
1850.0,308604.0,2.0,12.0,51.0,40.0,150.0,400150.0,1.0,0.0,0.0,1.0,0.0,1.0,0.0,0.0,999.0,F,B,9f8e0a55-fb0b-45b3-8503-bbfe5036bb3e,667fdde3-9b29-412c-a016-ed77cdf2ae48,1.0,1.0
1850.0,308604.0,3.0,12.0,51.0,40.0,150.0,400150.0,1.0,0.0,0.0,1.0,0.0,1.0,0.0,0.0,999.0,M,B,598ee06e-6c4a-43cf-bb47-a2025f8014c8,667fdde3-9b29-412c-a016-ed77cdf2ae48,1.0,1.0
1850.0,308604.0,4.0,12.0,51.0,40.0,150.0,400150.0,1.0,0.0,0.0,1.0,0.0,1.0,0.0,0.0,999.0,M,B,822f554c-b60b-44db-9941-57a47e30d646,667fdde3-9b29-412c-a016-ed77cdf2ae48,1.0,1.0
1850.0,308604.0,5.0,12.0,51.0,40.0,150.0,400150.0,1.0,0.0,0.0,1.0,0.0,1.0,0.0,0.0,6.0,M,B,ca4f9988-a331-4190-bb21-fa2b138849bc,667fdde3-9b29-412c-a016-ed77cdf2ae48,1.0,1.0
1850.0,308604.0,6.0,12.0,51.0,40.0,150.0,400150.0,1.0,0.0,0.0,1.0,0.0,1.0,0.0,0.0,35.0,F,B,7008fa18-a247-4291-920f-909df0fc8434,667fdde3-9b29-412c-a016-ed77cdf2ae48,1.0,1.0
1850.0,308604.0,7.0,12.0,51.0,40.0,150.0,400150.0,1.0,0.0,0.0,1.0,0.0,1.0,0.0,0.0,19.0,F,B,4efc00d4-3593-4eb6-995a-db800d757916,667fdde3-9b29-412c-a016-ed77cdf2ae48,1.0,1.0
1850.0,308604.0,8.0,12.0,51.0,40.0,150.0,400150.0,1.0,0.0,0.0,1.0,0.0,1.0,0.0,0.0,16.0,F,B,f73d3023-b2f8-42ec-81d1-ee17208ddf69,667fdde3-9b29-412c-a016-ed77cdf2ae48,1.0,1.0
1850.0,308604.0,9.0,12.0,51.0,40.0,150.0,400150.0,1.0,0.0,0.0,1.0,0.0,1.0,0.0,0.0,12.0,F,B,249f27c6-3b75-41f6-9441-32c9edf795a0,667fdde3-9b29-412c-a016-ed77cdf2ae48,1.0,1.0
1850.0,308604.0,10.0,12.0,51.0,40.0,150.0,400150.0,1.0,0.0,0.0,1.0,0.0,1.0,0.0,0.0,8.0,F,B,4b2b2805-8196-47c5-af0f-39ea66cadcbb,667fdde3-9b29-412c-a016-ed77cdf2ae48,1.0,1.0
1850.0,308604.0,11.0,12.0,51.0,40.0,150.0,400150.0,1.0,0.0,0.0,1.0,0.0,1.0,0.0,0.0,5.0,F,B,22a462e4-3aca-4398-9e9e-f0f54bd0016a,667fdde3-9b29-412c-a016-ed77cdf2ae48,1.0,1.0
1850.0,308604.0,12.0,12.0,51.0,40.0,150.0,400150.0,1.0,0.0,0.0,1.0,0.0,1.0,0.0,0.0,0.0,F,B,8923cf5a-6ccc-4e66-86fd-4eb2d8d16d9c,667fdde3-9b29-412c-a016-ed77cdf2ae48,1.0,1.0
1850.0,308605.0,1.0,8.0,51.0,40.0,150.0,400150.0,1.0,0.0,0.0,1.0,0.0,1.0,0.0,0.0,16.0,M,B,7cd6aa83-f1fc-401f-959e-a830cad4cd93,,0.0,1.0
1850.0,308605.0,2.0,8.0,51.0,40.0,150.0,400150.0,1.0,0.0,0.0,1.0,0.0,1.0,0.0,0.0,10.0,M,B,e257bec6-9bc3-4e4b-9d6c-dcc157c552f8,,0.0,1.0
1850.0,308605.0,3.0,8.0,51.0,40.0,150.0,400150.0,1.0,0.0,0.0,1.0,0.0,1.0,0.0,0.0,9.0,M,B,93b926ca-9f93-49e8-8d8d-70fe26338993,,0.0,1.0
1850.0,308605.0,4.0,8.0,51.0,40.0,150.0,400150.0,1.0,0.0,0.0,1.0,0.0,1.0,0.0,0.0,6.0,M,B,d3529fe8-b913-4b4d-abc7-810f2e023478,,0.0,1.0
1850.0,308605.0,5.0,8.0,51.0,40.0,150.0,400150.0,1.0,0.0,0.0,1.0,0.0,1.0,0.0,0.0,80.0,F,B,f13cc1f6-5109-4bc2-af8d-85cc0ab1ba7b,,0.0,1.0
1850.0,308605.0,6.0,8.0,51.0,40.0,150.0,400150.0,1.0,0.0,0.0,1.0,0.0,1.0,0.0,0.0,23.0,F,B,268b1c60-169b-40a9-9bfa-c0ca34787d3a,,0.0,1.0
1850.0,308605.0,7.0,8.0,51.0,40.0,150.0,400150.0,1.0,0.0,0.0,1.0,0.0,1.0,0.0,0.0,5.0,F,B,d075d937-2d7d-4af3-9e36-7fa9db59fb13,,0.0,1.0
1850.0,308605.0,8.0,8.0,51.0,40.0,150.0,400150.0,1.0,0.0,0.0,1.0,0.0,1.0,0.0,0.0,40.0,M,B,86ee1ed9-6bfd-475c-85a7-77ae23a6fe4a,,0.0,1.0
1850.0,308606.0,1.0,4.0,51.0,40.0,150.0,400150.0,1.0,0.0,0.0,1.0,0.0,1.0,0.0,0.0,32.0,M,B,51f878fd-7809-4c96-ab6c-1fa2f66d6960,e5c8225e-c658-44cd-a54e-77acc17440cc,1.0,1.0
1850.0,308606.0,2.0,4.0,51.0,40.0,150.0,400150.0,1.0,0.0,0.0,1.0,0.0,1.0,0.0,0.0,30.0,M,B,f0e65a2b-68ff-4968-9e57-01b0506446b5,e5c8225e-c658-44cd-a54e-77acc17440cc,1.0,1.0
1850.0,308606.0,3.0,4.0,51.0,40.0,150.0,400150.0,1.0,0.0,0.0,1.0,0.0,1.0,0.0,0.0,50.0,F,B,7e299a86-01ad-4e72-9901-0c9acb6b8bf3,e5c8225e-c658-44cd-a54e-77acc17440cc,1.0,1.0
1850.0,308606.0,4.0,4.0,51.0,40.0,150.0,400150.0,1.0,0.0,0.0,1.0,0.0,1.0,0.0,0.0,8.0,F,W,522a0ed3-d46e-40cb-881d-697e0b1f7bd6,e5c8225e-c658-44cd-a54e-77acc17440cc,1.0,1.0
1850.0,308607.0,1.0,13.0,51.0,40.0,150.0,400150.0,1.0,0.0,0.0,1.0,0.0,1.0,0.0,0.0,32.0,M,B,59ed4ad0-16b4-4616-8bef-33ce43b9c3b0,310860b0-76c5-46b8-8f1f-b1d29b304588,1.0,1.0
1850.0,308607.0,2.0,13.0,51.0,40.0,150.0,400150.0,1.0,0.0,0.0,1.0,0.0,1.0,0.0,0.0,50.0,M,B,2a7318e0-6bb9-4f92-a6c5-b278782b2ed0,310860b0-76c5-46b8-8f1f-b1d29b304588,1.0,1.0
1850.0,308607.0,3.0,13.0,51.0,40.0,150.0,400150.0,1.0,0.0,0.0,1.0,0.0,1.0,0.0,0.0,20.0,M,B,fbb1b190-b7ac-4a84-b38e-8502aa6e9c45,310860b0-76c5-46b8-8f1f-b1d29b304588,1.0,1.0
1850.0,308607.0,4.0,13.0,51.0,40.0,150.0,400150.0,1.0,0.0,0.0,1.0,0.0,1.0,0.0,0.0,20.0,M,B,67ce8d7e-e545-4c1d-b805-7733c5137e50,310860b0-76c5-46b8-8f1f-b1d29b304588,1.0,1.0
1850.0,308607.0,5.0,13.0,51.0,40.0,150.0,400150.0,1.0,0.0,0.0,1.0,0.0,1.0,0.0,0.0,2.0,M,B,e22d0ca1-38ca-482b-a7bc-8818ed5957c8,310860b0-76c5-46b8-8f1f-b1d29b304588,1.0,1.0
1850.0,308607.0,6.0,13.0,51.0,40.0,150.0,400150.0,1.0,0.0,0.0,1.0,0.0,1.0,0.0,0.0,2.0,M,B,bfadd099-3e83-42b4-8917-d4a7544bef98,310860b0-76c5-46b8-8f1f-b1d29b304588,1.0,1.0
1850.0,308607.0,7.0,13.0,51.0,40.0,150.0,400150.0,1.0,0.0,0.0,1.0,0.0,1.0,0.0,0.0,999.0,M,W,0e7f97b5-ae74-4be0-9175-0ff409f7e871,310860b0-76c5-46b8-8f1f-b1d29b304588,1.0,1.0
1850.0,308607.0,8.0,13.0,51.0,40.0,150.0,400150.0,1.0,0.0,0.0,1.0,0.0,1.0,0.0,0.0,35.0,F,B,9dc409a0-ce66-43dd-b5d1-123e8d65fe97,310860b0-76c5-46b8-8f1f-b1d29b304588,1.0,1.0
1850.0,308607.0,9.0,13.0,51.0,40.0,150.0,400150.0,1.0,0.0,0.0,1.0,0.0,1.0,0.0,0.0,27.0,F,B,0ce6ccd6-ff0d-441b-b3a5-27e862b9f7b4,310860b0-76c5-46b8-8f1f-b1d29b304588,1.0,1.0
1850.0,308607.0,10.0,13.0,51.0,40.0,150.0,400150.0,1.0,0.0,0.0,1.0,0.0,1.0,0.0,0.0,20.0,F,B,8d0bc222-88c7-4745-b6bc-473693c46d92,310860b0-76c5-46b8-8f1f-b1d29b304588,1.0,1.0
1850.0,308607.0,11.0,13.0,51.0,40.0,150.0,400150.0,1.0,0.0,0.0,1.0,0.0,1.0,0.0,0.0,7.0,F,B,41fb4b77-2522-4d36-b922-fd2e55c0512d,310860b0-76c5-46b8-8f1f-b1d29b304588,1.0,1.0
1850.0,308607.0,12.0,13.0,51.0,40.0,150.0,400150.0,1.0,0.0,0.0,1.0,0.0,1.0,0.0,0.0,7.0,F,B,467b5215-c341-46c7-8a54-6b8e4302c53e,310860b0-76c5-46b8-8f1f-b1d29b304588,1.0,1.0
1850.0,308607.0,13.0,13.0,51.0,40.0,150.0,400150.0,1.0,0.0,0.0,1.0,0.0,1.0,0.0,0.0,5.0,F,B,966cab48-8cd8-4a23-96eb-62bebafaaaa8,310860b0-76c5-46b8-8f1f-b1d29b304588,1.0,1.0
1850.0,308608.0,1.0,10.0,51.0,40.0,150.0,400150.0,1.0,0.0,0.0,1.0,0.0,1.0,0.0,0.0,30.0,M,B,479c70cb-25a3-487c-8e64-dcc4d017dc6e,7bc9c1f8-0560-4875-aedd-9028982faea9,1.0,1.0
1850.0,308608.0,2.0,10.0,51.0,40.0,150.0,400150.0,1.0,0.0,0.0,1.0,0.0,1.0,0.0,0.0,27.0,M,B,0a827153-7f73-494b-ba0f-cf715895a1c4,7bc9c1f8-0560-4875-aedd-9028982faea9,1.0,1.0
1850.0,308608.0,3.0,10.0,51.0,40.0,150.0,400150.0,1.0,0.0,0.0,1.0,0.0,1.0,0.0,0.0,12.0,M,B,dcdb1242-64ff-427d-b076-e6b588c1c03a,7bc9c1f8-0560-4875-aedd-9028982faea9,1.0,1.0
1850.0,308608.0,4.0,10.0,51.0,40.0,150.0,400150.0,1.0,0.0,0.0,1.0,0.0,1.0,0.0,0.0,3.0,M,B,0db079e7-3526-498d-8097-1780a8a73fdf,7bc9c1f8-0560-4875-aedd-9028982faea9,1.0,1.0
1850.0,308608.0,5.0,10.0,51.0,40.0,150.0,400150.0,1.0,0.0,0.0,1.0,0.0,1.0,0.0,0.0,20.0,M,B,8ddd82e6-a0e7-4fb1-a05d-f8a8bb4c71a2,7bc9c1f8-0560-4875-aedd-9028982faea9,1.0,1.0
1850.0,308608.0,6.0,10.0,51.0,40.0,150.0,400150.0,1.0,0.0,0.0,1.0,0.0,1.0,0.0,0.0,51.0,F,B,e9bd6ef1-d5a5-4625-a61b-654d77e3715f,7bc9c1f8-0560-4875-aedd-9028982faea9,1.0,1.0
1850.0,308608.0,7.0,10.0,51.0,40.0,150.0,400150.0,1.0,0.0,0.0,1.0,0.0,1.0,0.0,0.0,26.0,F,B,176bd248-60cd-4915-91b6-6147e3f3ee41,7bc9c1f8-0560-4875-aedd-9028982faea9,1.0,1.0
1850.0,308608.0,8.0,10.0,51.0,40.0,150.0,400150.0,1.0,0.0,0.0,1.0,0.0,1.0,0.0,0.0,7.0,F,B,7acdfa69-e3b7-4d63-a25a-8e117f62ba5b,7bc9c1f8-0560-4875-aedd-9028982faea9,1.0,1.0
1850.0,308608.0,9.0,10.0,51.0,40.0,150.0,400150.0,1.0,0.0,0.0,1.0,0.0,1.0,0.0,0.0,5.0,F,B,5732dca2-85d6-422e-8544-c7746cd76c7d,7bc9c1f8-0560-4875-aedd-9028982faea9,1.0,1.0
1850.0,308608.0,10.0,10.0,51.0,40.0,150.0,400150.0,1.0,0.0,0.0,1.0,0.0,1.0,0.0,0.0,0.0,F,B,e8c73a76-0c39-4eef-923f-9752b92a8c5d,7bc9c1f8-0560-4875-aedd-9028982faea9,1.0,1.0
1850.0,308610.0,1.0,4.0,51.0,40.0,150.0,400150.0,1.0,0.0,0.0,1.0,0.0,1.0,0.0,0.0,47.0,F,B,36bf621f-2323-4a0b-b6ff-3a420a8b0b5d,,0.0,1.0
1850.0,308610.0,2.0,4.0,51.0,40.0,150.0,400150.0,1.0,0.0,0.0,1.0,0.0,1.0,0.0,0.0,13.0,F,B,66193b9c-53db-4022-9702-f6ceb57e3739,,0.0,1.0
1850.0,308610.0,3.0,4.0,51.0,40.0,150.0,400150.0,1.0,0.0,0.0,1.0,0.0,1.0,0.0,0.0,28.0,M,B,82b3606f-05b6-4b26-8c66-e8ebde0f5499,,0.0,1.0
1850.0,308610.0,4.0,4.0,51.0,40.0,150.0,400150.0,1.0,0.0,0.0,1.0,0.0,1.0,0.0,0.0,20.0,M,B,79f5ff2c-9fac-476d-945e-13b86bb709e1,,0.0,1.0
1850.0,308611.0,1.0,8.0,51.0,40.0,150.0,400150.0,1.0,0.0,0.0,1.0,0.0,1.0,0.0,0.0,31.0,M,B,62477d44-9bf3-496f-86aa-ea5e8c061628,964e6680-e00f-4597-ba5f-562b147faa32,1.0,1.0
1850.0,308611.0,2.0,8.0,51.0,40.0,150.0,400150.0,1.0,0.0,0.0,1.0,0.0,1.0,0.0,0.0,18.0,M,B,6ee60b21-4668-4dd1-92e6-b8974b5a10a4,964e6680-e00f-4597-ba5f-562b147faa32,1.0,1.0
1850.0,308611.0,3.0,8.0,51.0,40.0,150.0,400150.0,1.0,0.0,0.0,1.0,0.0,1.0,0.0,0.0,17.0,M,B,8073e038-94eb-4198-8b44-276db7ac337a,964e6680-e00f-4597-ba5f-562b147faa32,1.0,1.0
1850.0,308611.0,4.0,8.0,51.0,40.0,150.0,400150.0,1.0,0.0,0.0,1.0,0.0,1.0,0.0,0.0,5.0,M,B,3358c2fe-f181-483d-8e4d-2e8b934faeb8,964e6680-e00f-4597-ba5f-562b147faa32,1.0,1.0
1850.0,308611.0,5.0,8.0,51.0,40.0,150.0,400150.0,1.0,0.0,0.0,1.0,0.0,1.0,0.0,0.0,0.0,M,B,26cfe119-6a8b-4c12-9b9d-c13019ce49e0,964e6680-e00f-4597-ba5f-562b147faa32,1.0,1.0
1850.0,308611.0,6.0,8.0,51.0,40.0,150.0,400150.0,1.0,0.0,0.0,1.0,0.0,1.0,0.0,0.0,50.0,F,B,59bfe50a-4c92-4087-b9db-1c5709e5230d,964e6680-e00f-4597-ba5f-562b147faa32,1.0,1.0
1850.0,308611.0,7.0,8.0,51.0,40.0,150.0,400150.0,1.0,0.0,0.0,1.0,0.0,1.0,0.0,0.0,23.0,F,B,83280166-3044-4c50-b359-ce0d90c51841,964e6680-e00f-4597-ba5f-562b147faa32,1.0,1.0
1850.0,308611.0,8.0,8.0,51.0,40.0,150.0,400150.0,1.0,0.0,0.0,1.0,0.0,1.0,0.0,0.0,16.0,F,B,c426cb94-e74b-49c6-8943-5887d89b85d9,964e6680-e00f-4597-ba5f-562b147faa32,1.0,1.0
1850.0,308609.0,1.0,6.0,51.0,40.0,150.0,400150.0,1.0,0.0,0.0,1.0,0.0,1.0,0.0,0.0,16.0,M,B,214af41d-3d61-4afd-9a83-cc2252af3bad,ca5ea5f0-2074-434b-acf9-1f4bfe80222c,1.0,1.0
1850.0,308609.0,2.0,6.0,51.0,40.0,150.0,400150.0,1.0,0.0,0.0,1.0,0.0,1.0,0.0,0.0,0.0,M,B,67017c06-fcb1-40f6-b4d6-576b6fa5a942,ca5ea5f0-2074-434b-acf9-1f4bfe80222c,1.0,1.0
1850.0,308609.0,3.0,6.0,51.0,40.0,150.0,400150.0,1.0,0.0,0.0,1.0,0.0,1.0,0.0,0.0,25.0,F,B,bae89167-d19e-404a-83c5-7d34bde4b6a7,ca5ea5f0-2074-434b-acf9-1f4bfe80222c,1.0,1.0
1850.0,308609.0,4.0,6.0,51.0,40.0,150.0,400150.0,1.0,0.0,0.0,1.0,0.0,1.0,0.0,0.0,16.0,F,B,373d69fc-fcd6-4d75-afad-79e0323667cd,ca5ea5f0-2074-434b-acf9-1f4bfe80222c,1.0,1.0
1850.0,308609.0,5.0,6.0,51.0,40.0,150.0,400150.0,1.0,0.0,0.0,1.0,0.0,1.0,0.0,0.0,5.0,F,B,025ffe12-c747-4028-a352-9f0edd9b5ee1,ca5ea5f0-2074-434b-acf9-1f4bfe80222c,1.0,1.0
1850.0,308609.0,6.0,6.0,51.0,40.0,150.0,400150.0,1.0,0.0,0.0,1.0,0.0,1.0,0.0,0.0,2.0,F,B,90fafb8e-5453-48d3-83e0-54fdf2f1fe33,ca5ea5f0-2074-434b-acf9-1f4bfe80222c,1.0,1.0
1850.0,308612.0,1.0,11.0,51.0,40.0,150.0,400150.0,1.0,0.0,0.0,1.0,0.0,1.0,0.0,0.0,22.0,M,B,c7921919-d634-415f-86dc-e1314d624e97,a15982a4-a897-46bd-ab60-b4ae6d09169e,1.0,1.0
1850.0,308612.0,2.0,11.0,51.0,40.0,150.0,400150.0,1.0,0.0,0.0,1.0,0.0,1.0,0.0,0.0,22.0,M,B,1806e941-26d6-4348-8f83-890fae5482a6,a15982a4-a897-46bd-ab60-b4ae6d09169e,1.0,1.0
1850.0,308612.0,3.0,11.0,51.0,40.0,150.0,400150.0,1.0,0.0,0.0,1.0,0.0,1.0,0.0,0.0,22.0,M,B,73aaafaa-262d-4eef-90eb-1c5525a6448c,a15982a4-a897-46bd-ab60-b4ae6d09169e,1.0,1.0
1850.0,308612.0,4.0,11.0,51.0,40.0,150.0,400150.0,1.0,0.0,0.0,1.0,0.0,1.0,0.0,0.0,12.0,M,B,93c834df-27e7-4f48-b5dc-7a4feb42c495,a15982a4-a897-46bd-ab60-b4ae6d09169e,1.0,1.0
1850.0,308612.0,5.0,11.0,51.0,40.0,150.0,400150.0,1.0,0.0,0.0,1.0,0.0,1.0,0.0,0.0,20.0,F,B,dd15da7b-11fe-4fb6-b1f4-6b634176e299,a15982a4-a897-46bd-ab60-b4ae6d09169e,1.0,1.0
1850.0,308612.0,6.0,11.0,51.0,40.0,150.0,400150.0,1.0,0.0,0.0,1.0,0.0,1.0,0.0,0.0,48.0,F,B,e5c07429-b81a-45ac-8890-af16728da1ea,a15982a4-a897-46bd-ab60-b4ae6d09169e,1.0,1.0
1850.0,308612.0,7.0,11.0,51.0,40.0,150.0,400150.0,1.0,0.0,0.0,1.0,0.0,1.0,0.0,0.0,29.0,F,B,6a0e657c-88db-4553-896b-48ed35cd4a4d,a15982a4-a897-46bd-ab60-b4ae6d09169e,1.0,1.0
1850.0,308612.0,8.0,11.0,51.0,40.0,150.0,400150.0,1.0,0.0,0.0,1.0,0.0,1.0,0.0,0.0,20.0,F,B,d064dbe9-700b-4a1e-816e-51b4877853bc,a15982a4-a897-46bd-ab60-b4ae6d09169e,1.0,1.0
1850.0,308612.0,9.0,11.0,51.0,40.0,150.0,400150.0,1.0,0.0,0.0,1.0,0.0,1.0,0.0,0.0,8.0,F,B,67a0d485-54ac-492d-96f2-be895d12b2b7,a15982a4-a897-46bd-ab60-b4ae6d09169e,1.0,1.0
1850.0,308612.0,10.0,11.0,51.0,40.0,150.0,400150.0,1.0,0.0,0.0,1.0,0.0,1.0,0.0,0.0,6.0,F,B,da8269d5-d295-4d2c-92a2-4e95bd222b54,a15982a4-a897-46bd-ab60-b4ae6d09169e,1.0,1.0
1850.0,308612.0,11.0,11.0,51.0,40.0,150.0,400150.0,1.0,0.0,0.0,1.0,0.0,1.0,0.0,0.0,2.0,F,B,486b3ca8-693b-465b-bac6-7d007c346a96,a15982a4-a897-46bd-ab60-b4ae6d09169e,1.0,1.0
1850.0,308613.0,1.0,11.0,51.0,40.0,150.0,400150.0,1.0,0.0,0.0,1.0,0.0,1.0,0.0,0.0,19.0,M,B,dd85b3ab-3006-42c2-abe8-55dfb370f807,2730a7a3-daed-4cf5-a6b6-ab3668457330,1.0,1.0
1850.0,308613.0,2.0,11.0,51.0,40.0,150.0,400150.0,1.0,0.0,0.0,1.0,0.0,1.0,0.0,0.0,19.0,M,B,3156ae91-b00f-4b8a-a5f2-5a7629543c46,2730a7a3-daed-4cf5-a6b6-ab3668457330,1.0,1.0
1850.0,308613.0,3.0,11.0,51.0,40.0,150.0,400150.0,1.0,0.0,0.0,1.0,0.0,1.0,0.0,0.0,13.0,M,B,5b716971-dd63-4315-891a-59343d95910d,2730a7a3-daed-4cf5-a6b6-ab3668457330,1.0,1.0
1850.0,308613.0,4.0,11.0,51.0,40.0,150.0,400150.0,1.0,0.0,0.0,1.0,0.0,1.0,0.0,0.0,6.0,M,B,70418baf-ed2f-40b6-a743-58adea05d6c3,2730a7a3-daed-4cf5-a6b6-ab3668457330,1.0,1.0
1850.0,308613.0,5.0,11.0,51.0,40.0,150.0,400150.0,1.0,0.0,0.0,1.0,0.0,1.0,0.0,0.0,1.0,M,B,26518c6f-f953-483e-a615-cabda3967731,2730a7a3-daed-4cf5-a6b6-ab3668457330,1.0,1.0
1850.0,308613.0,6.0,11.0,51.0,40.0,150.0,400150.0,1.0,0.0,0.0,1.0,0.0,1.0,0.0,0.0,32.0,F,B,cf20a645-a21e-4d3d-886a-1126272ca40d,2730a7a3-daed-4cf5-a6b6-ab3668457330,1.0,1.0
1850.0,308613.0,7.0,11.0,51.0,40.0,150.0,400150.0,1.0,0.0,0.0,1.0,0.0,1.0,0.0,0.0,19.0,F,B,5322464d-2d1a-462e-b6d3-8c35161c1bf3,2730a7a3-daed-4cf5-a6b6-ab3668457330,1.0,1.0
1850.0,308613.0,8.0,11.0,51.0,40.0,150.0,400150.0,1.0,0.0,0.0,1.0,0.0,1.0,0.0,0.0,999.0,M,B,d10c241f-e1f9-4ed0-95ed-0a2bc0822c75,2730a7a3-daed-4cf5-a6b6-ab3668457330,1.0,1.0
1850.0,308613.0,9.0,11.0,51.0,40.0,150.0,400150.0,1.0,0.0,0.0,1.0,0.0,1.0,0.0,0.0,12.0,M,W,265f8d91-abc7-494e-8b99-a7113c37e012,2730a7a3-daed-4cf5-a6b6-ab3668457330,1.0,1.0
1850.0,308613.0,10.0,11.0,51.0,40.0,150.0,400150.0,1.0,0.0,0.0,1.0,0.0,1.0,0.0,0.0,999.0,M,B,9697cb04-472f-49c1-9dab-bf34ea4ebb50,2730a7a3-daed-4cf5-a6b6-ab3668457330,1.0,1.0
1850.0,308613.0,11.0,11.0,51.0,40.0,150.0,400150.0,1.0,0.0,0.0,1.0,0.0,1.0,0.0,0.0,999.0,M,B,e14ddf69-5c77-45a8-a605-b44ddc1db4ac,2730a7a3-daed-4cf5-a6b6-ab3668457330,1.0,1.0
1850.0,308614.0,1.0,6.0,51.0,40.0,150.0,400150.0,1.0,0.0,0.0,1.0,0.0,1.0,0.0,0.0,43.0,M,B,690f03b4-c8bd-4c9a-8b29-50cb0d2524e0,2f5a3494-3b47-49e4-a0fe-5ee08e08f5a0,1.0,1.0
1850.0,308614.0,2.0,6.0,51.0,40.0,150.0,400150.0,1.0,0.0,0.0,1.0,0.0,1.0,0.0,0.0,16.0,M,B,45406ebe-7cfb-4dd0-b3be-1ed671de1d0a,2f5a3494-3b47-49e4-a0fe-5ee08e08f5a0,1.0,1.0
1850.0,308614.0,3.0,6.0,51.0,40.0,150.0,400150.0,1.0,0.0,0.0,1.0,0.0,1.0,0.0,0.0,0.0,M,B,a1377d97-6164-4b32-94ae-0e96506332bf,2f5a3494-3b47-49e4-a0fe-5ee08e08f5a0,1.0,1.0
1850.0,308614.0,4.0,6.0,51.0,40.0,150.0,400150.0,1.0,0.0,0.0,1.0,0.0,1.0,0.0,0.0,20.0,F,B,a149f650-3192-4725-a26a-18af787a5a0f,2f5a3494-3b47-49e4-a0fe-5ee08e08f5a0,1.0,1.0
1850.0,308614.0,5.0,6.0,51.0,40.0,150.0,400150.0,1.0,0.0,0.0,1.0,0.0,1.0,0.0,0.0,15.0,F,B,5d39769c-583b-4925-9cf8-d0edfa5d422a,2f5a3494-3b47-49e4-a0fe-5ee08e08f5a0,1.0,1.0
1850.0,308614.0,6.0,6.0,51.0,40.0,150.0,400150.0,1.0,0.0,0.0,1.0,0.0,1.0,0.0,0.0,8.0,F,B,84d50185-7936-4415-a79d-76e632d65d03,2f5a3494-3b47-49e4-a0fe-5ee08e08f5a0,1.0,1.0
1850.0,308616.0,1.0,1.0,51.0,40.0,150.0,400150.0,1.0,0.0,0.0,1.0,0.0,1.0,0.0,0.0,40.0,F,B,3fe63316-aa45-4f1b-bc8b-89769e7ee86a,e9448ed5-16bb-404c-bd11-76d000d95ab3,1.0,1.0
1850.0,308617.0,1.0,3.0,51.0,40.0,150.0,400150.0,1.0,0.0,0.0,1.0,0.0,1.0,0.0,0.0,16.0,M,B,12633bc3-a744-46b0-8e24-d83c7da099b7,8c08821f-a3ac-4287-b527-94105f50978d,1.0,1.0
1850.0,308617.0,2.0,3.0,51.0,40.0,150.0,400150.0,1.0,0.0,0.0,1.0,0.0,1.0,0.0,0.0,51.0,F,B,e6e0e126-c825-4de4-894c-900ec70617f8,8c08821f-a3ac-4287-b527-94105f50978d,1.0,1.0
1850.0,308617.0,3.0,3.0,51.0,40.0,150.0,400150.0,1.0,0.0,0.0,1.0,0.0,1.0,0.0,0.0,13.0,F,B,167f498d-0d4b-4698-80e5-ad5260003d16,8c08821f-a3ac-4287-b527-94105f50978d,1.0,1.0
1850.0,308618.0,1.0,2.0,51.0,40.0,150.0,400150.0,1.0,0.0,0.0,1.0,0.0,1.0,0.0,0.0,54.0,M,B,d9dd248a-e9d9-42a5-a595-cb2d764ac565,f1fdb96c-ce4f-41a9-be50-e0b635c844c4,1.0,1.0
1850.0,308618.0,2.0,2.0,51.0,40.0,150.0,400150.0,1.0,0.0,0.0,1.0,0.0,1.0,0.0,0.0,15.0,F,B,07ba9582-d5ab-4800-84ac-6ad84a5dc5fc,f1fdb96c-ce4f-41a9-be50-e0b635c844c4,1.0,1.0
1850.0,308619.0,1.0,1.0,51.0,40.0,150.0,400150.0,1.0,0.0,0.0,1.0,0.0,1.0,0.0,0.0,5.0,F,B,b8f236d3-8aa7-4547-a7f2-2812fbf4d205,0d1d45ec-f587-4ef3-bde4-fb8c1c92434b,1.0,1.0
1850.0,308620.0,1.0,9.0,51.0,40.0,150.0,400150.0,1.0,0.0,0.0,1.0,0.0,1.0,0.0,0.0,38.0,M,B,69615946-2b2e-447a-8a5e-8b19ae6d2992,edd3bc6c-1cc6-4e46-8ad3-7e581783bab5,1.0,1.0
1850.0,308620.0,2.0,9.0,51.0,40.0,150.0,400150.0,1.0,0.0,0.0,1.0,0.0,1.0,0.0,0.0,12.0,M,B,c760f8a1-92f4-4f24-abd5-928cfbb4337c,edd3bc6c-1cc6-4e46-8ad3-7e581783bab5,1.0,1.0
1850.0,308620.0,3.0,9.0,51.0,40.0,150.0,400150.0,1.0,0.0,0.0,1.0,0.0,1.0,0.0,0.0,7.0,M,B,56049bfe-ffd5-4034-bfc5-34c539ffa361,edd3bc6c-1cc6-4e46-8ad3-7e581783bab5,1.0,1.0
1850.0,308620.0,4.0,9.0,51.0,40.0,150.0,400150.0,1.0,0.0,0.0,1.0,0.0,1.0,0.0,0.0,6.0,M,B,b0b8d65c-bcb7-487a-b314-cf780a3390a0,edd3bc6c-1cc6-4e46-8ad3-7e581783bab5,1.0,1.0
1850.0,308620.0,5.0,9.0,51.0,40.0,150.0,400150.0,1.0,0.0,0.0,1.0,0.0,1.0,0.0,0.0,50.0,F,B,e6307477-6684-475e-92a7-93c463714da0,edd3bc6c-1cc6-4e46-8ad3-7e581783bab5,1.0,1.0
1850.0,308620.0,6.0,9.0,51.0,40.0,150.0,400150.0,1.0,0.0,0.0,1.0,0.0,1.0,0.0,0.0,55.0,F,B,e344cc65-087e-4b49-95ca-7c8416cadfd3,edd3bc6c-1cc6-4e46-8ad3-7e581783bab5,1.0,1.0
1850.0,308620.0,7.0,9.0,51.0,40.0,150.0,400150.0,1.0,0.0,0.0,1.0,0.0,1.0,0.0,0.0,30.0,F,B,6e7e6da0-7f3d-40c1-be1a-7cac37398289,edd3bc6c-1cc6-4e46-8ad3-7e581783bab5,1.0,1.0
1850.0,308620.0,8.0,9.0,51.0,40.0,150.0,400150.0,1.0,0.0,0.0,1.0,0.0,1.0,0.0,0.0,5.0,F,B,e5fa7c95-e85c-489d-8370-03f2905c09df,edd3bc6c-1cc6-4e46-8ad3-7e581783bab5,1.0,1.0
1850.0,308620.0,9.0,9.0,51.0,40.0,150.0,400150.0,1.0,0.0,0.0,1.0,0.0,1.0,0.0,0.0,3.0,F,B,401831d3-e4f6-4190-be8d-3fc6ce06d68a,edd3bc6c-1cc6-4e46-8ad3-7e581783bab5,1.0,1.0
1850.0,308621.0,1.0,9.0,51.0,40.0,150.0,400150.0,1.0,0.0,0.0,1.0,0.0,1.0,0.0,0.0,41.0,M,B,5cd2f4fc-ac01-49eb-8df0-d6a64328465d,,0.0,1.0
1850.0,308621.0,2.0,9.0,51.0,40.0,150.0,400150.0,1.0,0.0,0.0,1.0,0.0,1.0,0.0,0.0,15.0,M,B,096aabc4-f876-41a2-87f0-9f986a33375f,,0.0,1.0
1850.0,308621.0,3.0,9.0,51.0,40.0,150.0,400150.0,1.0,0.0,0.0,1.0,0.0,1.0,0.0,0.0,8.0,M,B,a7b19572-4d09-420d-9a74-3103e57e06a6,,0.0,1.0
1850.0,308621.0,4.0,9.0,51.0,40.0,150.0,400150.0,1.0,0.0,0.0,1.0,0.0,1.0,0.0,0.0,5.0,M,B,022e4943-5c8c-4765-aa2a-6683936f014f,,0.0,1.0
1850.0,308621.0,5.0,9.0,51.0,40.0,150.0,400150.0,1.0,0.0,0.0,1.0,0.0,1.0,0.0,0.0,3.0,M,B,0eab8f14-75c7-4422-a9b0-1895d7df7fa6,,0.0,1.0
1850.0,308621.0,6.0,9.0,51.0,40.0,150.0,400150.0,1.0,0.0,0.0,1.0,0.0,1.0,0.0,0.0,1.0,M,B,61b9afc6-16cc-4d57-b5a3-d7db3640e7da,,0.0,1.0
1850.0,308621.0,7.0,9.0,51.0,40.0,150.0,400150.0,1.0,0.0,0.0,1.0,0.0,1.0,0.0,0.0,45.0,F,B,fe4636e3-3f45-4204-a31c-41050effc51b,,0.0,1.0
1850.0,308621.0,8.0,9.0,51.0,40.0,150.0,400150.0,1.0,0.0,0.0,1.0,0.0,1.0,0.0,0.0,26.0,F,B,193d628a-5934-4e00-bfb0-7a8bfc0394f1,,0.0,1.0
1850.0,308621.0,9.0,9.0,51.0,40.0,150.0,400150.0,1.0,0.0,0.0,1.0,0.0,1.0,0.0,0.0,6.0,F,B,5d5854e5-af96-4640-8f44-6265a2fa680e,,0.0,1.0
1850.0,308622.0,1.0,14.0,51.0,40.0,150.0,400150.0,1.0,0.0,0.0,1.0,0.0,1.0,0.0,0.0,65.0,M,B,c35b5221-edde-4d0a-9e87-34fe679ddb46,4a61c7f3-b11f-4713-bf5f-816604d00c06,1.0,1.0
1850.0,308622.0,2.0,14.0,51.0,40.0,150.0,400150.0,1.0,0.0,0.0,1.0,0.0,1.0,0.0,0.0,55.0,M,B,cbac66f8-1d02-4c24-9473-27b8955af6b8,4a61c7f3-b11f-4713-bf5f-816604d00c06,1.0,1.0
1850.0,308622.0,3.0,14.0,51.0,40.0,150.0,400150.0,1.0,0.0,0.0,1.0,0.0,1.0,0.0,0.0,40.0,M,B,0425467c-85d5-49ac-a805-3e789636ef53,4a61c7f3-b11f-4713-bf5f-816604d00c06,1.0,1.0
1850.0,308622.0,4.0,14.0,51.0,40.0,150.0,400150.0,1.0,0.0,0.0,1.0,0.0,1.0,0.0,0.0,30.0,M,B,50551115-075a-4345-bae5-43f60aa4b2b1,4a61c7f3-b11f-4713-bf5f-816604d00c06,1.0,1.0
1850.0,308622.0,5.0,14.0,51.0,40.0,150.0,400150.0,1.0,0.0,0.0,1.0,0.0,1.0,0.0,0.0,21.0,M,B,c6062e8e-4efc-47e1-9e9b-a42e5067d860,4a61c7f3-b11f-4713-bf5f-816604d00c06,1.0,1.0
1850.0,308622.0,6.0,14.0,51.0,40.0,150.0,400150.0,1.0,0.0,0.0,1.0,0.0,1.0,0.0,0.0,19.0,M,B,7441b995-f909-4bba-a6af-92c7aaeb1b20,4a61c7f3-b11f-4713-bf5f-816604d00c06,1.0,1.0
1850.0,308622.0,7.0,14.0,51.0,40.0,150.0,400150.0,1.0,0.0,0.0,1.0,0.0,1.0,0.0,0.0,15.0,M,B,efeba2f3-342d-42dc-8659-d1e0b4631140,4a61c7f3-b11f-4713-bf5f-816604d00c06,1.0,1.0
1850.0,308622.0,8.0,14.0,51.0,40.0,150.0,400150.0,1.0,0.0,0.0,1.0,0.0,1.0,0.0,0.0,14.0,M,B,b64f5109-c1c6-4609-a38c-e9e7b5d38146,4a61c7f3-b11f-4713-bf5f-816604d00c06,1.0,1.0
1850.0,308622.0,9.0,14.0,51.0,40.0,150.0,400150.0,1.0,0.0,0.0,1.0,0.0,1.0,0.0,0.0,9.0,M,B,124f4454-54d4-41bc-a0ab-11584cbefd9b,4a61c7f3-b11f-4713-bf5f-816604d00c06,1.0,1.0
1850.0,308622.0,10.0,14.0,51.0,40.0,150.0,400150.0,1.0,0.0,0.0,1.0,0.0,1.0,0.0,0.0,1.0,M,B,676e866d-baee-4a9a-b0a0-5a4f29c275b0,4a61c7f3-b11f-4713-bf5f-816604d00c06,1.0,1.0
1850.0,308622.0,11.0,14.0,51.0,40.0,150.0,400150.0,1.0,0.0,0.0,1.0,0.0,1.0,0.0,0.0,70.0,F,B,44364862-b257-469c-bbe5-ee40cfb8fa98,4a61c7f3-b11f-4713-bf5f-816604d00c06,1.0,1.0
1850.0,308622.0,12.0,14.0,51.0,40.0,150.0,400150.0,1.0,0.0,0.0,1.0,0.0,1.0,0.0,0.0,45.0,F,B,5d8a23f4-6cc7-4a8d-994b-67ffb1d2bc0b,4a61c7f3-b11f-4713-bf5f-816604d00c06,1.0,1.0
1850.0,308622.0,13.0,14.0,51.0,40.0,150.0,400150.0,1.0,0.0,0.0,1.0,0.0,1.0,0.0,0.0,22.0,F,B,0801f4fe-865c-4491-a4b0-823a220148f6,4a61c7f3-b11f-4713-bf5f-816604d00c06,1.0,1.0
1850.0,308622.0,14.0,14.0,51.0,40.0,150.0,400150.0,1.0,0.0,0.0,1.0,0.0,1.0,0.0,0.0,14.0,F,B,3f43e045-a9ea-4769-963a-0a1a45a80a6b,4a61c7f3-b11f-4713-bf5f-816604d00c06,1.0,1.0
1850.0,308615.0,1.0,3.0,51.0,40.0,150.0,400150.0,1.0,0.0,0.0,1.0,0.0,1.0,0.0,0.0,19.0,M,B,9e408a19-ece4-4787-ace6-212262ba24c3,0b2a25d3-c163-4e78-953c-facb0b30b2dd,1.0,1.0
1850.0,308615.0,2.0,3.0,51.0,40.0,150.0,400150.0,1.0,0.0,0.0,1.0,0.0,1.0,0.0,0.0,85.0,M,B,0e72b55e-f2b4-46d1-9d1a-8b8c161d92be,0b2a25d3-c163-4e78-953c-facb0b30b2dd,1.0,1.0
1850.0,308615.0,3.0,3.0,51.0,40.0,150.0,400150.0,1.0,0.0,0.0,1.0,0.0,1.0,0.0,0.0,30.0,F,B,4c56de8b-78b5-4782-a893-cca9f9699be3,0b2a25d3-c163-4e78-953c-facb0b30b2dd,1.0,1.0
1850.0,308623.0,1.0,4.0,51.0,40.0,150.0,400150.0,1.0,0.0,0.0,1.0,0.0,1.0,0.0,0.0,2.0,F,B,9d1787df-6089-4cae-9835-37f11b024ad9,,0.0,1.0
1850.0,308623.0,2.0,4.0,51.0,40.0,150.0,400150.0,1.0,0.0,0.0,1.0,0.0,1.0,0.0,0.0,43.0,F,B,7fac3912-4984-4723-b2c3-ae0ee13d0800,,0.0,1.0
1850.0,308623.0,3.0,4.0,51.0,40.0,150.0,400150.0,1.0,0.0,0.0,1.0,0.0,1.0,0.0,0.0,21.0,F,B,31998f42-e688-4dc7-a633-5b479245e871,,0.0,1.0
1850.0,308623.0,4.0,4.0,51.0,40.0,150.0,400150.0,1.0,0.0,0.0,1.0,0.0,1.0,0.0,0.0,4.0,F,B,adb95d89-1e0e-4b9a-8805-b04c1db35a29,,0.0,1.0
1850.0,308624.0,1.0,12.0,51.0,40.0,150.0,400150.0,1.0,0.0,0.0,1.0,0.0,1.0,0.0,0.0,24.0,M,B,fc492184-d4e1-4147-b87b-c3cd607b35ec,f5d9acba-ac9b-434a-ad15-e17eabfdd2a2,1.0,1.0
1850.0,308624.0,2.0,12.0,51.0,40.0,150.0,400150.0,1.0,0.0,0.0,1.0,0.0,1.0,0.0,0.0,20.0,M,B,36fc3e98-ac7b-4028-ba73-4af00c4b27c1,f5d9acba-ac9b-434a-ad15-e17eabfdd2a2,1.0,1.0
1850.0,308624.0,3.0,12.0,51.0,40.0,150.0,400150.0,1.0,0.0,0.0,1.0,0.0,1.0,0.0,0.0,17.0,M,B,68097615-ae7e-49c2-9b35-71f596b16628,f5d9acba-ac9b-434a-ad15-e17eabfdd2a2,1.0,1.0
1850.0,308624.0,4.0,12.0,51.0,40.0,150.0,400150.0,1.0,0.0,0.0,1.0,0.0,1.0,0.0,0.0,12.0,M,B,3873548e-ce4b-4503-a7f4-91703fc9548b,f5d9acba-ac9b-434a-ad15-e17eabfdd2a2,1.0,1.0
1850.0,308624.0,5.0,12.0,51.0,40.0,150.0,400150.0,1.0,0.0,0.0,1.0,0.0,1.0,0.0,0.0,8.0,M,B,972f95e0-70b6-40b9-9fee-11b5ae06ca71,f5d9acba-ac9b-434a-ad15-e17eabfdd2a2,1.0,1.0
1850.0,308624.0,6.0,12.0,51.0,40.0,150.0,400150.0,1.0,0.0,0.0,1.0,0.0,1.0,0.0,0.0,2.0,M,B,0f3a35e0-a17c-465e-929d-d447b2e712f2,f5d9acba-ac9b-434a-ad15-e17eabfdd2a2,1.0,1.0
1850.0,308624.0,7.0,12.0,51.0,40.0,150.0,400150.0,1.0,0.0,0.0,1.0,0.0,1.0,0.0,0.0,48.0,F,B,bb906425-e0bb-4110-ad69-c22941a842aa,f5d9acba-ac9b-434a-ad15-e17eabfdd2a2,1.0,1.0
1850.0,308624.0,8.0,12.0,51.0,40.0,150.0,400150.0,1.0,0.0,0.0,1.0,0.0,1.0,0.0,0.0,40.0,F,B,739f8419-cf15-47d2-bf25-65a4d650658c,f5d9acba-ac9b-434a-ad15-e17eabfdd2a2,1.0,1.0
1850.0,308624.0,9.0,12.0,51.0,40.0,150.0,400150.0,1.0,0.0,0.0,1.0,0.0,1.0,0.0,0.0,18.0,F,B,c81d38c0-3ec3-46d2-ab4d-68fb9cff1f56,f5d9acba-ac9b-434a-ad15-e17eabfdd2a2,1.0,1.0
1850.0,308624.0,10.0,12.0,51.0,40.0,150.0,400150.0,1.0,0.0,0.0,1.0,0.0,1.0,0.0,0.0,12.0,F,B,123d3b13-30ef-427f-a456-053c115623ac,f5d9acba-ac9b-434a-ad15-e17eabfdd2a2,1.0,1.0
1850.0,308624.0,11.0,12.0,51.0,40.0,150.0,400150.0,1.0,0.0,0.0,1.0,0.0,1.0,0.0,0.0,3.0,F,B,3f495a3c-39dc-434e-9d6c-fd842554d61d,f5d9acba-ac9b-434a-ad15-e17eabfdd2a2,1.0,1.0
1850.0,308624.0,12.0,12.0,51.0,40.0,150.0,400150.0,1.0,0.0,0.0,1.0,0.0,1.0,0.0,0.0,0.0,F,B,45bac789-3b95-4d59-a215-e22fb03ede57,f5d9acba-ac9b-434a-ad15-e17eabfdd2a2,1.0,1.0
1850.0,308625.0,1.0,4.0,51.0,40.0,150.0,400150.0,1.0,0.0,0.0,1.0,0.0,1.0,0.0,0.0,27.0,M,B,00021ac9-eea3-41fe-a4cf-452691b8ea57,0d04837d-18bc-4685-85d0-7577b4834f5c,1.0,1.0
1850.0,308625.0,2.0,4.0,51.0,40.0,150.0,400150.0,1.0,0.0,0.0,1.0,0.0,1.0,0.0,0.0,11.0,M,B,204cc96b-eb64-49bb-be46-519df1893cfd,0d04837d-18bc-4685-85d0-7577b4834f5c,1.0,1.0
1850.0,308625.0,3.0,4.0,51.0,40.0,150.0,400150.0,1.0,0.0,0.0,1.0,0.0,1.0,0.0,0.0,45.0,F,B,ac09dda8-f3b4-452a-b239-1b8a5695d2cc,0d04837d-18bc-4685-85d0-7577b4834f5c,1.0,1.0
1850.0,308625.0,4.0,4.0,51.0,40.0,150.0,400150.0,1.0,0.0,0.0,1.0,0.0,1.0,0.0,0.0,26.0,F,B,ee642f04-7e5e-4c15-a8ed-106b9738994c,0d04837d-18bc-4685-85d0-7577b4834f5c,1.0,1.0
1850.0,308626.0,1.0,3.0,51.0,40.0,150.0,400150.0,1.0,0.0,0.0,1.0,0.0,1.0,0.0,0.0,8.0,M,B,adfecf08-b3c1-4b85-9e2f-781fbe7978b8,cadb1e02-a0d8-4938-81b5-410017ffc6b7,1.0,1.0
1850.0,308626.0,2.0,3.0,51.0,40.0,150.0,400150.0,1.0,0.0,0.0,1.0,0.0,1.0,0.0,0.0,45.0,F,B,ae4fe66c-8de4-401a-9e51-4f9dc9854f3f,cadb1e02-a0d8-4938-81b5-410017ffc6b7,1.0,1.0
1850.0,308626.0,3.0,3.0,51.0,40.0,150.0,400150.0,1.0,0.0,0.0,1.0,0.0,1.0,0.0,0.0,5.0,F,B,650269ff-a592-4e5f-955a-37af6e94669c,cadb1e02-a0d8-4938-81b5-410017ffc6b7,1.0,1.0
1850.0,308627.0,1.0,1.0,51.0,40.0,150.0,400150.0,1.0,0.0,0.0,1.0,0.0,1.0,0.0,0.0,12.0,F,B,2243a6af-2771-4293-80b4-cdcca0188ff8,31149773-c94e-4797-918d-cdc2ad0db691,1.0,1.0
1850.0,308628.0,1.0,4.0,51.0,40.0,150.0,400150.0,1.0,0.0,0.0,1.0,0.0,1.0,0.0,0.0,27.0,M,B,892522b3-7620-4e66-ac5e-86667a71249a,20b6e56f-6007-45f7-92a0-5465e99da2ab,1.0,1.0
1850.0,308628.0,2.0,4.0,51.0,40.0,150.0,400150.0,1.0,0.0,0.0,1.0,0.0,1.0,0.0,0.0,48.0,F,B,92da0eaf-fbd1-4b17-8d70-78c556b8b532,20b6e56f-6007-45f7-92a0-5465e99da2ab,1.0,1.0
1850.0,308628.0,3.0,4.0,51.0,40.0,150.0,400150.0,1.0,0.0,0.0,1.0,0.0,1.0,0.0,0.0,23.0,F,B,c5b04109-3008-40b4-8a35-b2fa81f70c71,20b6e56f-6007-45f7-92a0-5465e99da2ab,1.0,1.0
1850.0,308628.0,4.0,4.0,51.0,40.0,150.0,400150.0,1.0,0.0,0.0,1.0,0.0,1.0,0.0,0.0,1.0,F,B,33522428-4bb4-49df-b738-a8dee429b66f,20b6e56f-6007-45f7-92a0-5465e99da2ab,1.0,1.0
1850.0,308629.0,1.0,1.0,51.0,40.0,150.0,400150.0,1.0,0.0,0.0,1.0,0.0,1.0,0.0,0.0,12.0,F,B,e1aa6ec3-e8c9-4636-859d-86f438e810af,,0.0,1.0
1850.0,308630.0,1.0,1.0,51.0,40.0,150.0,400150.0,1.0,0.0,0.0,1.0,0.0,1.0,0.0,0.0,10.0,F,B,35dd56e1-6520-40e7-abed-a1356363c5f9,2cefd80a-a301-460d-bcb5-b3e376210055,1.0,1.0
1850.0,308631.0,1.0,6.0,51.0,40.0,150.0,400150.0,1.0,0.0,0.0,1.0,0.0,1.0,0.0,0.0,45.0,M,B,d9061c0a-370c-4137-8bbf-1989ae7397ba,8eb05611-10e9-4b30-8108-009c813f8667,1.0,1.0
1850.0,308631.0,2.0,6.0,51.0,40.0,150.0,400150.0,1.0,0.0,0.0,1.0,0.0,1.0,0.0,0.0,28.0,M,B,a5a5ee5b-72df-4b90-8712-e007a87375de,8eb05611-10e9-4b30-8108-009c813f8667,1.0,1.0
1850.0,308631.0,3.0,6.0,51.0,40.0,150.0,400150.0,1.0,0.0,0.0,1.0,0.0,1.0,0.0,0.0,45.0,F,B,76395b13-01e6-4465-b9bc-3f07f3952416,8eb05611-10e9-4b30-8108-009c813f8667,1.0,1.0
1850.0,308631.0,4.0,6.0,51.0,40.0,150.0,400150.0,1.0,0.0,0.0,1.0,0.0,1.0,0.0,0.0,16.0,M,B,b04d445d-9c65-4f47-add0-86a1b13ddf32,8eb05611-10e9-4b30-8108-009c813f8667,1.0,1.0
1850.0,308631.0,5.0,6.0,51.0,40.0,150.0,400150.0,1.0,0.0,0.0,1.0,0.0,1.0,0.0,0.0,45.0,F,B,975c4733-b07e-47ab-a7ec-3d7ae266c04b,8eb05611-10e9-4b30-8108-009c813f8667,1.0,1.0
1850.0,308631.0,6.0,6.0,51.0,40.0,150.0,400150.0,1.0,0.0,0.0,1.0,0.0,1.0,0.0,0.0,999.0,M,W,74e17807-30df-4dbb-a7e2-f2d4b7d9d658,8eb05611-10e9-4b30-8108-009c813f8667,1.0,1.0
1850.0,308632.0,1.0,3.0,51.0,40.0,150.0,400150.0,1.0,0.0,0.0,1.0,0.0,1.0,0.0,0.0,51.0,M,B,cdf12cf1-ebb7-4f47-80d8-0eac51115e4e,78f485bb-ede4-4e6b-b545-eee9739959c0,1.0,1.0
1850.0,308632.0,2.0,3.0,51.0,40.0,150.0,400150.0,1.0,0.0,0.0,1.0,0.0,1.0,0.0,0.0,23.0,M,B,713016bc-1b0c-4b95-b64d-066bb722da64,78f485bb-ede4-4e6b-b545-eee9739959c0,1.0,1.0
1850.0,308632.0,3.0,3.0,51.0,40.0,150.0,400150.0,1.0,0.0,0.0,1.0,0.0,1.0,0.0,0.0,20.0,F,B,0f205333-3e96-4d7f-95b1-c98c47e42136,78f485bb-ede4-4e6b-b545-eee9739959c0,1.0,1.0
1850.0,308634.0,1.0,26.0,51.0,40.0,150.0,400150.0,1.0,0.0,0.0,1.0,0.0,1.0,0.0,0.0,40.0,M,B,d7df2b4e-adb5-492a-851b-9566564a6865,,0.0,1.0
1850.0,308634.0,2.0,26.0,51.0,40.0,150.0,400150.0,1.0,0.0,0.0,1.0,0.0,1.0,0.0,0.0,38.0,M,B,c8f7538e-6061-4ab2-b0bd-668767fcdd59,,0.0,1.0
1850.0,308634.0,3.0,26.0,51.0,40.0,150.0,400150.0,1.0,0.0,0.0,1.0,0.0,1.0,0.0,0.0,27.0,M,B,a284f259-443d-4742-b609-1dadcdfa1108,,0.0,1.0
1850.0,308634.0,4.0,26.0,51.0,40.0,150.0,400150.0,1.0,0.0,0.0,1.0,0.0,1.0,0.0,0.0,21.0,M,B,fb5b516d-7c17-4a33-b4a2-191ec1a9e9b6,,0.0,1.0
1850.0,308634.0,5.0,26.0,51.0,40.0,150.0,400150.0,1.0,0.0,0.0,1.0,0.0,1.0,0.0,0.0,12.0,M,B,79a8a874-f984-4955-aa14-39b6cae761f2,,0.0,1.0
1850.0,308634.0,6.0,26.0,51.0,40.0,150.0,400150.0,1.0,0.0,0.0,1.0,0.0,1.0,0.0,0.0,12.0,M,B,33e787a4-dc8a-40a9-bd5e-0cc85d02bf74,,0.0,1.0
1850.0,308634.0,7.0,26.0,51.0,40.0,150.0,400150.0,1.0,0.0,0.0,1.0,0.0,1.0,0.0,0.0,10.0,M,B,1a22f0ca-33ca-4a8c-b050-9297a3892929,,0.0,1.0
1850.0,308634.0,8.0,26.0,51.0,40.0,150.0,400150.0,1.0,0.0,0.0,1.0,0.0,1.0,0.0,0.0,10.0,M,B,73329ea2-77eb-4b53-8cd5-beaab6d82b7b,,0.0,1.0
1850.0,308634.0,9.0,26.0,51.0,40.0,150.0,400150.0,1.0,0.0,0.0,1.0,0.0,1.0,0.0,0.0,8.0,M,B,60cb3d2d-fa8a-40f9-8d9a-de2c32287144,,0.0,1.0
1850.0,308634.0,10.0,26.0,51.0,40.0,150.0,400150.0,1.0,0.0,0.0,1.0,0.0,1.0,0.0,0.0,8.0,M,B,707b0e14-e23c-42ba-8d78-9939e9a309ff,,0.0,1.0
1850.0,308634.0,11.0,26.0,51.0,40.0,150.0,400150.0,1.0,0.0,0.0,1.0,0.0,1.0,0.0,0.0,8.0,M,B,776b50df-ff16-401e-9c95-a6b12eae990d,,0.0,1.0
1850.0,308634.0,12.0,26.0,51.0,40.0,150.0,400150.0,1.0,0.0,0.0,1.0,0.0,1.0,0.0,0.0,7.0,M,B,708502ac-bf9e-4705-aa5d-8d8518594499,,0.0,1.0
1850.0,308634.0,13.0,26.0,51.0,40.0,150.0,400150.0,1.0,0.0,0.0,1.0,0.0,1.0,0.0,0.0,5.0,M,B,28ee6299-535b-4b44-aa83-d549c58484a2,,0.0,1.0
1850.0,308634.0,14.0,26.0,51.0,40.0,150.0,400150.0,1.0,0.0,0.0,1.0,0.0,1.0,0.0,0.0,75.0,F,B,567e4959-d5c5-4b44-a397-ab1306a6c962,,0.0,1.0
1850.0,308634.0,15.0,26.0,51.0,40.0,150.0,400150.0,1.0,0.0,0.0,1.0,0.0,1.0,0.0,0.0,58.0,F,B,c2d207fc-b387-4569-a11c-b9a8e9d08bbb,,0.0,1.0
1850.0,308634.0,16.0,26.0,51.0,40.0,150.0,400150.0,1.0,0.0,0.0,1.0,0.0,1.0,0.0,0.0,38.0,F,B,9aec520f-1b77-4047-8915-1ef7e04c1537,,0.0,1.0
1850.0,308634.0,17.0,26.0,51.0,40.0,150.0,400150.0,1.0,0.0,0.0,1.0,0.0,1.0,0.0,0.0,36.0,F,B,73db8890-f403-4c0f-b76b-7b928208e91f,,0.0,1.0
1850.0,308634.0,18.0,26.0,51.0,40.0,150.0,400150.0,1.0,0.0,0.0,1.0,0.0,1.0,0.0,0.0,30.0,F,B,eb220aa8-62be-419d-9af2-0b75fe9c9fb0,,0.0,1.0
1850.0,308634.0,19.0,26.0,51.0,40.0,150.0,400150.0,1.0,0.0,0.0,1.0,0.0,1.0,0.0,0.0,20.0,F,B,d335ff57-b4d5-4f4b-a3b2-e1d2611484c2,,0.0,1.0
1850.0,308634.0,20.0,26.0,51.0,40.0,150.0,400150.0,1.0,0.0,0.0,1.0,0.0,1.0,0.0,0.0,12.0,F,B,64eb9977-18ce-4624-af88-dea027e8837b,,0.0,1.0
1850.0,308634.0,21.0,26.0,51.0,40.0,150.0,400150.0,1.0,0.0,0.0,1.0,0.0,1.0,0.0,0.0,8.0,F,B,ee08c2d2-04df-4f1d-aedd-1e0b7bcaefca,,0.0,1.0
1850.0,308634.0,22.0,26.0,51.0,40.0,150.0,400150.0,1.0,0.0,0.0,1.0,0.0,1.0,0.0,0.0,6.0,F,B,2d297af6-3a38-4eb5-bdb8-de9f03da6fb1,,0.0,1.0
1850.0,308634.0,23.0,26.0,51.0,40.0,150.0,400150.0,1.0,0.0,0.0,1.0,0.0,1.0,0.0,0.0,4.0,F,B,004c7432-d599-4a2b-9d16-af280790464a,,0.0,1.0
1850.0,308634.0,24.0,26.0,51.0,40.0,150.0,400150.0,1.0,0.0,0.0,1.0,0.0,1.0,0.0,0.0,2.0,F,B,87526d45-9617-4722-b0ac-746655c4dcb9,,0.0,1.0
1850.0,308634.0,25.0,26.0,51.0,40.0,150.0,400150.0,1.0,0.0,0.0,1.0,0.0,1.0,0.0,0.0,1.0,F,B,958d480a-3bd3-4d01-90b1-e113b7a45ab4,,0.0,1.0
1850.0,308634.0,26.0,26.0,51.0,40.0,150.0,400150.0,1.0,0.0,0.0,1.0,0.0,1.0,0.0,0.0,60.0,M,B,fcacbba5-19d9-40d6-870b-6682590753ea,,0.0,1.0
1850.0,308635.0,1.0,2.0,51.0,40.0,150.0,400150.0,1.0,0.0,0.0,1.0,0.0,1.0,0.0,0.0,24.0,M,B,0fc879ae-12ae-4250-80e1-03bd432f399f,814313bb-9991-475d-8a2c-b1ae75d135cf,1.0,1.0
1850.0,308635.0,2.0,2.0,51.0,40.0,150.0,400150.0,1.0,0.0,0.0,1.0,0.0,1.0,0.0,0.0,20.0,F,B,2065706e-f557-4fba-adeb-e1b0591713ee,814313bb-9991-475d-8a2c-b1ae75d135cf,1.0,1.0
1850.0,308636.0,1.0,3.0,51.0,40.0,150.0,400150.0,1.0,0.0,0.0,1.0,0.0,1.0,0.0,0.0,57.0,F,B,47082128-ea92-4009-a4d4-02a878a7c77f,44419534-2565-40d8-913c-646f2972e956,1.0,1.0
1850.0,308636.0,2.0,3.0,51.0,40.0,150.0,400150.0,1.0,0.0,0.0,1.0,0.0,1.0,0.0,0.0,6.0,F,B,a7058826-4b6b-4772-80fb-5aeef189ed3c,44419534-2565-40d8-913c-646f2972e956,1.0,1.0
1850.0,308636.0,3.0,3.0,51.0,40.0,150.0,400150.0,1.0,0.0,0.0,1.0,0.0,1.0,0.0,0.0,3.0,M,B,41e173c9-de54-46f3-8771-74104a89f98c,44419534-2565-40d8-913c-646f2972e956,1.0,1.0
1850.0,308633.0,1.0,5.0,51.0,40.0,150.0,400150.0,1.0,0.0,0.0,1.0,0.0,1.0,0.0,0.0,43.0,F,B,4e024e40-0e90-4ea7-b4ed-dd35b6047cb7,072ddd60-351a-4ace-bd0e-25a4c00882ae,1.0,1.0
1850.0,308633.0,2.0,5.0,51.0,40.0,150.0,400150.0,1.0,0.0,0.0,1.0,0.0,1.0,0.0,0.0,13.0,F,B,55248859-9eb6-470b-bd7b-df6beabbf4e4,072ddd60-351a-4ace-bd0e-25a4c00882ae,1.0,1.0
1850.0,308633.0,3.0,5.0,51.0,40.0,150.0,400150.0,1.0,0.0,0.0,1.0,0.0,1.0,0.0,0.0,19.0,M,B,025bd6ee-86c7-4704-a6f3-29264fba4646,072ddd60-351a-4ace-bd0e-25a4c00882ae,1.0,1.0
1850.0,308633.0,4.0,5.0,51.0,40.0,150.0,400150.0,1.0,0.0,0.0,1.0,0.0,1.0,0.0,0.0,13.0,M,B,b17d0369-0137-4d6e-aa79-00b72209c140,072ddd60-351a-4ace-bd0e-25a4c00882ae,1.0,1.0
1850.0,308633.0,5.0,5.0,51.0,40.0,150.0,400150.0,1.0,0.0,0.0,1.0,0.0,1.0,0.0,0.0,1.0,M,B,0ce31976-a745-46c4-8ab2-6a61e520b13f,072ddd60-351a-4ace-bd0e-25a4c00882ae,1.0,1.0
1850.0,308637.0,1.0,15.0,51.0,40.0,150.0,400150.0,1.0,0.0,0.0,1.0,0.0,1.0,0.0,0.0,85.0,M,B,3e457a73-df4e-47e9-91e3-246f89033138,1306584d-7f8b-4225-95e9-17bf7c1230ac,1.0,1.0
1850.0,308637.0,2.0,15.0,51.0,40.0,150.0,400150.0,1.0,0.0,0.0,1.0,0.0,1.0,0.0,0.0,25.0,M,B,373ad7f4-3be0-4c10-a774-ea0f654b8f0d,1306584d-7f8b-4225-95e9-17bf7c1230ac,1.0,1.0
1850.0,308637.0,3.0,15.0,51.0,40.0,150.0,400150.0,1.0,0.0,0.0,1.0,0.0,1.0,0.0,0.0,38.0,M,W,ecf4041f-d70d-4f62-856c-871410d8e92e,1306584d-7f8b-4225-95e9-17bf7c1230ac,1.0,1.0
1850.0,308637.0,4.0,15.0,51.0,40.0,150.0,400150.0,1.0,0.0,0.0,1.0,0.0,1.0,0.0,0.0,12.0,M,B,acf4d0e6-66c5-48f5-8fb2-6bd84d5c82f8,1306584d-7f8b-4225-95e9-17bf7c1230ac,1.0,1.0
1850.0,308637.0,5.0,15.0,51.0,40.0,150.0,400150.0,1.0,0.0,0.0,1.0,0.0,1.0,0.0,0.0,8.0,F,B,05c4d444-12a6-4c63-bf1c-90c576b2fd46,1306584d-7f8b-4225-95e9-17bf7c1230ac,1.0,1.0
1850.0,308637.0,6.0,15.0,51.0,40.0,150.0,400150.0,1.0,0.0,0.0,1.0,0.0,1.0,0.0,0.0,3.0,F,B,97f2c120-004a-4217-b37c-e4511f1c0c8c,1306584d-7f8b-4225-95e9-17bf7c1230ac,1.0,1.0
1850.0,308637.0,7.0,15.0,51.0,40.0,150.0,400150.0,1.0,0.0,0.0,1.0,0.0,1.0,0.0,0.0,2.0,F,B,5ffe7ad9-f0ad-4953-915a-b79588c5939c,1306584d-7f8b-4225-95e9-17bf7c1230ac,1.0,1.0
1850.0,308637.0,8.0,15.0,51.0,40.0,150.0,400150.0,1.0,0.0,0.0,1.0,0.0,1.0,0.0,0.0,8.0,M,B,5bce352b-51c7-4fe7-8dd7-b5e3b0b4b2f3,1306584d-7f8b-4225-95e9-17bf7c1230ac,1.0,1.0
1850.0,308637.0,9.0,15.0,51.0,40.0,150.0,400150.0,1.0,0.0,0.0,1.0,0.0,1.0,0.0,0.0,5.0,M,B,5e27b415-ea0b-4d8e-92e5-a0991996b97b,1306584d-7f8b-4225-95e9-17bf7c1230ac,1.0,1.0
1850.0,308637.0,10.0,15.0,51.0,40.0,150.0,400150.0,1.0,0.0,0.0,1.0,0.0,1.0,0.0,0.0,4.0,M,B,a43dbb3e-95a5-4683-a77b-86e071df592d,1306584d-7f8b-4225-95e9-17bf7c1230ac,1.0,1.0
1850.0,308637.0,11.0,15.0,51.0,40.0,150.0,400150.0,1.0,0.0,0.0,1.0,0.0,1.0,0.0,0.0,2.0,M,B,246d1d46-4afd-41a4-b3b6-0b79d93c76e1,1306584d-7f8b-4225-95e9-17bf7c1230ac,1.0,1.0
1850.0,308637.0,12.0,15.0,51.0,40.0,150.0,400150.0,1.0,0.0,0.0,1.0,0.0,1.0,0.0,0.0,75.0,F,B,f77810e2-31b2-40eb-b447-31006af9e5d5,1306584d-7f8b-4225-95e9-17bf7c1230ac,1.0,1.0
1850.0,308637.0,13.0,15.0,51.0,40.0,150.0,400150.0,1.0,0.0,0.0,1.0,0.0,1.0,0.0,0.0,48.0,F,B,9577ad1a-ad39-4fbb-874f-253da9aee37d,1306584d-7f8b-4225-95e9-17bf7c1230ac,1.0,1.0
1850.0,308637.0,14.0,15.0,51.0,40.0,150.0,400150.0,1.0,0.0,0.0,1.0,0.0,1.0,0.0,0.0,40.0,F,B,fae2b768-e18f-42ce-9eb1-cd4ec3f958e1,1306584d-7f8b-4225-95e9-17bf7c1230ac,1.0,1.0
1850.0,308637.0,15.0,15.0,51.0,40.0,150.0,400150.0,1.0,0.0,0.0,1.0,0.0,1.0,0.0,0.0,28.0,F,B,e4b859c3-6d15-460f-ab9d-e004652a6dca,1306584d-7f8b-4225-95e9-17bf7c1230ac,1.0,1.0
1850.0,308638.0,1.0,3.0,51.0,40.0,150.0,400150.0,1.0,0.0,0.0,1.0,0.0,1.0,0.0,0.0,7.0,M,B,8867294b-370f-492f-80f5-55167afc59ab,a9b904cd-0782-47c5-930e-7c05a1098266,1.0,1.0
1850.0,308638.0,2.0,3.0,51.0,40.0,150.0,400150.0,1.0,0.0,0.0,1.0,0.0,1.0,0.0,0.0,15.0,M,B,b4f0e5e8-ddb9-44bd-a92a-c51df932c466,a9b904cd-0782-47c5-930e-7c05a1098266,1.0,1.0
1850.0,308638.0,3.0,3.0,51.0,40.0,150.0,400150.0,1.0,0.0,0.0,1.0,0.0,1.0,0.0,0.0,19.0,F,B,5223a638-fafc-4a0f-ab39-5642e9bf4990,a9b904cd-0782-47c5-930e-7c05a1098266,1.0,1.0
1850.0,308639.0,1.0,2.0,51.0,40.0,150.0,400150.0,1.0,0.0,0.0,1.0,0.0,1.0,0.0,0.0,30.0,F,B,cd5d539b-5eef-4f59-a490-8cf2a9389fe1,e1dcfce7-5af6-4381-aa78-8cb843825460,1.0,1.0
1850.0,308639.0,2.0,2.0,51.0,40.0,150.0,400150.0,1.0,0.0,0.0,1.0,0.0,1.0,0.0,0.0,25.0,M,B,fdc290d7-02cb-4953-b747-d26ca84a6f62,e1dcfce7-5af6-4381-aa78-8cb843825460,1.0,1.0
1850.0,308640.0,1.0,1.0,51.0,40.0,150.0,400150.0,1.0,0.0,0.0,1.0,0.0,1.0,0.0,0.0,999.0,F,B,fa5b07fd-3d2c-4373-ab89-336423b77167,f12f3cb9-cfb6-4125-854b-884d8abb0b48,2.0,1.0
1850.0,308641.0,1.0,5.0,51.0,40.0,150.0,400150.0,1.0,0.0,0.0,1.0,0.0,1.0,0.0,0.0,999.0,M,B,9427b2db-152f-434e-8d79-b8e2f82eb0d0,0dd8d92a-c393-486f-a0f3-f96452493c1f,1.0,1.0
1850.0,308641.0,2.0,5.0,51.0,40.0,150.0,400150.0,1.0,0.0,0.0,1.0,0.0,1.0,0.0,0.0,999.0,M,W,97815efc-e83a-4a09-b4c8-7e16df1199c0,0dd8d92a-c393-486f-a0f3-f96452493c1f,1.0,1.0
1850.0,308641.0,3.0,5.0,51.0,40.0,150.0,400150.0,1.0,0.0,0.0,1.0,0.0,1.0,0.0,0.0,36.0,F,B,82299dda-adf3-4eb8-9bf5-5eda594a34ad,0dd8d92a-c393-486f-a0f3-f96452493c1f,1.0,1.0
1850.0,308641.0,4.0,5.0,51.0,40.0,150.0,400150.0,1.0,0.0,0.0,1.0,0.0,1.0,0.0,0.0,17.0,F,B,77aa9983-52c4-489e-942e-b85f202115e0,0dd8d92a-c393-486f-a0f3-f96452493c1f,1.0,1.0
1850.0,308641.0,5.0,5.0,51.0,40.0,150.0,400150.0,1.0,0.0,0.0,1.0,0.0,1.0,0.0,0.0,2.0,F,B,5e705c6e-ffd3-4db1-a40f-c76ca36e2351,0dd8d92a-c393-486f-a0f3-f96452493c1f,1.0,1.0
1850.0,308642.0,1.0,1.0,51.0,40.0,150.0,400150.0,1.0,0.0,0.0,1.0,0.0,1.0,0.0,0.0,20.0,F,B,3b116eeb-2371-41ca-9429-f696c3ee2363,6ad27b9b-9208-498d-a0ec-64e38013cb32,1.0,1.0
1850.0,308643.0,1.0,2.0,51.0,40.0,150.0,400150.0,1.0,0.0,0.0,1.0,0.0,1.0,0.0,0.0,20.0,F,B,95cc3c84-8963-47ef-b080-4b8a0e4f15fc,a4cfe105-feb3-4f45-9801-dc9805144e5d,1.0,1.0
1850.0,308643.0,2.0,2.0,51.0,40.0,150.0,400150.0,1.0,0.0,0.0,1.0,0.0,1.0,0.0,0.0,5.0,M,B,72eef1f2-de50-4618-8021-1e5d65c3a8aa,a4cfe105-feb3-4f45-9801-dc9805144e5d,1.0,1.0
1850.0,308644.0,1.0,2.0,51.0,40.0,150.0,400150.0,1.0,0.0,0.0,1.0,0.0,1.0,0.0,0.0,50.0,F,B,f7618958-b014-43f5-ac43-3f1e442fbee6,63abb792-4cbb-441b-86f8-59e9dc571c8c,1.0,1.0
1850.0,308644.0,2.0,2.0,51.0,40.0,150.0,400150.0,1.0,0.0,0.0,1.0,0.0,1.0,0.0,0.0,22.0,M,B,0a803414-fffd-4470-819c-db01b1152d41,63abb792-4cbb-441b-86f8-59e9dc571c8c,1.0,1.0
1850.0,308645.0,1.0,2.0,51.0,40.0,150.0,400150.0,1.0,0.0,0.0,1.0,0.0,1.0,0.0,0.0,18.0,F,B,81ceb830-a63b-4629-849d-990bd9500e26,,0.0,1.0
1850.0,308645.0,2.0,2.0,51.0,40.0,150.0,400150.0,1.0,0.0,0.0,1.0,0.0,1.0,0.0,0.0,7.0,F,B,2b5d37ed-f57f-4c4e-b0a5-842d4ca69d23,,0.0,1.0
1850.0,308646.0,1.0,1.0,51.0,40.0,150.0,400150.0,1.0,0.0,0.0,1.0,0.0,1.0,0.0,0.0,60.0,F,B,517352f4-7926-4eda-8f34-99f213025a1f,,0.0,1.0
1850.0,308647.0,1.0,1.0,51.0,40.0,150.0,400150.0,1.0,0.0,0.0,1.0,0.0,1.0,0.0,0.0,20.0,F,B,73490d77-0a5c-4b06-868a-7b21354d7648,2d3a4387-8bae-4d58-b3df-06fe7d194aca,2.0,1.0
1850.0,308648.0,1.0,7.0,51.0,40.0,150.0,400150.0,1.0,0.0,0.0,1.0,0.0,1.0,0.0,0.0,37.0,M,B,edc2a492-1366-4c36-8674-cebfb31f8864,3ab3dd0a-a204-49b5-823e-a91c5162cc27,1.0,1.0
1850.0,308648.0,2.0,7.0,51.0,40.0,150.0,400150.0,1.0,0.0,0.0,1.0,0.0,1.0,0.0,0.0,36.0,M,B,eb3ab328-1f28-4325-8e4f-da44ac5ad296,3ab3dd0a-a204-49b5-823e-a91c5162cc27,1.0,1.0
1850.0,308648.0,3.0,7.0,51.0,40.0,150.0,400150.0,1.0,0.0,0.0,1.0,0.0,1.0,0.0,0.0,19.0,M,B,2cc1f0d5-953c-4aff-b58f-886d66f81293,3ab3dd0a-a204-49b5-823e-a91c5162cc27,1.0,1.0
1850.0,308648.0,4.0,7.0,51.0,40.0,150.0,400150.0,1.0,0.0,0.0,1.0,0.0,1.0,0.0,0.0,999.0,F,B,7a9b8d4e-c481-4085-8252-8527d89ecc2f,3ab3dd0a-a204-49b5-823e-a91c5162cc27,1.0,1.0
1850.0,308648.0,5.0,7.0,51.0,40.0,150.0,400150.0,1.0,0.0,0.0,1.0,0.0,1.0,0.0,0.0,999.0,M,B,8c3d0fa0-979c-4d1e-9611-87e0cf1a5e70,3ab3dd0a-a204-49b5-823e-a91c5162cc27,1.0,1.0
1850.0,308648.0,6.0,7.0,51.0,40.0,150.0,400150.0,1.0,0.0,0.0,1.0,0.0,1.0,0.0,0.0,999.0,M,W,594e20df-7465-4f6a-85fb-d87339e5df10,3ab3dd0a-a204-49b5-823e-a91c5162cc27,1.0,1.0
1850.0,308648.0,7.0,7.0,51.0,40.0,150.0,400150.0,1.0,0.0,0.0,1.0,0.0,1.0,0.0,0.0,999.0,M,B,4d707341-7d2e-4deb-a137-744d7ee8f1e7,3ab3dd0a-a204-49b5-823e-a91c5162cc27,1.0,1.0
1850.0,308649.0,1.0,5.0,51.0,40.0,150.0,400150.0,1.0,0.0,0.0,1.0,0.0,1.0,0.0,0.0,999.0,M,B,93323266-8197-446e-945b-c392b4908a75,545f1b88-6982-4ff5-beda-59009de1db4e,1.0,1.0
1850.0,308649.0,2.0,5.0,51.0,40.0,150.0,400150.0,1.0,0.0,0.0,1.0,0.0,1.0,0.0,0.0,999.0,M,B,aa5aab61-dd51-410d-9a3b-89f7a4008a25,545f1b88-6982-4ff5-beda-59009de1db4e,1.0,1.0
1850.0,308649.0,3.0,5.0,51.0,40.0,150.0,400150.0,1.0,0.0,0.0,1.0,0.0,1.0,0.0,0.0,21.0,F,B,c4818c68-4116-4862-85a6-c825ee717dd7,545f1b88-6982-4ff5-beda-59009de1db4e,1.0,1.0
1850.0,308649.0,4.0,5.0,51.0,40.0,150.0,400150.0,1.0,0.0,0.0,1.0,0.0,1.0,0.0,0.0,3.0,F,B,54c42509-02ae-434e-b1c6-d8b4de0b8444,545f1b88-6982-4ff5-beda-59009de1db4e,1.0,1.0
1850.0,308649.0,5.0,5.0,51.0,40.0,150.0,400150.0,1.0,0.0,0.0,1.0,0.0,1.0,0.0,0.0,2.0,F,B,47e57b0a-58d1-46c5-9d79-f06bb22b11aa,545f1b88-6982-4ff5-beda-59009de1db4e,1.0,1.0
1850.0,308651.0,1.0,10.0,51.0,40.0,150.0,400150.0,1.0,0.0,0.0,1.0,0.0,1.0,0.0,0.0,13.0,F,B,d10fcb3d-938b-4047-8022-e0bebea1bfb8,,0.0,1.0
1850.0,308651.0,2.0,10.0,51.0,40.0,150.0,400150.0,1.0,0.0,0.0,1.0,0.0,1.0,0.0,0.0,7.0,F,B,0cd30d11-0d40-422e-9d4f-485fc7dc64b4,,0.0,1.0
1850.0,308651.0,3.0,10.0,51.0,40.0,150.0,400150.0,1.0,0.0,0.0,1.0,0.0,1.0,0.0,0.0,5.0,F,B,78a34ab4-185b-46a7-950c-bb5bbc4d55b6,,0.0,1.0
1850.0,308651.0,4.0,10.0,51.0,40.0,150.0,400150.0,1.0,0.0,0.0,1.0,0.0,1.0,0.0,0.0,1.0,F,B,5e69fabf-7cc4-485a-9f14-7459a91bc237,,0.0,1.0
1850.0,308651.0,5.0,10.0,51.0,40.0,150.0,400150.0,1.0,0.0,0.0,1.0,0.0,1.0,0.0,0.0,56.0,M,B,b3cc4783-b302-46d5-b666-1fdc9fe59caf,,0.0,1.0
1850.0,308651.0,6.0,10.0,51.0,40.0,150.0,400150.0,1.0,0.0,0.0,1.0,0.0,1.0,0.0,0.0,24.0,M,B,62d0232b-fb59-4a07-b719-219aaf3c9f3e,,0.0,1.0
1850.0,308651.0,7.0,10.0,51.0,40.0,150.0,400150.0,1.0,0.0,0.0,1.0,0.0,1.0,0.0,0.0,11.0,M,B,ba990d6e-bc8b-4cc6-bdbd-778cfa6fdfa7,,0.0,1.0
1850.0,308651.0,8.0,10.0,51.0,40.0,150.0,400150.0,1.0,0.0,0.0,1.0,0.0,1.0,0.0,0.0,9.0,M,B,2065d12c-c4c9-4747-aaf2-00f513a74e0a,,0.0,1.0
1850.0,308651.0,9.0,10.0,51.0,40.0,150.0,400150.0,1.0,0.0,0.0,1.0,0.0,1.0,0.0,0.0,33.0,F,B,bb2fce29-e8ed-465b-87b1-9f0af2428bc7,,0.0,1.0
1850.0,308651.0,10.0,10.0,51.0,40.0,150.0,400150.0,1.0,0.0,0.0,1.0,0.0,1.0,0.0,0.0,86.0,F,B,6ac0f7f5-9915-4b69-b16e-e818961d93ea,,0.0,1.0
1850.0,308652.0,1.0,1.0,51.0,40.0,150.0,400150.0,1.0,0.0,0.0,1.0,0.0,1.0,0.0,0.0,12.0,M,B,361620b3-c5d2-4dbe-872b-178e6c41bb3b,a3531a75-6e61-4497-b295-427a43964370,2.0,1.0
1850.0,308653.0,1.0,6.0,51.0,40.0,150.0,400150.0,1.0,0.0,0.0,1.0,0.0,1.0,0.0,0.0,28.0,M,B,464ac2ff-3279-410e-a26b-9f4b8d6d5ca2,,0.0,1.0
1850.0,308653.0,2.0,6.0,51.0,40.0,150.0,400150.0,1.0,0.0,0.0,1.0,0.0,1.0,0.0,0.0,20.0,M,B,cef78c69-e72f-4b84-ac69-1ad7303d4bd7,,0.0,1.0
1850.0,308653.0,3.0,6.0,51.0,40.0,150.0,400150.0,1.0,0.0,0.0,1.0,0.0,1.0,0.0,0.0,4.0,M,W,00ad8a9d-1d95-4c8a-8ea9-7732855c0ae5,,0.0,1.0
1850.0,308653.0,4.0,6.0,51.0,40.0,150.0,400150.0,1.0,0.0,0.0,1.0,0.0,1.0,0.0,0.0,43.0,F,B,463bc76b-ff00-4c73-b6c7-c5a712c941ed,,0.0,1.0
1850.0,308653.0,5.0,6.0,51.0,40.0,150.0,400150.0,1.0,0.0,0.0,1.0,0.0,1.0,0.0,0.0,15.0,F,B,5a402721-edb2-4866-a719-5efb5f70588e,,0.0,1.0
1850.0,308653.0,6.0,6.0,51.0,40.0,150.0,400150.0,1.0,0.0,0.0,1.0,0.0,1.0,0.0,0.0,8.0,F,B,0c6df267-80ec-4fbd-8823-e1d9ea3e93ef,,0.0,1.0
1850.0,308654.0,1.0,22.0,51.0,40.0,150.0,400150.0,1.0,0.0,0.0,1.0,0.0,1.0,0.0,0.0,38.0,M,B,05e93429-ce25-44b0-bede-e0800eba12d3,,0.0,1.0
1850.0,308654.0,2.0,22.0,51.0,40.0,150.0,400150.0,1.0,0.0,0.0,1.0,0.0,1.0,0.0,0.0,34.0,M,B,73a6b4e7-5f4a-44f5-92cd-3aa768e0f633,,0.0,1.0
1850.0,308654.0,3.0,22.0,51.0,40.0,150.0,400150.0,1.0,0.0,0.0,1.0,0.0,1.0,0.0,0.0,27.0,M,B,3aab697c-b595-46e2-86e3-fc0777f9a898,,0.0,1.0
1850.0,308654.0,4.0,22.0,51.0,40.0,150.0,400150.0,1.0,0.0,0.0,1.0,0.0,1.0,0.0,0.0,23.0,M,B,b937ab19-f392-4bc2-9812-182ea0e1f74a,,0.0,1.0
1850.0,308654.0,5.0,22.0,51.0,40.0,150.0,400150.0,1.0,0.0,0.0,1.0,0.0,1.0,0.0,0.0,11.0,M,B,b62c9ad8-590f-45b9-8eb8-2f82143ec919,,0.0,1.0
1850.0,308654.0,6.0,22.0,51.0,40.0,150.0,400150.0,1.0,0.0,0.0,1.0,0.0,1.0,0.0,0.0,6.0,M,B,6171e7c2-6811-4c70-8f9d-e7e8157f76b2,,0.0,1.0
1850.0,308654.0,7.0,22.0,51.0,40.0,150.0,400150.0,1.0,0.0,0.0,1.0,0.0,1.0,0.0,0.0,7.0,M,B,b621b272-4baf-4a0e-962c-bd2b64deadb2,,0.0,1.0
1850.0,308654.0,8.0,22.0,51.0,40.0,150.0,400150.0,1.0,0.0,0.0,1.0,0.0,1.0,0.0,0.0,5.0,M,B,f2b12194-19aa-444b-8644-9131f2729d75,,0.0,1.0
1850.0,308654.0,9.0,22.0,51.0,40.0,150.0,400150.0,1.0,0.0,0.0,1.0,0.0,1.0,0.0,0.0,2.0,M,B,67a4a0d1-aa36-4622-adfc-a982b728b5b9,,0.0,1.0
1850.0,308654.0,10.0,22.0,51.0,40.0,150.0,400150.0,1.0,0.0,0.0,1.0,0.0,1.0,0.0,0.0,2.0,M,B,5253f3ff-350f-461e-9a99-c92fd70f7c1f,,0.0,1.0
1850.0,308654.0,11.0,22.0,51.0,40.0,150.0,400150.0,1.0,0.0,0.0,1.0,0.0,1.0,0.0,0.0,2.0,M,B,9e51912c-5f72-454d-bf6d-dc75d82ce1ca,,0.0,1.0
1850.0,308654.0,12.0,22.0,51.0,40.0,150.0,400150.0,1.0,0.0,0.0,1.0,0.0,1.0,0.0,0.0,1.0,M,B,ad501028-05fe-4817-a894-0aa196bb21cf,,0.0,1.0
1850.0,308654.0,13.0,22.0,51.0,40.0,150.0,400150.0,1.0,0.0,0.0,1.0,0.0,1.0,0.0,0.0,1.0,M,B,afcebf2c-74d8-4d7d-a5ba-296b0a871bbe,,0.0,1.0
1850.0,308654.0,14.0,22.0,51.0,40.0,150.0,400150.0,1.0,0.0,0.0,1.0,0.0,1.0,0.0,0.0,7.0,M,B,ccb97ad8-0471-4906-ae92-72bbdf3ab0d0,,0.0,1.0
1850.0,308654.0,15.0,22.0,51.0,40.0,150.0,400150.0,1.0,0.0,0.0,1.0,0.0,1.0,0.0,0.0,33.0,F,B,b453b011-90c0-47f1-a3c9-ba5e299369cf,,0.0,1.0
1850.0,308654.0,16.0,22.0,51.0,40.0,150.0,400150.0,1.0,0.0,0.0,1.0,0.0,1.0,0.0,0.0,24.0,F,B,900d4028-5512-4b08-beae-21b9d5cc850b,,0.0,1.0
1850.0,308654.0,17.0,22.0,51.0,40.0,150.0,400150.0,1.0,0.0,0.0,1.0,0.0,1.0,0.0,0.0,21.0,F,B,7f023e79-3be4-4024-a898-4ef19c8a5390,,0.0,1.0
1850.0,308654.0,18.0,22.0,51.0,40.0,150.0,400150.0,1.0,0.0,0.0,1.0,0.0,1.0,0.0,0.0,14.0,F,B,4749f4e8-5a82-4884-8039-81bb4859cff1,,0.0,1.0
1850.0,308654.0,19.0,22.0,51.0,40.0,150.0,400150.0,1.0,0.0,0.0,1.0,0.0,1.0,0.0,0.0,9.0,F,B,974b043e-248a-4894-bdfb-115e415c935a,,0.0,1.0
1850.0,308654.0,20.0,22.0,51.0,40.0,150.0,400150.0,1.0,0.0,0.0,1.0,0.0,1.0,0.0,0.0,7.0,F,B,c716bfb6-0ddf-4f05-8b4e-2f2ead7e6b9d,,0.0,1.0
1850.0,308654.0,21.0,22.0,51.0,40.0,150.0,400150.0,1.0,0.0,0.0,1.0,0.0,1.0,0.0,0.0,4.0,F,B,c18490c2-0bd6-43a8-876b-50e810be1580,,0.0,1.0
1850.0,308654.0,22.0,22.0,51.0,40.0,150.0,400150.0,1.0,0.0,0.0,1.0,0.0,1.0,0.0,0.0,1.0,F,B,51bdf97a-ab9a-426c-9526-28a0f73c5793,,0.0,1.0
1850.0,308650.0,1.0,1.0,51.0,40.0,150.0,400150.0,1.0,0.0,0.0,1.0,0.0,1.0,0.0,0.0,18.0,F,B,1fc4061a-9805-4a28-9902-860fb7be9964,6d600b8c-177b-4b4b-b038-f676949efc3d,1.0,1.0
1850.0,308655.0,1.0,2.0,51.0,40.0,150.0,400150.0,1.0,0.0,0.0,1.0,0.0,1.0,0.0,0.0,20.0,F,B,336e1381-55e7-4a7c-abfe-1745f8bb6b84,fa75845d-8f7c-453f-8aac-072e67800ad5,1.0,1.0
1850.0,308655.0,2.0,2.0,51.0,40.0,150.0,400150.0,1.0,0.0,0.0,1.0,0.0,1.0,0.0,0.0,8.0,M,B,e4f9e8be-565a-4e84-a90c-ba74cd1073df,fa75845d-8f7c-453f-8aac-072e67800ad5,1.0,1.0
1850.0,308657.0,1.0,5.0,51.0,40.0,150.0,400150.0,1.0,0.0,0.0,1.0,0.0,1.0,0.0,0.0,27.0,F,B,699dc358-3406-42aa-9a98-0d765a85b7da,,0.0,1.0
1850.0,308657.0,2.0,5.0,51.0,40.0,150.0,400150.0,1.0,0.0,0.0,1.0,0.0,1.0,0.0,0.0,22.0,F,B,0fdc952c-1ccb-4759-99e6-2b159fd87cab,,0.0,1.0
1850.0,308657.0,3.0,5.0,51.0,40.0,150.0,400150.0,1.0,0.0,0.0,1.0,0.0,1.0,0.0,0.0,75.0,M,B,0f6acbd8-9c6c-42c3-b869-292cfb91b0b3,,0.0,1.0
1850.0,308657.0,4.0,5.0,51.0,40.0,150.0,400150.0,1.0,0.0,0.0,1.0,0.0,1.0,0.0,0.0,39.0,M,B,6dca5a44-caef-4cca-9f7d-a0ab1664385d,,0.0,1.0
1850.0,308657.0,5.0,5.0,51.0,40.0,150.0,400150.0,1.0,0.0,0.0,1.0,0.0,1.0,0.0,0.0,18.0,M,B,58b77701-911a-4d4f-b081-ca9c20359104,,0.0,1.0
1850.0,308658.0,1.0,2.0,51.0,40.0,150.0,400150.0,1.0,0.0,0.0,1.0,0.0,1.0,0.0,0.0,65.0,M,B,0aac1ca8-56f4-49d5-936d-aa32259c1440,7eb4a29b-29d5-40bd-8437-cc9230bf4b67,1.0,1.0
1850.0,308658.0,2.0,2.0,51.0,40.0,150.0,400150.0,1.0,0.0,0.0,1.0,0.0,1.0,0.0,0.0,15.0,M,B,a577a4a9-9d89-42bb-86b8-06a9f1999d1d,7eb4a29b-29d5-40bd-8437-cc9230bf4b67,1.0,1.0
1850.0,308659.0,1.0,1.0,51.0,40.0,150.0,400150.0,1.0,0.0,0.0,1.0,0.0,1.0,0.0,0.0,14.0,F,B,645bfda7-df6e-408c-88f8-cdb534497748,34d9b8f0-0551-47a4-ac8d-5c87441133e0,1.0,1.0
1850.0,308660.0,1.0,5.0,51.0,40.0,150.0,400150.0,1.0,0.0,0.0,1.0,0.0,1.0,0.0,0.0,53.0,M,B,9ff01995-7fc6-4fd9-93f5-f44c7c1dc41f,4c3d13b3-f473-4b49-b89a-8019412a2df2,1.0,1.0
1850.0,308660.0,2.0,5.0,51.0,40.0,150.0,400150.0,1.0,0.0,0.0,1.0,0.0,1.0,0.0,0.0,8.0,M,B,6113b2b9-8b65-4b18-b76d-3c0ad4ac83d9,4c3d13b3-f473-4b49-b89a-8019412a2df2,1.0,1.0
1850.0,308660.0,3.0,5.0,51.0,40.0,150.0,400150.0,1.0,0.0,0.0,1.0,0.0,1.0,0.0,0.0,7.0,M,B,23b31203-643b-4fb5-948c-46aacb8ccedb,4c3d13b3-f473-4b49-b89a-8019412a2df2,1.0,1.0
1850.0,308660.0,4.0,5.0,51.0,40.0,150.0,400150.0,1.0,0.0,0.0,1.0,0.0,1.0,0.0,0.0,35.0,F,B,49d70e60-2373-4ab3-b4a5-fcb1678cfba4,4c3d13b3-f473-4b49-b89a-8019412a2df2,1.0,1.0
1850.0,308660.0,5.0,5.0,51.0,40.0,150.0,400150.0,1.0,0.0,0.0,1.0,0.0,1.0,0.0,0.0,13.0,M,B,151a9a42-a8bb-4b8f-8d20-c731db977df5,4c3d13b3-f473-4b49-b89a-8019412a2df2,1.0,1.0
1850.0,308661.0,1.0,13.0,51.0,40.0,150.0,400150.0,1.0,0.0,0.0,1.0,0.0,1.0,0.0,0.0,43.0,M,B,fd598f53-5b58-4f31-a8b6-8ed135fac074,,0.0,1.0
1850.0,308661.0,2.0,13.0,51.0,40.0,150.0,400150.0,1.0,0.0,0.0,1.0,0.0,1.0,0.0,0.0,32.0,M,B,788c9565-6662-481d-9447-2149b46fa038,,0.0,1.0
1850.0,308661.0,3.0,13.0,51.0,40.0,150.0,400150.0,1.0,0.0,0.0,1.0,0.0,1.0,0.0,0.0,27.0,M,B,eee659af-f390-4893-a6db-add4dfa87ffe,,0.0,1.0
1850.0,308661.0,4.0,13.0,51.0,40.0,150.0,400150.0,1.0,0.0,0.0,1.0,0.0,1.0,0.0,0.0,21.0,M,B,0db1cf86-4c08-4cc7-9ac9-69d6add26f88,,0.0,1.0
1850.0,308661.0,5.0,13.0,51.0,40.0,150.0,400150.0,1.0,0.0,0.0,1.0,0.0,1.0,0.0,0.0,19.0,M,B,775b818e-042a-4bd1-ad6d-dbaca17b6eb4,,0.0,1.0
1850.0,308661.0,6.0,13.0,51.0,40.0,150.0,400150.0,1.0,0.0,0.0,1.0,0.0,1.0,0.0,0.0,16.0,M,B,2732d512-3453-4197-9c2d-662e831e5fc4,,0.0,1.0
1850.0,308661.0,7.0,13.0,51.0,40.0,150.0,400150.0,1.0,0.0,0.0,1.0,0.0,1.0,0.0,0.0,3.0,M,B,bf01a475-5627-45bc-803b-4ce6085fb285,,0.0,1.0
1850.0,308661.0,8.0,13.0,51.0,40.0,150.0,400150.0,1.0,0.0,0.0,1.0,0.0,1.0,0.0,0.0,70.0,F,B,a879ae74-8666-4659-abac-43e43f26ed25,,0.0,1.0
1850.0,308661.0,9.0,13.0,51.0,40.0,150.0,400150.0,1.0,0.0,0.0,1.0,0.0,1.0,0.0,0.0,50.0,F,B,35da24bd-7056-4bed-84cc-f56834467ff0,,0.0,1.0
1850.0,308661.0,10.0,13.0,51.0,40.0,150.0,400150.0,1.0,0.0,0.0,1.0,0.0,1.0,0.0,0.0,27.0,F,B,b744ac44-552d-4848-88a8-ad70a633f833,,0.0,1.0
1850.0,308661.0,11.0,13.0,51.0,40.0,150.0,400150.0,1.0,0.0,0.0,1.0,0.0,1.0,0.0,0.0,19.0,F,B,9f25e3ec-3a33-4709-9a1a-e28938f32ced,,0.0,1.0
1850.0,308661.0,12.0,13.0,51.0,40.0,150.0,400150.0,1.0,0.0,0.0,1.0,0.0,1.0,0.0,0.0,14.0,F,B,9366ee1d-eef7-48d8-b74f-cf23b10075c5,,0.0,1.0
1850.0,308661.0,13.0,13.0,51.0,40.0,150.0,400150.0,1.0,0.0,0.0,1.0,0.0,1.0,0.0,0.0,8.0,F,B,66e2cfb7-0314-4ce9-badf-eeeda1d144e8,,0.0,1.0
1850.0,308656.0,1.0,4.0,51.0,40.0,150.0,400150.0,1.0,0.0,0.0,1.0,0.0,1.0,0.0,0.0,35.0,M,W,7dc7a060-5338-4021-9a20-251247c6b8e8,5419393a-2e4e-4f28-b301-e4270f1e103c,1.0,1.0
1850.0,308656.0,2.0,4.0,51.0,40.0,150.0,400150.0,1.0,0.0,0.0,1.0,0.0,1.0,0.0,0.0,18.0,M,B,f4859481-2b15-42fc-832b-f6be2b61165a,5419393a-2e4e-4f28-b301-e4270f1e103c,1.0,1.0
1850.0,308656.0,3.0,4.0,51.0,40.0,150.0,400150.0,1.0,0.0,0.0,1.0,0.0,1.0,0.0,0.0,20.0,F,B,94c432a7-814d-41f0-825d-848b075ffddc,5419393a-2e4e-4f28-b301-e4270f1e103c,1.0,1.0
1850.0,308656.0,4.0,4.0,51.0,40.0,150.0,400150.0,1.0,0.0,0.0,1.0,0.0,1.0,0.0,0.0,19.0,F,B,ed293386-b55e-4545-af79-0faf9d7b8501,5419393a-2e4e-4f28-b301-e4270f1e103c,1.0,1.0
1850.0,308662.0,1.0,1.0,51.0,40.0,150.0,400150.0,1.0,0.0,0.0,1.0,0.0,1.0,0.0,0.0,2.0,F,B,8f54ed2b-e4d0-45b4-9bcd-131f70158da8,,0.0,1.0
1850.0,308663.0,1.0,3.0,51.0,40.0,150.0,400150.0,1.0,0.0,0.0,1.0,0.0,1.0,0.0,0.0,35.0,M,B,3ce339a0-6fb1-4a2f-a49c-40ca1f50719b,5c05ff2d-2529-47c3-8442-bf5ab87cfc74,1.0,1.0
1850.0,308663.0,2.0,3.0,51.0,40.0,150.0,400150.0,1.0,0.0,0.0,1.0,0.0,1.0,0.0,0.0,19.0,M,B,ef009edb-7abd-4fc1-ac16-8bff83165bc9,5c05ff2d-2529-47c3-8442-bf5ab87cfc74,1.0,1.0
1850.0,308663.0,3.0,3.0,51.0,40.0,150.0,400150.0,1.0,0.0,0.0,1.0,0.0,1.0,0.0,0.0,22.0,F,B,1b56f032-80b8-41f8-82db-67caae9488fe,5c05ff2d-2529-47c3-8442-bf5ab87cfc74,1.0,1.0
1850.0,308664.0,1.0,1.0,51.0,40.0,150.0,400150.0,1.0,0.0,0.0,1.0,0.0,1.0,0.0,0.0,18.0,F,B,991629f7-e1f6-49d7-9eb6-28bcc2fcc627,,0.0,1.0
1850.0,308665.0,1.0,5.0,51.0,40.0,150.0,400150.0,1.0,0.0,0.0,1.0,0.0,1.0,0.0,0.0,59.0,M,B,b441ef74-7597-4454-b35b-114b1e8662b3,,0.0,1.0
1850.0,308665.0,2.0,5.0,51.0,40.0,150.0,400150.0,1.0,0.0,0.0,1.0,0.0,1.0,0.0,0.0,13.0,M,B,c51ee619-f2af-476f-aada-1812df8e5405,,0.0,1.0
1850.0,308665.0,3.0,5.0,51.0,40.0,150.0,400150.0,1.0,0.0,0.0,1.0,0.0,1.0,0.0,0.0,999.0,M,B,88ac89f0-1ce1-49d2-949a-88c3188e006c,,0.0,1.0
1850.0,308665.0,4.0,5.0,51.0,40.0,150.0,400150.0,1.0,0.0,0.0,1.0,0.0,1.0,0.0,0.0,30.0,F,B,4a9325ef-5219-49da-94b2-b4366f333e36,,0.0,1.0
1850.0,308665.0,5.0,5.0,51.0,40.0,150.0,400150.0,1.0,0.0,0.0,1.0,0.0,1.0,0.0,0.0,6.0,F,B,84cecae9-10ae-4f3f-aa3f-b632055451e7,,0.0,1.0
1850.0,308666.0,1.0,2.0,51.0,40.0,150.0,400150.0,1.0,0.0,0.0,1.0,0.0,1.0,0.0,0.0,48.0,M,B,25e81145-0939-4d66-a0ed-5d805ec044df,cd8506ea-b44e-4554-b89f-01ad7b4e00fe,1.0,1.0
1850.0,308666.0,2.0,2.0,51.0,40.0,150.0,400150.0,1.0,0.0,0.0,1.0,0.0,1.0,0.0,0.0,40.0,M,B,0d3b9f19-d0d3-4ac3-8651-c849295b3e02,cd8506ea-b44e-4554-b89f-01ad7b4e00fe,1.0,1.0
1850.0,308668.0,1.0,1.0,51.0,40.0,150.0,400150.0,1.0,0.0,0.0,1.0,0.0,1.0,0.0,0.0,16.0,F,B,b3a23828-04c5-4c74-af84-00223ecd1cfa,cea8b72c-47b7-4752-919c-ee226fa0f4c8,1.0,1.0
1850.0,308669.0,1.0,12.0,51.0,40.0,150.0,400150.0,1.0,0.0,0.0,1.0,0.0,1.0,0.0,0.0,28.0,M,B,8a3f2310-0943-4ae9-b358-aacc31e412ac,cc99ac82-3521-425b-b134-e4ca1c6a4542,1.0,1.0
1850.0,308669.0,2.0,12.0,51.0,40.0,150.0,400150.0,1.0,0.0,0.0,1.0,0.0,1.0,0.0,0.0,36.0,M,B,9cf2ad9a-0bca-43a3-8500-6239157af7f1,cc99ac82-3521-425b-b134-e4ca1c6a4542,1.0,1.0
1850.0,308669.0,3.0,12.0,51.0,40.0,150.0,400150.0,1.0,0.0,0.0,1.0,0.0,1.0,0.0,0.0,20.0,M,B,f6e98852-a05b-4e42-b71a-679852a3eec6,cc99ac82-3521-425b-b134-e4ca1c6a4542,1.0,1.0
1850.0,308669.0,4.0,12.0,51.0,40.0,150.0,400150.0,1.0,0.0,0.0,1.0,0.0,1.0,0.0,0.0,13.0,M,B,49550093-3311-4195-a116-dc2660b6daaa,cc99ac82-3521-425b-b134-e4ca1c6a4542,1.0,1.0
1850.0,308669.0,5.0,12.0,51.0,40.0,150.0,400150.0,1.0,0.0,0.0,1.0,0.0,1.0,0.0,0.0,10.0,M,B,09a87717-368f-431b-95da-2a0c40595ec2,cc99ac82-3521-425b-b134-e4ca1c6a4542,1.0,1.0
1850.0,308669.0,6.0,12.0,51.0,40.0,150.0,400150.0,1.0,0.0,0.0,1.0,0.0,1.0,0.0,0.0,8.0,M,B,2e4a3214-48dd-44bd-b743-a5b0366234f7,cc99ac82-3521-425b-b134-e4ca1c6a4542,1.0,1.0
1850.0,308669.0,7.0,12.0,51.0,40.0,150.0,400150.0,1.0,0.0,0.0,1.0,0.0,1.0,0.0,0.0,3.0,M,B,29aea2a4-b374-4596-af1f-466ac31c60cc,cc99ac82-3521-425b-b134-e4ca1c6a4542,1.0,1.0
1850.0,308669.0,8.0,12.0,51.0,40.0,150.0,400150.0,1.0,0.0,0.0,1.0,0.0,1.0,0.0,0.0,35.0,F,B,14ed279f-eec2-44aa-bb25-86d379873e85,cc99ac82-3521-425b-b134-e4ca1c6a4542,1.0,1.0
1850.0,308669.0,9.0,12.0,51.0,40.0,150.0,400150.0,1.0,0.0,0.0,1.0,0.0,1.0,0.0,0.0,22.0,F,B,0d3209df-6f42-4201-9ee5-22f734658be2,cc99ac82-3521-425b-b134-e4ca1c6a4542,1.0,1.0
1850.0,308669.0,10.0,12.0,51.0,40.0,150.0,400150.0,1.0,0.0,0.0,1.0,0.0,1.0,0.0,0.0,15.0,F,B,87f85393-c1ed-4b76-8e78-22975b3db00a,cc99ac82-3521-425b-b134-e4ca1c6a4542,1.0,1.0
1850.0,308669.0,11.0,12.0,51.0,40.0,150.0,400150.0,1.0,0.0,0.0,1.0,0.0,1.0,0.0,0.0,7.0,F,B,2ddb5a35-82ac-4926-96c7-23a121a78fc3,cc99ac82-3521-425b-b134-e4ca1c6a4542,1.0,1.0
1850.0,308669.0,12.0,12.0,51.0,40.0,150.0,400150.0,1.0,0.0,0.0,1.0,0.0,1.0,0.0,0.0,4.0,F,B,8312cbf4-0828-4731-af4b-566c1a8ac737,cc99ac82-3521-425b-b134-e4ca1c6a4542,1.0,1.0
1850.0,308670.0,1.0,2.0,51.0,40.0,150.0,400150.0,1.0,0.0,0.0,1.0,0.0,1.0,0.0,0.0,13.0,F,B,a4684494-5305-4931-8523-d74dac63850b,599aa697-e901-4cb1-b529-9163d0d2fbc8,2.0,1.0
1850.0,308670.0,2.0,2.0,51.0,40.0,150.0,400150.0,1.0,0.0,0.0,1.0,0.0,1.0,0.0,0.0,8.0,M,B,223b625f-a275-45a6-ad1a-c1ff8f51cc03,599aa697-e901-4cb1-b529-9163d0d2fbc8,2.0,1.0
1850.0,308671.0,1.0,5.0,51.0,40.0,150.0,400150.0,1.0,0.0,0.0,1.0,0.0,1.0,0.0,0.0,52.0,M,B,3d19fce2-903e-4a59-80cc-3ed8a4aac561,0985131c-abee-4315-a30b-2d78f4fefa8c,1.0,1.0
1850.0,308671.0,2.0,5.0,51.0,40.0,150.0,400150.0,1.0,0.0,0.0,1.0,0.0,1.0,0.0,0.0,30.0,M,B,0f6d95d0-a960-4a04-95f1-9e4ceb229383,0985131c-abee-4315-a30b-2d78f4fefa8c,1.0,1.0
1850.0,308671.0,3.0,5.0,51.0,40.0,150.0,400150.0,1.0,0.0,0.0,1.0,0.0,1.0,0.0,0.0,70.0,F,B,bcd48003-6649-4e81-b4da-fe1e020c8e92,0985131c-abee-4315-a30b-2d78f4fefa8c,1.0,1.0
1850.0,308671.0,4.0,5.0,51.0,40.0,150.0,400150.0,1.0,0.0,0.0,1.0,0.0,1.0,0.0,0.0,35.0,F,B,7e8ae55f-da6f-42c6-87c4-d3225be48f51,0985131c-abee-4315-a30b-2d78f4fefa8c,1.0,1.0
1850.0,308671.0,5.0,5.0,51.0,40.0,150.0,400150.0,1.0,0.0,0.0,1.0,0.0,1.0,0.0,0.0,18.0,F,B,8201ceaf-c6e0-4776-a237-2b4d56ff1026,0985131c-abee-4315-a30b-2d78f4fefa8c,1.0,1.0
1850.0,308667.0,1.0,7.0,51.0,40.0,150.0,400150.0,1.0,0.0,0.0,1.0,0.0,1.0,0.0,0.0,44.0,M,B,c6625447-5a5a-437d-b1b0-ff2a0723480a,cf3ae56e-d145-4374-83e4-da52976e9fc0,1.0,1.0
1850.0,308667.0,2.0,7.0,51.0,40.0,150.0,400150.0,1.0,0.0,0.0,1.0,0.0,1.0,0.0,0.0,44.0,M,B,001c9487-7f95-410c-bffe-e6d05cb424d7,cf3ae56e-d145-4374-83e4-da52976e9fc0,1.0,1.0
1850.0,308667.0,3.0,7.0,51.0,40.0,150.0,400150.0,1.0,0.0,0.0,1.0,0.0,1.0,0.0,0.0,12.0,M,B,7e6cfc98-a69f-48f3-b1fd-f067f6b9c7b1,cf3ae56e-d145-4374-83e4-da52976e9fc0,1.0,1.0
1850.0,308667.0,4.0,7.0,51.0,40.0,150.0,400150.0,1.0,0.0,0.0,1.0,0.0,1.0,0.0,0.0,12.0,M,B,fee2eb0f-8602-458d-986b-0085d912b892,cf3ae56e-d145-4374-83e4-da52976e9fc0,1.0,1.0
1850.0,308667.0,5.0,7.0,51.0,40.0,150.0,400150.0,1.0,0.0,0.0,1.0,0.0,1.0,0.0,0.0,9.0,M,B,cc44d8b1-71f8-43b9-bb35-f65c68b79ec4,cf3ae56e-d145-4374-83e4-da52976e9fc0,1.0,1.0
1850.0,308667.0,6.0,7.0,51.0,40.0,150.0,400150.0,1.0,0.0,0.0,1.0,0.0,1.0,0.0,0.0,7.0,M,B,cad441cf-7d59-4da0-a742-ff1bf020d52a,cf3ae56e-d145-4374-83e4-da52976e9fc0,1.0,1.0
1850.0,308667.0,7.0,7.0,51.0,40.0,150.0,400150.0,1.0,0.0,0.0,1.0,0.0,1.0,0.0,0.0,50.0,F,B,420c2c2c-28d4-4062-a21d-f89e93f2e684,cf3ae56e-d145-4374-83e4-da52976e9fc0,1.0,1.0
1850.0,308672.0,1.0,6.0,51.0,40.0,150.0,400150.0,1.0,0.0,0.0,1.0,0.0,1.0,0.0,0.0,65.0,M,B,980b43e1-cdce-42b0-be4f-2ecfbef2e732,,0.0,1.0
1850.0,308672.0,2.0,6.0,51.0,40.0,150.0,400150.0,1.0,0.0,0.0,1.0,0.0,1.0,0.0,0.0,28.0,F,B,4552db83-9c1e-4b8e-ab5c-45892a4276f7,,0.0,1.0
1850.0,308672.0,3.0,6.0,51.0,40.0,150.0,400150.0,1.0,0.0,0.0,1.0,0.0,1.0,0.0,0.0,1.0,M,B,084d961c-5f18-416b-ad6c-7b91e6bc8737,,0.0,1.0
1850.0,308672.0,4.0,6.0,51.0,40.0,150.0,400150.0,1.0,0.0,0.0,1.0,0.0,1.0,0.0,0.0,999.0,M,B,1bf64e71-a598-4287-87bf-4b5076e38b58,,0.0,1.0
1850.0,308672.0,5.0,6.0,51.0,40.0,150.0,400150.0,1.0,0.0,0.0,1.0,0.0,1.0,0.0,0.0,999.0,M,W,73c0f2db-0f21-4dcd-9451-d0973eb7b66e,,0.0,1.0
1850.0,308672.0,6.0,6.0,51.0,40.0,150.0,400150.0,1.0,0.0,0.0,1.0,0.0,1.0,0.0,0.0,999.0,M,W,7b031503-9899-420d-905c-1ed00904c48b,,0.0,1.0
1850.0,308673.0,1.0,5.0,51.0,40.0,150.0,400150.0,1.0,0.0,0.0,1.0,0.0,1.0,0.0,0.0,999.0,M,W,d646ce0d-408a-4cd9-92cc-9ede9dfe6aca,,0.0,1.0
1850.0,308673.0,2.0,5.0,51.0,40.0,150.0,400150.0,1.0,0.0,0.0,1.0,0.0,1.0,0.0,0.0,999.0,M,W,1bdb5a96-1a6c-4ae1-84b6-c0fde429faa8,,0.0,1.0
1850.0,308673.0,3.0,5.0,51.0,40.0,150.0,400150.0,1.0,0.0,0.0,1.0,0.0,1.0,0.0,0.0,999.0,M,W,d4ebac1f-e2b4-4127-afab-127972376641,,0.0,1.0
1850.0,308673.0,4.0,5.0,51.0,40.0,150.0,400150.0,1.0,0.0,0.0,1.0,0.0,1.0,0.0,0.0,999.0,M,W,8f5a9c17-f52e-4ec5-bb62-536bff52e7d7,,0.0,1.0
1850.0,308673.0,5.0,5.0,51.0,40.0,150.0,400150.0,1.0,0.0,0.0,1.0,0.0,1.0,0.0,0.0,999.0,M,W,da14dde4-f144-44af-8c6f-6411e9229a3c,,0.0,1.0
