id,county,year,first_name,last_name,location,employer_name,employer_location,total_slaves,black_slaves,mulatto_slaves,female_slaves,male_slaves,created_at,updated_at
1,augusta,1860,H. L.,Opie,N. Subdiv.,"Woods, John K .",Staunton,1,1,,1,,2022-02-17 20:33:37,2022-02-17 20:33:37
2,augusta,1860,S.,Crawford,1st District,Woodward N.,Staunton,1,1,,1,,2022-02-17 20:33:37,2022-02-17 20:33:37
3,augusta,1860,S.,Woodward,Staunton,"Woodward, N.",Staunton,1,1,,1,,2022-02-17 20:33:37,2022-02-17 20:33:37
4,augusta,1860,Dr.,Fultz,N. Subdiv.,"Young, D.",Staunton,1,,1,1,,2022-02-17 20:33:37,2022-02-17 20:33:37
5,augusta,1860,B.,Montgomery,Salem[?] Co,"Young, William B.",Staunton,1,1,,1,,2022-02-17 20:33:37,2022-02-17 20:33:37
6,augusta,1860,William,Kerr,1st District,"Kunkle, David",Waynesboro,1,1,,1,,2022-02-17 20:33:37,2022-02-17 20:33:37
7,augusta,1860,W.S.H.,Baylor,Staunton,"Sladdow[?], H. M.",Staunton,1,1,,,1,2022-02-17 20:33:37,2022-02-17 20:33:37
8,augusta,1860,Mr. E.,Tapp,Albemarle Co.,"Snider, L. J.",Staunton,1,1,,,1,2022-02-17 20:33:37,2022-02-17 20:33:37
9,augusta,1860,F. T.,Stribling,Staunton,"St.[?] James, William",Staunton,1,1,,,1,2022-02-17 20:33:37,2022-02-17 20:33:37
10,augusta,1860,Cary,Hall,Staunton,"Steinbach, [?]",Staunton,1,1,,1,,2022-02-17 20:33:37,2022-02-17 20:33:37
11,augusta,1860,J. S.,Crawford,Bath Co.,"Strafford, Jonathan[?] H.",Staunton,1,1,,,1,2022-02-17 20:33:37,2022-02-17 20:33:37
12,augusta,1860,J. E.,Stringham,Staunton,"Stringham, F.S.",Staunton,4,3,1,2,2,2022-02-17 20:33:37,2022-02-17 20:33:37
13,augusta,1860,Margaret,Tate,1st District,"Sulley, James M.",Staunton,1,,1,,1,2022-02-17 20:33:37,2022-02-17 20:33:37
14,augusta,1860,B.,Sneed,Albemarle Co.,"Swope, Charles",Staunton,3,,3,3,,2022-02-17 20:33:37,2022-02-17 20:33:37
15,augusta,1860,S.,Fuller,Staunton,"Waddel, J. A.",Staunton,1,1,,1,,2022-02-17 20:33:37,2022-02-17 20:33:37
16,augusta,1860,S.,Wilson,Staunton,"Waddel, J. A.",Staunton,1,1,,1,,2022-02-17 20:33:37,2022-02-17 20:33:37
17,augusta,1860,Sarah,Fuller,Staunton,"Waddel, J. A.",Staunton,1,,1,,1,2022-02-17 20:33:37,2022-02-17 20:33:37
18,augusta,1860,Dr.,Stribling,Staunton,Western Lunatic Asylum,Staunton,1,1,,,1,2022-02-17 20:33:37,2022-02-17 20:33:37
19,augusta,1860,,[?],Fauquier Co.,Western Lunatic Asylum,Staunton,1,1,,1,,2022-02-17 20:33:37,2022-02-17 20:33:37
20,augusta,1860,,[?],Fauquier Co.,Western Lunatic Asylum,Staunton,1,1,,1,,2022-02-17 20:33:37,2022-02-17 20:33:37
21,augusta,1860,,Infant of Anthony,Alleghany Co.,Western Lunatic Asylum,Staunton,,1,,1,,2022-02-17 20:33:37,2022-02-17 20:33:37
22,augusta,1860,,[?],Fauquier Co.,Western Lunatic Asylum,Staunton,1,,1,1,,2022-02-17 20:33:37,2022-02-17 20:33:37
23,augusta,1860,B.,Sneed,Staunton,Western Lunatic Asylum,Staunton,1,1,,,1,2022-02-17 20:33:38,2022-02-17 20:33:38
24,augusta,1860,Sally,Waddel,Staunton,Western Lunatic Asylum,Staunton,1,1,,,1,2022-02-17 20:33:38,2022-02-17 20:33:38
25,augusta,1860,B.,Baldwin,Staunton,Western Lunatic Asylum,Staunton,1,1,,,1,2022-02-17 20:33:38,2022-02-17 20:33:38
26,augusta,1860,W. F.,Boyd,Warren Co.,Western Lunatic Asylum,Staunton,1,1,,,1,2022-02-17 20:33:38,2022-02-17 20:33:38
27,augusta,1860,Mary,Barkly,Staunton,Western Lunatic Asylum,Staunton,1,1,,1,,2022-02-17 20:33:38,2022-02-17 20:33:38
28,augusta,1860,W.S.H.,Baylor,Staunton,Western Lunatic Asylum,Staunton,1,1,,1,,2022-02-17 20:33:38,2022-02-17 20:33:38
29,augusta,1860,D. P.,Woodward,Staunton,Western Lunatic Asylum,Staunton,1,1,,1,,2022-02-17 20:33:38,2022-02-17 20:33:38
30,augusta,1860,J. M.,Faust[?],Fauquier Co.,Western Lunatic Asylum,Staunton,1,1,,1,,2022-02-17 20:33:38,2022-02-17 20:33:38
31,augusta,1860,[?],Crump,Fauquier Co.,Western Lunatic Asylum,Staunton,1,1,,1,,2022-02-17 20:33:38,2022-02-17 20:33:38
32,augusta,1860,[?],Blackwell,Fauquier Co.,Western Lunatic Asylum,Staunton,1,1,,1,,2022-02-17 20:33:38,2022-02-17 20:33:38
33,augusta,1860,C.,Anthony,Alleghany Co.,Western Lunatic Asylum,Staunton,1,1,,1,,2022-02-17 20:33:38,2022-02-17 20:33:38
34,augusta,1860,J. S.,[?],Staunton,Western Lunatic Asylum,Staunton,1,1,,1,,2022-02-17 20:33:38,2022-02-17 20:33:38
35,augusta,1860,J. G.,Beale,Fauquier Co.,Western Lunatic Asylum,Staunton,2,2,,2,,2022-02-17 20:33:38,2022-02-17 20:33:38
36,augusta,1860,B. W.,Smith,HampdenSydney College,Western Lunatic Asylum,Staunton,5,5,,4,1,2022-02-17 20:33:38,2022-02-17 20:33:38
37,augusta,1860,A. H. H.,Stuart,Staunton,Western Lunatic Asylum,Staunton,1,,1,,1,2022-02-17 20:33:38,2022-02-17 20:33:38
38,augusta,1860,B.,Ward,Fauquier Co,Western Lunatic Asylum,Staunton,1,,1,,1,2022-02-17 20:33:38,2022-02-17 20:33:38
39,augusta,1860,V.,Miller,Warren Co.,Western Lunatic Asylum,Staunton,1,,1,,1,2022-02-17 20:33:38,2022-02-17 20:33:38
40,augusta,1860,J. H.,Crawford,Staunton,Western Lunatic Asylum,Staunton,1,,1,1,,2022-02-17 20:33:38,2022-02-17 20:33:38
41,augusta,1860,A.,[?],Fauquier Co.,Western Lunatic Asylum,Staunton,1,,1,1,,2022-02-17 20:33:38,2022-02-17 20:33:38
42,augusta,1860,S. B,Fisher,Fauquier Co.,Western Lunatic Asylum,Staunton,1,,1,1,,2022-02-17 20:33:38,2022-02-17 20:33:38
43,augusta,1860,William,Gaines,Fauquier Co.,Western Lunatic Asylum,Staunton,1,,1,1,,2022-02-17 20:33:38,2022-02-17 20:33:38
44,augusta,1860,Mary,[?],Warren Co.,Western Lunatic Asylum,Staunton,2,1,1,,2,2022-02-17 20:33:38,2022-02-17 20:33:38
45,augusta,1860,W. R.,[?],Warren Co.,Western Lunatic Asylum,Staunton,2,1,1,,2,2022-02-17 20:33:38,2022-02-17 20:33:38
46,augusta,1860,R.,Cooper,Fauquier Co.,Western Lunatic Asylum,Staunton,2,1,1,2,,2022-02-17 20:33:38,2022-02-17 20:33:38
47,augusta,1860,S.,Dulaney,Fauquier Co.,Western Lunatic Asylum,Staunton,6,5,1,4,2,2022-02-17 20:33:38,2022-02-17 20:33:38
48,augusta,1860,S.,Williamson,Fauquier Co.,Western Lunatic Asylum,Staunton,2,,2,2,,2022-02-17 20:33:38,2022-02-17 20:33:38
49,augusta,1860,I.,Kinney,1st District,"White, H. D.",Staunton,3,2,1,2,1,2022-02-17 20:33:38,2022-02-17 20:33:38
50,augusta,1860,M. G.,Harman,Staunton,William,Staunton,1,1,,1,,2022-02-17 20:33:38,2022-02-17 20:33:38
51,augusta,1860,Wilson,"Stribling, Dr.",Staunton,William H.,Staunton,2,,2,1,1,2022-02-17 20:33:38,2022-02-17 20:33:38
52,augusta,1860,A.,Waddel,Staunton,"Wilson, William H.",Staunton,1,1,,,1,2022-02-17 20:33:38,2022-02-17 20:33:38
53,augusta,1860,W. A.,Abney,1st District,"Wilson, William H.",Staunton,1,1,,,1,2022-02-17 20:33:38,2022-02-17 20:33:38
54,augusta,1860,A.,Bickel Estate,Staunton,"Wilson, William H.",Staunton,1,1,,,1,2022-02-17 20:33:38,2022-02-17 20:33:38
55,augusta,1860,M. G.,Harman,Staunton,"Wilson, William H.",Staunton,1,1,,,1,2022-02-17 20:33:38,2022-02-17 20:33:38
56,augusta,1860,R. A.,Gray,Rockingham,"Wilson, William H.",Staunton,1,1,,1,,2022-02-17 20:33:38,2022-02-17 20:33:38
57,augusta,1860,[?],Kenshour[?],Staunton,"Wilson, William H.",Staunton,1,1,,1,,2022-02-17 20:33:38,2022-02-17 20:33:38
58,augusta,1860,W. S.,Eskridge,Staunton,"Wilson, William H.",Staunton,1,1,,1,,2022-02-17 20:33:38,2022-02-17 20:33:38
59,augusta,1860,A. K.,Trout,Staunton,"Wilson, William H.",Staunton,2,2,,,2,2022-02-17 20:33:38,2022-02-17 20:33:38
60,augusta,1860,A.,[?],1st District,"Wilson, William H.",Staunton,2,2,,1,1,2022-02-17 20:33:38,2022-02-17 20:33:38
61,augusta,1860,M.,Breckenridge,Staunton,"Wilson, William H.",Staunton,2,2,,1,1,2022-02-17 20:33:38,2022-02-17 20:33:38
62,augusta,1860,Taliafono,Runnels,N. Subdiv.,"Wilson, William H.",Staunton,3,3,,,3,2022-02-17 20:33:38,2022-02-17 20:33:38
63,augusta,1860,F. T.,Stubling,Staunton,"Wilson, William H.",Staunton,1,,1,1,,2022-02-17 20:33:38,2022-02-17 20:33:38
64,augusta,1860,H. S.,Opie,N. Subdiv.,"Wise, M. J.",Staunton,1,1,,,1,2022-02-17 20:33:38,2022-02-17 20:33:38
65,augusta,1860,William,Collins,Staunton,"Brown, S. B.",Staunton,1,1,,1,,2022-02-17 20:33:38,2022-02-17 20:33:38
66,augusta,1860,R. D.,Hill,N. Subdiv.,"Brown, S. B.",Staunton,1,1,,1,,2022-02-17 20:33:38,2022-02-17 20:33:38
67,augusta,1860,Mary,Warden,Staunton,"Brown, S. B.",Staunton,3,3,,2,1,2022-02-17 20:33:38,2022-02-17 20:33:38
68,augusta,1860,Mrs.,Warden,Staunton,"Brown, S. B.",Staunton,1,,1,,1,2022-02-17 20:33:38,2022-02-17 20:33:38
69,augusta,1860,Mrs.,Kerr,N. Subdiv.,"Brown, S. B.",Staunton,1,,1,,1,2022-02-17 20:33:38,2022-02-17 20:33:38
70,augusta,1860,John,Brown,N. Subdiv.,"Brown, S. B.",Staunton,1,,1,,1,2022-02-17 20:33:38,2022-02-17 20:33:38
71,augusta,1860,J. B.,Baldwin,Staunton,"Brown, S. B.",Staunton,1,1,,,1,2022-02-17 20:33:38,2022-02-17 20:33:38
72,augusta,1860,William,Kinney,Staunton,"Brown,S. B.",Staunton,1,,1,,1,2022-02-17 20:33:38,2022-02-17 20:33:38
73,augusta,1860,J. P.,Wilson,N. Subdiv.,"Burke, William A.",Staunton,1,1,,1,,2022-02-17 20:33:38,2022-02-17 20:33:38
74,augusta,1860,William,Baylor,N. Subdiv.,"Burke, William A.",Staunton,1,1,,1,,2022-02-17 20:33:38,2022-02-17 20:33:38
75,augusta,1860,[?],Taliafono,Faquier Co.[?],"Crawford, Benjamin",Staunton,1,1,,,1,2022-02-17 20:33:38,2022-02-17 20:33:38
76,augusta,1860,John,Cochran,Albemarle Co.,"Crawford, Benjamin",Staunton,1,1,,,1,2022-02-17 20:33:38,2022-02-17 20:33:38
77,augusta,1860,J.,Cochran,Albemarle Co.,"Cushing, E. M.",Staunton,1,1,,1,,2022-02-17 20:33:38,2022-02-17 20:33:38
78,augusta,1860,W.,Smith,1st District,"Cushing, E. M.",Staunton,1,1,,1,,2022-02-17 20:33:38,2022-02-17 20:33:38
79,augusta,1860,S. P.,Thompson,Staunton,"Cushing, E. M.",Staunton,1,,1,1,,2022-02-17 20:33:38,2022-02-17 20:33:38
80,augusta,1860,Cat[?],Waddel,Staunton,D&D&B Inst.,Staunton,1,1,,,1,2022-02-17 20:33:38,2022-02-17 20:33:38
81,augusta,1860,James,Stribling,Staunton,D&D&B Inst.,Staunton,3,2,1,3,,2022-02-17 20:33:38,2022-02-17 20:33:38
82,augusta,1860,P. F.,Engleman,1st District,"Engleman, I. B.",Staunton,1,1,,1,,2022-02-17 20:33:38,2022-02-17 20:33:38
83,augusta,1860,L. G.,Brant,Frederick Co.,"Gilkerson, William D.",Staunton,1,1,,,1,2022-02-17 20:33:38,2022-02-17 20:33:38
84,augusta,1860,Alice,Hanger,1st District,"Handler, Jonathan A.",Staunton,1,,1,1,,2022-02-17 20:33:38,2022-02-17 20:33:38
85,augusta,1860,[?],Forest,Staunton,"Hanlin, H.",Staunton,1,1,,1,,2022-02-17 20:33:38,2022-02-17 20:33:38
86,augusta,1860,M.,Crawford,N. Subdiv.,"Hardy, R. W.",Staunton,1,1,,1,,2022-02-17 20:33:38,2022-02-17 20:33:38
87,augusta,1860,Anna M.,Forest,Staunton,"Harlin, G. H.",Staunton,1,1,,1,,2022-02-17 20:33:38,2022-02-17 20:33:38
88,augusta,1860,W.,Frazier,Rockbridge,"Harman, Thomas S.",Staunton,1,1,,1,,2022-02-17 20:33:38,2022-02-17 20:33:38
89,augusta,1860,[?],Lewis,Staunton,"Harvey, [?]",Staunton,2,1,1,,2,2022-02-17 20:33:38,2022-02-17 20:33:38
90,augusta,1860,[?],Thompson,Staunton,"Hawkins, Richard",Staunton,1,1,,1,,2022-02-17 20:33:38,2022-02-17 20:33:38
91,augusta,1860,William,Kinney,Staunton,"Hirsh, G.",Staunton,1,,1,1,,2022-02-17 20:33:38,2022-02-17 20:33:38
92,augusta,1860,[?],[?],Staunton,Jacob,Staunton,1,1,,1,,2022-02-17 20:33:38,2022-02-17 20:33:38
93,augusta,1860,Lindsay,[?],Staunton,John,Staunton,1,1,,1,,2022-02-17 20:33:38,2022-02-17 20:33:38
94,augusta,1860,Burdet,"Crawford, Wm., heirs of",N. Subdiv.,K .,Staunton,3,3,,1,2,2022-02-17 20:33:38,2022-02-17 20:33:38
95,augusta,1860,Burdet,"Lindsay, J.B., heirs of",Staunton,K .,Staunton,4,2,2,3,1,2022-02-17 20:33:38,2022-02-17 20:33:38
96,augusta,1860,Sarah E.,Warden,Staunton,"Kayser, Joseph D. A.",Staunton,1,1,,1,,2022-02-17 20:33:38,2022-02-17 20:33:38
97,augusta,1860,D. A.,Kaysir,Staunton,"Kaysir, C.",Staunton,3,2,1,1,2,2022-02-17 20:33:38,2022-02-17 20:33:38
98,augusta,1860,M.,Crawford,1st District,"King, John",Staunton,1,1,,1,,2022-02-17 20:33:38,2022-02-17 20:33:38
99,augusta,1860,[?],Baldwin,Staunton,"Lindsay, John",Staunton,2,1,1,1,1,2022-02-17 20:33:38,2022-02-17 20:33:38
100,augusta,1860,Isaac,Rankins,N. Subdiv.,"Lindsay, John",Staunton,4,,4,3,1,2022-02-17 20:33:38,2022-02-17 20:33:38
101,augusta,1860,M.,Breckinridge,Staunton,"Lushbaugh, Samuel H.",Staunton,1,1,,1,,2022-02-17 20:33:38,2022-02-17 20:33:38
102,augusta,1860,John,McDaniell's estate,,manumitted but contested,Staunton,,3,,,,2022-02-17 20:33:38,2022-02-17 20:33:38
103,augusta,1860,[?],Talbot,1st District,"Marquis, J. C.",Staunton,1,1,,1,,2022-02-17 20:33:38,2022-02-17 20:33:38
104,augusta,1860,J. C.,Sowens Estate,Staunton,Mary L.,Staunton,1,,1,1,,2022-02-17 20:33:38,2022-02-17 20:33:38
105,augusta,1860,A.,[?],Staunton,"Mays, James",Staunton,3,3,,,3,2022-02-17 20:33:38,2022-02-17 20:33:38
106,augusta,1860,G. M.,Cochran,Staunton,"McCay, J.",Staunton,1,1,,,1,2022-02-17 20:33:38,2022-02-17 20:33:38
107,augusta,1860,P.,Wilson,N. Subdiv.,"McClung, James A.",Staunton,1,1,,1,,2022-02-17 20:33:38,2022-02-17 20:33:38
108,augusta,1860,I. B.,Baldwin,Staunton,"Nicholas, Thomas",Staunton,1,,1,1,,2022-02-17 20:33:38,2022-02-17 20:33:38
109,augusta,1860,[?],Bunwell[?],N. Subdiv.,"Parrent, James",Staunton,1,1,,1,,2022-02-17 20:33:38,2022-02-17 20:33:38
110,augusta,1860,M. G.,Harman,Staunton,"Payton, Jordon",Staunton,1,,1,1,,2022-02-17 20:33:38,2022-02-17 20:33:38
111,augusta,1860,B. B.,Donagher,Staunton,"Payton, Jordon",Staunton,1,1,,,1,2022-02-17 20:33:38,2022-02-17 20:33:38
112,augusta,1860,A. K.,Frost,Staunton,"Payton[?], Jordan[?] L .",Staunton,2,2,,1,1,2022-02-17 20:33:38,2022-02-17 20:33:38
113,augusta,1860,M.,Breckenridge,Staunton,"Pemberton, B. T.",Staunton,1,,1,1,,2022-02-17 20:33:38,2022-02-17 20:33:38
114,augusta,1860,M. B.,Breckenridge,Staunton,"Phillips, R. H.",Staunton,1,1,,1,,2022-02-17 20:33:38,2022-02-17 20:33:38
115,augusta,1860,James,Stribling,Staunton,"Phillips, R. H.",Staunton,1,,1,,1,2022-02-17 20:33:38,2022-02-17 20:33:38
116,augusta,1860,M.,Breckenridge,Staunton,Platt. [?],Staunton,1,1,,1,,2022-02-17 20:33:38,2022-02-17 20:33:38
117,augusta,1860,[?],King,Warren Co.,"Ploholer[?], Thomas",Staunton,1,1,,1,,2022-02-17 20:33:38,2022-02-17 20:33:38
118,augusta,1860,J[?],Crawford,1st District,"Politz, Jacob",Staunton,1,1,,1,,2022-02-17 20:33:38,2022-02-17 20:33:38
119,augusta,1860,[?],Woods,Albemarle Co.,"Powell, P.A.",Staunton,1,1,,1,,2022-02-17 20:33:38,2022-02-17 20:33:38
120,augusta,1860,Harvey,Risk,Staunton,"Price, G. E.",Staunton,2,,2,1,1,2022-02-17 20:33:38,2022-02-17 20:33:38
121,augusta,1860,James,Cochran,1st District,"Rankin, R. J.",Staunton,1,1,,1,,2022-02-17 20:33:38,2022-02-17 20:33:38
122,augusta,1860,H.,Risk,Staunton,"Reese[?], G. E.",Staunton,1,,1,1,,2022-02-17 20:33:38,2022-02-17 20:33:38
123,augusta,1860,James,Lilley,N. Subdiv.,"Schultz, I. P.",Staunton,1,1,,1,,2022-02-17 20:33:38,2022-02-17 20:33:38
124,augusta,1860,Ann,Lowe,Staunton,"Sheffey, Maria",Staunton,1,,1,1,,2022-02-17 20:33:38,2022-02-17 20:33:38
125,augusta,1860,P.,Sillman,N. Subdiv.,Va. C.R.R. Co.,N. Subdiv.,1,1,,,1,2022-02-17 20:33:38,2022-02-17 20:33:38
126,augusta,1860,James,Harris,N. Subdiv.,Va. C.R.R. Co.,N. Subdiv.,1,1,,,1,2022-02-17 20:33:38,2022-02-17 20:33:38
127,augusta,1860,Mr.,Solomon,N. Subdiv.,Va. C.R.R. Co.,N. Subdiv.,1,1,,,1,2022-02-17 20:33:38,2022-02-17 20:33:38
128,augusta,1860,William,Thomas,N. Subdiv.,Va. C.R.R. Co.,N. Subdiv.,1,1,,,1,2022-02-17 20:33:38,2022-02-17 20:33:38
129,augusta,1860,John,Maupin,N. Subdiv.,Va. C.R.R. Co.,N. Subdiv.,1,1,,,1,2022-02-17 20:33:38,2022-02-17 20:33:38
130,augusta,1860,Mrs.,Lindsay,Louisa Co.,Va. C.R.R. Co.,N. Subdiv.,2,2,,,2,2022-02-17 20:33:38,2022-02-17 20:33:38
131,augusta,1860,Mr.,Rhodes,N. Subdiv.,Va. C.R.R. Co.,N. Subdiv.,2,2,,,2,2022-02-17 20:33:38,2022-02-17 20:33:38
132,augusta,1860,[?],Talman,N. Subdiv.,Va. C.R.R. Co.,N. Subdiv.,1,1,,,1,2022-02-17 20:33:38,2022-02-17 20:33:38
133,augusta,1860,Mr.,Bingham,N. Subdiv.,Va. C.R.R. Co.,N. Subdiv.,1,1,,,1,2022-02-17 20:33:38,2022-02-17 20:33:38
134,augusta,1860,Viriginia,Crawford,N. Subdiv.,"Van Lear, Robert",N. Subdiv.,5,2,3,3,2,2022-02-17 20:33:38,2022-02-17 20:33:38
135,augusta,1860,Mary,Warden,Staunton,"Vanlear, [?] .",N. Subdiv.,3,1,2,2,1,2022-02-17 20:33:38,2022-02-17 20:33:38
136,augusta,1860,John,Bear,N. Subdiv.,"Waddle, S.",N. Subdiv.,1,,1,1,,2022-02-17 20:33:38,2022-02-17 20:33:38
137,augusta,1860,H. H.,Peck,Staunton,"Webb, H.",N. Subdiv.,1,,1,,1,2022-02-17 20:33:38,2022-02-17 20:33:38
138,augusta,1860,[?],Rogers,N. Subdiv.,"Weed, Henry",N. Subdiv.,1,1,,1,,2022-02-17 20:33:38,2022-02-17 20:33:38
139,augusta,1860,J.,"Stout, Estate of",Albemarle Co.,William,N. Subdiv.,4,4,,2,2,2022-02-17 20:33:38,2022-02-17 20:33:38
140,augusta,1860,Capman,"Reeves , Joseph Estate",Albemarle Co.,William,N. Subdiv.,1,,,1,,2022-02-17 20:33:38,2022-02-17 20:33:38
141,augusta,1860,F.,Brown,Albemarle Co.,William S.,N. Subdiv.,2,,2,1,1,2022-02-17 20:33:38,2022-02-17 20:33:38
142,augusta,1860,James,Talbot,1st District,"Williams, G.",N. Subdiv.,1,1,,,1,2022-02-17 20:33:38,2022-02-17 20:33:38
143,augusta,1860,Joseph,Smith,1st District,"Williams, G.",N. Subdiv.,3,3,,1,2,2022-02-17 20:33:38,2022-02-17 20:33:38
144,augusta,1860,B. B.,Donagher,Staunton,"Williams, G.",N. Subdiv.,4,,,4,,2022-02-17 20:33:38,2022-02-17 20:33:38
145,augusta,1860,Sarah,Fuller,Staunton,"Ball, [?] and [?] S.",Richmond,1,,1,,1,2022-02-17 20:33:38,2022-02-17 20:33:38
146,augusta,1860,Susan,Wilson,Staunton,"James, P.",Richmond,1,,1,,1,2022-02-17 20:33:38,2022-02-17 20:33:38
147,augusta,1860,Sarah,Fuller,Staunton,St. Charles Ho[tel?],Richmond,2,,2,,2,2022-02-17 20:33:38,2022-02-17 20:33:38
148,augusta,1860,Thomas J.,Michie,Staunton,"Turpin[?], Ho.",Richmond,2,2,,,2,2022-02-17 20:33:38,2022-02-17 20:33:38
149,augusta,1860,Sarah,Fuller,Staunton,"Dawson, T.",Rockingham Co.,2,1,1,,2,2022-02-17 20:33:38,2022-02-17 20:33:38
150,augusta,1860,S.,Clark's estate,Staunton,"Snider, L. J.",Staunton,1,1,,1,,2022-02-17 20:33:38,2022-02-17 20:33:38
151,augusta,1860,William,Craig,Staunton,"trustee for wife, Maltida Craig",Staunton,6,2,4,5,1,2022-02-17 20:33:38,2022-02-17 20:33:38
152,augusta,1860,A. H. H.,Stuart,Staunton,,Staunton,1,1,,,1,2022-02-17 20:33:38,2022-02-17 20:33:38
153,augusta,1860,A. K.,Frost,Staunton,,Staunton,2,2,,2,,2022-02-17 20:33:38,2022-02-17 20:33:38
154,augusta,1860,,Western Lunatic Asylum,Staunton,,Staunton,1,3,,2,1,2022-02-17 20:33:38,2022-02-17 20:33:38
155,augusta,1860,James,Stribling,Staunton,,Staunton,1,,1,,1,2022-02-17 20:33:38,2022-02-17 20:33:38
156,augusta,1860,Sarah,Fuller,Staunton,,Staunton,1,,1,1,,2022-02-17 20:33:38,2022-02-17 20:33:38
157,augusta,1860,Wm. [trustee for [?] Eskridge],Eskridge,Staunton,,Staunton,2,,,1,1,2022-02-17 20:33:38,2022-02-17 20:33:38
158,augusta,1860,Brandeburg,"Bickel, A. Estate",Staunton,[?],Staunton,1,1,,1,,2022-02-17 20:33:38,2022-02-17 20:33:38
159,augusta,1860,R. S.,Summerson,Staunton,"[?], F.",Staunton,1,1,,,1,2022-02-17 20:33:38,2022-02-17 20:33:38
160,augusta,1860,S. K.,Taylor,1st District,"[?], F.",Staunton,1,1,,,1,2022-02-17 20:33:38,2022-02-17 20:33:38
161,augusta,1860,J. B.,Stuart,1st District,"[?], F.",Staunton,1,,1,1,,2022-02-17 20:33:38,2022-02-17 20:33:38
162,augusta,1860,J. S.,Waddel,Staunton,"[?], F.",Staunton,1,,,,1,2022-02-17 20:33:38,2022-02-17 20:33:38
163,augusta,1860,John P.,Pladsor[?],Staunton,"[?], F. M.",Staunton,1,1,,1,,2022-02-17 20:33:38,2022-02-17 20:33:38
164,augusta,1860,Maria[?],Breckinrdige,Staunton,"[?], Henry",Staunton,1,1,,,1,2022-02-17 20:33:38,2022-02-17 20:33:38
165,augusta,1860,H. S.,Opie,N. Subdiv.,"[?], R.",Staunton,1,1,,1,,2022-02-17 20:33:38,2022-02-17 20:33:38
166,augusta,1860,T. J.,[?],Staunton,"[?], R.",Staunton,1,1,,1,,2022-02-17 20:33:38,2022-02-17 20:33:38
167,augusta,1860,B. B.,Douglas,Staunton,"[?], William L.",Staunton,1,,1,1,,2022-02-17 20:33:38,2022-02-17 20:33:38
168,augusta,1860,R.,Lewis,Staunton,"Amoncomb, George A.",Staunton,1,1,,,1,2022-02-17 20:33:38,2022-02-17 20:33:38
169,augusta,1860,Joseph,Smith,1st District,"Arbogast, Benjamin",Staunton,1,1,,1,,2022-02-17 20:33:38,2022-02-17 20:33:38
170,augusta,1860,Mrs.,Peterson,Staunton,"Arbogast, Benjamin",Staunton,1,1,,1,,2022-02-17 20:33:38,2022-02-17 20:33:38
171,augusta,1860,H. M.,Gooch,N. Subdiv.,"Arbogast, Benjamin",Staunton,3,3,,3,,2022-02-17 20:33:38,2022-02-17 20:33:38
172,augusta,1860,[?],Matthews,Rockingham,"Arbogast, Benjamin",Staunton,1,,1,1,,2022-02-17 20:33:38,2022-02-17 20:33:38
173,augusta,1860,R. H.,Phillips[?],Staunton,"Atkinson, [?]",Staunton,1,,1,1,,2022-02-17 20:33:38,2022-02-17 20:33:38
174,augusta,1860,J. A.,Waddel,Staunton,"Baldwin, J. M.",Staunton,1,1,,1,,2022-02-17 20:33:38,2022-02-17 20:33:38
175,augusta,1860,John H.,Ast,Staunton,"Bankman, B. A.",Staunton,1,,1,1,,2022-02-17 20:33:38,2022-02-17 20:33:38
176,augusta,1860,J. H.,Ash,Staunton,"Barkman, E. A.",Staunton,1,,1,1,,2022-02-17 20:33:38,2022-02-17 20:33:38
177,augusta,1860,M. G.,Harman,Staunton,"Beck, J.",Staunton,1,1,,,1,2022-02-17 20:33:38,2022-02-17 20:33:38
178,augusta,1860,M. G.,Harman,Staunton,"Beck, John",Staunton,1,,1,,1,2022-02-17 20:33:38,2022-02-17 20:33:38
179,augusta,1860,Thomas,[?],Staunton,"Bicker, David",Staunton,1,1,,,1,2022-02-17 20:33:38,2022-02-17 20:33:38
180,augusta,1860,M.,Crawford,1st District,"Blackburn, William",Staunton,1,1,,1,,2022-02-17 20:33:38,2022-02-17 20:33:38
181,augusta,1860,A. H.,Kinney,Staunton,"Brown, S. B.",Staunton,1,1,,,1,2022-02-17 20:33:38,2022-02-17 20:33:38
182,augusta,1860,A. A.,Powers,Staunton,"Brown, S. B.",Staunton,1,1,,1,,2022-02-17 20:33:38,2022-02-17 20:33:38
183,augusta,1860,H. M.,Dainall[?],N. Subdiv.,"Brown, S. B.",Staunton,1,1,,1,,2022-02-17 20:33:38,2022-02-17 20:33:38
184,augusta,1860,James,Stribling,Staunton,"Harman, A. W.",N. Subdiv.,1,1,,1,,2022-02-17 20:33:38,2022-02-17 20:33:38
185,augusta,1860,David,Koiner,N. Subdiv.,"Harris, David",N. Subdiv.,,,,,,2022-02-17 20:33:38,2022-02-17 20:33:38
186,augusta,1860,G. M.,Cochran,Staunton,"Hawk, A.",N. Subdiv.,3,1,2,2,1,2022-02-17 20:33:38,2022-02-17 20:33:38
187,augusta,1860,[?],Townhouse[?],N. Subdiv.,"Houseman, James W.",N. Subdiv.,1,,1,,1,2022-02-17 20:33:38,2022-02-17 20:33:38
188,augusta,1860,Wallace,[?] Estate,Albemarle Co.,J. S.,N. Subdiv.,1,1,,,1,2022-02-17 20:33:38,2022-02-17 20:33:38
189,augusta,1860,Gentry,Capt. [?],Albemarle Co.,James N.,N. Subdiv.,1,1,,1,,2022-02-17 20:33:38,2022-02-17 20:33:38
190,augusta,1860,Brown,"Bancroft, Dr.",Albemarle Co.,John,N. Subdiv.,1,1,,,1,2022-02-17 20:33:38,2022-02-17 20:33:38
191,augusta,1860,Craft,[?],Albemarle Co.,John,N. Subdiv.,1,1,,1,,2022-02-17 20:33:38,2022-02-17 20:33:38
192,augusta,1860,Brown,"Shelton, Dr.",N. Subdiv.,John,N. Subdiv.,1,,,,1,2022-02-17 20:33:38,2022-02-17 20:33:38
193,augusta,1860,Sarah,Bolden,N. Subdiv.,"Johnson, William P.",N. Subdiv.,1,1,,,1,2022-02-17 20:33:38,2022-02-17 20:33:38
194,augusta,1860,Bush[?],[?],Albemarle Co.,Joseph[?] and A.[?]C.[?],N. Subdiv.,1,1,,1,,2022-02-17 20:33:38,2022-02-17 20:33:38
195,augusta,1860,M.,Bear,N. Subdiv.,"King, C. M.",N. Subdiv.,1,1,,1,,2022-02-17 20:33:38,2022-02-17 20:33:38
196,augusta,1860,D.,Fishburne,N. Subdiv.,"Koiner, Daniel",N. Subdiv.,1,1,,,1,2022-02-17 20:33:38,2022-02-17 20:33:38
197,augusta,1860,Widow[?],Smith,N. Subdiv.,"Koiner, Daniel",N. Subdiv.,1,1,,1,,2022-02-17 20:33:38,2022-02-17 20:33:38
198,augusta,1860,Samuel,Yount,N. Subdiv.,"Koiner, Elizabeth",N. Subdiv.,1,1,,,1,2022-02-17 20:33:38,2022-02-17 20:33:38
199,augusta,1860,George,Koiner,N. Subdiv.,"Koiner, Elizabeth",N. Subdiv.,2,2,,2,,2022-02-17 20:33:38,2022-02-17 20:33:38
200,augusta,1860,A.,Dole,1st District,"Lange, William",N. Subdiv.,1,1,,1,,2022-02-17 20:33:38,2022-02-17 20:33:38
201,augusta,1860,J. A.,Waddel,Staunton,"Lange, William",N. Subdiv.,5,5,,1,4,2022-02-17 20:33:38,2022-02-17 20:33:38
202,augusta,1860,J.,Lawrence's estate,1st District,"Lange, William",N. Subdiv.,1,1,,,1,2022-02-17 20:33:38,2022-02-17 20:33:38
203,augusta,1860,K.,Turk,N. Subdiv.,"Lenard, John",N. Subdiv.,1,1,,,1,2022-02-17 20:33:38,2022-02-17 20:33:38
204,augusta,1860,J. C.,Crawford,N. Subdiv.,"McClung, William H.",N. Subdiv.,2,1,1,1,1,2022-02-17 20:33:38,2022-02-17 20:33:38
205,augusta,1860,T. C.,Stout,N. Subdiv.,"Mitchell, R.",N. Subdiv.,1,1,,,1,2022-02-17 20:33:38,2022-02-17 20:33:38
206,augusta,1860,G.,Kemper,N. Subdiv.,"Mohler, Abram",N. Subdiv.,1,1,,1,,2022-02-17 20:33:38,2022-02-17 20:33:38
207,augusta,1860,S. F.,Taylor,Staunton,"Moore, F.",N. Subdiv.,1,1,,,1,2022-02-17 20:33:38,2022-02-17 20:33:38
208,augusta,1860,H. L.,Shires,N. Subdiv.,"Myers, Isaac",N. Subdiv.,1,1,,1,,2022-02-17 20:33:38,2022-02-17 20:33:38
209,augusta,1860,James,Walker,Pulaski Co.,"Nelson, W. J.",N. Subdiv.,1,,1,,1,2022-02-17 20:33:38,2022-02-17 20:33:38
210,augusta,1860,Mary A.,Kinney,Staunton,"Nelson, William",N. Subdiv.,3,3,,3,,2022-02-17 20:33:38,2022-02-17 20:33:38
211,augusta,1860,A.,Mapie[?],N. Subdiv.,Patrick William,N. Subdiv.,2,2,,1,1,2022-02-17 20:33:38,2022-02-17 20:33:38
212,augusta,1860,H. H.,Peck,Staunton,"Peck, Bill",N. Subdiv.,1,1,,,1,2022-02-17 20:33:38,2022-02-17 20:33:38
213,augusta,1860,William,Chapman,Staunton,"Perkins, J. J.",N. Subdiv.,5,2,3,2,3,2022-02-17 20:33:38,2022-02-17 20:33:38
214,augusta,1860,C. W.,Stoney,N. Subdiv.,"Plecker, Samuel",N. Subdiv.,2,1,1,1,1,2022-02-17 20:33:38,2022-02-17 20:33:38
215,augusta,1860,T.,Berry,N. Subdiv.,"Price, A. H.",N. Subdiv.,1,1,,,1,2022-02-17 20:33:38,2022-02-17 20:33:38
216,augusta,1860,Z.,McChesney,N. Subdiv.,"Reeder[?], John W.",N. Subdiv.,1,1,,1,,2022-02-17 20:33:38,2022-02-17 20:33:38
217,augusta,1860,Mrs.,Owen,Albemarle Co.,"Richardson, W. S.",N. Subdiv.,1,1,,,1,2022-02-17 20:33:38,2022-02-17 20:33:38
218,augusta,1860,Jack,Smith,Nelson Co.,"Richardson, W. S.",N. Subdiv.,1,,1,1,,2022-02-17 20:33:38,2022-02-17 20:33:38
219,augusta,1860,Lydia J.,[?],N. Subdiv.,"Rider, George",N. Subdiv.,1,1,,1,,2022-02-17 20:33:38,2022-02-17 20:33:38
220,augusta,1860,Hunsberger,"Lincoln, Mr.",Rockingham,Robert,N. Subdiv.,1,1,,,1,2022-02-17 20:33:38,2022-02-17 20:33:38
221,augusta,1860,Rudolph,Turk,Staunton,"Robertson, G. C.",N. Subdiv.,4,4,,2,2,2022-02-17 20:33:38,2022-02-17 20:33:38
222,augusta,1860,[?],McCue,N. Subdiv.,"Rogers, William",N. Subdiv.,1,1,,,1,2022-02-17 20:33:38,2022-02-17 20:33:38
223,augusta,1860,[?],Farmer,N. Subdiv.,"Roudebush, John",N. Subdiv.,1,,1,,1,2022-02-17 20:33:38,2022-02-17 20:33:38
224,augusta,1860,#,Gamble,N. Subdiv.,"Seig, David",N. Subdiv.,1,1,,1,,2022-02-17 20:33:38,2022-02-17 20:33:38
225,augusta,1860,William,Young,Rockingham,"Sellers, John",N. Subdiv.,1,1,,,1,2022-02-17 20:33:38,2022-02-17 20:33:38
226,augusta,1860,Col. S. D.,Crawford,N. Subdiv.,"Shaver, Adam",N. Subdiv.,2,1,1,1,1,2022-02-17 20:33:38,2022-02-17 20:33:38
227,augusta,1860,S.,Bell,N. Subdiv.,"Shumate, William",N. Subdiv.,1,1,,,1,2022-02-17 20:33:38,2022-02-17 20:33:38
228,augusta,1860,William,Harden,N. Subdiv.,"Smith, B. H.",N. Subdiv.,1,,1,1,,2022-02-17 20:33:38,2022-02-17 20:33:38
229,augusta,1860,[?],Johnston,N. Subdiv.,"Smith, James",N. Subdiv.,1,1,,,1,2022-02-17 20:33:38,2022-02-17 20:33:38
230,augusta,1860,Sarah E.,Warden,Staunton,"Spark, R.",N. Subdiv.,1,1,,1,,2022-02-17 20:33:38,2022-02-17 20:33:38
231,augusta,1860,G.,Koiner,N. Subdiv.,"Staubur, H. S.",N. Subdiv.,1,1,,1,,2022-02-17 20:33:38,2022-02-17 20:33:38
232,augusta,1860,John H.,Timberlake,Albemarle Co.,"Stephens, Joseph H.",N. Subdiv.,2,1,1,1,1,2022-02-17 20:33:38,2022-02-17 20:33:38
233,augusta,1860,W.,Smith,N. Subdiv.,"Stover, J. G.",N. Subdiv.,1,1,,1,,2022-02-17 20:33:38,2022-02-17 20:33:38
234,augusta,1860,John,McCue,N. Subdiv.,,,19,11,8,10,9,2022-02-17 20:33:38,2022-02-17 20:33:38
235,augusta,1860,H. H.,Peck,Staunton,"Stranger[?], J.",N. Subdiv.,1,1,,1,,2022-02-17 20:33:38,2022-02-17 20:33:38
236,augusta,1860,J.,"Stout, Estate of",Albemarle Co.,T. G.,N. Subdiv.,3,3,,1,2,2022-02-17 20:33:38,2022-02-17 20:33:38
237,augusta,1860,Antrim,"Rhodes, Mrs. E.",Nelson Co.,Thomas H.,N. Subdiv.,2,,2,1,1,2022-02-17 20:33:38,2022-02-17 20:33:38
238,augusta,1860,Rudolph,Turk,Staunton,"Turk, J. G.",N. Subdiv.,2,2,,,2,2022-02-17 20:33:38,2022-02-17 20:33:38
239,augusta,1860,J. B.,Eward[?],Louisa Co.,Va. C.R.R. Co.,N. Subdiv.,1,1,,,1,2022-02-17 20:33:38,2022-02-17 20:33:38
240,augusta,1860,J. S.,[?],Spotsylvania,Va. C.R.R. Co.,N. Subdiv.,1,1,,,1,2022-02-17 20:33:38,2022-02-17 20:33:38
241,augusta,1860,C.,Shawkins,N. Subdiv.,Va. C.R.R. Co.,N. Subdiv.,1,1,,,1,2022-02-17 20:33:38,2022-02-17 20:33:38
242,augusta,1860,C. R.,Mason,Staunton,unnamed RR.,Alleghany Co.,18,,,,,2022-02-17 20:33:38,2022-02-17 20:33:38
243,augusta,1860,M. G.,Harman,Staunton,"Pitman, J. M.",Allleghany Co.,1,1,,1,,2022-02-17 20:33:38,2022-02-17 20:33:38
244,augusta,1860,Benjamin,Crawford,Staunton,at farm,Bath Co.,1,1,,1,,2022-02-17 20:33:38,2022-02-17 20:33:38
245,augusta,1860,Maria,Sheffey,Staunton,"Crawford, H.",Bath Co.,1,,1,,1,2022-02-17 20:33:38,2022-02-17 20:33:38
246,augusta,1860,Robert J.,[?],Staunton,"Humphrys, D.",Fluvana Co,1,1,,1,,2022-02-17 20:33:38,2022-02-17 20:33:38
247,augusta,1860,Owen,Morris,Staunton,"Gordon, Dr. W. H.",Goochland Co.,3,2,1,,3,2022-02-17 20:33:38,2022-02-17 20:33:38
248,augusta,1860,M. B.,Breckenridge,Staunton,"Hall, F. H.",Highland Co,1,1,,,1,2022-02-17 20:33:38,2022-02-17 20:33:38
249,augusta,1860,T.,Gibson,N. Subdiv.,,N. Subdiv.,1,1,,,1,2022-02-17 20:33:38,2022-02-17 20:33:38
250,augusta,1860,Nelson,Widow Kenney,Staunton,,N. Subdiv.,1,1,,,1,2022-02-17 20:33:38,2022-02-17 20:33:38
251,augusta,1860,[?]emp.,"Crawford, Mrs. J.",N. Subdiv.,,N. Subdiv.,1,1,,,1,2022-02-17 20:33:38,2022-02-17 20:33:38
252,augusta,1860,George,Lewis,Rockingham,,N. Subdiv.,1,1,,,1,2022-02-17 20:33:38,2022-02-17 20:33:38
253,augusta,1860,Dr.,Moormann,N. Subdiv.,,N. Subdiv.,1,1,,,1,2022-02-17 20:33:38,2022-02-17 20:33:38
254,augusta,1860,,"Maury[?], Mrs.",N. Subdiv.,,N. Subdiv.,1,1,,,1,2022-02-17 20:33:38,2022-02-17 20:33:38
255,augusta,1860,Mag. J.,Walker,N. Subdiv.,,N. Subdiv.,1,1,,,1,2022-02-17 20:33:38,2022-02-17 20:33:38
256,augusta,1860,James,Stribling,Staunton,,N. Subdiv.,1,1,,,1,2022-02-17 20:33:38,2022-02-17 20:33:38
257,augusta,1860,Crickenberger,[?],N. Subdiv.,,N. Subdiv.,1,1,,1,,2022-02-17 20:33:38,2022-02-17 20:33:38
258,augusta,1860,J. W.,Bell,N. Subdiv.,,N. Subdiv.,1,1,,1,,2022-02-17 20:33:38,2022-02-17 20:33:38
259,augusta,1860,Mrs.,Nelson,N. Subdiv.,,N. Subdiv.,1,1,,1,,2022-02-17 20:33:38,2022-02-17 20:33:38
260,augusta,1860,Dr. T.,Kenney,N. Subdiv.,,N. Subdiv.,1,1,,1,,2022-02-17 20:33:38,2022-02-17 20:33:38
261,augusta,1860,,"Warden, Mrs.",Staunton,,N. Subdiv.,1,1,,1,,2022-02-17 20:33:38,2022-02-17 20:33:38
262,augusta,1860,D. D.,Coiner,N. Subdiv.,,N. Subdiv.,1,1,,1,,2022-02-17 20:33:38,2022-02-17 20:33:38
263,augusta,1860,Martha,Coiner,N. Subdiv.,,N. Subdiv.,1,,1,1,,2022-02-17 20:33:38,2022-02-17 20:33:38
264,augusta,1860,Mrs. A.C.,Wallace,N. Subdiv.,,N. Subdiv.,1,,1,1,,2022-02-17 20:33:38,2022-02-17 20:33:38
265,augusta,1860,Mrs. Sanderson,Dudley,N. Subdiv.,,N. Subdiv.,2,1,1,1,1,2022-02-17 20:33:38,2022-02-17 20:33:38
266,augusta,1860,[?],Humphrey,N. Subdiv.,,N. Subdiv.,2,,2,2,,2022-02-17 20:33:38,2022-02-17 20:33:38
267,augusta,1860,James,Bowes,Albemarle Co.,"[?], Peter",N. Subdiv.,1,1,,1,,2022-02-17 20:33:38,2022-02-17 20:33:38
268,augusta,1860,Mary,Warden,Staunton,"[?], S.",N. Subdiv.,3,3,,3,,2022-02-17 20:33:38,2022-02-17 20:33:38
269,augusta,1860,Patrick,Moffett,Albemarle Co.,"Alexander, Cyrus",N. Subdiv.,1,1,,,1,2022-02-17 20:33:38,2022-02-17 20:33:38
270,augusta,1860,William,Smith,Nelson Co.,"Alexander, William B.",N. Subdiv.,1,1,,1,,2022-02-17 20:33:38,2022-02-17 20:33:38
271,augusta,1860,James,Smith,N. Subdiv.,"Anderson, Abraham",N. Subdiv.,3,,3,2,1,2022-02-17 20:33:38,2022-02-17 20:33:38
272,augusta,1860,Carter,Berkeley,Staunton,"Anderson, W. D.",N. Subdiv.,4,2,2,2,2,2022-02-17 20:33:38,2022-02-17 20:33:38
273,augusta,1860,F. M.,Saytin,Rockingham,"Antrim, Thomas H.",N. Subdiv.,1,1,,1,,2022-02-17 20:33:38,2022-02-17 20:33:38
274,augusta,1860,Owen,Morris,Staunton,at farm,N. Subdiv.,13,13,,4,9,2022-02-17 20:33:38,2022-02-17 20:33:38
275,augusta,1860,Owen,Morris,Staunton,at farm,N. Subdiv.,5,4,1,4,1,2022-02-17 20:33:38,2022-02-17 20:33:38
276,augusta,1860,S. B.,Kerr,N. Subdiv.,"Bell, S. H.",N. Subdiv.,1,1,,,1,2022-02-17 20:33:38,2022-02-17 20:33:38
277,augusta,1860,J.,Waigt,Staunton,"Bell, W. I. D.",N. Subdiv.,1,1,,1,,2022-02-17 20:33:38,2022-02-17 20:33:38
278,augusta,1860,William,Harris,Missouri,"Bonds, Ruben",N. Subdiv.,1,1,,1,,2022-02-17 20:33:38,2022-02-17 20:33:38
279,augusta,1860,S. F.,Taylor,Staunton,"Brown, F. B.",N. Subdiv.,3,3,,1,2,2022-02-17 20:33:38,2022-02-17 20:33:38
280,augusta,1860,Solomon,Gibson,N. Subdiv.,"Brown, John",N. Subdiv.,1,,,,1,2022-02-17 20:33:38,2022-02-17 20:33:38
281,augusta,1860,Joseph,Smith,N. Subdiv.,"Bumgardner, John",N. Subdiv.,2,,2,1,1,2022-02-17 20:33:38,2022-02-17 20:33:38
282,augusta,1860,T.,Johnston,N. Subdiv.,"Calbreath, Z. F.",N. Subdiv.,1,1,,1,,2022-02-17 20:33:38,2022-02-17 20:33:38
283,augusta,1860,Crouse[?],[?],N. Subdiv.,Catherine,N. Subdiv.,1,,1,1,,2022-02-17 20:33:38,2022-02-17 20:33:38
284,augusta,1860,Rudolph,Turk,Staunton,"Cline, Samuel",N. Subdiv.,1,1,,,1,2022-02-17 20:33:38,2022-02-17 20:33:38
285,augusta,1860,G. M.,Cochran,Staunton,"Cochran, William",N. Subdiv.,22,13,9,12,10,2022-02-17 20:33:38,2022-02-17 20:33:38
286,augusta,1860,James,Cochran,N. Subdiv.,"Crawford, Benjamin",N. Subdiv.,2,2,,,2,2022-02-17 20:33:38,2022-02-17 20:33:38
287,augusta,1860,Benjamin,Crawford,Staunton,"Crawford, W.",N. Subdiv.,1,,1,1,,2022-02-17 20:33:38,2022-02-17 20:33:38
288,augusta,1860,Peter,Sampson,N. Subdiv.,"Creamer, William",N. Subdiv.,1,1,,1,,2022-02-17 20:33:38,2022-02-17 20:33:38
289,augusta,1860,Benjamin,Crawford,Staunton,"Donaghue, William",N. Subdiv.,1,,1,,1,2022-02-17 20:33:38,2022-02-17 20:33:38
290,augusta,1860,[?],Bridgarden[?],N. Subdiv.,"Eakle[?], C.",N. Subdiv.,1,1,,,1,2022-02-17 20:33:38,2022-02-17 20:33:38
291,augusta,1860,Sherry,[?],N. Subdiv.,Elizabeth,N. Subdiv.,1,1,,1,,2022-02-17 20:33:38,2022-02-17 20:33:38
292,augusta,1860,,Trimble,N. Subdiv.,"Ewritt, W. J.",N. Subdiv.,1,,1,,1,2022-02-17 20:33:38,2022-02-17 20:33:38
293,augusta,1860,Sarah,Fuller,Staunton,"Fishburn, P.",N. Subdiv.,2,,2,1,1,2022-02-17 20:33:38,2022-02-17 20:33:38
294,augusta,1860,Jacob,Smith,Nelson Co.,"Gainer, G. W.",N. Subdiv.,1,1,,,1,2022-02-17 20:33:38,2022-02-17 20:33:38
295,augusta,1860,Koiner,"Cluey, Mrs.",N. Subdiv.,George K.,N. Subdiv.,1,1,,,1,2022-02-17 20:33:38,2022-02-17 20:33:38
296,augusta,1860,T.,Collins,N. Subdiv.,George W.,N. Subdiv.,1,1,,1,,2022-02-17 20:33:38,2022-02-17 20:33:38
297,augusta,1860,J.,Argenbright,N. Subdiv.,"Greaver, R. P.",N. Subdiv.,1,1,,,1,2022-02-17 20:33:38,2022-02-17 20:33:38
298,augusta,1860,William J.,Kiger[?],N. Subdiv.,H. Eidson Trusteee,N. Subdiv.,1,,1,,1,2022-02-17 20:33:38,2022-02-17 20:33:38
299,augusta,1860,Mary,Warden,Staunton,"Hanger, P.",N. Subdiv.,1,1,,1,,2022-02-17 20:33:38,2022-02-17 20:33:38
300,augusta,1860,William H.,Harman,Staunton,"Harman, A. W.",N. Subdiv.,1,1,,1,,2022-02-17 20:33:38,2022-02-17 20:33:38
301,augusta,1860,Mary A.,Kerr,1st District,"Dunlap, Robert B.",1st District,2,2,,,2,2022-02-17 20:33:38,2022-02-17 20:33:38
302,augusta,1860,Elizabeth,Craig,1st District,"Ferguson, Benjamin C.",1st District,4,3,1,3,1,2022-02-17 20:33:38,2022-02-17 20:33:38
303,augusta,1860,St. Clair,Young,1st District,"Fix, Joseph",1st District,1,1,,,1,2022-02-17 20:33:38,2022-02-17 20:33:38
304,augusta,1860,G. M.,Cochran,Staunton,"Gallagher, H.",1st District,1,1,,1,,2022-02-17 20:33:38,2022-02-17 20:33:38
305,augusta,1860,Sarah E.,Warden,Staunton,"Garding, E.",1st District,1,,1,,1,2022-02-17 20:33:38,2022-02-17 20:33:38
306,augusta,1860,Robert,McNutt,1st District,"Gold, Eliza",1st District,1,1,,1,,2022-02-17 20:33:38,2022-02-17 20:33:38
307,augusta,1860,William,Weller,Spotsylvania,"Golladay, Jonathan",1st District,2,2,,1,1,2022-02-17 20:33:38,2022-02-17 20:33:38
308,augusta,1860,A. K.,Frost,Staunton,"Gray, C. S.",1st District,4,4,,4,,2022-02-17 20:33:38,2022-02-17 20:33:38
309,augusta,1860,"Jacob, Moffett",Argenbright,1st District,Hays,1st District,2,2,,,2,2022-02-17 20:33:38,2022-02-17 20:33:38
310,augusta,1860,Henry,Fulton,1st District,"Henry, James",1st District,1,,,,1,2022-02-17 20:33:38,2022-02-17 20:33:38
311,augusta,1860,A.,Gilkerson,Staunton,"Holt, S.",1st District,1,1,,,1,2022-02-17 20:33:38,2022-02-17 20:33:38
312,augusta,1860,Andrew,Carlson,Brownsby[?],James McKenny,1st District,1,1,,,1,2022-02-17 20:33:38,2022-02-17 20:33:38
313,augusta,1860,Pelter,Bailey,1st District,Joseph,1st District,1,1,,,1,2022-02-17 20:33:38,2022-02-17 20:33:38
314,augusta,1860,Mitchell,Chilton,1st District,Joseph F.,1st District,3,2,1,1,2,2022-02-17 20:33:38,2022-02-17 20:33:38
315,augusta,1860,Mary,Mitchell,1st District,Joseph F.,1st District,2,,2,1,1,2022-02-17 20:33:38,2022-02-17 20:33:38
316,augusta,1860,Robert,McNutt,1st District,Joseph McFadden,1st District,1,1,,,1,2022-02-17 20:33:38,2022-02-17 20:33:38
317,augusta,1860,James W.,Calhoon,1st District,"Kincade, James A.",1st District,1,1,,1,,2022-02-17 20:33:38,2022-02-17 20:33:38
318,augusta,1860,James,Stribling,Staunton,"Kinney, J.",1st District,1,,1,,1,2022-02-17 20:33:38,2022-02-17 20:33:38
319,augusta,1860,,Brooks,1st District,"Kunkle, David",1st District,1,,1,,1,2022-02-17 20:33:38,2022-02-17 20:33:38
320,augusta,1860,Alexander,Waddell,1st District,"Lange, William H.",1st District,1,1,,,1,2022-02-17 20:33:38,2022-02-17 20:33:38
321,augusta,1860,Wright,Walton,Albemarle Co.,Linden,1st District,1,1,,,1,2022-02-17 20:33:38,2022-02-17 20:33:38
322,augusta,1860,Wright,Moppin,Albemarle Co.,Linden,1st District,1,1,,,1,2022-02-17 20:33:38,2022-02-17 20:33:38
323,augusta,1860,Wright,Bingham,Albemarle Co.,Linden,1st District,1,1,,,1,2022-02-17 20:33:38,2022-02-17 20:33:38
324,augusta,1860,Wright,Hope,Louisa[?],Linden,1st District,2,2,,,2,2022-02-17 20:33:38,2022-02-17 20:33:38
325,augusta,1860,Robert,Craig,1st District,"Lockridge, John",1st District,1,1,,1,,2022-02-17 20:33:38,2022-02-17 20:33:38
326,augusta,1860,James J.,Martin,1st District,"Martin, Libba[?]",1st District,1,1,,,1,2022-02-17 20:33:38,2022-02-17 20:33:38
327,augusta,1860,Patsy,Bratton,Augusta Co.,"Mays, Gabel[?]",1st District,1,,1,,1,2022-02-17 20:33:38,2022-02-17 20:33:38
328,augusta,1860,Maria,Strain,1st District,"McCutchen, Nancy L.",1st District,3,3,,1,2,2022-02-17 20:33:38,2022-02-17 20:33:38
329,augusta,1860,Luther,Emerson,1st District,"McCutchen, Philander",1st District,1,1,,,1,2022-02-17 20:33:38,2022-02-17 20:33:38
330,augusta,1860,William H.,Fulton,1st District,"Ott, Henry",1st District,1,1,,,1,2022-02-17 20:33:38,2022-02-17 20:33:38
331,augusta,1860,Robert C.,Duson[?],1st District,"Patterson, Alexander",1st District,6,,,,,2022-02-17 20:33:38,2022-02-17 20:33:38
332,augusta,1860,L.,Shaw,1st District,"Patterson, Alexander",1st District,1,1,,,1,2022-02-17 20:33:38,2022-02-17 20:33:38
333,augusta,1860,William S.,Wallace,Pittsylvania,"Patterson, Alexander",1st District,1,1,,,1,2022-02-17 20:33:38,2022-02-17 20:33:38
334,augusta,1860,John,Walton[?],1st District,"Patterson, Alexander",1st District,1,1,,,1,2022-02-17 20:33:38,2022-02-17 20:33:38
335,augusta,1860,John,Smith,,"Patterson, Alexander",1st District,1,,1,,1,2022-02-17 20:33:38,2022-02-17 20:33:38
336,augusta,1860,John,Shields,1st District,"Patterson, Alexander",1st District,1,,1,,1,2022-02-17 20:33:38,2022-02-17 20:33:38
337,augusta,1860,William,Smith,1st District,"Pelter, Joseph",1st District,1,1,,1,,2022-02-17 20:33:38,2022-02-17 20:33:38
338,augusta,1860,Dunlap,"Scott, James, heirs of",1st District,Robert B.,1st District,1,1,,1,,2022-02-17 20:33:38,2022-02-17 20:33:38
339,augusta,1860,R. G.,Baker,Staunton,"Rush, P.",1st District,1,,1,,1,2022-02-17 20:33:38,2022-02-17 20:33:38
340,augusta,1860,Richard,Young,1st District,"Shafer, Zebulon D.",1st District,1,1,,,1,2022-02-17 20:33:38,2022-02-17 20:33:38
341,augusta,1860,[?],McCrump[?],Fredericksburg,Shaw and Rimkle,1st District,1,1,,,1,2022-02-17 20:33:38,2022-02-17 20:33:38
342,augusta,1860,[?],Rollins,1st District,Shaw and Rimkle,1st District,1,1,,,1,2022-02-17 20:33:38,2022-02-17 20:33:38
343,augusta,1860,[?],Mosely,Rockbridge,Shaw and Rimkle,1st District,1,1,,,1,2022-02-17 20:33:38,2022-02-17 20:33:38
344,augusta,1860,John D.,Sterritt,1st District,Shaw and Rimkle,1st District,1,1,,,1,2022-02-17 20:33:38,2022-02-17 20:33:38
345,augusta,1860,Samuel,Andrews,Spotsylvania,Shaw and Rimkle,1st District,2,2,,,2,2022-02-17 20:33:38,2022-02-17 20:33:38
346,augusta,1860,R. S.,Coleman,Spotsylvania,Shaw and Rimkle,1st District,4,4,,,4,2022-02-17 20:33:38,2022-02-17 20:33:38
347,augusta,1860,Patsy,Bratton,Augusta Co.,Shaw and Rimkle,1st District,4,4,,2,2,2022-02-17 20:33:38,2022-02-17 20:33:38
348,augusta,1860,William S.,Waller,1st District,Shaw and Rimkle,1st District,7,7,,,7,2022-02-17 20:33:38,2022-02-17 20:33:38
349,augusta,1860,Barbara,Ochy,1st District,Shaw and Rimkle,1st District,1,1,,,1,2022-02-17 20:33:38,2022-02-17 20:33:38
350,augusta,1860,John,Clayton,1st District,Shaw and Rimkle,1st District,1,,,,1,2022-02-17 20:33:38,2022-02-17 20:33:38
351,augusta,1860,Elizabeth,Via,1st District,"Smith, William F.",1st District,1,1,,,1,2022-02-17 20:33:38,2022-02-17 20:33:38
352,augusta,1860,Sarah E.,Warden,Staunton,"Spark, D.",1st District,2,2,,2,,2022-02-17 20:33:38,2022-02-17 20:33:38
353,augusta,1860,Henry,Eidson,1st District,St. Francis C. Roberts,1st District,1,1,,1,,2022-02-17 20:33:38,2022-02-17 20:33:38
354,augusta,1860,Rudolph,Turk,Staunton,"Touford, J.",1st District,1,1,,,1,2022-02-17 20:33:38,2022-02-17 20:33:38
355,augusta,1860,Robert,McCutchen,1st District,"Wallace, Renfast[?]",1st District,1,1,,,1,2022-02-17 20:33:38,2022-02-17 20:33:38
356,augusta,1860,Fannie,Bashaw,1st District,"Woodward, Ephraim",1st District,1,1,,1,,2022-02-17 20:33:38,2022-02-17 20:33:38
357,augusta,1860,S. F.,Taylor,Staunton,"Foster, I.",Albemarle,1,2,,2,,2022-02-17 20:33:38,2022-02-17 20:33:38
358,augusta,1860,George H.,Mitchell,1st District,,,11,1,10,6,7,2022-02-17 20:33:38,2022-02-17 20:33:38
359,augusta,1860,Alexander,Walker,N. Subdiv.,,,15,5,10,9,6,2022-02-17 20:33:38,2022-02-17 20:33:38
360,augusta,1860,William,Kinney,Staunton,,,15,5,10,9,6,2022-02-17 20:33:38,2022-02-17 20:33:38
361,augusta,1860,Walter,Davis,1st District,,,17,7,10,8,9,2022-02-17 20:33:38,2022-02-17 20:33:38
362,augusta,1860,Robert,McCormick,1st District,,,11,,11,5,6,2022-02-17 20:33:38,2022-02-17 20:33:38
363,augusta,1860,James,McClung,1st District,,,16,5,11,8,8,2022-02-17 20:33:38,2022-02-17 20:33:38
364,augusta,1860,Mrs. F. P.,Lipscomb,1st District,,,22,11,11,12,10,2022-02-17 20:33:38,2022-02-17 20:33:38
365,augusta,1860,"Zechariah, Jr.",McChesney,1st District,,,22,11,11,14,8,2022-02-17 20:33:38,2022-02-17 20:33:38
366,augusta,1860,Aaron E.,Bledsoe,Staunton,,,14,2,12,8,4,2022-02-17 20:33:38,2022-02-17 20:33:38
367,augusta,1860,Braxton,Davis,N. Subdiv.,,,18,5,13,8,10,2022-02-17 20:33:38,2022-02-17 20:33:38
368,augusta,1860,John W.,Wilson,1st District,,,25,12,13,19,6,2022-02-17 20:33:38,2022-02-17 20:33:38
369,augusta,1860,S. P.,Thompson,Staunton,,,21,7,14,12,9,2022-02-17 20:33:38,2022-02-17 20:33:38
370,augusta,1860,William P.,Tate,1st District,,,22,8,14,10,12,2022-02-17 20:33:38,2022-02-17 20:33:38
371,augusta,1860,Samuel F.,Pilson,1st District,,,15,,15,11,4,2022-02-17 20:33:38,2022-02-17 20:33:38
372,augusta,1860,John,Alexander,1st District,,,29,11,18,8,21,2022-02-17 20:33:38,2022-02-17 20:33:38
373,augusta,1860,Joseph,Smith,1st District,,,46,26,20,20,26,2022-02-17 20:33:38,2022-02-17 20:33:38
374,augusta,1860,William,Miller,1st District,,,4,,31,3,1,2022-02-17 20:33:38,2022-02-17 20:33:38
375,augusta,1860,Benjamin F.,Hailman,1st District,,,8,,62,3,5,2022-02-17 20:33:38,2022-02-17 20:33:38
376,augusta,1860,George A.,Gidings,N. Subdiv.[?],,,,,,1,1,2022-02-17 20:33:38,2022-02-17 20:33:38
377,augusta,1860,John H.,Ast,Staunton,,,6,,,3,3,2022-02-17 20:33:38,2022-02-17 20:33:38
378,augusta,1860,,,,,,,,,,,2022-02-17 20:33:38,2022-02-17 20:33:38
379,augusta,1860,E. A. and Mosby,Taylor,Staunton,A. M.,,8,8,,4,4,2022-02-17 20:33:38,2022-02-17 20:33:38
380,augusta,1860,Benjamin,Crawford,Staunton,"Cochran, C. T.",,1,,,1,,2022-02-17 20:33:38,2022-02-17 20:33:38
381,augusta,1860,Henry,Eidson,1st District,"King, Alpheus L.",,4,4,,2,2,2022-02-17 20:33:38,2022-02-17 20:33:38
382,augusta,1860,,"Hanger, Jr.",N. Subdiv.,Peter,,4,2,2,3,1,2022-02-17 20:33:38,2022-02-17 20:33:38
383,augusta,1860,Nelson,Hatter,1st District,Shaw and Rimkle,,1,1,,,1,2022-02-17 20:33:38,2022-02-17 20:33:38
384,augusta,1860,,"Swope, Jr.",1st District,Washington,,3,3,,1,2,2022-02-17 20:33:38,2022-02-17 20:33:38
385,augusta,1860,James,Ramsey,1st District,William & Samuel,,7,7,,3,4,2022-02-17 20:33:38,2022-02-17 20:33:38
386,augusta,1860,S.,Waddel,Staunton,"Woods, John K.",,3,,3,2,1,2022-02-17 20:33:38,2022-02-17 20:33:38
387,augusta,1860,Rev. William,Calhoon,1st District,"Brown, Robert P.",1st District,1,1,,,1,2022-02-17 20:33:38,2022-02-17 20:33:38
388,augusta,1860,Shaw,[?],Louisa Co.,"Lorenzo and Rimkle, [?]",1st District,1,1,,,1,2022-02-17 20:33:38,2022-02-17 20:33:38
389,augusta,1860,James,Calhoon,1st District,"Swope, Washington",1st District,1,,1,,1,2022-02-17 20:33:38,2022-02-17 20:33:38
390,augusta,1860,I. I. A.,Trotter,Staunton,,1st District,1,1,,1,,2022-02-17 20:33:38,2022-02-17 20:33:38
391,augusta,1860,A.,Gilkerson,Staunton,"[?], D. V.",1st District,1,1,,,1,2022-02-17 20:33:38,2022-02-17 20:33:38
392,augusta,1860,Sarah,Fuller,Staunton,"[?], H. H.",1st District,1,,1,,1,2022-02-17 20:33:38,2022-02-17 20:33:38
393,augusta,1860,A.,Gilkerson,Staunton,"[?], I.",1st District,1,1,,,1,2022-02-17 20:33:38,2022-02-17 20:33:38
394,augusta,1860,Francis,McChesney,1st District,"Arehart, Andrew",1st District,1,1,,1,,2022-02-17 20:33:38,2022-02-17 20:33:38
395,augusta,1860,Alexander S.,Young,1st District,"Armstrong, William",1st District,1,,1,1,,2022-02-17 20:33:38,2022-02-17 20:33:38
396,augusta,1860,Patsy,Bratton,Augusta Co.,"Armstrong, William",1st District,1,,1,,1,2022-02-17 20:33:38,2022-02-17 20:33:38
397,augusta,1860,G. M.,Cochran,Staunton,at farm,1st District,1,1,,,1,2022-02-17 20:33:38,2022-02-17 20:33:38
398,augusta,1860,[?],Mapie[?],1st District,"Bateman, Eliza",1st District,1,1,,1,,2022-02-17 20:33:38,2022-02-17 20:33:38
399,augusta,1860,William S. H.,Baylor,Staunton,"Baylor, L[?]",1st District,2,1,1,,2,2022-02-17 20:33:38,2022-02-17 20:33:38
400,augusta,1860,James K.,Montgomery,1st District,"Beck, Jacob",1st District,1,1,,,1,2022-02-17 20:33:38,2022-02-17 20:33:38
401,augusta,1860,Milton,Moffett,1st District,"Bell, James F.",1st District,1,1,,1,,2022-02-17 20:33:38,2022-02-17 20:33:38
402,augusta,1860,William,Coleman,1st District,Brown Robert R.,1st District,1,1,,,1,2022-02-17 20:33:38,2022-02-17 20:33:38
403,augusta,1860,Thomas,Bledsoe,Staunton,"Brown, J. D.",1st District,2,2,,2,,2022-02-17 20:33:38,2022-02-17 20:33:38
404,augusta,1860,Eliza,Hogshead,1st District,"Brown, James",1st District,2,2,,2,,2022-02-17 20:33:38,2022-02-17 20:33:38
405,augusta,1860,John A.,Davidson,1st District,"Brown, Rebecca",1st District,2,2,,1,1,2022-02-17 20:33:38,2022-02-17 20:33:38
406,augusta,1860,William,Kinney,Staunton,"Brown, S. D.",1st District,1,1,,,1,2022-02-17 20:33:38,2022-02-17 20:33:38
407,augusta,1860,James,Wright,1st District,"Buchanan, William",1st District,1,1,,1,,2022-02-17 20:33:38,2022-02-17 20:33:38
408,augusta,1860,Harvey,Fulton,1st District,"Clayton, Thomas",1st District,1,1,,,1,2022-02-17 20:33:38,2022-02-17 20:33:38
409,augusta,1860,Benjamin,Crawford,Staunton,"Cochran, J.",1st District,1,,1,1,,2022-02-17 20:33:38,2022-02-17 20:33:38
410,augusta,1860,Jacob,Argenbright,1st District,"Cook, David",1st District,1,1,,1,,2022-02-17 20:33:38,2022-02-17 20:33:38
411,augusta,1860,"Nelson,Dorristers",Bell,Rockbridge,Cornelius,1st District,1,1,,1,,2022-02-17 20:33:38,2022-02-17 20:33:38
412,augusta,1860,Margaret,Eddings,N. Subdiv.,,,1,1,,,1,2022-02-17 20:33:38,2022-02-17 20:33:38
413,augusta,1860,William,Clayton,1st District,"Crawford, Baxter",1st District,1,,1,1,,2022-02-17 20:33:38,2022-02-17 20:33:38
414,augusta,1860,J. A.,Waddel,Staunton,"Crawford, J.",1st District,1,1,,,1,2022-02-17 20:33:38,2022-02-17 20:33:38
415,augusta,1860,Mrs. Ann,Wallace,Staunton,"Crawford, M.",1st District,1,1,,,1,2022-02-17 20:33:38,2022-02-17 20:33:38
416,augusta,1860,A.,Gilkerson,Staunton,"Crawford, M.",1st District,3,3,,1,2,2022-02-17 20:33:38,2022-02-17 20:33:38
417,augusta,1860,John,Cocharan,1st District,"Dull, Cornelius",1st District,1,1,,,1,2022-02-17 20:33:38,2022-02-17 20:33:38
418,augusta,1860,John S.,[?],Louisa Co.,"Dull, Cornelius",1st District,1,1,,,1,2022-02-17 20:33:38,2022-02-17 20:33:38
419,augusta,1860,Charles,McClung,N. Subdiv.,,,9,4,5,2,7,2022-02-17 20:33:38,2022-02-17 20:33:38
420,augusta,1860,Jacob,Coiner,N. Subdiv.,,,9,4,5,3,6,2022-02-17 20:33:38,2022-02-17 20:33:38
421,augusta,1860,Thomas P.,Wilson,N. Subdiv.,,,9,4,5,4,5,2022-02-17 20:33:38,2022-02-17 20:33:38
422,augusta,1860,William,Patrick,N. Subdiv.,,,9,4,5,4,5,2022-02-17 20:33:38,2022-02-17 20:33:38
423,augusta,1860,James,Gilkeson,1st District,,,9,4,5,5,4,2022-02-17 20:33:38,2022-02-17 20:33:38
424,augusta,1860,Anthony D.,Wren,1st District,,,10,5,5,4,6,2022-02-17 20:33:38,2022-02-17 20:33:38
425,augusta,1860,Elisabeth,Ellis,1st District,,,10,5,5,5,5,2022-02-17 20:33:38,2022-02-17 20:33:38
426,augusta,1860,G. B. (and Co.[?]),Stuart,1st District,,,11,6,5,3,8,2022-02-17 20:33:38,2022-02-17 20:33:38
427,augusta,1860,John D.,Brown,1st District,,,12,7,5,5,7,2022-02-17 20:33:38,2022-02-17 20:33:38
428,augusta,1860,Willam,Kerr,1st District,,,14,9,5,6,8,2022-02-17 20:33:38,2022-02-17 20:33:38
429,augusta,1860,W. W.,King,N. Subdiv.,,,16,11,5,9,7,2022-02-17 20:33:38,2022-02-17 20:33:38
430,augusta,1860,James W.,Patrick,N. Subdiv.,,,17,12,5,8,9,2022-02-17 20:33:38,2022-02-17 20:33:38
431,augusta,1860,J. J.,Bell,N. Subdiv.,,,18,13,5,9,9,2022-02-17 20:33:38,2022-02-17 20:33:38
432,augusta,1860,Margaret A.,Crawford,1st District,,,22,17,5,10,12,2022-02-17 20:33:38,2022-02-17 20:33:38
433,augusta,1860,M. B.,Breckenridge,Staunton,,,23,18,5,12,11,2022-02-17 20:33:38,2022-02-17 20:33:38
434,augusta,1860,J. J.,"Woods, heirs of",Staunton,,,6,,6,3,3,2022-02-17 20:33:38,2022-02-17 20:33:38
435,augusta,1860,Jacob,Baylor,1st District,,,6,,6,4,2,2022-02-17 20:33:38,2022-02-17 20:33:38
436,augusta,1860,Jane S.,Hall,Staunton,,,6,,6,5,1,2022-02-17 20:33:38,2022-02-17 20:33:38
437,augusta,1860,J. C.,Cline,N. Subdiv.,,,7,1,6,4,3,2022-02-17 20:33:38,2022-02-17 20:33:38
438,augusta,1860,Sarah C.,Bouiland,N. Subdiv.,,,7,1,6,5,2,2022-02-17 20:33:38,2022-02-17 20:33:38
439,augusta,1860,Alexander S.,Young,1st District,,,8,2,6,4,4,2022-02-17 20:33:38,2022-02-17 20:33:38
440,augusta,1860,James,McComb,1st District,,,9,3,6,3,6,2022-02-17 20:33:38,2022-02-17 20:33:38
441,augusta,1860,Jefferson,Kinney,1st District,,,9,3,6,6,3,2022-02-17 20:33:38,2022-02-17 20:33:38
442,augusta,1860,Overton,Gibson,1st District,,,10,4,6,4,6,2022-02-17 20:33:38,2022-02-17 20:33:38
443,augusta,1860,D.,Gray,N. Subdiv.,,,10,4,6,6,4,2022-02-17 20:33:38,2022-02-17 20:33:38
444,augusta,1860,Abraham,Crist,1st District,,,11,5,6,3,8,2022-02-17 20:33:38,2022-02-17 20:33:38
445,augusta,1860,G. C.,Patterson,N. Subdiv.,,,11,5,6,5,6,2022-02-17 20:33:38,2022-02-17 20:33:38
446,augusta,1860,Alexander,Crawford,1st District,,,12,6,6,4,8,2022-02-17 20:33:38,2022-02-17 20:33:38
447,augusta,1860,Catherine,Mills,N. Subdiv.,,,13,7,6,3,10,2022-02-17 20:33:38,2022-02-17 20:33:38
448,augusta,1860,T. W.,McCue,N. Subdiv.,,,13,7,6,6,7,2022-02-17 20:33:38,2022-02-17 20:33:38
449,augusta,1860,Zechariah,McChesney,1st District,,,14,8,6,7,7,2022-02-17 20:33:38,2022-02-17 20:33:38
450,augusta,1860,Peter,Hanger,N. Subdiv.,,,15,9,6,7,8,2022-02-17 20:33:38,2022-02-17 20:33:38
451,augusta,1860,R.,Summerson,N. Subdiv.,,,16,10,6,6,10,2022-02-17 20:33:38,2022-02-17 20:33:38
452,augusta,1860,Benjamin,Crawford,Staunton,,,20,14,6,8,12,2022-02-17 20:33:38,2022-02-17 20:33:38
453,augusta,1860,David,Fultz,N. Subdiv.,,,20,14,6,12,8,2022-02-17 20:33:38,2022-02-17 20:33:38
454,augusta,1860,James,Walker,N. Subdiv.,,,41,35,6,18,23,2022-02-17 20:33:38,2022-02-17 20:33:38
455,augusta,1860,Margaret C.,Scott,1st District,,,7,,7,3,4,2022-02-17 20:33:38,2022-02-17 20:33:38
456,augusta,1860,John S.,Patterson,N. Subdiv.,,,7,,7,3,4,2022-02-17 20:33:38,2022-02-17 20:33:38
457,augusta,1860,H.,Gray,Staunton,,,8,1,7,2,6,2022-02-17 20:33:38,2022-02-17 20:33:38
458,augusta,1860,David D.,Coiner,1st District,,,8,1,7,3,5,2022-02-17 20:33:38,2022-02-17 20:33:38
459,augusta,1860,John,Base,1st District,,,8,1,7,5,3,2022-02-17 20:33:38,2022-02-17 20:33:38
460,augusta,1860,Peter,Strouse,1st District,,,8,1,7,6,2,2022-02-17 20:33:38,2022-02-17 20:33:38
461,augusta,1860,Maria,Sheffey,Staunton,,,8,1,7,8,2,2022-02-17 20:33:38,2022-02-17 20:33:38
462,augusta,1860,P. G. (mgr. for Adam Bicker heirs),Bicker,Staunton,,,9,2,7,3,6,2022-02-17 20:33:38,2022-02-17 20:33:38
463,augusta,1860,C.,Kenney,N. Subdiv.,,,9,2,7,4,5,2022-02-17 20:33:38,2022-02-17 20:33:38
464,augusta,1860,Kenton,Harper,N. Subdiv.,,,10,3,7,7,3,2022-02-17 20:33:38,2022-02-17 20:33:38
465,augusta,1860,James,Stribling,Staunton,,,11,4,7,8,3,2022-02-17 20:33:38,2022-02-17 20:33:38
466,augusta,1860,John,Merrill,1st District,,,13,6,7,6,7,2022-02-17 20:33:38,2022-02-17 20:33:38
467,augusta,1860,S. D.,Crawford,N. Subdiv.,,,14,7,7,7,7,2022-02-17 20:33:38,2022-02-17 20:33:38
468,augusta,1860,Jacob,Rieff,N. Subdiv.,,,15,8,7,11,4,2022-02-17 20:33:38,2022-02-17 20:33:38
469,augusta,1860,William,Young,1st District,,,8,,8,3,5,2022-02-17 20:33:38,2022-02-17 20:33:38
470,augusta,1860,James,Henry,1st District,,,10,2,8,3,7,2022-02-17 20:33:38,2022-02-17 20:33:38
471,augusta,1860,John,Trimble,N. Subdiv.,,,11,3,8,3,8,2022-02-17 20:33:38,2022-02-17 20:33:38
472,augusta,1860,G. C.,Robertson,N. Subdiv.,,,11,3,8,3,8,2022-02-17 20:33:38,2022-02-17 20:33:38
473,augusta,1860,William,Leslie,N. Subdiv.,,,11,3,8,4,7,2022-02-17 20:33:38,2022-02-17 20:33:38
474,augusta,1860,W. B.,Cochran,N. Subdiv.,,,13,5,8,7,6,2022-02-17 20:33:38,2022-02-17 20:33:38
475,augusta,1860,Samuel H.,Bell,1st District,,,18,10,8,6,12,2022-02-17 20:33:38,2022-02-17 20:33:38
476,augusta,1860,William,Guthrie,1st District,,,18,10,8,12,6,2022-02-17 20:33:38,2022-02-17 20:33:38
477,augusta,1860,James,Bumgardner,1st District,,,23,15,8,9,14,2022-02-17 20:33:38,2022-02-17 20:33:38
478,augusta,1860,James L. W.,Wilson,1st District,,,9,,9,8,1,2022-02-17 20:33:38,2022-02-17 20:33:38
479,augusta,1860,James,Lessley,N. Subdiv.,,,11,2,9,6,5,2022-02-17 20:33:38,2022-02-17 20:33:38
480,augusta,1860,I. J.,Parkins,N. Subdiv.,,,14,5,9,5,9,2022-02-17 20:33:38,2022-02-17 20:33:38
481,augusta,1860,R. D.,Hill,N. Subdiv.,,,14,5,9,7,7,2022-02-17 20:33:38,2022-02-17 20:33:38
482,augusta,1860,David,Baylor,N. Subdiv.,,,15,6,9,6,9,2022-02-17 20:33:38,2022-02-17 20:33:38
483,augusta,1860,R. H.,Phillips,Staunton,,,15,6,9,10,5,2022-02-17 20:33:38,2022-02-17 20:33:38
484,augusta,1860,Thomas E.,Montgomery,1st District,,,7,4,3,3,4,2022-02-17 20:33:38,2022-02-17 20:33:38
485,augusta,1860,H. J.,Crawford,N. Subdiv.,,,7,4,3,3,4,2022-02-17 20:33:38,2022-02-17 20:33:38
486,augusta,1860,Franklin,Coiner,1st District,,,7,4,3,4,3,2022-02-17 20:33:38,2022-02-17 20:33:38
487,augusta,1860,Gilbert,Dempster,1st District,,,8,5,3,4,4,2022-02-17 20:33:38,2022-02-17 20:33:38
488,augusta,1860,Legh,Waddell,1st District,,,9,6,3,4,5,2022-02-17 20:33:38,2022-02-17 20:33:38
489,augusta,1860,"James, A.",Frazier,N. Subdiv.,,,9,6,3,4,5,2022-02-17 20:33:38,2022-02-17 20:33:38
490,augusta,1860,J. M.,Lefland,N. Subdiv.,,,9,6,3,5,4,2022-02-17 20:33:38,2022-02-17 20:33:38
491,augusta,1860,Alexander B.,Lightner,1st District,,,9,6,3,6,3,2022-02-17 20:33:38,2022-02-17 20:33:38
492,augusta,1860,Rachel L.,Harris,Staunton,,,10,7,3,2,8,2022-02-17 20:33:38,2022-02-17 20:33:38
493,augusta,1860,William J.,Gilkeson,1st District,,,10,7,3,3,7,2022-02-17 20:33:38,2022-02-17 20:33:38
494,augusta,1860,Robert G.,Gilkerson,N. Subdiv.,,,11,8,3,3,8,2022-02-17 20:33:38,2022-02-17 20:33:38
495,augusta,1860,Michael M.,Clark,1st District,,,11,8,3,4,7,2022-02-17 20:33:38,2022-02-17 20:33:38
496,augusta,1860,W. H.,Gamble,N. Subdiv.,,,11,8,3,4,7,2022-02-17 20:33:38,2022-02-17 20:33:38
497,augusta,1860,S. B.,Finley,N. Subdiv.,,,13,10,3,5,8,2022-02-17 20:33:38,2022-02-17 20:33:38
498,augusta,1860,Hindassah[?],Moffett,1st District,,,13,10,3,7,6,2022-02-17 20:33:38,2022-02-17 20:33:38
499,augusta,1860,Susan,Wilson,Staunton,,,13,10,3,7,6,2022-02-17 20:33:38,2022-02-17 20:33:38
500,augusta,1860,John,Hawpe,1st District,,,14,11,3,5,9,2022-02-17 20:33:38,2022-02-17 20:33:38
501,augusta,1860,H. M.,Gooch,N. Subdiv.,,,14,11,3,5,9,2022-02-17 20:33:38,2022-02-17 20:33:38
502,augusta,1860,William,Crawford,N. Subdiv.,,,16,13,3,6,10,2022-02-17 20:33:38,2022-02-17 20:33:38
503,augusta,1860,W. J. D.,Bell,N. Subdiv.,,,16,13,3,7,9,2022-02-17 20:33:38,2022-02-17 20:33:38
504,augusta,1860,J. W.,Bell,N. Subdiv.,,,17,14,3,6,11,2022-02-17 20:33:38,2022-02-17 20:33:38
505,augusta,1860,William R.,Dunlap,1st District,,,17,14,3,8,9,2022-02-17 20:33:38,2022-02-17 20:33:38
506,augusta,1860,George,Poage,N. Subdiv.,,,17,14,3,8,9,2022-02-17 20:33:38,2022-02-17 20:33:38
507,augusta,1860,John A.,Davidson,1st District,,,20,17,3,11,9,2022-02-17 20:33:38,2022-02-17 20:33:38
508,augusta,1860,Jane A.,Cochran,1st District,,,4,,4,2,2,2022-02-17 20:33:38,2022-02-17 20:33:38
509,augusta,1860,William,Thompson,N. Subdiv.,,,4,,4,3,1,2022-02-17 20:33:38,2022-02-17 20:33:38
510,augusta,1860,David,Reeves,1st District,,,5,1,4,1,4,2022-02-17 20:33:38,2022-02-17 20:33:38
511,augusta,1860,James,McKenny,1st District,,,5,1,4,1,4,2022-02-17 20:33:38,2022-02-17 20:33:38
512,augusta,1860,Jonathan,Brown,1st District,,,5,1,4,2,3,2022-02-17 20:33:38,2022-02-17 20:33:38
513,augusta,1860,F.,Garber,N. Subdiv.,,,5,1,4,3,2,2022-02-17 20:33:38,2022-02-17 20:33:38
514,augusta,1860,Granville and Darwin,Bashaw,1st District,,,6,2,4,2,4,2022-02-17 20:33:38,2022-02-17 20:33:38
515,augusta,1860,G. W.,Mowery,N. Subdiv.,,,4,3,4,,4,2022-02-17 20:33:38,2022-02-17 20:33:38
516,augusta,1860,James B.,Collins,1st District,,,7,3,4,3,4,2022-02-17 20:33:38,2022-02-17 20:33:38
517,augusta,1860,Henry,Mesh[?],1st District,,,7,3,4,4,3,2022-02-17 20:33:38,2022-02-17 20:33:38
518,augusta,1860,J. B.,Baldwin,Staunton,,,8,4,4,3,5,2022-02-17 20:33:38,2022-02-17 20:33:38
519,augusta,1860,Mary B.,Gardner,N. Subdiv.,,,8,4,4,4,4,2022-02-17 20:33:38,2022-02-17 20:33:38
520,augusta,1860,Zebulon D.,Shafer,1st District,,,8,4,4,5,3,2022-02-17 20:33:38,2022-02-17 20:33:38
521,augusta,1860,A. H. H.,Stuart,Staunton,,,8,4,4,6,2,2022-02-17 20:33:38,2022-02-17 20:33:38
522,augusta,1860,Clinton G.,Miller,1st District,,,8,5,4,4,5,2022-02-17 20:33:38,2022-02-17 20:33:38
523,augusta,1860,Joseph,Wilson,N. Subdiv.,,,9,5,4,4,5,2022-02-17 20:33:38,2022-02-17 20:33:38
524,augusta,1860,M. A.,Coiner,N. Subdiv.,,,9,5,4,5,4,2022-02-17 20:33:38,2022-02-17 20:33:38
525,augusta,1860,John,Kennedy,N. Subdiv.,,,9,5,4,8,1,2022-02-17 20:33:38,2022-02-17 20:33:38
526,augusta,1860,Jacob,Baylor,1st District,,,11,7,4,5,6,2022-02-17 20:33:38,2022-02-17 20:33:38
527,augusta,1860,J. C.,McCue,N. Subdiv.,,,12,8,4,4,8,2022-02-17 20:33:38,2022-02-17 20:33:38
528,augusta,1860,J. W.,Crawford,N. Subdiv.,,,12,8,4,9,3,2022-02-17 20:33:38,2022-02-17 20:33:38
529,augusta,1860,Adam,McChesney,1st District,,,13,9,4,7,6,2022-02-17 20:33:38,2022-02-17 20:33:38
530,augusta,1860,Ballard,Smith,1st District,,,14,10,4,7,7,2022-02-17 20:33:38,2022-02-17 20:33:38
531,augusta,1860,Henry,Philips,N. Subdiv.,,,14,10,4,7,7,2022-02-17 20:33:38,2022-02-17 20:33:38
532,augusta,1860,James A.,Patterson,N. Subdiv.,,,14,10,4,7,7,2022-02-17 20:33:38,2022-02-17 20:33:38
533,augusta,1860,William W.,Dunlap,N. Subdiv.,,,15,11,4,5,10,2022-02-17 20:33:38,2022-02-17 20:33:38
534,augusta,1860,"William, S.",Hunter,1st District,,,15,11,4,8,7,2022-02-17 20:33:38,2022-02-17 20:33:38
535,augusta,1860,Adam M.,Hawpe,1st District,,,19,15,4,4,15,2022-02-17 20:33:38,2022-02-17 20:33:38
536,augusta,1860,H. S.,Opie,N. Subdiv.,,,20,16,4,10,10,2022-02-17 20:33:38,2022-02-17 20:33:38
537,augusta,1860,John,Churchman,1st District,,,23,19,4,7,16,2022-02-17 20:33:38,2022-02-17 20:33:38
538,augusta,1860,William,Clayton,1st District,,,24,20,4,16,8,2022-02-17 20:33:38,2022-02-17 20:33:38
539,augusta,1860,Thomas,Johnston,1st District,,,28,24,4,10,18,2022-02-17 20:33:38,2022-02-17 20:33:38
540,augusta,1860,William B.,Kayser,Staunton,,,5,,5,4,1,2022-02-17 20:33:38,2022-02-17 20:33:38
541,augusta,1860,George,Messersmith,N. Subdiv.,,,8,,5,5,3,2022-02-17 20:33:38,2022-02-17 20:33:38
542,augusta,1860,A. A.,Crawford,N. Subdiv.,,,6,1,5,1,5,2022-02-17 20:33:38,2022-02-17 20:33:38
543,augusta,1860,John P.,McClure,1st District,,,5,1,5,2,3,2022-02-17 20:33:38,2022-02-17 20:33:38
544,augusta,1860,Gerald B.,Strand,1st District,,,6,1,5,2,4,2022-02-17 20:33:38,2022-02-17 20:33:38
545,augusta,1860,Susan,Gardner,1st District,,,6,1,5,3,3,2022-02-17 20:33:38,2022-02-17 20:33:38
546,augusta,1860,Henry A.,Harnes,N. Subdiv.,,,6,1,5,3,3,2022-02-17 20:33:38,2022-02-17 20:33:38
547,augusta,1860,Jonathan A.,Handler,Staunton,,,6,1,5,4,2,2022-02-17 20:33:38,2022-02-17 20:33:38
548,augusta,1860,Samuel H.,Kerr,1st District,,,7,2,5,5,2,2022-02-17 20:33:38,2022-02-17 20:33:38
549,augusta,1860,Alexander S.,Turk,1st District,,,7,2,5,6,1,2022-02-17 20:33:38,2022-02-17 20:33:38
550,augusta,1860,J. S.,Lewis,1st District,,,4,2,2,4,,2022-02-17 20:33:38,2022-02-17 20:33:38
551,augusta,1860,Eleanor S.,Patterson,1st District,,,5,3,2,1,4,2022-02-17 20:33:38,2022-02-17 20:33:38
552,augusta,1860,Susan C.,Graham,1st District,,,5,3,2,2,3,2022-02-17 20:33:38,2022-02-17 20:33:38
553,augusta,1860,C. M.,Hardin,N. Subdiv.,,,5,3,2,2,3,2022-02-17 20:33:38,2022-02-17 20:33:38
554,augusta,1860,William R.,Foster,N. Subdiv.,,,5,3,2,2,3,2022-02-17 20:33:38,2022-02-17 20:33:38
555,augusta,1860,Franklin,Fretwell,N. Subdiv.,,,5,3,2,2,3,2022-02-17 20:33:38,2022-02-17 20:33:38
556,augusta,1860,William,Howell,N. Subdiv.,,,5,3,2,3,2,2022-02-17 20:33:38,2022-02-17 20:33:38
557,augusta,1860,Benjamin F.,Points,Staunton,,,5,3,2,3,2,2022-02-17 20:33:38,2022-02-17 20:33:38
558,augusta,1860,Thomas,Crawford,N. Subdiv.,,,5,3,2,4,1,2022-02-17 20:33:38,2022-02-17 20:33:38
559,augusta,1860,A.,Lynn,Staunton,,,6,4,2,1,5,2022-02-17 20:33:38,2022-02-17 20:33:38
560,augusta,1860,John M.,Humphreys,1st District,,,6,4,2,2,4,2022-02-17 20:33:38,2022-02-17 20:33:38
561,augusta,1860,George,Shuey,1st District,,,6,4,2,2,4,2022-02-17 20:33:38,2022-02-17 20:33:38
562,augusta,1860,S. B.,Kerr,N. Subdiv.,,,6,4,2,2,4,2022-02-17 20:33:38,2022-02-17 20:33:38
563,augusta,1860,Archibald,Sproul,1st District,,,6,4,2,3,3,2022-02-17 20:33:38,2022-02-17 20:33:38
564,augusta,1860,Robert,Glendy,1st District,,,6,4,2,4,2,2022-02-17 20:33:38,2022-02-17 20:33:38
565,augusta,1860,John,Randolph,1st District,,,7,5,2,2,5,2022-02-17 20:33:38,2022-02-17 20:33:38
566,augusta,1860,William,Thompson,1st District,,,7,5,2,3,4,2022-02-17 20:33:38,2022-02-17 20:33:38
567,augusta,1860,Charles S.,Gay,1st District,,,7,5,2,4,3,2022-02-17 20:33:38,2022-02-17 20:33:38
568,augusta,1860,Thomas S.,Harman,Staunton,,,7,5,2,4,3,2022-02-17 20:33:38,2022-02-17 20:33:38
569,augusta,1860,James,McComb,1st District,,,7,5,2,5,2,2022-02-17 20:33:38,2022-02-17 20:33:38
570,augusta,1860,Spotswood,Padget,1st District,,,7,5,2,5,2,2022-02-17 20:33:38,2022-02-17 20:33:38
571,augusta,1860,Barbara,Aughie[?],N. Subdiv.,,,8,6,2,2,6,2022-02-17 20:33:38,2022-02-17 20:33:38
572,augusta,1860,Risdin P.,Smith,N. Subdiv.,,,8,6,2,3,5,2022-02-17 20:33:38,2022-02-17 20:33:38
573,augusta,1860,Archibald G.,Christian,1st District,,,9,7,2,6,3,2022-02-17 20:33:38,2022-02-17 20:33:38
574,augusta,1860,George,Baylor,Staunton,,,9,7,2,7,2,2022-02-17 20:33:38,2022-02-17 20:33:38
575,augusta,1860,Archibald P.,Stuart,1st District,,,10,8,2,2,8,2022-02-17 20:33:38,2022-02-17 20:33:38
576,augusta,1860,James E.,Carson,1st District,,,10,8,2,2,8,2022-02-17 20:33:38,2022-02-17 20:33:38
577,augusta,1860,James,Craig,N. Subdiv.,,,10,8,2,4,6,2022-02-17 20:33:38,2022-02-17 20:33:38
578,augusta,1860,Mary Ann E.,Demasterz,1st District,,,10,8,2,5,5,2022-02-17 20:33:38,2022-02-17 20:33:38
579,augusta,1860,Margaret M. A.,Tate,1st District,,,11,9,2,3,8,2022-02-17 20:33:38,2022-02-17 20:33:38
580,augusta,1860,Franklin,McCue,N. Subdiv.,,,11,9,2,5,6,2022-02-17 20:33:38,2022-02-17 20:33:38
581,augusta,1860,William D.,Ewing,N. Subdiv.,,,11,9,2,6,5,2022-02-17 20:33:38,2022-02-17 20:33:38
582,augusta,1860,F.,Berry,N. Subdiv.,,,13,11,2,4,9,2022-02-17 20:33:38,2022-02-17 20:33:38
583,augusta,1860,Michael,Koiner,N. Subdiv.,,,13,11,2,5,8,2022-02-17 20:33:38,2022-02-17 20:33:38
584,augusta,1860,Eliza,Carson,1st District,,,13,11,2,6,7,2022-02-17 20:33:38,2022-02-17 20:33:38
585,augusta,1860,David,Blackwood,1st District,,,13,11,2,9,4,2022-02-17 20:33:38,2022-02-17 20:33:38
586,augusta,1860,Henry,Eidson,1st District,,,14,12,2,6,8,2022-02-17 20:33:38,2022-02-17 20:33:38
587,augusta,1860,S.,Pelter,N. Subdiv.,,,15,13,2,9,6,2022-02-17 20:33:38,2022-02-17 20:33:38
588,augusta,1860,Robert,McNutt,1st District,,,20,18,2,9,11,2022-02-17 20:33:38,2022-02-17 20:33:38
589,augusta,1860,John,McChesney,1st District,,,25,23,2,17,8,2022-02-17 20:33:38,2022-02-17 20:33:38
590,augusta,1860,M. G.,Harman,Staunton,,,38,36,2,16,22,2022-02-17 20:33:38,2022-02-17 20:33:38
591,augusta,1860,J. M.,Campbell,N. Subdiv.,,,3,,3,,3,2022-02-17 20:33:38,2022-02-17 20:33:38
592,augusta,1860,William G.,Campbell,Staunton,,,3,,3,2,1,2022-02-17 20:33:38,2022-02-17 20:33:38
593,augusta,1860,Benjamin F.,Odell,1st District,,,3,,3,3,,2022-02-17 20:33:38,2022-02-17 20:33:38
594,augusta,1860,J. D.,Campbell,N. Subdiv.,,,3,,3,3,,2022-02-17 20:33:38,2022-02-17 20:33:38
595,augusta,1860,Mary,Koiner,N. Subdiv.,,,4,1,3,1,3,2022-02-17 20:33:38,2022-02-17 20:33:38
596,augusta,1860,Archibald,Coiner,1st District,,,4,1,3,2,2,2022-02-17 20:33:38,2022-02-17 20:33:38
597,augusta,1860,Samuel,Lightner,1st District,,,4,1,3,2,2,2022-02-17 20:33:38,2022-02-17 20:33:38
598,augusta,1860,Samuel D.,Ailson[?],1st District,,,4,1,3,2,2,2022-02-17 20:33:38,2022-02-17 20:33:38
599,augusta,1860,G. B.,Dunlap,N. Subdiv.,,,4,1,3,2,2,2022-02-17 20:33:38,2022-02-17 20:33:38
600,augusta,1860,Gasper,Koiner,N. Subdiv.,,,4,1,3,2,2,2022-02-17 20:33:38,2022-02-17 20:33:38
601,augusta,1860,Elvira,Brooks,N. Subdiv.,,,4,1,3,2,2,2022-02-17 20:33:38,2022-02-17 20:33:38
602,augusta,1860,William,Carroll,Staunton,,,4,1,3,3,1,2022-02-17 20:33:38,2022-02-17 20:33:38
603,augusta,1860,Mary L.,Sower,Staunton,,,5,2,3,2,3,2022-02-17 20:33:38,2022-02-17 20:33:38
604,augusta,1860,John P.,McCutchen,1st District,,,5,2,3,3,2,2022-02-17 20:33:38,2022-02-17 20:33:38
605,augusta,1860,W. L.,Walters,N. Subdiv.,,,5,2,3,3,2,2022-02-17 20:33:38,2022-02-17 20:33:38
606,augusta,1860,Charles,Wilkinsen,Staunton,,,5,2,3,3,2,2022-02-17 20:33:38,2022-02-17 20:33:38
607,augusta,1860,Philip,Schumaker[?],1st District,,,5,2,3,4,1,2022-02-17 20:33:38,2022-02-17 20:33:38
608,augusta,1860,Henderson,Bell,Staunton,,,5,2,3,4,1,2022-02-17 20:33:38,2022-02-17 20:33:38
609,augusta,1860,William H.,Bell,1st District,,,6,3,3,2,4,2022-02-17 20:33:38,2022-02-17 20:33:38
610,augusta,1860,William M.,Dudley,N. Subdiv.,,,6,3,3,2,4,2022-02-17 20:33:38,2022-02-17 20:33:38
611,augusta,1860,Eugene,Irvine,1st District,,,6,3,3,3,3,2022-02-17 20:33:38,2022-02-17 20:33:38
612,augusta,1860,Thomas,Reeves,N. Subdiv.,,,6,3,3,4,2,2022-02-17 20:33:38,2022-02-17 20:33:38
613,augusta,1860,C.,Bear,N. Subdiv.,,,6,3,3,4,2,2022-02-17 20:33:38,2022-02-17 20:33:38
614,augusta,1860,Robert J.,[?],Staunton,,,7,4,3,,7,2022-02-17 20:33:38,2022-02-17 20:33:38
615,augusta,1860,Thomas A.,Lightner,1st District,,,7,4,3,3,4,2022-02-17 20:33:38,2022-02-17 20:33:38
616,augusta,1860,John,Ackord,1st District,,,8,7,1,6,2,2022-02-17 20:33:38,2022-02-17 20:33:38
617,augusta,1860,Peter H.,Rush,1st District,,,9,8,1,3,6,2022-02-17 20:33:38,2022-02-17 20:33:38
618,augusta,1860,Albert G.,Wayland,1st District,,,9,8,1,3,6,2022-02-17 20:33:38,2022-02-17 20:33:38
619,augusta,1860,L. T.,Hogshead,N. Subdiv.,,,9,8,1,4,5,2022-02-17 20:33:38,2022-02-17 20:33:38
620,augusta,1860,M. E.,Nelson,N. Subdiv.,,,9,8,1,7,2,2022-02-17 20:33:38,2022-02-17 20:33:38
621,augusta,1860,Joseph,Harper,1st District,,,10,9,1,4,6,2022-02-17 20:33:38,2022-02-17 20:33:38
622,augusta,1860,George,Shirey,1st District,,,10,9,1,5,5,2022-02-17 20:33:38,2022-02-17 20:33:38
623,augusta,1860,Wiliam S.,Hanger,N. Subdiv.,,,10,9,1,5,5,2022-02-17 20:33:38,2022-02-17 20:33:38
624,augusta,1860,Susan,Sellers,N. Subdiv.,,,10,9,1,6,4,2022-02-17 20:33:38,2022-02-17 20:33:38
625,augusta,1860,George K.,Koiner,N. Subdiv.,,,10,9,1,6,4,2022-02-17 20:33:38,2022-02-17 20:33:38
626,augusta,1860,Samuel B.,Brafford,1st District,,,11,10,1,5,6,2022-02-17 20:33:38,2022-02-17 20:33:38
627,augusta,1860,Robert L.,Wallace,1st District,,,12,11,1,5,7,2022-02-17 20:33:38,2022-02-17 20:33:38
628,augusta,1860,Louisa,Sale,1st District,,,12,11,1,7,5,2022-02-17 20:33:38,2022-02-17 20:33:38
629,augusta,1860,William H.,Harman,Staunton,,,12,11,1,8,4,2022-02-17 20:33:38,2022-02-17 20:33:38
630,augusta,1860,William,Smith,1st District,,,14,13,1,6,8,2022-02-17 20:33:38,2022-02-17 20:33:38
631,augusta,1860,William,McChesney,1st District,,,15,14,1,7,8,2022-02-17 20:33:38,2022-02-17 20:33:38
632,augusta,1860,Thomas,Crawford,N. Subdiv.,,,15,14,1,9,6,2022-02-17 20:33:38,2022-02-17 20:33:38
633,augusta,1860,Hugh G.,Guthrie,1st District,,,17,16,1,7,10,2022-02-17 20:33:38,2022-02-17 20:33:38
634,augusta,1860,James M.,Stout,N. Subdiv.,,,17,16,1,10,7,2022-02-17 20:33:38,2022-02-17 20:33:38
635,augusta,1860,Samuel,Kennedy,N. Subdiv.,,,18,17,1,8,10,2022-02-17 20:33:38,2022-02-17 20:33:38
636,augusta,1860,Mary E.,Wallace,1st District,,,18,17,1,13,5,2022-02-17 20:33:38,2022-02-17 20:33:38
637,augusta,1860,A.,Mapie[?],N. Subdiv.,,,36,35,1,19,17,2022-02-17 20:33:38,2022-02-17 20:33:38
638,augusta,1860,Samuel K.,Taylor,N. Subdiv.,,,2,,2,,2,2022-02-17 20:33:38,2022-02-17 20:33:38
639,augusta,1860,Mrs.,Warden,Staunton,,,2,,2,,2,2022-02-17 20:33:38,2022-02-17 20:33:38
640,augusta,1860,M. M.,Kersh,N. Subdiv.,,,2,,2,,2,2022-02-17 20:33:38,2022-02-17 20:33:38
641,augusta,1860,A. & H.,Plum,N. Subdiv.,,,2,,2,,2,2022-02-17 20:33:38,2022-02-17 20:33:38
642,augusta,1860,John,Newton,1st District,,,2,,2,1,1,2022-02-17 20:33:38,2022-02-17 20:33:38
643,augusta,1860,James,Rowan,1st District,,,2,,2,1,1,2022-02-17 20:33:38,2022-02-17 20:33:38
644,augusta,1860,Abraham,Rubeck,1st District,,,2,,2,1,1,2022-02-17 20:33:38,2022-02-17 20:33:38
645,augusta,1860,David,Beard,1st District,,,2,,2,1,1,2022-02-17 20:33:38,2022-02-17 20:33:38
646,augusta,1860,Joseph,Woodward,1st District,,,2,,2,1,1,2022-02-17 20:33:38,2022-02-17 20:33:38
647,augusta,1860,Alexander,Waddell,1st District,,,2,,2,1,1,2022-02-17 20:33:38,2022-02-17 20:33:38
648,augusta,1860,G.,Crawn,N. Subdiv.,,,2,,2,1,1,2022-02-17 20:33:38,2022-02-17 20:33:38
649,augusta,1860,Elizabeth,Plecker,N. Subdiv.,,,2,,2,1,1,2022-02-17 20:33:38,2022-02-17 20:33:38
650,augusta,1860,A. G. S.,Van Lear,N. Subdiv.,,,2,,2,1,1,2022-02-17 20:33:38,2022-02-17 20:33:38
651,augusta,1860,F. B.,Moon,N. Subdiv.,,,2,,2,1,1,2022-02-17 20:33:38,2022-02-17 20:33:38
652,augusta,1860,L. P.,Wilson,N. Subdiv.,,,2,,2,1,1,2022-02-17 20:33:38,2022-02-17 20:33:38
653,augusta,1860,John C.,Barger,N. Subdiv.,,,2,,2,1,1,2022-02-17 20:33:38,2022-02-17 20:33:38
654,augusta,1860,Job,Turner,Staunton,,,2,,2,1,1,2022-02-17 20:33:38,2022-02-17 20:33:38
655,augusta,1860,M. G.,Hanger,Staunton,,,2,,2,1,1,2022-02-17 20:33:38,2022-02-17 20:33:38
656,augusta,1860,James T.,Black,1st District,,,2,,2,2,,2022-02-17 20:33:38,2022-02-17 20:33:38
657,augusta,1860,James O.,Hobbs,N. Subdiv.,,,2,,2,2,,2022-02-17 20:33:38,2022-02-17 20:33:38
658,augusta,1860,Dr.,Moorman,N. Subdiv.,,,2,,2,2,,2022-02-17 20:33:38,2022-02-17 20:33:38
659,augusta,1860,William M.,Wilson,N. Subdiv.,,,2,,2,2,,2022-02-17 20:33:38,2022-02-17 20:33:38
660,augusta,1860,Rebecca,Patrick,N. Subdiv.,,,2,,2,2,,2022-02-17 20:33:38,2022-02-17 20:33:38
661,augusta,1860,William J.,McKee,1st District,,,3,1,2,1,2,2022-02-17 20:33:38,2022-02-17 20:33:38
662,augusta,1860,John M.,Tate,1st District,,,3,1,2,1,2,2022-02-17 20:33:38,2022-02-17 20:33:38
663,augusta,1860,James,Cooper,1st District,,,3,1,2,1,2,2022-02-17 20:33:38,2022-02-17 20:33:38
664,augusta,1860,Alexander,Patterson,1st District,,,3,1,2,1,2,2022-02-17 20:33:38,2022-02-17 20:33:38
665,augusta,1860,L. H.,Kenney,N. Subdiv.,,,3,1,2,1,2,2022-02-17 20:33:38,2022-02-17 20:33:38
666,augusta,1860,John,Whitmore,N. Subdiv.,,,3,1,2,1,2,2022-02-17 20:33:38,2022-02-17 20:33:38
667,augusta,1860,J. G. H.,Raynes,N. Subdiv.,,,3,1,2,1,2,2022-02-17 20:33:38,2022-02-17 20:33:38
668,augusta,1860,W.,Philips,N. Subdiv.,,,3,1,2,2,1,2022-02-17 20:33:38,2022-02-17 20:33:38
669,augusta,1860,Milton,Brooks,N. Subdiv.,,,3,1,2,2,1,2022-02-17 20:33:38,2022-02-17 20:33:38
670,augusta,1860,David S.,Young,1st District,,,3,1,2,3,,2022-02-17 20:33:38,2022-02-17 20:33:38
671,augusta,1860,Harriet A.,Baker,Staunton,,,3,1,2,3,,2022-02-17 20:33:38,2022-02-17 20:33:38
672,augusta,1860,R. G.,Baker,Staunton,,,3,1,2,3,,2022-02-17 20:33:38,2022-02-17 20:33:38
673,augusta,1860,W.,Withron,N. Subdiv.,,,4,2,2,1,3,2022-02-17 20:33:38,2022-02-17 20:33:38
674,augusta,1860,Cyrus,Coiner,1st District,,,4,2,2,2,2,2022-02-17 20:33:38,2022-02-17 20:33:38
675,augusta,1860,Henry,Ott,1st District,,,7,6,1,3,4,2022-02-17 20:33:38,2022-02-17 20:33:38
676,augusta,1860,Francis . (Sgt.),Gilkeson,1st District,,,4,2,2,2,2,2022-02-17 20:33:38,2022-02-17 20:33:38
677,augusta,1860,James,Henderson,1st District,,,4,2,2,2,2,2022-02-17 20:33:38,2022-02-17 20:33:38
678,augusta,1860,David,Sterrett,1st District,,,4,2,2,2,2,2022-02-17 20:33:38,2022-02-17 20:33:38
679,augusta,1860,Ephraim,Gidings,N. Subdiv.,,,4,2,2,2,2,2022-02-17 20:33:38,2022-02-17 20:33:38
680,augusta,1860,Gasper,Koiner,N. Subdiv.,,,4,2,2,2,2,2022-02-17 20:33:38,2022-02-17 20:33:38
681,augusta,1860,Elizabeth,Craig,1st District,,,4,2,2,3,1,2022-02-17 20:33:38,2022-02-17 20:33:38
682,augusta,1860,John A.,King,N. Subdiv.,,,4,2,2,3,1,2022-02-17 20:33:38,2022-02-17 20:33:38
683,augusta,1860,J.,"Crawn, Sr.",N. Subdiv.,,,3,2,1,,3,2022-02-17 20:33:38,2022-02-17 20:33:38
684,augusta,1860,I. I. A.,Trotter,Staunton,,,3,2,1,,3,2022-02-17 20:33:38,2022-02-17 20:33:38
685,augusta,1860,Martha A.,Stuart,1st District,,,3,2,1,1,2,2022-02-17 20:33:38,2022-02-17 20:33:38
686,augusta,1860,William C.,Bridge,1st District,,,3,2,1,1,2,2022-02-17 20:33:38,2022-02-17 20:33:38
687,augusta,1860,Addison,McCutchen,1st District,,,3,2,1,1,2,2022-02-17 20:33:38,2022-02-17 20:33:38
688,augusta,1860,J. H. B.,Sellers,N. Subdiv.,,,3,2,1,1,2,2022-02-17 20:33:38,2022-02-17 20:33:38
689,augusta,1860,G. M.,Cochran,Staunton,,,3,2,1,1,2,2022-02-17 20:33:38,2022-02-17 20:33:38
690,augusta,1860,Jacob M.,Base,1st District,,,3,2,1,2,1,2022-02-17 20:33:38,2022-02-17 20:33:38
691,augusta,1860,William,Wilson,1st District,,,3,2,1,2,1,2022-02-17 20:33:38,2022-02-17 20:33:38
692,augusta,1860,Joseph F.,Mitchell,1st District,,,3,2,1,2,1,2022-02-17 20:33:38,2022-02-17 20:33:38
693,augusta,1860,John,Ruptse[?],1st District,,,3,2,1,2,1,2022-02-17 20:33:38,2022-02-17 20:33:38
694,augusta,1860,H. M.,Lefland,N. Subdiv.,,,3,2,1,2,1,2022-02-17 20:33:38,2022-02-17 20:33:38
695,augusta,1860,R.,Hanger,N. Subdiv.,,,3,2,1,2,1,2022-02-17 20:33:38,2022-02-17 20:33:38
696,augusta,1860,Gabriel,Hite,N. Subdiv.,,,3,2,1,2,1,2022-02-17 20:33:38,2022-02-17 20:33:38
697,augusta,1860,Rebecca,Bear,N. Subdiv.,,,3,2,1,2,1,2022-02-17 20:33:38,2022-02-17 20:33:38
698,augusta,1860,William,Ball,N. Subdiv.,,,3,2,1,2,1,2022-02-17 20:33:38,2022-02-17 20:33:38
699,augusta,1860,John,Layman,N. Subdiv.,,,3,2,1,2,1,2022-02-17 20:33:38,2022-02-17 20:33:38
700,augusta,1860,Owen,Morris,Staunton,,,3,2,1,2,1,2022-02-17 20:33:38,2022-02-17 20:33:38
701,augusta,1860,Littleton,Waddel,Staunton,,,3,2,1,2,1,2022-02-17 20:33:38,2022-02-17 20:33:38
702,augusta,1860,M.,Marshall,N. Subdiv.,,,3,2,1,3,,2022-02-17 20:33:38,2022-02-17 20:33:38
703,augusta,1860,James,Berry,1st District,,,4,3,1,,4,2022-02-17 20:33:38,2022-02-17 20:33:38
704,augusta,1860,Adam,Swink,1st District,,,4,3,1,1,3,2022-02-17 20:33:38,2022-02-17 20:33:38
705,augusta,1860,Hugh,McClure,N. Subdiv.,,,4,3,1,1,3,2022-02-17 20:33:38,2022-02-17 20:33:38
706,augusta,1860,James B.,Smith,1st District,,,4,3,1,2,2,2022-02-17 20:33:38,2022-02-17 20:33:38
707,augusta,1860,S. R.,Crawford,N. Subdiv.,,,4,3,1,2,2,2022-02-17 20:33:38,2022-02-17 20:33:38
708,augusta,1860,John,Myers,N. Subdiv.,,,4,3,1,2,2,2022-02-17 20:33:38,2022-02-17 20:33:38
709,augusta,1860,Peter,Eidson,N. Subdiv.,,,4,3,1,2,2,2022-02-17 20:33:38,2022-02-17 20:33:38
710,augusta,1860,Robert,Hunsberger,N. Subdiv.,,,4,3,1,2,2,2022-02-17 20:33:38,2022-02-17 20:33:38
711,augusta,1860,T. J.,White,N. Subdiv.,,,4,3,1,3,1,2022-02-17 20:33:38,2022-02-17 20:33:38
712,augusta,1860,John W.,Hudson,N. Subdiv.,,,4,3,1,3,1,2022-02-17 20:33:38,2022-02-17 20:33:38
713,augusta,1860,H. H.,Hamilton,N. Subdiv.,,,4,3,1,3,1,2022-02-17 20:33:38,2022-02-17 20:33:38
714,augusta,1860,A.,Cochran,Staunton,,,4,3,1,3,1,2022-02-17 20:33:38,2022-02-17 20:33:38
715,augusta,1860,William,Baker,Staunton,,,4,3,1,3,1,2022-02-17 20:33:38,2022-02-17 20:33:38
716,augusta,1860,E. M.,Taylor,Staunton,,,4,3,1,3,1,2022-02-17 20:33:38,2022-02-17 20:33:38
717,augusta,1860,J. D.,Craig,N. Subdiv.,,,4,3,1,4,,2022-02-17 20:33:38,2022-02-17 20:33:38
718,augusta,1860,John B.,Smith,1st District,,,5,4,1,2,3,2022-02-17 20:33:38,2022-02-17 20:33:38
719,augusta,1860,Alexander,Craig,1st District,,,5,4,1,2,3,2022-02-17 20:33:38,2022-02-17 20:33:38
720,augusta,1860,Willaim F.,Driskle,1st District,,,5,4,1,2,3,2022-02-17 20:33:38,2022-02-17 20:33:38
721,augusta,1860,William H.,McClung,N. Subdiv.,,,5,4,1,2,3,2022-02-17 20:33:38,2022-02-17 20:33:38
722,augusta,1860,J. G.,Patterson,N. Subdiv.,,,5,4,1,2,3,2022-02-17 20:33:38,2022-02-17 20:33:38
723,augusta,1860,W. J.,Nelson,N. Subdiv.,,,5,4,1,2,3,2022-02-17 20:33:38,2022-02-17 20:33:38
724,augusta,1860,F. M.,Finley,N. Subdiv.,,,5,4,1,2,3,2022-02-17 20:33:38,2022-02-17 20:33:38
725,augusta,1860,George A.,Bruce,N. Subdiv.,,,5,4,1,2,3,2022-02-17 20:33:38,2022-02-17 20:33:38
726,augusta,1860,D. C.,McGuffin,N. Subdiv.,,,5,4,1,3,2,2022-02-17 20:33:38,2022-02-17 20:33:38
727,augusta,1860,Cyrus,Alexander,N. Subdiv.,,,5,4,1,3,2,2022-02-17 20:33:38,2022-02-17 20:33:38
728,augusta,1860,S. R.,Hendren,N. Subdiv.,,,5,4,1,4,1,2022-02-17 20:33:38,2022-02-17 20:33:38
729,augusta,1860,James,Cochran,1st District,,,6,5,1,1,5,2022-02-17 20:33:38,2022-02-17 20:33:38
730,augusta,1860,Nathaniel,Torbert[?],1st District,,,6,5,1,2,4,2022-02-17 20:33:38,2022-02-17 20:33:38
731,augusta,1860,Milton,Kertley,1st District,,,6,5,1,2,4,2022-02-17 20:33:38,2022-02-17 20:33:38
732,augusta,1860,L. J.,Maupin,N. Subdiv.,,,6,5,1,2,4,2022-02-17 20:33:38,2022-02-17 20:33:38
733,augusta,1860,Martin,Coiner,1st District,,,6,5,1,3,3,2022-02-17 20:33:38,2022-02-17 20:33:38
734,augusta,1860,Robert,Young,1st District,,,6,5,1,3,3,2022-02-17 20:33:38,2022-02-17 20:33:38
735,augusta,1860,A. B.,Rogers,N. Subdiv.,,,6,5,1,3,3,2022-02-17 20:33:38,2022-02-17 20:33:38
736,augusta,1860,Jacob,Hanger,N. Subdiv.,,,6,5,1,3,3,2022-02-17 20:33:38,2022-02-17 20:33:38
737,augusta,1860,William,Caldwell,1st District,,,6,5,1,4,2,2022-02-17 20:33:38,2022-02-17 20:33:38
738,augusta,1860,W. E.,Crawford,N. Subdiv.,,,6,5,1,4,2,2022-02-17 20:33:38,2022-02-17 20:33:38
739,augusta,1860,Sophia,Dalhouse,N. Subdiv.,,,6,5,1,4,2,2022-02-17 20:33:38,2022-02-17 20:33:38
740,augusta,1860,Francis,Bell,1st District,,,7,6,1,2,5,2022-02-17 20:33:38,2022-02-17 20:33:38
741,augusta,1860,William,Capman,N. Subdiv.,,,7,6,1,2,5,2022-02-17 20:33:38,2022-02-17 20:33:38
742,augusta,1860,J. M.,McCue,N. Subdiv.,,,7,6,1,3,4,2022-02-17 20:33:38,2022-02-17 20:33:38
743,augusta,1860,Henry,Harrison,1st District,,,7,6,1,4,3,2022-02-17 20:33:38,2022-02-17 20:33:38
744,augusta,1860,[?],Imboden,Staunton,,,7,6,1,4,3,2022-02-17 20:33:38,2022-02-17 20:33:38
745,augusta,1860,Charles,Berry,1st District,,,7,6,1,5,2,2022-02-17 20:33:38,2022-02-17 20:33:38
746,augusta,1860,C. K.,Hyde,N. Subdiv.,,,7,6,1,5,2,2022-02-17 20:33:38,2022-02-17 20:33:38
747,augusta,1860,James,Pouge,N. Subdiv.,,,7,6,1,5,2,2022-02-17 20:33:38,2022-02-17 20:33:38
748,augusta,1860,D. C.,McGuffin,Staunton,,,8,7,1,4,4,2022-02-17 20:33:38,2022-02-17 20:33:38
749,augusta,1860,C.,Harris,Madison Co.,,,1,,1,,1,2022-02-17 20:33:38,2022-02-17 20:33:38
750,augusta,1860,Bolivar,Christian,N. Subdiv.,,,1,,1,,1,2022-02-17 20:33:38,2022-02-17 20:33:38
751,augusta,1860,Sallie,Beck,N. Subdiv.,,,1,,1,,1,2022-02-17 20:33:38,2022-02-17 20:33:38
752,augusta,1860,Henrietta M.,Brandeburg,Staunton,,,1,,1,,1,2022-02-17 20:33:38,2022-02-17 20:33:38
753,augusta,1860,S. F.,Taylor,Staunton,,,1,,1,,1,2022-02-17 20:33:38,2022-02-17 20:33:38
754,augusta,1860,William B.,Crawford,Staunton,,,1,,1,,1,2022-02-17 20:33:38,2022-02-17 20:33:38
755,augusta,1860,Sarah,Markes,Staunton,,,1,,1,,1,2022-02-17 20:33:38,2022-02-17 20:33:38
756,augusta,1860,Mary,Bragg,Staunton,,,1,,1,,1,2022-02-17 20:33:38,2022-02-17 20:33:38
757,augusta,1860,Philip,Killian,1st District,,,1,,1,1,,2022-02-17 20:33:38,2022-02-17 20:33:38
758,augusta,1860,James A.,Austin,1st District,,,1,,1,1,,2022-02-17 20:33:38,2022-02-17 20:33:38
759,augusta,1860,Isaac (Sgt.),Steele,1st District,,,1,,1,1,,2022-02-17 20:33:38,2022-02-17 20:33:38
760,augusta,1860,Augustus,Blanth,1st District,,,1,,1,1,,2022-02-17 20:33:38,2022-02-17 20:33:38
761,augusta,1860,George W.,McClure,1st District,,,1,,1,1,,2022-02-17 20:33:38,2022-02-17 20:33:38
762,augusta,1860,James S.,Wright,1st District,,,1,,1,1,,2022-02-17 20:33:38,2022-02-17 20:33:38
763,augusta,1860,Margaret J.,Bryan,1st District,,,1,,1,1,,2022-02-17 20:33:38,2022-02-17 20:33:38
764,augusta,1860,Cyrus A.,McCuthen,1st District,,,1,,1,1,,2022-02-17 20:33:38,2022-02-17 20:33:38
765,augusta,1860,Lewis,Pauley,1st District,,,1,,1,1,,2022-02-17 20:33:38,2022-02-17 20:33:38
766,augusta,1860,Thomas,Burke,N. Subdiv.,,,1,,1,1,,2022-02-17 20:33:38,2022-02-17 20:33:38
767,augusta,1860,W.,"Wise, Jr.",N. Subdiv.,,,1,,1,1,,2022-02-17 20:33:38,2022-02-17 20:33:38
768,augusta,1860,D.,Whitman,N. Subdiv.,,,1,,1,1,,2022-02-17 20:33:38,2022-02-17 20:33:38
769,augusta,1860,H. S.,Hogshead,N. Subdiv.,,,1,,1,1,,2022-02-17 20:33:38,2022-02-17 20:33:38
770,augusta,1860,A. F.,Blakmore,N. Subdiv.,,,1,,1,1,,2022-02-17 20:33:38,2022-02-17 20:33:38
771,augusta,1860,J. J.,Glossbrenner,N. Subdiv.,,,1,,1,1,,2022-02-17 20:33:38,2022-02-17 20:33:38
772,augusta,1860,C. K.,Hyde,N. Subdiv.,,,1,,1,1,,2022-02-17 20:33:38,2022-02-17 20:33:38
773,augusta,1860,Peter,Fitch,N. Subdiv.,,,1,,1,1,,2022-02-17 20:33:38,2022-02-17 20:33:38
774,augusta,1860,Mrs.,Mathew,N. Subdiv.,,,1,,1,1,,2022-02-17 20:33:38,2022-02-17 20:33:38
775,augusta,1860,John,Patterson,N. Subdiv.,,,1,,1,1,,2022-02-17 20:33:38,2022-02-17 20:33:38
776,augusta,1860,John,Firebaugh,N. Subdiv.,,,1,,1,1,,2022-02-17 20:33:38,2022-02-17 20:33:38
777,augusta,1860,John,Whitmore,N. Subdiv.,,,1,,1,1,,2022-02-17 20:33:38,2022-02-17 20:33:38
778,augusta,1860,Jacob,Coiner,N. Subdiv.,,,1,,1,1,,2022-02-17 20:33:38,2022-02-17 20:33:38
779,augusta,1860,S.,Koiner,N. Subdiv.,,,1,,1,1,,2022-02-17 20:33:38,2022-02-17 20:33:38
780,augusta,1860,G. W.,Gainer,N. Subdiv.,,,1,,1,1,,2022-02-17 20:33:38,2022-02-17 20:33:38
781,augusta,1860,Joseph,Morrison,N. Subdiv.,,,1,,1,1,,2022-02-17 20:33:38,2022-02-17 20:33:38
782,augusta,1860,Joseph,Smith,N. Subdiv.,,,1,,1,1,,2022-02-17 20:33:38,2022-02-17 20:33:38
783,augusta,1860,John,Sulley[?],Staunton,,,1,,1,1,,2022-02-17 20:33:38,2022-02-17 20:33:38
784,augusta,1860,H.,Ceaso,Staunton,,,1,,1,1,,2022-02-17 20:33:38,2022-02-17 20:33:38
785,augusta,1860,Nancy A.,Clarke,Staunton,,,1,,1,1,,2022-02-17 20:33:38,2022-02-17 20:33:38
786,augusta,1860,Harvey,Risk,Staunton,,,1,,1,1,,2022-02-17 20:33:38,2022-02-17 20:33:38
787,augusta,1860,Mary A.,Baldwin,Staunton,,,1,,1,1,,2022-02-17 20:33:38,2022-02-17 20:33:38
788,augusta,1860,Solomon,Gibson,1st District,,,2,1,1,,2,2022-02-17 20:33:38,2022-02-17 20:33:38
789,augusta,1860,James,Gardner,N. Subdiv.,,,2,1,1,,2,2022-02-17 20:33:38,2022-02-17 20:33:38
790,augusta,1860,David,Beard,N. Subdiv.,,,2,1,1,,2,2022-02-17 20:33:38,2022-02-17 20:33:38
791,augusta,1860,Mrs.,Robertson,N. Subdiv.,,,2,1,1,,2,2022-02-17 20:33:38,2022-02-17 20:33:38
792,augusta,1860,Caroline,Patrick,N. Subdiv.,,,2,1,1,,2,2022-02-17 20:33:38,2022-02-17 20:33:38
793,augusta,1860,Thomas,Payton,Staunton,,,2,1,1,,2,2022-02-17 20:33:38,2022-02-17 20:33:38
794,augusta,1860,Simon,Coiner,N. Subdiv.,,,2,1,1,1,,2022-02-17 20:33:38,2022-02-17 20:33:38
795,augusta,1860,Luke,Woodward,1st District,,,1,1,1,1,1,2022-02-17 20:33:38,2022-02-17 20:33:38
796,augusta,1860,Abraham,Lavell,1st District,,,2,1,1,1,1,2022-02-17 20:33:38,2022-02-17 20:33:38
797,augusta,1860,James M.,Lewis,1st District,,,2,1,1,1,1,2022-02-17 20:33:38,2022-02-17 20:33:38
798,augusta,1860,William S.,Hawpe,1st District,,,2,1,1,1,1,2022-02-17 20:33:38,2022-02-17 20:33:38
799,augusta,1860,George M.,Schultz,1st District,,,2,1,1,1,1,2022-02-17 20:33:38,2022-02-17 20:33:38
800,augusta,1860,John C.,Carson,1st District,,,2,1,1,1,1,2022-02-17 20:33:38,2022-02-17 20:33:38
801,augusta,1860,William C.,McKenny,1st District,,,2,1,1,1,1,2022-02-17 20:33:38,2022-02-17 20:33:38
802,augusta,1860,Charles C.,McCutchen,1st District,,,2,1,1,1,1,2022-02-17 20:33:38,2022-02-17 20:33:38
803,augusta,1860,Diannah,Kyle,N. Subdiv.,,,2,1,1,1,1,2022-02-17 20:33:38,2022-02-17 20:33:38
804,augusta,1860,R. M.,Kyle,N. Subdiv.,,,2,1,1,1,1,2022-02-17 20:33:38,2022-02-17 20:33:38
805,augusta,1860,G.,Hite,N. Subdiv.,,,2,1,1,1,1,2022-02-17 20:33:38,2022-02-17 20:33:38
806,augusta,1860,#,McComb,N. Subdiv.,,,2,1,1,1,1,2022-02-17 20:33:38,2022-02-17 20:33:38
807,augusta,1860,Nancy,Gray,N. Subdiv.,,,2,1,1,1,1,2022-02-17 20:33:38,2022-02-17 20:33:38
808,augusta,1860,Henry,Gidings,N. Subdiv.,,,2,1,1,1,1,2022-02-17 20:33:38,2022-02-17 20:33:38
809,augusta,1860,C. S.,Patterson,N. Subdiv.,,,2,1,1,1,1,2022-02-17 20:33:38,2022-02-17 20:33:38
810,augusta,1860,S.,Kainer,N. Subdiv.,,,2,1,1,1,1,2022-02-17 20:33:38,2022-02-17 20:33:38
811,augusta,1860,John C.,Welk,N. Subdiv.,,,2,1,1,1,1,2022-02-17 20:33:38,2022-02-17 20:33:38
812,augusta,1860,Jonathan M.,Baldwin,Staunton,,,2,1,1,1,1,2022-02-17 20:33:38,2022-02-17 20:33:38
813,augusta,1860,George,Bosserman,1st District,,,2,1,1,2,,2022-02-17 20:33:38,2022-02-17 20:33:38
814,augusta,1860,Peter,[?],N. Subdiv.,,,2,1,1,2,,2022-02-17 20:33:38,2022-02-17 20:33:38
815,augusta,1860,Susan C.,Graham,1st District,,,3,2,1,,3,2022-02-17 20:33:38,2022-02-17 20:33:38
816,augusta,1860,Henry,Fulton,1st District,,,8,8,,3,5,2022-02-17 20:33:38,2022-02-17 20:33:38
817,augusta,1860,A.,Kerr,N. Subdiv.,,,8,8,,3,5,2022-02-17 20:33:38,2022-02-17 20:33:38
818,augusta,1860,Harrison H.,Coiner,1st District,,,8,8,,4,4,2022-02-17 20:33:38,2022-02-17 20:33:38
819,augusta,1860,William,Marshall,1st District,,,8,8,,4,4,2022-02-17 20:33:38,2022-02-17 20:33:38
820,augusta,1860,William A.,Abrey,1st District,,,8,8,,4,4,2022-02-17 20:33:38,2022-02-17 20:33:38
821,augusta,1860,Hugh W.,Sheffey,1st District,,,8,8,,4,4,2022-02-17 20:33:38,2022-02-17 20:33:38
822,augusta,1860,Eliza,Hawpe,1st District,,,8,8,,4,4,2022-02-17 20:33:38,2022-02-17 20:33:38
823,augusta,1860,Sarah R.,Christian,1st District,,,8,8,,4,4,2022-02-17 20:33:38,2022-02-17 20:33:38
824,augusta,1860,D.,Forron,N. Subdiv.,,,8,8,,4,4,2022-02-17 20:33:38,2022-02-17 20:33:38
825,augusta,1860,J. J.,Cullen,N. Subdiv.,,,8,8,,4,4,2022-02-17 20:33:38,2022-02-17 20:33:38
826,augusta,1860,J. S.,Bush,N. Subdiv.,,,8,8,,5,3,2022-02-17 20:33:38,2022-02-17 20:33:38
827,augusta,1860,John G.,Guthrie,N. Subdiv.,,,8,8,,7,1,2022-02-17 20:33:38,2022-02-17 20:33:38
828,augusta,1860,Samuel H.,Steele,1st District,,,9,9,,3,6,2022-02-17 20:33:38,2022-02-17 20:33:38
829,augusta,1860,Henry,Sterrett,N. Subdiv.,,,9,9,,3,6,2022-02-17 20:33:38,2022-02-17 20:33:38
830,augusta,1860,Theodore,Gamble,N. Subdiv.,,,9,9,,4,5,2022-02-17 20:33:38,2022-02-17 20:33:38
831,augusta,1860,R. H.,Dudley,N. Subdiv.,,,9,9,,4,5,2022-02-17 20:33:38,2022-02-17 20:33:38
832,augusta,1860,Jacob,Killian,1st District,,,9,9,,5,4,2022-02-17 20:33:38,2022-02-17 20:33:38
833,augusta,1860,Wiliam B.,Costler,1st District,,,9,9,,5,4,2022-02-17 20:33:38,2022-02-17 20:33:38
834,augusta,1860,Mary A.,Blair,1st District,,,9,9,,5,4,2022-02-17 20:33:38,2022-02-17 20:33:38
835,augusta,1860,James W.,Calhoon,1st District,,,9,9,,5,4,2022-02-17 20:33:38,2022-02-17 20:33:38
836,augusta,1860,John,Brooks,1st District,,,9,9,,6,3,2022-02-17 20:33:38,2022-02-17 20:33:38
837,augusta,1860,William (Sgt.),Steele,1st District,,,9,9,,6,3,2022-02-17 20:33:38,2022-02-17 20:33:38
838,augusta,1860,James,Lushbaugh,Staunton,,,9,9,,6,3,2022-02-17 20:33:38,2022-02-17 20:33:38
839,augusta,1860,C. R.,Mason,Staunton,,,9,9,,7,2,2022-02-17 20:33:38,2022-02-17 20:33:38
840,augusta,1860,John,Christian,1st District,,,10,10,,3,7,2022-02-17 20:33:38,2022-02-17 20:33:38
841,augusta,1860,James,Buchanan,1st District,,,10,10,,5,5,2022-02-17 20:33:38,2022-02-17 20:33:38
842,augusta,1860,Jacob,Vanlear,1st District,,,10,10,,6,4,2022-02-17 20:33:38,2022-02-17 20:33:38
843,augusta,1860,William,Gilkeson,1st District,,,10,10,,6,4,2022-02-17 20:33:38,2022-02-17 20:33:38
844,augusta,1860,Mathew,Pilson,1st District,,,11,11,,3,7,2022-02-17 20:33:38,2022-02-17 20:33:38
845,augusta,1860,Thomas,Clayton,1st District,,,11,11,,5,6,2022-02-17 20:33:38,2022-02-17 20:33:38
846,augusta,1860,John,Kenedy,N. Subdiv.,,,11,11,,5,6,2022-02-17 20:33:38,2022-02-17 20:33:38
847,augusta,1860,Bailey,Dunlap,N. Subdiv.,,,12,12,,3,9,2022-02-17 20:33:38,2022-02-17 20:33:38
848,augusta,1860,Robert R.,Brown,1st District,,,12,12,,6,6,2022-02-17 20:33:38,2022-02-17 20:33:38
849,augusta,1860,Robert,McNutt,1st District,,,12,12,,7,5,2022-02-17 20:33:38,2022-02-17 20:33:38
850,augusta,1860,Robert P.,Brown,1st District,,,12,12,,7,5,2022-02-17 20:33:38,2022-02-17 20:33:38
851,augusta,1860,R.,Gamble,N. Subdiv.,,,12,12,,7,5,2022-02-17 20:33:38,2022-02-17 20:33:38
852,augusta,1860,Washington,Swope,1st District,,,13,13,,5,8,2022-02-17 20:33:38,2022-02-17 20:33:38
853,augusta,1860,John,McClanahan,1st District,,,13,13,,7,6,2022-02-17 20:33:38,2022-02-17 20:33:38
854,augusta,1860,James A.,Fitch,1st District,,,13,13,,8,5,2022-02-17 20:33:38,2022-02-17 20:33:38
855,augusta,1860,Robert,McCutchen,1st District,,,13,13,,9,4,2022-02-17 20:33:38,2022-02-17 20:33:38
856,augusta,1860,B.,Shumate,N. Subdiv.,,,14,14,,5,9,2022-02-17 20:33:38,2022-02-17 20:33:38
857,augusta,1860,William S.,Sproul,1st District,,,14,14,,7,7,2022-02-17 20:33:38,2022-02-17 20:33:38
858,augusta,1860,James,Crawford,N. Subdiv.,,,14,14,,10,4,2022-02-17 20:33:38,2022-02-17 20:33:38
859,augusta,1860,William,McComb,1st District,,,15,15,,5,10,2022-02-17 20:33:38,2022-02-17 20:33:38
860,augusta,1860,David S.,Bell,N. Subdiv.,,,15,15,,5,10,2022-02-17 20:33:38,2022-02-17 20:33:38
861,augusta,1860,John A.,Harman,N. Subdiv.,,,15,15,,7,8,2022-02-17 20:33:38,2022-02-17 20:33:38
862,augusta,1860,Charles C.,Francisen,1st District,,,16,16,,6,10,2022-02-17 20:33:38,2022-02-17 20:33:38
863,augusta,1860,Thomas J.,Michie,Staunton,,,16,16,,8,8,2022-02-17 20:33:38,2022-02-17 20:33:38
864,augusta,1860,Elizabeth,Via,1st District,,,16,16,,10,6,2022-02-17 20:33:38,2022-02-17 20:33:38
865,augusta,1860,Joseph B.,McComb,1st District,,,16,16,,12,4,2022-02-17 20:33:38,2022-02-17 20:33:38
866,augusta,1860,William A.,Bell,N. Subdiv.,,,19,19,,6,13,2022-02-17 20:33:38,2022-02-17 20:33:38
867,augusta,1860,John L.,Shields,1st District,,,19,19,,9,10,2022-02-17 20:33:38,2022-02-17 20:33:38
868,augusta,1860,E. G.,Moorman,N. Subdiv.,,,20,20,,10,10,2022-02-17 20:33:38,2022-02-17 20:33:38
869,augusta,1860,John,Brownlee,1st District,,,25,25,,9,16,2022-02-17 20:33:38,2022-02-17 20:33:38
870,augusta,1860,James C.,Brown,1st District,,,1,,1,,1,2022-02-17 20:33:38,2022-02-17 20:33:38
871,augusta,1860,Lewis,Boswell,1st District,,,1,,1,,1,2022-02-17 20:33:38,2022-02-17 20:33:38
872,augusta,1860,E. P.,Wilson,N. Subdiv.,,,1,,1,,1,2022-02-17 20:33:38,2022-02-17 20:33:38
873,augusta,1860,B. R.,Speck,N. Subdiv.,,,1,,1,,1,2022-02-17 20:33:38,2022-02-17 20:33:38
874,augusta,1860,Philip,Airhart,N. Subdiv.,,,1,,1,,1,2022-02-17 20:33:38,2022-02-17 20:33:38
875,augusta,1860,W.,Wise,N. Subdiv.,,,1,,1,,1,2022-02-17 20:33:38,2022-02-17 20:33:38
876,augusta,1860,William,Armstrong,N. Subdiv.,,,1,,1,,1,2022-02-17 20:33:38,2022-02-17 20:33:38
877,augusta,1860,Rachel,Armstrong,N. Subdiv.,,,1,,1,,1,2022-02-17 20:33:38,2022-02-17 20:33:38
878,augusta,1860,Matthew,Scott,N. Subdiv.,,,1,,1,,1,2022-02-17 20:33:38,2022-02-17 20:33:38
879,augusta,1860,Lewis,Keller,N. Subdiv.,,,1,,1,,1,2022-02-17 20:33:38,2022-02-17 20:33:38
880,augusta,1860,C.,Kesler,N. Subdiv.,,,1,,1,,1,2022-02-17 20:33:38,2022-02-17 20:33:38
881,augusta,1860,C. K.,Hyde,N. Subdiv.,,,1,,1,,1,2022-02-17 20:33:38,2022-02-17 20:33:38
882,augusta,1860,Philip,Koiner,N. Subdiv.,,,5,5,,2,3,2022-02-17 20:33:38,2022-02-17 20:33:38
883,augusta,1860,Samuel H.,Bell,N. Subdiv.,,,5,5,,2,3,2022-02-17 20:33:38,2022-02-17 20:33:38
884,augusta,1860,W. S.,Richardson,N. Subdiv.,,,5,5,,2,3,2022-02-17 20:33:38,2022-02-17 20:33:38
885,augusta,1860,Mary E.,Arnold,1st District,,,5,5,,3,2,2022-02-17 20:33:38,2022-02-17 20:33:38
886,augusta,1860,David & Jacob,Spotts,1st District,,,5,5,,3,2,2022-02-17 20:33:38,2022-02-17 20:33:38
887,augusta,1860,James,Trotter,1st District,,,5,5,,3,2,2022-02-17 20:33:38,2022-02-17 20:33:38
888,augusta,1860,David F.,Lowman,1st District,,,5,5,,3,2,2022-02-17 20:33:38,2022-02-17 20:33:38
889,augusta,1860,Joseph B.,Trimble,1st District,,,5,5,,3,2,2022-02-17 20:33:38,2022-02-17 20:33:38
890,augusta,1860,M.,Orebaugh,N. Subdiv.,,,5,5,,3,2,2022-02-17 20:33:38,2022-02-17 20:33:38
891,augusta,1860,J. H.,Ervine,N. Subdiv.,,,5,5,,3,2,2022-02-17 20:33:38,2022-02-17 20:33:38
892,augusta,1860,B.,Herring,N. Subdiv.,,,5,5,,3,2,2022-02-17 20:33:38,2022-02-17 20:33:38
893,augusta,1860,S. M.,Kyle,N. Subdiv.,,,5,5,,3,2,2022-02-17 20:33:38,2022-02-17 20:33:38
894,augusta,1860,B. F.,Walker,N. Subdiv.,,,5,5,,3,2,2022-02-17 20:33:38,2022-02-17 20:33:38
895,augusta,1860,William,Hanistten,N. Subdiv.,,,5,5,,3,2,2022-02-17 20:33:38,2022-02-17 20:33:38
896,augusta,1860,Robert,Shaw,1st District,,,5,5,,4,1,2022-02-17 20:33:38,2022-02-17 20:33:38
897,augusta,1860,James M.,Calhoon,1st District,,,5,5,,4,1,2022-02-17 20:33:38,2022-02-17 20:33:38
898,augusta,1860,George,Miller,1st District,,,6,6,,1,5,2022-02-17 20:33:38,2022-02-17 20:33:38
899,augusta,1860,George,Miller,1st District,,,6,6,,1,5,2022-02-17 20:33:38,2022-02-17 20:33:38
900,augusta,1860,J. R.,Bell,N. Subdiv.,,,6,6,,1,5,2022-02-17 20:33:38,2022-02-17 20:33:38
901,augusta,1860,Thomas H.,Shilton[?],1st District,,,6,6,,2,4,2022-02-17 20:33:38,2022-02-17 20:33:38
902,augusta,1860,Abraham,Coiner,1st District,,,6,6,,2,4,2022-02-17 20:33:38,2022-02-17 20:33:38
903,augusta,1860,David F.,Clemer,1st District,,,6,6,,2,4,2022-02-17 20:33:38,2022-02-17 20:33:38
904,augusta,1860,Joseph,Means,1st District,,,6,6,,2,4,2022-02-17 20:33:38,2022-02-17 20:33:38
905,augusta,1860,J. G.,Fulton,N. Subdiv.,,,6,6,,2,4,2022-02-17 20:33:38,2022-02-17 20:33:38
906,augusta,1860,Zachariah,Johnston,N. Subdiv.,,,6,6,,2,4,2022-02-17 20:33:38,2022-02-17 20:33:38
907,augusta,1860,A. W.,Harman,N. Subdiv.,,,6,6,,2,4,2022-02-17 20:33:38,2022-02-17 20:33:38
908,augusta,1860,F. A.,Turk,N. Subdiv.,,,6,6,,2,4,2022-02-17 20:33:38,2022-02-17 20:33:38
909,augusta,1860,D.,Fishburn,N. Subdiv.,,,6,6,,2,4,2022-02-17 20:33:38,2022-02-17 20:33:38
910,augusta,1860,James,Patterson,N. Subdiv.,,,6,6,,2,4,2022-02-17 20:33:38,2022-02-17 20:33:38
911,augusta,1860,S.,Waddel,Staunton,,,6,6,,2,4,2022-02-17 20:33:38,2022-02-17 20:33:38
912,augusta,1860,Eliza,Wallace,Staunton,,,6,6,,2,4,2022-02-17 20:33:38,2022-02-17 20:33:38
913,augusta,1860,Virginia A.,Black,1st District,,,6,6,,3,3,2022-02-17 20:33:38,2022-02-17 20:33:38
914,augusta,1860,Nimrod[?] M.,Hill,1st District,,,6,6,,3,3,2022-02-17 20:33:38,2022-02-17 20:33:38
915,augusta,1860,Christian,Shuey,1st District,,,6,6,,3,3,2022-02-17 20:33:38,2022-02-17 20:33:38
916,augusta,1860,Elizabeth,Coiner,N. Subdiv.,,,6,6,,3,3,2022-02-17 20:33:38,2022-02-17 20:33:38
917,augusta,1860,Thomas C.,Burwell,N. Subdiv.,,,6,6,,3,3,2022-02-17 20:33:38,2022-02-17 20:33:38
918,augusta,1860,H. S.,Gallaher,N. Subdiv.,,,6,6,,3,3,2022-02-17 20:33:38,2022-02-17 20:33:38
919,augusta,1860,Thomas,Shumate,Staunton,,,6,6,,3,3,2022-02-17 20:33:38,2022-02-17 20:33:38
920,augusta,1860,A. D.,Chandler,Staunton,,,6,6,,3,3,2022-02-17 20:33:38,2022-02-17 20:33:38
921,augusta,1860,James S.,Moffett,1st District,,,6,6,,4,2,2022-02-17 20:33:38,2022-02-17 20:33:38
922,augusta,1860,John,Harris,1st District,,,6,6,,4,2,2022-02-17 20:33:38,2022-02-17 20:33:38
923,augusta,1860,Jonathan,Heart,1st District,,,6,6,,4,2,2022-02-17 20:33:38,2022-02-17 20:33:38
924,augusta,1860,Mary A.,Kinney,Staunton,,,6,6,,4,2,2022-02-17 20:33:38,2022-02-17 20:33:38
925,augusta,1860,Mary S.,Long,1st District,,,6,6,,5,1,2022-02-17 20:33:38,2022-02-17 20:33:38
926,augusta,1860,P. A.,Dice,N. Subdiv.,,,11,6,,7,4,2022-02-17 20:33:38,2022-02-17 20:33:38
927,augusta,1860,William,Gray,1st District,,,7,7,,2,5,2022-02-17 20:33:38,2022-02-17 20:33:38
928,augusta,1860,John,Brown,1st District,,,7,7,,3,4,2022-02-17 20:33:38,2022-02-17 20:33:38
929,augusta,1860,Lorenzo,Shaw,1st District,,,7,7,,3,4,2022-02-17 20:33:38,2022-02-17 20:33:38
930,augusta,1860,Robert,Anderson,N. Subdiv.,,,7,7,,3,4,2022-02-17 20:33:38,2022-02-17 20:33:38
931,augusta,1860,William,Patterson,N. Subdiv.,,,7,7,,3,4,2022-02-17 20:33:38,2022-02-17 20:33:38
932,augusta,1860,John,Bouiland,N. Subdiv.,,,7,7,,3,4,2022-02-17 20:33:38,2022-02-17 20:33:38
933,augusta,1860,Simon,Koiner,N. Subdiv.,,,7,7,,3,4,2022-02-17 20:33:38,2022-02-17 20:33:38
934,augusta,1860,J.,Waigt,Staunton,,,7,7,,3,4,2022-02-17 20:33:38,2022-02-17 20:33:38
935,augusta,1860,William J.,Shumate,1st District,,,7,7,,4,3,2022-02-17 20:33:38,2022-02-17 20:33:38
936,augusta,1860,William W.,Montgomery,1st District,,,7,7,,4,3,2022-02-17 20:33:38,2022-02-17 20:33:38
937,augusta,1860,John,Wilson,1st District,,,7,7,,4,3,2022-02-17 20:33:38,2022-02-17 20:33:38
938,augusta,1860,D. A.,Van Lear,N. Subdiv.,,,7,7,,4,3,2022-02-17 20:33:38,2022-02-17 20:33:38
939,augusta,1860,George L.,Antrim,1st District,,,7,7,,5,2,2022-02-17 20:33:38,2022-02-17 20:33:38
940,augusta,1860,G.,Robson,N. Subdiv.,,,7,7,,5,2,2022-02-17 20:33:38,2022-02-17 20:33:38
941,augusta,1860,Daniel,Wilson,N. Subdiv.,,,7,7,,5,2,2022-02-17 20:33:38,2022-02-17 20:33:38
942,augusta,1860,David,Koiner,N. Subdiv.,,,7,7,,5,2,2022-02-17 20:33:38,2022-02-17 20:33:38
943,augusta,1860,William M.,Tate,1st District,,,16,7,,6,10,2022-02-17 20:33:38,2022-02-17 20:33:38
944,augusta,1860,F. M.,Young,N. Subdiv.,,,8,8,,1,7,2022-02-17 20:33:38,2022-02-17 20:33:38
945,augusta,1860,Willam F.,Smith,1st District,,,8,8,,2,6,2022-02-17 20:33:38,2022-02-17 20:33:38
946,augusta,1860,Richard,Freeman,N. Subdiv.,,,8,8,,2,6,2022-02-17 20:33:38,2022-02-17 20:33:38
947,augusta,1860,Isaac,Hall,1st District,,,8,8,,3,5,2022-02-17 20:33:38,2022-02-17 20:33:38
948,augusta,1860,William,Steele,1st District,,,8,8,,3,5,2022-02-17 20:33:38,2022-02-17 20:33:38
949,augusta,1860,V. R.,Crawford,N. Subdiv.,,,3,3,,2,1,2022-02-17 20:33:38,2022-02-17 20:33:38
950,augusta,1860,B. F.,Hopkins,N. Subdiv.,,,3,3,,2,1,2022-02-17 20:33:38,2022-02-17 20:33:38
951,augusta,1860,H.,Sterrett,N. Subdiv.,,,3,3,,2,1,2022-02-17 20:33:38,2022-02-17 20:33:38
952,augusta,1860,George,Cooke,N. Subdiv.,,,3,3,,2,1,2022-02-17 20:33:38,2022-02-17 20:33:38
953,augusta,1860,David,Cooke,N. Subdiv.,,,3,3,,2,1,2022-02-17 20:33:38,2022-02-17 20:33:38
954,augusta,1860,E.,Snapp,N. Subdiv.,,,3,3,,2,1,2022-02-17 20:33:38,2022-02-17 20:33:38
955,augusta,1860,John,Hanger,N. Subdiv.,,,3,3,,2,1,2022-02-17 20:33:38,2022-02-17 20:33:38
956,augusta,1860,Sallie,Waddle,N. Subdiv.,,,3,3,,2,1,2022-02-17 20:33:38,2022-02-17 20:33:38
957,augusta,1860,John,Brown,1st District,,,3,3,,3,,2022-02-17 20:33:38,2022-02-17 20:33:38
958,augusta,1860,G. H.,Ervine,N. Subdiv.,,,3,3,,3,,2022-02-17 20:33:38,2022-02-17 20:33:38
959,augusta,1860,Mary,Gilkerson,N. Subdiv.,,,3,3,,3,,2022-02-17 20:33:38,2022-02-17 20:33:38
960,augusta,1860,Elias,Albertson,N. Subdiv.,,,3,3,,3,,2022-02-17 20:33:38,2022-02-17 20:33:38
961,augusta,1860,David M.,Brooks,1st District,,,4,4,,1,3,2022-02-17 20:33:38,2022-02-17 20:33:38
962,augusta,1860,Andrew S.,McClure,1st District,,,4,4,,1,3,2022-02-17 20:33:38,2022-02-17 20:33:38
963,augusta,1860,,Hodge,1st District,,,4,4,,1,3,2022-02-17 20:33:38,2022-02-17 20:33:38
964,augusta,1860,E.,Wilson,N. Subdiv.,,,4,4,,1,3,2022-02-17 20:33:38,2022-02-17 20:33:38
965,augusta,1860,Elizabeth,Kenedy,N. Subdiv.,,,4,4,,1,3,2022-02-17 20:33:38,2022-02-17 20:33:38
966,augusta,1860,Judson,McCay[?],Staunton,,,4,4,,1,3,2022-02-17 20:33:38,2022-02-17 20:33:38
967,augusta,1860,K.,[?],Staunton,,,4,4,,1,3,2022-02-17 20:33:38,2022-02-17 20:33:38
968,augusta,1860,Sally,Alexander,1st District,,,4,4,,2,2,2022-02-17 20:33:38,2022-02-17 20:33:38
969,augusta,1860,George K.,Snapp,1st District,,,4,4,,2,2,2022-02-17 20:33:38,2022-02-17 20:33:38
970,augusta,1860,James A. G.,Scott,1st District,,,4,4,,2,2,2022-02-17 20:33:38,2022-02-17 20:33:38
971,augusta,1860,Garrison D.,McGuffin,1st District,,,4,4,,2,2,2022-02-17 20:33:38,2022-02-17 20:33:38
972,augusta,1860,John J.,Larew,1st District,,,4,4,,2,2,2022-02-17 20:33:38,2022-02-17 20:33:38
973,augusta,1860,Aaron F.[?],Humphreys,1st District,,,4,4,,2,2,2022-02-17 20:33:38,2022-02-17 20:33:38
974,augusta,1860,Robert,McChesney,1st District,,,4,4,,2,2,2022-02-17 20:33:38,2022-02-17 20:33:38
975,augusta,1860,Jacob,Argenbright,1st District,,,4,4,,2,2,2022-02-17 20:33:38,2022-02-17 20:33:38
976,augusta,1860,William,Ramsey,1st District,,,4,4,,2,2,2022-02-17 20:33:38,2022-02-17 20:33:38
977,augusta,1860,J.,Bell,N. Subdiv.,,,4,4,,2,2,2022-02-17 20:33:38,2022-02-17 20:33:38
978,augusta,1860,A. J.,Garber,N. Subdiv.,,,4,4,,2,2,2022-02-17 20:33:38,2022-02-17 20:33:38
979,augusta,1860,George,Shrikhise,N. Subdiv.,,,4,4,,2,2,2022-02-17 20:33:38,2022-02-17 20:33:38
980,augusta,1860,Jane A.,Deiver,N. Subdiv.,,,4,4,,2,2,2022-02-17 20:33:38,2022-02-17 20:33:38
981,augusta,1860,M. A.,Crawford,N. Subdiv.,,,4,4,,2,2,2022-02-17 20:33:38,2022-02-17 20:33:38
982,augusta,1860,Sarah,McCue,N. Subdiv.,,,4,4,,2,2,2022-02-17 20:33:38,2022-02-17 20:33:38
983,augusta,1860,James H.,Coiner,N. Subdiv.,,,4,4,,2,2,2022-02-17 20:33:38,2022-02-17 20:33:38
984,augusta,1860,Mary J.,Larew,1st District,,,4,4,,3,1,2022-02-17 20:33:38,2022-02-17 20:33:38
985,augusta,1860,James,Allen,1st District,,,4,4,,3,1,2022-02-17 20:33:38,2022-02-17 20:33:38
986,augusta,1860,Jacob (Sgt.),Lightner,1st District,,,4,4,,3,1,2022-02-17 20:33:38,2022-02-17 20:33:38
987,augusta,1860,James,Wright,1st District,,,4,4,,3,1,2022-02-17 20:33:38,2022-02-17 20:33:38
988,augusta,1860,Willim K.,Clayton,1st District,,,4,4,,3,1,2022-02-17 20:33:38,2022-02-17 20:33:38
989,augusta,1860,John,Sawright,N. Subdiv.,,,4,4,,3,1,2022-02-17 20:33:38,2022-02-17 20:33:38
990,augusta,1860,Thomas,Mills,N. Subdiv.,,,4,4,,3,1,2022-02-17 20:33:38,2022-02-17 20:33:38
991,augusta,1860,James A.,[?],Staunton,,,4,4,,3,1,2022-02-17 20:33:38,2022-02-17 20:33:38
992,augusta,1860,Susan M.,Kenny,Staunton,,,4,4,,3,1,2022-02-17 20:33:38,2022-02-17 20:33:38
993,augusta,1860,John H.,Bear,N. Subdiv.,,,4,4,,4,,2022-02-17 20:33:38,2022-02-17 20:33:38
994,augusta,1860,James M.,Brooks,1st District,,,9,4,,6,3,2022-02-17 20:33:38,2022-02-17 20:33:38
995,augusta,1860,Addison,Dold,1st District,,,13,4,,6,7,2022-02-17 20:33:38,2022-02-17 20:33:38
996,augusta,1860,George A.,Wilson,1st District,,,5,5,,1,4,2022-02-17 20:33:38,2022-02-17 20:33:38
997,augusta,1860,Philip O.,Palmer,1st District,,,5,5,,1,4,2022-02-17 20:33:38,2022-02-17 20:33:38
998,augusta,1860,Joseph,Gisingwer,N. Subdiv.,,,5,5,,1,4,2022-02-17 20:33:38,2022-02-17 20:33:38
999,augusta,1860,J.,Waigt,Staunton,,,5,5,,1,4,2022-02-17 20:33:38,2022-02-17 20:33:38
1000,augusta,1860,David,Gilkison,1st District,,,5,5,,2,3,2022-02-17 20:33:38,2022-02-17 20:33:38
1001,augusta,1860,Alexander,Gardner,1st District,,,5,5,,2,3,2022-02-17 20:33:38,2022-02-17 20:33:38
1002,augusta,1860,David C.,Gilkeson,1st District,,,5,5,,2,3,2022-02-17 20:33:38,2022-02-17 20:33:38
1003,augusta,1860,Julius A.,Harris,1st District,,,5,5,,2,3,2022-02-17 20:33:38,2022-02-17 20:33:38
1004,augusta,1860,Jacob,Bowman,1st District,,,5,5,,2,3,2022-02-17 20:33:38,2022-02-17 20:33:38
1005,augusta,1860,Margaret,Beard,1st District,,,5,5,,2,3,2022-02-17 20:33:38,2022-02-17 20:33:38
1006,augusta,1860,George F.,Hoover,1st District,,,5,5,,2,3,2022-02-17 20:33:38,2022-02-17 20:33:38
1007,augusta,1860,Robert,Craig,1st District,,,5,5,,2,3,2022-02-17 20:33:38,2022-02-17 20:33:38
1008,augusta,1860,J.,Shreckhise,N. Subdiv.,,,5,5,,2,3,2022-02-17 20:33:38,2022-02-17 20:33:38
1009,augusta,1860,Harvey,Bear,N. Subdiv.,,,5,5,,2,3,2022-02-17 20:33:38,2022-02-17 20:33:38
1010,augusta,1860,Mary C.,Taylor,N. Subdiv.,,,5,5,,2,3,2022-02-17 20:33:38,2022-02-17 20:33:38
1011,augusta,1860,John J.,Wonderly,N. Subdiv.,,,5,5,,2,3,2022-02-17 20:33:38,2022-02-17 20:33:38
1012,augusta,1860,Robert,Gray,N. Subdiv.,,,5,5,,2,3,2022-02-17 20:33:38,2022-02-17 20:33:38
1013,augusta,1860,J. S. and C. S.,Byers,N. Subdiv.,,,5,5,,2,3,2022-02-17 20:33:38,2022-02-17 20:33:38
1014,augusta,1860,M. W.,Harman,N. Subdiv.,,,5,5,,2,3,2022-02-17 20:33:38,2022-02-17 20:33:38
1015,augusta,1860,Lititia,Martin,1st District,,,2,2,,1,1,2022-02-17 20:33:38,2022-02-17 20:33:38
1016,augusta,1860,Robert,Craig,1st District,,,2,2,,1,1,2022-02-17 20:33:38,2022-02-17 20:33:38
1017,augusta,1860,Isabella M.,Doak,1st District,,,2,2,,1,1,2022-02-17 20:33:38,2022-02-17 20:33:38
1018,augusta,1860,A.,Byers,N. Subdiv.,,,2,2,,1,1,2022-02-17 20:33:38,2022-02-17 20:33:38
1019,augusta,1860,A.,Linn,N. Subdiv.,,,2,2,,1,1,2022-02-17 20:33:38,2022-02-17 20:33:38
1020,augusta,1860,A.,Crist,N. Subdiv.,,,2,2,,1,1,2022-02-17 20:33:38,2022-02-17 20:33:38
1021,augusta,1860,A.,Yount,N. Subdiv.,,,2,2,,1,1,2022-02-17 20:33:38,2022-02-17 20:33:38
1022,augusta,1860,E. D.,Herring,N. Subdiv.,,,2,2,,1,1,2022-02-17 20:33:38,2022-02-17 20:33:38
1023,augusta,1860,H. M.,Blair,N. Subdiv.,,,2,2,,1,1,2022-02-17 20:33:38,2022-02-17 20:33:38
1024,augusta,1860,Silas,Renbush,N. Subdiv.,,,2,2,,1,1,2022-02-17 20:33:38,2022-02-17 20:33:38
1025,augusta,1860,Hugh,Gilkerson,N. Subdiv.,,,2,2,,1,1,2022-02-17 20:33:38,2022-02-17 20:33:38
1026,augusta,1860,Elizabeth,Seig,N. Subdiv.,,,2,2,,1,1,2022-02-17 20:33:38,2022-02-17 20:33:38
1027,augusta,1860,James,Scott,N. Subdiv.,,,2,2,,1,1,2022-02-17 20:33:38,2022-02-17 20:33:38
1028,augusta,1860,Siras,Snapp,N. Subdiv.,,,2,2,,1,1,2022-02-17 20:33:38,2022-02-17 20:33:38
1029,augusta,1860,John,Kerr,N. Subdiv.,,,2,2,,1,1,2022-02-17 20:33:38,2022-02-17 20:33:38
1030,augusta,1860,Philip,Wist,N. Subdiv.,,,2,2,,1,1,2022-02-17 20:33:38,2022-02-17 20:33:38
1031,augusta,1860,E.,Rosengerger,N. Subdiv.,,,2,2,,1,1,2022-02-17 20:33:38,2022-02-17 20:33:38
1032,augusta,1860,E. A.,Erving,N. Subdiv.,,,2,2,,1,1,2022-02-17 20:33:38,2022-02-17 20:33:38
1033,augusta,1860,Rebecca,Erving,N. Subdiv.,,,2,2,,1,1,2022-02-17 20:33:38,2022-02-17 20:33:38
1034,augusta,1860,A. D.,Cullen,N. Subdiv.,,,2,2,,1,1,2022-02-17 20:33:38,2022-02-17 20:33:38
1035,augusta,1860,J. W.,Hogshead,N. Subdiv.,,,2,2,,1,1,2022-02-17 20:33:38,2022-02-17 20:33:38
1036,augusta,1860,Thomas,Calbreath,N. Subdiv.,,,2,2,,1,1,2022-02-17 20:33:38,2022-02-17 20:33:38
1037,augusta,1860,John,Hamilton,N. Subdiv.,,,2,2,,1,1,2022-02-17 20:33:38,2022-02-17 20:33:38
1038,augusta,1860,Abraham,Freed,N. Subdiv.,,,2,2,,1,1,2022-02-17 20:33:38,2022-02-17 20:33:38
1039,augusta,1860,John,Keiser,N. Subdiv.,,,2,2,,1,1,2022-02-17 20:33:38,2022-02-17 20:33:38
1040,augusta,1860,J. B.,Smith,N. Subdiv.,,,2,2,,1,1,2022-02-17 20:33:38,2022-02-17 20:33:38
1041,augusta,1860,A. K.,Frost,Staunton,,,2,2,,1,1,2022-02-17 20:33:38,2022-02-17 20:33:38
1042,augusta,1860,Carter,Berkeley,Staunton,,,2,2,,1,1,2022-02-17 20:33:38,2022-02-17 20:33:38
1043,augusta,1860,Milton P.,Funkhouser,Staunton,,,2,2,,1,1,2022-02-17 20:33:38,2022-02-17 20:33:38
1044,augusta,1860,Joseph A.,Waddel,Staunton,,,2,2,,1,1,2022-02-17 20:33:38,2022-02-17 20:33:38
1045,augusta,1860,Anna M.,Forest,Staunton,,,2,2,,1,1,2022-02-17 20:33:38,2022-02-17 20:33:38
1046,augusta,1860,Samuel A.,Hunter,1st District,,,2,2,,2,,2022-02-17 20:33:38,2022-02-17 20:33:38
1047,augusta,1860,David H.,Gray,1st District,,,2,2,,2,,2022-02-17 20:33:38,2022-02-17 20:33:38
1048,augusta,1860,Preston B.,Hogshead,1st District,,,2,2,,2,,2022-02-17 20:33:38,2022-02-17 20:33:38
1049,augusta,1860,Mary,Lewis,1st District,,,2,2,,2,,2022-02-17 20:33:38,2022-02-17 20:33:38
1050,augusta,1860,James,Bell,N. Subdiv.,,,2,2,,2,,2022-02-17 20:33:38,2022-02-17 20:33:38
1051,augusta,1860,R. C.,Walker,N. Subdiv.,,,2,2,,2,,2022-02-17 20:33:38,2022-02-17 20:33:38
1052,augusta,1860,D.,Craig,N. Subdiv.,,,2,2,,2,,2022-02-17 20:33:38,2022-02-17 20:33:38
1053,augusta,1860,Charles,Hupons[?],N. Subdiv.,,,2,2,,2,,2022-02-17 20:33:38,2022-02-17 20:33:38
1054,augusta,1860,A. D.,Trotter,Staunton,,,2,2,,2,,2022-02-17 20:33:38,2022-02-17 20:33:38
1055,augusta,1860,Isabella,Kinney,Staunton,,,2,2,,2,,2022-02-17 20:33:38,2022-02-17 20:33:38
1056,augusta,1860,J.,Crawn,N. Subdiv.,,,2,2,,2,1,2022-02-17 20:33:38,2022-02-17 20:33:38
1057,augusta,1860,Samuel,Koiner,N. Subdiv.,,,10,2,,7,3,2022-02-17 20:33:38,2022-02-17 20:33:38
1058,augusta,1860,Archer M.,Moore,1st District,,,3,3,,,3,2022-02-17 20:33:38,2022-02-17 20:33:38
1059,augusta,1860,James,Johnston,N. Subdiv.,,,3,3,,,3,2022-02-17 20:33:38,2022-02-17 20:33:38
1060,augusta,1860,B.,Bagby,Staunton,,,3,3,,,3,2022-02-17 20:33:38,2022-02-17 20:33:38
1061,augusta,1860,Eve A.,Keller,N. Subdiv.,,,2,3,,1,2,2022-02-17 20:33:38,2022-02-17 20:33:38
1062,augusta,1860,Solomon D.,Coiner,1st District,,,3,3,,1,2,2022-02-17 20:33:38,2022-02-17 20:33:38
1063,augusta,1860,John P.,Wilson,1st District,,,3,3,,1,2,2022-02-17 20:33:38,2022-02-17 20:33:38
1064,augusta,1860,John A.,Shields,1st District,,,3,3,,1,2,2022-02-17 20:33:38,2022-02-17 20:33:38
1065,augusta,1860,James R.,Grove,1st District,,,3,3,,1,2,2022-02-17 20:33:38,2022-02-17 20:33:38
1066,augusta,1860,James J.,Martin,1st District,,,3,3,,1,2,2022-02-17 20:33:38,2022-02-17 20:33:38
1067,augusta,1860,William K.,Clemer,1st District,,,3,3,,1,2,2022-02-17 20:33:38,2022-02-17 20:33:38
1068,augusta,1860,James E.,Crawford,1st District,,,3,3,,1,2,2022-02-17 20:33:38,2022-02-17 20:33:38
1069,augusta,1860,A. R.,Bell,N. Subdiv.,,,3,3,,1,2,2022-02-17 20:33:38,2022-02-17 20:33:38
1070,augusta,1860,James,Todd,N. Subdiv.,,,3,3,,1,2,2022-02-17 20:33:38,2022-02-17 20:33:38
1071,augusta,1860,Frances,Gilkerson,N. Subdiv.,,,3,3,,1,2,2022-02-17 20:33:38,2022-02-17 20:33:38
1072,augusta,1860,Robert,Cochran,N. Subdiv.,,,3,3,,1,2,2022-02-17 20:33:38,2022-02-17 20:33:38
1073,augusta,1860,B.,Walters,N. Subdiv.,,,3,3,,1,2,2022-02-17 20:33:38,2022-02-17 20:33:38
1074,augusta,1860,John,Edmondson,N. Subdiv.,,,3,3,,1,2,2022-02-17 20:33:38,2022-02-17 20:33:38
1075,augusta,1860,[?] Estate,,N. Subdiv.,,,3,3,,1,2,2022-02-17 20:33:38,2022-02-17 20:33:38
1076,augusta,1860,J. S.,Wallace,N. Subdiv.,,,3,3,,1,2,2022-02-17 20:33:38,2022-02-17 20:33:38
1077,augusta,1860,George,Coiner,1st District,,,3,3,,2,1,2022-02-17 20:33:38,2022-02-17 20:33:38
1078,augusta,1860,Archibald A.,Sproul,1st District,,,3,3,,2,1,2022-02-17 20:33:38,2022-02-17 20:33:38
1079,augusta,1860,James,Hall,1st District,,,3,3,,2,1,2022-02-17 20:33:38,2022-02-17 20:33:38
1080,augusta,1860,William A.,Brown,1st District,,,3,3,,2,1,2022-02-17 20:33:38,2022-02-17 20:33:38
1081,augusta,1860,John,Thompson,1st District,,,3,3,,2,1,2022-02-17 20:33:38,2022-02-17 20:33:38
1082,augusta,1860,J. A.,Waddle,N. Subdiv.,,,1,1,,1,,2022-02-17 20:33:38,2022-02-17 20:33:38
1083,augusta,1860,William T.,Yarbrough,N. Subdiv.,,,1,1,,1,,2022-02-17 20:33:38,2022-02-17 20:33:38
1084,augusta,1860,Thomas,McCue,N. Subdiv.,,,1,1,,1,,2022-02-17 20:33:38,2022-02-17 20:33:38
1085,augusta,1860,Dr.,Donagher,Staunton,,,1,1,,1,,2022-02-17 20:33:38,2022-02-17 20:33:38
1086,augusta,1860,Mrs.,Wallace,N. Subdiv.,,,1,1,,1,,2022-02-17 20:33:38,2022-02-17 20:33:38
1087,augusta,1860,William M.,Foster,N. Subdiv.,,,1,1,,1,,2022-02-17 20:33:38,2022-02-17 20:33:38
1088,augusta,1860,John C.,Barger,N. Subdiv.,,,1,1,,1,,2022-02-17 20:33:38,2022-02-17 20:33:38
1089,augusta,1860,Gen.,Kainer,N. Subdiv.,,,1,1,,1,,2022-02-17 20:33:38,2022-02-17 20:33:38
1090,augusta,1860,Samuel,Steel,N. Subdiv.,,,1,1,,1,,2022-02-17 20:33:38,2022-02-17 20:33:38
1091,augusta,1860,R. P.,Eubanks,N. Subdiv.,,,1,1,,1,,2022-02-17 20:33:38,2022-02-17 20:33:38
1092,augusta,1860,A. D.,Trotter,N. Subdiv.,,,1,1,,1,,2022-02-17 20:33:38,2022-02-17 20:33:38
1093,augusta,1860,Dr.,Stribling,N. Subdiv.,,,1,1,,1,,2022-02-17 20:33:38,2022-02-17 20:33:38
1094,augusta,1860,Benjamin,[?],N. Subdiv.,,,1,1,,1,,2022-02-17 20:33:38,2022-02-17 20:33:38
1095,augusta,1860,John,Shields,N. Subdiv.,,,1,1,,1,,2022-02-17 20:33:38,2022-02-17 20:33:38
1096,augusta,1860,John,Brady,N. Subdiv.,,,1,1,,1,,2022-02-17 20:33:38,2022-02-17 20:33:38
1097,augusta,1860,Delia,Oversult[?],N. Subdiv.,,,1,1,,1,,2022-02-17 20:33:38,2022-02-17 20:33:38
1098,augusta,1860,John,Koiner,N. Subdiv.,,,1,1,,1,,2022-02-17 20:33:38,2022-02-17 20:33:38
1099,augusta,1860,Jacob,Sinser,N. Subdiv.,,,1,1,,1,,2022-02-17 20:33:38,2022-02-17 20:33:38
1100,augusta,1860,W. M.,Bush,N. Subdiv.,,,1,1,,1,,2022-02-17 20:33:38,2022-02-17 20:33:38
1101,augusta,1860,Thomas,Aride,N. Subdiv.,,,1,1,,1,,2022-02-17 20:33:38,2022-02-17 20:33:38
1102,augusta,1860,Joseph H.,Stephens,N. Subdiv.,,,1,1,,1,,2022-02-17 20:33:38,2022-02-17 20:33:38
1103,augusta,1860,Thomas H.,Antrim,N. Subdiv.,,,1,1,,1,,2022-02-17 20:33:38,2022-02-17 20:33:38
1104,augusta,1860,John A.,Marin,N. Subdiv.,,,1,1,,1,,2022-02-17 20:33:38,2022-02-17 20:33:38
1105,augusta,1860,H. M.,Darnalle[?],N. Subdiv.,,,1,1,,1,,2022-02-17 20:33:38,2022-02-17 20:33:38
1106,augusta,1860,Mrs.,[?] Owen,N. Subdiv.,,,1,1,,1,,2022-02-17 20:33:38,2022-02-17 20:33:38
1107,augusta,1860,R. M.,Stevenson,Staunton,,,1,1,,1,,2022-02-17 20:33:38,2022-02-17 20:33:38
1108,augusta,1860,W. B.,Morris,Staunton,,,1,1,,1,,2022-02-17 20:33:38,2022-02-17 20:33:38
1109,augusta,1860,Sarah,Fuller,Staunton,,,1,1,,1,,2022-02-17 20:33:38,2022-02-17 20:33:38
1110,augusta,1860,Joseph,Shomo,Staunton,,,1,1,,1,,2022-02-17 20:33:38,2022-02-17 20:33:38
1111,augusta,1860,William H.,James,Staunton,,,1,1,,1,,2022-02-17 20:33:38,2022-02-17 20:33:38
1112,augusta,1860,James M.,Sulley,Staunton,,,1,1,,1,,2022-02-17 20:33:38,2022-02-17 20:33:38
1113,augusta,1860,A. M.,Bruce,Staunton,,,1,1,,1,,2022-02-17 20:33:38,2022-02-17 20:33:38
1114,augusta,1860,Harris,Stribling,Staunton,,,1,1,,1,,2022-02-17 20:33:38,2022-02-17 20:33:38
1115,augusta,1860,Harris,Stribling,Staunton,,,1,1,,1,,2022-02-17 20:33:38,2022-02-17 20:33:38
1116,augusta,1860,"Littleton, Jr.",Waddel,Staunton,,,1,1,,1,,2022-02-17 20:33:38,2022-02-17 20:33:38
1117,augusta,1860,Martha,Baldwin,Staunton,,,1,1,,1,,2022-02-17 20:33:38,2022-02-17 20:33:38
1118,augusta,1860,B. B.,Donagher,Staunton,,,1,1,,1,,2022-02-17 20:33:38,2022-02-17 20:33:38
1119,augusta,1860,Margaret,Perren,Staunton,,,1,1,,1,,2022-02-17 20:33:38,2022-02-17 20:33:38
1120,augusta,1860,K.,Burdet,Staunton,,,1,1,,1,,2022-02-17 20:33:38,2022-02-17 20:33:38
1121,augusta,1860,K.,Carroll,Staunton,,,1,1,,1,,2022-02-17 20:33:38,2022-02-17 20:33:38
1122,augusta,1860,L.,Whitmore,N. Subdiv.,,,2,1,,2,,2022-02-17 20:33:38,2022-02-17 20:33:38
1123,augusta,1860,Frederick,Burris,1st District,,,2,2,,,2,2022-02-17 20:33:38,2022-02-17 20:33:38
1124,augusta,1860,Nancy L.,McCutchen,1st District,,,2,2,,,2,2022-02-17 20:33:38,2022-02-17 20:33:38
1125,augusta,1860,David,Baylor,1st District,,,2,2,,,2,2022-02-17 20:33:38,2022-02-17 20:33:38
1126,augusta,1860,James B.,Trimble,1st District,,,2,2,,,2,2022-02-17 20:33:38,2022-02-17 20:33:38
1127,augusta,1860,Rebecca,Bell,1st District,,,2,2,,,2,2022-02-17 20:33:38,2022-02-17 20:33:38
1128,augusta,1860,John M.,Wallace,1st District,,,2,2,,,2,2022-02-17 20:33:38,2022-02-17 20:33:38
1129,augusta,1860,John,Keller,N. Subdiv.,,,2,2,,,2,2022-02-17 20:33:38,2022-02-17 20:33:38
1130,augusta,1860,Hem.,Crawford,N. Subdiv.,,,2,2,,,2,2022-02-17 20:33:38,2022-02-17 20:33:38
1131,augusta,1860,C. B.,Steigle,N. Subdiv.,,,2,2,,,2,2022-02-17 20:33:38,2022-02-17 20:33:38
1132,augusta,1860,William F.,Cullen,N. Subdiv.,,,2,2,,,2,2022-02-17 20:33:38,2022-02-17 20:33:38
1133,augusta,1860,,"Wilson, Mrs.",N. Subdiv.,,,2,2,,,2,2022-02-17 20:33:38,2022-02-17 20:33:38
1134,augusta,1860,William G.,Bing,N. Subdiv.,,,2,2,,,2,2022-02-17 20:33:38,2022-02-17 20:33:38
1135,augusta,1860,C. A.,Wayland,N. Subdiv.,,,2,2,,,2,2022-02-17 20:33:38,2022-02-17 20:33:38
1136,augusta,1860,James,Bouiland,N. Subdiv.,,,2,2,,,2,2022-02-17 20:33:38,2022-02-17 20:33:38
1137,augusta,1860,P. A.,Powell,Staunton,,,2,2,,,2,2022-02-17 20:33:38,2022-02-17 20:33:38
1138,augusta,1860,Joseph,Byers,N. Subdiv.,,,1,2,,1,1,2022-02-17 20:33:38,2022-02-17 20:33:38
1139,augusta,1860,James O.,Perry,1st District,,,2,2,,1,1,2022-02-17 20:33:38,2022-02-17 20:33:38
1140,augusta,1860,George[?],Webb,1st District,,,2,2,,1,1,2022-02-17 20:33:39,2022-02-17 20:33:39
1141,augusta,1860,Samuel,Patterson,1st District,,,2,2,,1,1,2022-02-17 20:33:39,2022-02-17 20:33:39
1142,augusta,1860,Samuel W.,Patterson,1st District,,,2,2,,1,1,2022-02-17 20:33:39,2022-02-17 20:33:39
1143,augusta,1860,Mary E.,Stuart,1st District,,,2,2,,1,1,2022-02-17 20:33:39,2022-02-17 20:33:39
1144,augusta,1860,Ann,Abney,1st District,,,2,2,,1,1,2022-02-17 20:33:39,2022-02-17 20:33:39
1145,augusta,1860,John B.,Shultz,1st District,,,2,2,,1,1,2022-02-17 20:33:39,2022-02-17 20:33:39
1146,augusta,1860,John R.,Berry,1st District,,,2,2,,1,1,2022-02-17 20:33:39,2022-02-17 20:33:39
1147,augusta,1860,John,Shirey,1st District,,,2,2,,1,1,2022-02-17 20:33:39,2022-02-17 20:33:39
1148,augusta,1860,William,Calison,1st District,,,2,2,,1,1,2022-02-17 20:33:39,2022-02-17 20:33:39
1149,augusta,1860,Elizabeth M.,Peck,1st District,,,1,1,,1,,2022-02-17 20:33:39,2022-02-17 20:33:39
1150,augusta,1860,John L.,Drammond,1st District,,,1,1,,1,,2022-02-17 20:33:39,2022-02-17 20:33:39
1151,augusta,1860,Robert H.,Trevey,1st District,,,1,1,,1,,2022-02-17 20:33:39,2022-02-17 20:33:39
1152,augusta,1860,William M.,Simins,1st District,,,1,1,,1,,2022-02-17 20:33:39,2022-02-17 20:33:39
1153,augusta,1860,Thomas,Armenstrout,1st District,,,1,1,,1,,2022-02-17 20:33:39,2022-02-17 20:33:39
1154,augusta,1860,Isaac H. (Sgt.),Steele,1st District,,,1,1,,1,,2022-02-17 20:33:39,2022-02-17 20:33:39
1155,augusta,1860,Jacob S.,Yount,1st District,,,1,1,,1,,2022-02-17 20:33:39,2022-02-17 20:33:39
1156,augusta,1860,Reuben,Lambert,1st District,,,1,1,,1,,2022-02-17 20:33:39,2022-02-17 20:33:39
1157,augusta,1860,John,Frazier,1st District,,,1,1,,1,,2022-02-17 20:33:39,2022-02-17 20:33:39
1158,augusta,1860,Alexander,Brownlee,1st District,,,1,1,,1,,2022-02-17 20:33:39,2022-02-17 20:33:39
1159,augusta,1860,William (Sgt.),Brown,1st District,,,1,1,,1,,2022-02-17 20:33:39,2022-02-17 20:33:39
1160,augusta,1860,William,Hopkins,1st District,,,1,1,,1,,2022-02-17 20:33:39,2022-02-17 20:33:39
1161,augusta,1860,William M.,Kiran,1st District,,,1,1,,1,,2022-02-17 20:33:39,2022-02-17 20:33:39
1162,augusta,1860,Andrew W.,McClure,1st District,,,1,1,,1,,2022-02-17 20:33:39,2022-02-17 20:33:39
1163,augusta,1860,Mary L.,Gilliam,1st District,,,1,1,,1,,2022-02-17 20:33:39,2022-02-17 20:33:39
1164,augusta,1860,Vincent,Churchman,1st District,,,1,1,,1,,2022-02-17 20:33:39,2022-02-17 20:33:39
1165,augusta,1860,William,Cochran,1st District,,,1,1,,1,,2022-02-17 20:33:39,2022-02-17 20:33:39
1166,augusta,1860,James A.,McClure,1st District,,,1,1,,1,,2022-02-17 20:33:39,2022-02-17 20:33:39
1167,augusta,1860,Mary E.,Everett,1st District,,,1,1,,1,,2022-02-17 20:33:39,2022-02-17 20:33:39
1168,augusta,1860,William W.,Cales,1st District,,,1,1,,1,,2022-02-17 20:33:39,2022-02-17 20:33:39
1169,augusta,1860,John,Baylor,1st District,,,1,1,,1,,2022-02-17 20:33:39,2022-02-17 20:33:39
1170,augusta,1860,Andrew A.,McClung,1st District,,,1,1,,1,,2022-02-17 20:33:39,2022-02-17 20:33:39
1171,augusta,1860,William,Black,1st District,,,1,1,,1,,2022-02-17 20:33:39,2022-02-17 20:33:39
1172,augusta,1860,Jacob,Bowman,1st District,,,1,1,,1,,2022-02-17 20:33:39,2022-02-17 20:33:39
1173,augusta,1860,Maria,Strain,Rockbridge,,,1,1,,1,,2022-02-17 20:33:39,2022-02-17 20:33:39
1174,augusta,1860,Alfred W.,Anderson,1st District,,,1,1,,1,,2022-02-17 20:33:39,2022-02-17 20:33:39
1175,augusta,1860,Joseph,Pelter,1st District,,,1,1,,1,,2022-02-17 20:33:39,2022-02-17 20:33:39
1176,augusta,1860,James,[?],1st District,,,1,1,,1,,2022-02-17 20:33:39,2022-02-17 20:33:39
1177,augusta,1860,David,Kerr,1st District,,,1,1,,1,,2022-02-17 20:33:39,2022-02-17 20:33:39
1178,augusta,1860,Luther,Emerson,1st District,,,1,1,,1,,2022-02-17 20:33:39,2022-02-17 20:33:39
1179,augusta,1860,Charles W.,Burris,1st District,,,1,1,,1,,2022-02-17 20:33:39,2022-02-17 20:33:39
1180,augusta,1860,Ephraim,Woodward,1st District,,,1,1,,1,,2022-02-17 20:33:39,2022-02-17 20:33:39
1181,augusta,1860,Elizabeth,Wallace,1st District,,,1,1,,1,,2022-02-17 20:33:39,2022-02-17 20:33:39
1182,augusta,1860,Martha,Templeton,1st District,,,1,1,,1,,2022-02-17 20:33:39,2022-02-17 20:33:39
1183,augusta,1860,John B.,Engleman,1st District,,,1,1,,1,,2022-02-17 20:33:39,2022-02-17 20:33:39
1184,augusta,1860,George,Sherman,N. Subdiv.,,,1,1,,1,,2022-02-17 20:33:39,2022-02-17 20:33:39
1185,augusta,1860,J. A.,Clindinst,N. Subdiv.,,,1,1,,1,,2022-02-17 20:33:39,2022-02-17 20:33:39
1186,augusta,1860,C. B.,Thompson,N. Subdiv.,,,1,1,,1,,2022-02-17 20:33:39,2022-02-17 20:33:39
1187,augusta,1860,S.,Paine,N. Subdiv.,,,1,1,,1,,2022-02-17 20:33:39,2022-02-17 20:33:39
1188,augusta,1860,C. D.,Maupin,N. Subdiv.,,,1,1,,1,,2022-02-17 20:33:39,2022-02-17 20:33:39
1189,augusta,1860,Nathan,Reeves,N. Subdiv.,,,1,1,,1,,2022-02-17 20:33:39,2022-02-17 20:33:39
1190,augusta,1860,J. C.,Rivercomb,N. Subdiv.,,,1,1,,1,,2022-02-17 20:33:39,2022-02-17 20:33:39
1191,augusta,1860,W. F.,Kiracofe,N. Subdiv.,,,1,1,,1,,2022-02-17 20:33:39,2022-02-17 20:33:39
1192,augusta,1860,S.,Dinkle,N. Subdiv.,,,1,1,,1,,2022-02-17 20:33:39,2022-02-17 20:33:39
1193,augusta,1860,Mrs.,Dudley,N. Subdiv.,,,1,1,,1,,2022-02-17 20:33:39,2022-02-17 20:33:39
1194,augusta,1860,James,Wilson,N. Subdiv.,,,1,1,,1,,2022-02-17 20:33:39,2022-02-17 20:33:39
1195,augusta,1860,,[?],N. Subdiv.,,,1,1,,1,,2022-02-17 20:33:39,2022-02-17 20:33:39
1196,augusta,1860,W. W.,Taylor,N. Subdiv.,,,1,1,,1,,2022-02-17 20:33:39,2022-02-17 20:33:39
1197,augusta,1860,Col.,Apri[?],N. Subdiv.,,,1,1,,1,,2022-02-17 20:33:39,2022-02-17 20:33:39
1198,augusta,1860,Henry,Berry,N. Subdiv.,,,1,1,,1,,2022-02-17 20:33:39,2022-02-17 20:33:39
1199,augusta,1860,Robert,Pouge,N. Subdiv.,,,1,1,,1,,2022-02-17 20:33:39,2022-02-17 20:33:39
1200,augusta,1860,,Snapp Estate,N. Subdiv.,,,1,1,,1,,2022-02-17 20:33:39,2022-02-17 20:33:39
1201,augusta,1860,Dr.,Morrison,N. Subdiv.,,,1,1,,1,,2022-02-17 20:33:39,2022-02-17 20:33:39
1202,augusta,1860,Mary,Crawford,N. Subdiv.,,,1,1,,1,,2022-02-17 20:33:39,2022-02-17 20:33:39
1203,augusta,1860,T. J.,Stout,N. Subdiv.,,,1,1,,1,,2022-02-17 20:33:39,2022-02-17 20:33:39
1204,augusta,1860,John[?],Bell[?],N. Subdiv.,,,1,1,,1,,2022-02-17 20:33:39,2022-02-17 20:33:39
1205,augusta,1860,Charles,Armentrout,N. Subdiv.,,,1,1,,1,,2022-02-17 20:33:39,2022-02-17 20:33:39
1206,augusta,1860,John,Hall,N. Subdiv.,,,1,1,,1,,2022-02-17 20:33:39,2022-02-17 20:33:39
1207,augusta,1860,A.,Harris,N. Subdiv.,,,1,1,,1,,2022-02-17 20:33:39,2022-02-17 20:33:39
1208,augusta,1860,David,Craig,N. Subdiv.,,,1,1,,1,,2022-02-17 20:33:39,2022-02-17 20:33:39
1209,augusta,1860,Mary,Erving,N. Subdiv.,,,1,1,,1,,2022-02-17 20:33:39,2022-02-17 20:33:39
1210,augusta,1860,H.,Herniberger,N. Subdiv.,,,1,1,,1,,2022-02-17 20:33:39,2022-02-17 20:33:39
1211,augusta,1860,W. D. F.,Dovee,N. Subdiv.,,,1,1,,1,,2022-02-17 20:33:39,2022-02-17 20:33:39
1212,augusta,1860,Mary T.,Johnston,N. Subdiv.,,,1,1,,1,,2022-02-17 20:33:39,2022-02-17 20:33:39
1213,augusta,1860,Col.,McCue,N. Subdiv.,,,1,1,,1,,2022-02-17 20:33:39,2022-02-17 20:33:39
1214,augusta,1860,Lucie,Stout,N. Subdiv.,,,1,1,,1,,2022-02-17 20:33:39,2022-02-17 20:33:39
1215,augusta,1860,Milton,Moffett,1st District,,,1,1,,,1,2022-02-17 20:33:39,2022-02-17 20:33:39
1216,augusta,1860,William K.,Wallace,1st District,,,1,1,,,1,2022-02-17 20:33:39,2022-02-17 20:33:39
1217,augusta,1860,Charles A.,Dunlap,1st District,,,1,1,,,1,2022-02-17 20:33:39,2022-02-17 20:33:39
1218,augusta,1860,James K.,Montgomery,1st District,,,1,1,,,1,2022-02-17 20:33:39,2022-02-17 20:33:39
1219,augusta,1860,John W.,Sillington,1st District,,,1,1,,,1,2022-02-17 20:33:39,2022-02-17 20:33:39
1220,augusta,1860,John,Willis,N. Subdiv.,,,1,1,,,1,2022-02-17 20:33:39,2022-02-17 20:33:39
1221,augusta,1860,P. J.,Link,N. Subdiv.,,,1,1,,,1,2022-02-17 20:33:39,2022-02-17 20:33:39
1222,augusta,1860,C. A.,Laporte,N. Subdiv.,,,1,1,,,1,2022-02-17 20:33:39,2022-02-17 20:33:39
1223,augusta,1860,R. A.,Curry,N. Subdiv.,,,1,1,,,1,2022-02-17 20:33:39,2022-02-17 20:33:39
1224,augusta,1860,D.,Whitmore,N. Subdiv.,,,1,1,,,1,2022-02-17 20:33:39,2022-02-17 20:33:39
1225,augusta,1860,S.,Bell,N. Subdiv.,,,1,1,,,1,2022-02-17 20:33:39,2022-02-17 20:33:39
1226,augusta,1860,Joseph L.,Nash,N. Subdiv.,,,1,1,,,1,2022-02-17 20:33:39,2022-02-17 20:33:39
1227,augusta,1860,H.,Miller,N. Subdiv.,,,1,1,,,1,2022-02-17 20:33:39,2022-02-17 20:33:39
1228,augusta,1860,J. G.,Link,N. Subdiv.,,,1,1,,,1,2022-02-17 20:33:39,2022-02-17 20:33:39
1229,augusta,1860,S.,McDonald,N. Subdiv.,,,1,1,,,1,2022-02-17 20:33:39,2022-02-17 20:33:39
1230,augusta,1860,J. P.,Byers,N. Subdiv.,,,1,1,,,1,2022-02-17 20:33:39,2022-02-17 20:33:39
1231,augusta,1860,John,Schutterle[?],N. Subdiv.,,,1,1,,,1,2022-02-17 20:33:39,2022-02-17 20:33:39
1232,augusta,1860,A. H. & J.,Hotchkiss,N. Subdiv.,,,1,1,,,1,2022-02-17 20:33:39,2022-02-17 20:33:39
1233,augusta,1860,Samuel C.,Wilson,N. Subdiv.,,,1,1,,,1,2022-02-17 20:33:39,2022-02-17 20:33:39
1234,augusta,1860,Jonathan,Lamb,N. Subdiv.,,,1,1,,,1,2022-02-17 20:33:39,2022-02-17 20:33:39
1235,augusta,1860,Mary J.,Bell,N. Subdiv.,,,1,1,,,1,2022-02-17 20:33:39,2022-02-17 20:33:39
1236,augusta,1860,Samuel,Bell,N. Subdiv.,,,1,1,,,1,2022-02-17 20:33:39,2022-02-17 20:33:39
1237,augusta,1860,Edwin S.,Edmondson,N. Subdiv.,,,1,1,,,1,2022-02-17 20:33:39,2022-02-17 20:33:39
1238,augusta,1860,H,Mowery,N. Subdiv.,,,1,1,,,1,2022-02-17 20:33:39,2022-02-17 20:33:39
1239,augusta,1860,Eliza,Palmer,N. Subdiv.,,,1,1,,,1,2022-02-17 20:33:39,2022-02-17 20:33:39
1240,augusta,1860,R. J.,Klauss,N. Subdiv.,,,1,1,,,1,2022-02-17 20:33:39,2022-02-17 20:33:39
1241,augusta,1860,D.,Hamilton,N. Subdiv.,,,1,1,,,1,2022-02-17 20:33:39,2022-02-17 20:33:39
1242,augusta,1860,Mrs.,Poage,N. Subdiv.,,,1,1,,,1,2022-02-17 20:33:39,2022-02-17 20:33:39
1243,augusta,1860,R. B.,Snapp,N. Subdiv.,,,1,1,,,1,2022-02-17 20:33:39,2022-02-17 20:33:39
1244,augusta,1860,William,Brown,N. Subdiv.,,,1,1,,,1,2022-02-17 20:33:39,2022-02-17 20:33:39
1245,augusta,1860,Buford[?],Rockingham,N. Subdiv.,,,1,1,,,1,2022-02-17 20:33:39,2022-02-17 20:33:39
1246,augusta,1860,,[?],N. Subdiv.,,,1,1,,,1,2022-02-17 20:33:39,2022-02-17 20:33:39
1247,augusta,1860,R.,Smith,Staunton,,,1,1,,,1,2022-02-17 20:33:39,2022-02-17 20:33:39
1248,augusta,1860,Mrs.,Beasly[?],Staunton,,,1,1,,,1,2022-02-17 20:33:39,2022-02-17 20:33:39
1249,augusta,1860,C. K.,Hyde,N. Subdiv.,,,1,1,,,1,2022-02-17 20:33:39,2022-02-17 20:33:39
1250,augusta,1860,William S. H.,Baylor,King Wm. Co,,,28,,,,,2022-02-17 20:33:39,2022-02-17 20:33:39
1251,augusta,1860,S.,Samuels,N. Subdiv.,,,4,,,2,2,2022-02-17 20:33:39,2022-02-17 20:33:39
1252,augusta,1860,[?] B.,Harrison,1st District,,,1,1,,,1,2022-02-17 20:33:39,2022-02-17 20:33:39
1253,augusta,1860,Robert M.,White,1st District,,,1,1,,,1,2022-02-17 20:33:39,2022-02-17 20:33:39
1254,augusta,1860,Elizabeth G.[?],Marshall,1st District,,,1,1,,,1,2022-02-17 20:33:39,2022-02-17 20:33:39
1255,augusta,1860,Benjamin,Stuart,1st District,,,1,1,,,1,2022-02-17 20:33:39,2022-02-17 20:33:39
1256,augusta,1860,Andrew,Stuart,1st District,,,1,1,,,1,2022-02-17 20:33:39,2022-02-17 20:33:39
1257,augusta,1860,Benjamin,Coiner,1st District,,,1,1,,,1,2022-02-17 20:33:39,2022-02-17 20:33:39
1258,augusta,1860,John A.,Hunter,1st District,,,1,1,,,1,2022-02-17 20:33:39,2022-02-17 20:33:39
1259,augusta,1860,Alexander,McComb,1st District,,,1,1,,,1,2022-02-17 20:33:39,2022-02-17 20:33:39
1260,augusta,1860,John H.,Hodge,1st District,,,1,1,,,1,2022-02-17 20:33:39,2022-02-17 20:33:39
1261,augusta,1860,William,Thompson,1st District,,,1,1,,,1,2022-02-17 20:33:39,2022-02-17 20:33:39
1262,augusta,1860,Jacob,Cox,1st District,,,1,1,,,1,2022-02-17 20:33:39,2022-02-17 20:33:39
1263,augusta,1860,William,Heart,1st District,,,1,1,,,1,2022-02-17 20:33:39,2022-02-17 20:33:39
1264,augusta,1860,James,Berry,1st District,,,1,1,,,1,2022-02-17 20:33:39,2022-02-17 20:33:39
1265,augusta,1860,Hays,Moffett,1st District,,,1,1,,,1,2022-02-17 20:33:39,2022-02-17 20:33:39
1266,augusta,1860,Philip,Grim,1st District,,,1,1,,,1,2022-02-17 20:33:39,2022-02-17 20:33:39
1267,augusta,1860,William W.,Newman,1st District,,,1,1,,,1,2022-02-17 20:33:39,2022-02-17 20:33:39
1268,augusta,1860,John,Mitzer,1st District,,,1,1,,,1,2022-02-17 20:33:39,2022-02-17 20:33:39
1269,augusta,1860,George W.,Shuey,1st District,,,1,1,,,1,2022-02-17 20:33:39,2022-02-17 20:33:39
1270,augusta,1860,S.,Kessler,N. Subdiv.,,,1,1,,,1,2022-02-17 20:33:39,2022-02-17 20:33:39
1271,augusta,1860,Mary,Walker,N. Subdiv.,,,1,1,,,1,2022-02-17 20:33:39,2022-02-17 20:33:39
1272,augusta,1860,Burkett,Dixon,N. Subdiv.,,,1,1,,,1,2022-02-17 20:33:39,2022-02-17 20:33:39
1273,augusta,1860,Hiram,Molder[?] Estate,N. Subdiv.,,,1,1,,,1,2022-02-17 20:33:39,2022-02-17 20:33:39
1274,augusta,1860,D. B.,Hinton,N. Subdiv.,,,1,1,,,1,2022-02-17 20:33:39,2022-02-17 20:33:39
1275,augusta,1860,Jacob,Shuckhise,N. Subdiv.,,,1,1,,,1,2022-02-17 20:33:39,2022-02-17 20:33:39
1276,augusta,1860,Brazile,Brown,N. Subdiv.,,,1,1,,,1,2022-02-17 20:33:39,2022-02-17 20:33:39
1277,augusta,1860,Peggy,Patterson,N. Subdiv.,,,1,1,,,1,2022-02-17 20:33:39,2022-02-17 20:33:39
1278,augusta,1860,D. W.,Hanger,N. Subdiv.,,,1,1,,,1,2022-02-17 20:33:39,2022-02-17 20:33:39
1279,augusta,1860,Jacob,Steigle,N. Subdiv.,,,1,1,,,1,2022-02-17 20:33:39,2022-02-17 20:33:39
1280,augusta,1860,Sarah,Bawcutt,N. Subdiv.,,,1,1,,,1,2022-02-17 20:33:39,2022-02-17 20:33:39
1281,augusta,1860,Gideon,Barnhart,N. Subdiv.,,,1,1,,,1,2022-02-17 20:33:39,2022-02-17 20:33:39
1282,augusta,1860,Henry,Kenedy,N. Subdiv.,,,1,1,,,1,2022-02-17 20:33:39,2022-02-17 20:33:39
1283,augusta,1860,Patrick,McAleer,N. Subdiv.,,,1,1,,,1,2022-02-17 20:33:39,2022-02-17 20:33:39
1284,augusta,1860,John,Moffett,N. Subdiv.,,,1,1,,,1,2022-02-17 20:33:39,2022-02-17 20:33:39
1285,augusta,1860,A.,Turk,N. Subdiv.,,,1,1,,,1,2022-02-17 20:33:39,2022-02-17 20:33:39
1286,augusta,1860,David,Wise,N. Subdiv.,,,1,1,,,1,2022-02-17 20:33:39,2022-02-17 20:33:39
1287,augusta,1860,A.,Jarrell,N. Subdiv.,,,1,1,,,1,2022-02-17 20:33:39,2022-02-17 20:33:39
1288,augusta,1860,James,Raines,N. Subdiv.,,,1,1,,,1,2022-02-17 20:33:39,2022-02-17 20:33:39
1289,augusta,1860,John,Brown,N. Subdiv.,,,1,1,,,1,2022-02-17 20:33:39,2022-02-17 20:33:39
1290,augusta,1860,Daniel,Fishburn,N. Subdiv.,,,1,1,,,1,2022-02-17 20:33:39,2022-02-17 20:33:39
1291,augusta,1860,J. H. B.,Sellers,N. Subdiv.,,,1,1,,,1,2022-02-17 20:33:39,2022-02-17 20:33:39
1292,augusta,1860,Margaret S.,Warden,Staunton,,,1,1,,,1,2022-02-17 20:33:39,2022-02-17 20:33:39
1293,augusta,1860,S. F.,Taylor,Staunton,,,1,1,,,1,2022-02-17 20:33:39,2022-02-17 20:33:39
1294,augusta,1860,Owen,Morris,Staunton,,,1,1,,,1,2022-02-17 20:33:39,2022-02-17 20:33:39
1295,augusta,1860,William S. H.,Baylor,Staunton,,,1,1,,,1,2022-02-17 20:33:39,2022-02-17 20:33:39
1296,augusta,1860,David,Bicker,Staunton,,,1,1,,,1,2022-02-17 20:33:39,2022-02-17 20:33:39
1297,augusta,1860,John,Lindsay,Staunton,,,1,1,,,1,2022-02-17 20:33:39,2022-02-17 20:33:39
1298,augusta,1860,William,Graham,Staunton,,,1,1,,,1,2022-02-17 20:33:39,2022-02-17 20:33:39
1299,augusta,1860,A. S.,Kinney,Staunton,,,1,1,,,1,2022-02-17 20:33:39,2022-02-17 20:33:39
1300,augusta,1860,Jacob C.,Bosserman,1st District,,,1,1,,1,,2022-02-17 20:33:39,2022-02-17 20:33:39
